image_file,family,primary_artform,price,pred,ratio
2022-926-1-16-ghodi-sawar-rajasthani-handmade-hanging-kathputli_1.jpg,6,wood carving,650,963.173,1.482
2022-926-1-43-ghodi-sawar-rajasthani-handmade-hanging-kathputli_1.jpg,6,wood carving,650,829.017,1.275
2021-023-1-289-ganesha-tholu-bommalata-leather-puppet-wall-hanging_1.jpg,10,leather puppetry,350,3205.123,9.157
2021-721-1-22-shubh-labh-hand-embroidered-ghungroo-beadwork-hanging_1.jpg,12,bead work,650,438.386,0.674
2021-1094-1-16-geometric-hand-woven-wool-wall-hanging_1.jpg,13,handloom,1150,3234.541,2.813
ganesha-handpainted-wooden-decorative-bell-hanging-22-2025-211-1-22_1.jpg,16,wood carving,350,538.266,1.538
2021-1094-1-46-geometric-hand-woven-wool-wall-hanging_1.jpg,13,handloom,1290,2929.099,2.271
christmas-decor-bamboo-classic-tree-hanging-set-of-6-assorted-colors-2025-1076-1-25_1.jpg,24,handmade,290,490.312,1.691
2021-1094-1-36-geometric-hand-woven-wool-wall-hanging_1.jpg,13,handloom,1150,3072.563,2.672
2021-721-1-18-shubh-labh-hand-embroidered-ghungroo-beadwork-hanging_1.jpg,12,bead work,790,432.418,0.547
2021-721-1-23-shubh-labh-hand-embroidered-ghungroo-beadwork-hanging_1.jpg,12,bead work,790,463.935,0.587
2021-1094-1-42-geometric-hand-woven-wool-wall-hanging_1.jpg,13,handloom,1290,2705.016,2.097
2021-023-1-320-fish-tholu-bommalata-leather-puppet-wall-hanging_1.jpg,10,leather puppetry,150,1702.087,11.347
455670-7-hand-felted-pure-wool-namda-joker-wall-hanging_1.jpg,29,plain solid,950,6638.165,6.988
elephant-handpainted-wooden-decorative-bell-hanging-16-2025-211-1-16_1.jpg,16,wood carving,350,408.714,1.168
2021-023-1-351-butterfly-tholu-bommalata-leather-puppet-wall-hanging_1.jpg,10,leather puppetry,250,1833.887,7.336
2021-842-1-15-hand-felted-pure-wool-namda-joker-wall-hanging-27-in-x-11-in_1.jpg,29,plain solid,950,6948.677,7.314
2021-1094-1-38-geometric-hand-woven-wool-wall-hanging_1.jpg,13,handloom,890,3010.939,3.383
om-handpainted-wooden-decorative-bell-hanging-08-2025-211-1-8_1.jpg,16,wood carving,490,511.558,1.044
gota-beadwork-decorative-bell-hanging-10-2025-211-1-10_1.jpg,33,bead work,490,554.876,1.132
star-felt-ornament-handmade-christmas-decor-67-2024-1186-1-67_1.jpg,35,plain solid,350,312.244,0.892
christmas-decor-banana-bark-bell-hanging-set-of-2-2025-1076-1-7_1.jpg,37,handmade,590,446.321,0.756
2021-023-1-353-butterfly-tholu-bommalata-leather-puppet-wall-hanging_1.jpg,10,leather puppetry,250,1812.228,7.249
tribal-hand-embroidered-car-hanging-16-2026-734-1-16_1.jpg,40,tribal hand embroidery,690,742.798,1.077
2021-1094-1-37-geometric-hand-woven-wool-wall-hanging_1.jpg,13,handloom,890,3041.813,3.418
2022-926-1-25-ghodi-sawar-rajasthani-handmade-hanging-kathputli_1.jpg,6,wood carving,650,909.169,1.399
2021-023-1-30-ganesha-tholu-bommalata-leather-puppet-wall-hanging_1.jpg,10,leather puppetry,690,3664.941,5.312
2021-1094-1-47-geometric-hand-woven-wool-wall-hanging_1.jpg,13,handloom,1290,3365.572,2.609
2021-842-1-18-hand-felted-pure-wool-namda-joker-wall-hanging-27-in-x-11-in_1.jpg,29,plain solid,950,7104.589,7.479
2021-023-1-112-bird-tholu-bommalata-leather-puppet-wall-hanging_1.jpg,10,leather puppetry,690,1803.412,2.614
564547-68-rajasthani-couple-handmade-hanging-kathputli_1.jpg,6,wood carving,250,831.72,3.327
wreath-felt-ornament-handmade-christmas-decor-53-2024-1186-1-53_1.jpg,35,plain solid,350,266.235,0.761
handmade-christmas-ornament-candy-cane-hanging-20-2025-1149-1-20_1.jpg,52,handmade,290,227.018,0.783
2021-1094-1-30-geometric-hand-woven-wool-wall-hanging_1.jpg,13,handloom,1150,3233.185,2.811
2021-1094-1-39-geometric-hand-woven-wool-wall-hanging_1.jpg,13,handloom,890,3318.049,3.728
2021-1094-1-48-geometric-hand-woven-wool-wall-hanging_1.jpg,13,handloom,1290,3108.113,2.409
2021-1094-1-4-geometric-hand-woven-wool-wall-hanging_1.jpg,13,handloom,1290,2999.948,2.326
gota-beadwork-decorative-bell-hanging-11-2025-211-1-11_1.jpg,33,bead work,490,578.067,1.18
elephant-decorative-bead-work-handpainted-hanging-10-2025-761-1-10_1.jpg,16,handmade,390,571.151,1.464
2021-023-1-151-butterfly-tholu-bommalata-leather-puppet-wall-hanging_1.jpg,10,leather puppetry,690,1671.249,2.422
2022-926-1-24-ghodi-sawar-rajasthani-handmade-hanging-kathputli_1.jpg,6,wood carving,650,1035.175,1.593
tribal-hand-embroidered-car-hanging-11-2026-734-1-11_1.jpg,40,tribal hand embroidery,690,756.271,1.096
2022-926-1-34-ghodi-sawar-rajasthani-handmade-hanging-kathputli_1.jpg,6,wood carving,650,891.463,1.371
om-handpainted-wooden-decorative-bell-hanging-03-2025-211-1-3_1.jpg,16,wood carving,490,463.735,0.946
2021-023-1-509-horse-tholu-bommalata-leather-puppet-wall-hanging_1.jpg,10,leather puppetry,1590,2702.871,1.7
2021-1094-1-29-geometric-hand-woven-wool-wall-hanging_1.jpg,13,handloom,1150,3234.37,2.812
om-handpainted-wooden-decorative-bell-hanging-07-2025-211-1-7_1.jpg,16,wood carving,490,466.161,0.951
2022-926-1-38-ghodi-sawar-rajasthani-handmade-hanging-kathputli_1.jpg,6,wood carving,650,918.648,1.413
christmas-decor-banana-bark-bell-hanging-set-of-2-2025-1076-1-29_1.jpg,37,handmade,490,490.148,1.0
christmas-decor-banana-bark-holly-bell-hanging-2025-1076-1-30_1.jpg,61,handmade,390,488.521,1.253
2022-926-1-18-ghodi-sawar-rajasthani-handmade-hanging-kathputli_1.jpg,6,wood carving,650,916.555,1.41
2021-023-1-498-deer-tholu-bommalata-leather-puppet-wall-hanging_1.jpg,10,leather puppetry,1590,2316.984,1.457
564765-1-elephant-banaras-handpainted-wooden-hanging_1.jpg,64,banaras handpainted,450,459.875,1.022
2021-1094-1-19-geometric-hand-woven-wool-wall-hanging_1.jpg,13,handloom,1150,3190.875,2.775
ganesha-handpainted-wooden-decorative-bell-hanging-21-2025-211-1-21_1.jpg,16,wood carving,350,541.224,1.546
2021-1094-1-43-geometric-hand-woven-wool-wall-hanging_1.jpg,13,handloom,1290,3199.637,2.48
2021-1094-1-17-geometric-hand-woven-wool-wall-hanging_1.jpg,13,handloom,1150,2845.766,2.475
564547-66-rajasthani-couple-handmade-hanging-kathputli_1.jpg,6,wood carving,250,1119.542,4.478
2021-721-1-24-shubh-labh-hand-embroidered-ghungroo-beadwork-hanging_1.jpg,12,bead work,790,455.599,0.577
2021-1094-1-35-geometric-hand-woven-wool-wall-hanging_1.jpg,13,handloom,1150,3047.883,2.65
2021-023-1-272-ganesha-tholu-bommalata-leather-puppet-wall-hanging_1.jpg,10,leather puppetry,350,3239.064,9.254
2021-1094-1-14-geometric-hand-woven-wool-wall-hanging_1.jpg,13,handloom,1150,2972.858,2.585
christmas-decor-banana-bark-bell-hanging-set-of-2-2025-1076-1-8_1.jpg,37,handmade,490,615.595,1.256
2021-721-1-17-shubh-labh-hand-embroidered-ghungroo-beadwork-hanging_1.jpg,12,bead work,790,435.237,0.551
ganesha-handpainted-wooden-decorative-bell-hanging-27-2025-211-1-27_1.jpg,16,wood carving,350,558.816,1.597
2021-1094-1-23-geometric-hand-woven-wool-wall-hanging_1.jpg,13,handloom,1150,2954.967,2.57
2021-1094-1-15-geometric-hand-woven-wool-wall-hanging_1.jpg,13,handloom,1150,2791.32,2.427
2021-023-1-348-butterfly-tholu-bommalata-leather-puppet-wall-hanging_1.jpg,10,leather puppetry,250,1904.451,7.618
2022-926-1-32-ghodi-sawar-rajasthani-handmade-hanging-kathputli_1.jpg,6,wood carving,650,954.228,1.468
2021-1094-1-34-geometric-hand-woven-wool-wall-hanging_1.jpg,13,handloom,1150,3069.483,2.669
2022-926-1-39-ghodi-sawar-rajasthani-handmade-hanging-kathputli_1.jpg,6,wood carving,650,938.613,1.444
2022-926-1-36-ghodi-sawar-rajasthani-handmade-hanging-kathputli_1.jpg,6,wood carving,650,1028.098,1.582
2021-1094-1-28-geometric-hand-woven-wool-wall-hanging_1.jpg,13,handloom,1150,3033.784,2.638
2021-842-1-14-hand-felted-pure-wool-namda-joker-wall-hanging-27-inch-11-inch_1.jpg,29,plain solid,950,7090.696,7.464
2021-1094-1-25-geometric-hand-woven-wool-wall-hanging_1.jpg,13,handloom,1150,2824.128,2.456
wreath-felt-ornament-handmade-christmas-decor-54-2024-1186-1-54_1.jpg,35,plain solid,350,283.873,0.811
2021-397-1-1-handmade-multipurpose-date-palm-leaves-hanging_1.jpg,78,other,550,603.869,1.098
564547-65-rajasthani-couple-handmade-hanging-kathputli_1.jpg,6,wood carving,250,742.743,2.971
2021-1094-1-26-geometric-hand-woven-wool-wall-hanging_1.jpg,13,handloom,1150,3020.032,2.626
christmas-decor-bamboo-star-hanging-set-of-6-assorted-colors-2025-1076-1-22_1.jpg,81,handmade,1390,372.564,0.268
santa-felt-ornament-handmade-christmas-decor-01-2024-1186-1-1_1.jpg,35,other,380,340.521,0.896
446970-32-christmas-ball-handmade-papier-mache-christmas-ornament_1.jpg,82,bengal papier mache craft,490,522.852,1.067
2021-1094-1-13-geometric-hand-woven-wool-wall-hanging_1.jpg,13,handloom,1150,3049.414,2.652
2021-1094-1-6-geometric-hand-woven-wool-wall-hanging_1.jpg,13,handloom,890,3133.556,3.521
446970-25-heart-handmade-papier-mache-christmas-ornament_1.jpg,82,bengal papier mache craft,490,497.366,1.015
2021-1094-1-2-geometric-hand-woven-wool-wall-hanging_1.jpg,13,handloom,1290,3137.221,2.432
2021-1094-1-21-geometric-hand-woven-wool-wall-hanging_1.jpg,13,handloom,1150,2960.215,2.574
2022-926-1-17-ghodi-sawar-rajasthani-handmade-hanging-kathputli_1.jpg,6,wood carving,650,914.363,1.407
2022-926-1-19-ghodi-sawar-rajasthani-handmade-hanging-kathputli_1.jpg,6,wood carving,650,937.412,1.442
wreath-felt-ornament-handmade-christmas-decor-58-2024-1186-1-58_1.jpg,35,plain solid,350,288.716,0.825
2021-023-1-2-tiger-tholu-bommalata-leather-puppet-wall-hanging_1.jpg,10,leather puppetry,790,1971.502,2.496
455670-8-hand-felted-pure-wool-namda-joker-wall-hanging_1.jpg,29,plain solid,950,6394.951,6.732
tribal-hand-embroidered-car-hanging-15-2026-734-1-15_1.jpg,40,tribal hand embroidery,690,776.483,1.125
2021-023-1-23-kathakali-tholu-bommalata-leather-puppet-wall-hanging_1.jpg,10,leather puppetry,690,1720.386,2.493
star-felt-ornament-handmade-christmas-decor-61-2024-1186-1-61_1.jpg,35,plain solid,350,311.773,0.891
564547-67-rajasthani-couple-handmade-hanging-kathputli_1.jpg,6,wood carving,250,747.154,2.989
2021-1094-1-18-geometric-hand-woven-wool-wall-hanging_1.jpg,13,handloom,1150,3156.193,2.745
star-felt-ornament-handmade-christmas-decor-27-2024-1186-1-27_1.jpg,35,plain solid,350,409.012,1.169
star-felt-ornament-handmade-christmas-decor-66-2024-1186-1-66_1.jpg,35,plain solid,350,312.488,0.893
handmade-christmas-ornament-wreath-hanging-18-2025-1149-1-18_1.jpg,52,handmade,290,246.25,0.849
2021-1094-1-1-geometric-hand-woven-wool-wall-hanging_1.jpg,13,handloom,890,3126.369,3.513
446970-12-christmas-ball-handmade-papier-mache-christmas-ornament_1.jpg,82,bengal papier mache craft,490,558.068,1.139
564547-69-rajasthani-couple-handmade-hanging-kathputli_1.jpg,6,wood carving,250,861.694,3.447
564765-2-elephant-banaras-handpainted-wooden-hanging_1.jpg,64,banaras handpainted,450,467.822,1.04
2022-926-1-41-ghodi-sawar-rajasthani-handmade-hanging-kathputli_1.jpg,6,wood carving,650,950.888,1.463
2021-023-1-3-tortoise-tholu-bommalata-leather-puppet-wall-hanging_1.jpg,10,leather puppetry,790,1890.569,2.393
2021-023-1-1-rabbit-tholu-bommalata-leather-puppet-wall-hanging_1.jpg,10,leather puppetry,790,1667.033,2.11
564765-63-elephant-banaras-handpainted-wooden-hanging_1.jpg,64,banaras handpainted,450,463.528,1.03
2022-926-1-22-ghodi-sawar-rajasthani-handmade-hanging-kathputli_1.jpg,6,wood carving,650,863.177,1.328
tribal-hand-embroidered-car-hanging-17-2026-734-1-17_1.jpg,40,tribal hand embroidery,690,712.239,1.032
2022-926-1-23-ghodi-sawar-rajasthani-handmade-hanging-kathputli_1.jpg,6,wood carving,650,891.562,1.372
2022-926-1-29-ghodi-sawar-rajasthani-handmade-hanging-kathputli_1.jpg,6,wood carving,650,884.858,1.361
2021-1094-1-41-geometric-hand-woven-wool-wall-hanging_1.jpg,13,handloom,1290,3051.737,2.366
2021-1094-1-31-geometric-hand-woven-wool-wall-hanging_1.jpg,13,handloom,1150,3155.309,2.744
2021-1094-1-45-geometric-hand-woven-wool-wall-hanging_1.jpg,13,handloom,1290,3053.603,2.367
bell-felt-ornament-handmade-christmas-decor-29-2024-1186-1-29_1.jpg,35,plain solid,350,408.314,1.167
2021-1094-1-24-geometric-hand-woven-wool-wall-hanging_1.jpg,13,handloom,1150,3129.063,2.721
2021-023-1-491-rakshasa-tholu-bommalata-leather-puppet-wall-hanging_1.jpg,10,leather puppetry,1590,2702.444,1.7
2021-1094-1-5-geometric-hand-woven-wool-wall-hanging_1.jpg,13,handloom,890,3099.456,3.483
2022-926-1-37-ghodi-sawar-rajasthani-handmade-hanging-kathputli_1.jpg,6,wood carving,650,939.353,1.445
snowman-felt-ornament-handmade-christmas-decor-03-2024-1186-1-3_1.jpg,35,other,380,489.375,1.288
tribal-hand-embroidered-car-hanging-14-2026-734-1-14_1.jpg,40,tribal hand embroidery,690,746.738,1.082
handmade-christmas-ornament-joker-hanging-17-2025-1149-1-17_1.jpg,52,handmade,290,244.426,0.843
2021-1094-1-50-geometric-hand-woven-wool-wall-hanging_1.jpg,13,handloom,790,2960.233,3.747
2021-023-1-382-ganesha-tholu-bommalata-leather-puppet-wall-hanging_1.jpg,10,leather puppetry,350,3827.809,10.937
2021-023-1-4-camel-tholu-bommalata-leather-puppet-wall-hanging_1.jpg,10,leather puppetry,790,1891.05,2.394
om-handpainted-wooden-decorative-bell-hanging-01-2025-211-1-1_1.jpg,16,wood carving,490,471.743,0.963
2021-1094-1-3-geometric-hand-woven-wool-wall-hanging_1.jpg,13,handloom,1290,3032.229,2.351
wreath-felt-ornament-handmade-christmas-decor-57-2024-1186-1-57_1.jpg,35,plain solid,350,270.92,0.774
2021-1094-1-49-geometric-hand-woven-wool-wall-hanging_1.jpg,13,handloom,790,3102.983,3.928
2022-926-1-42-ghodi-sawar-rajasthani-handmade-hanging-kathputli_1.jpg,6,wood carving,650,894.962,1.377
2021-1094-1-9-geometric-hand-woven-wool-wall-hanging_1.jpg,13,handloom,1290,3200.869,2.481
elephant-decorative-bead-work-handpainted-hanging-05-2025-761-1-5_1.jpg,16,handmade,390,529.61,1.358
wreath-felt-ornament-handmade-christmas-decor-52-2024-1186-1-52_1.jpg,35,plain solid,350,270.21,0.772
tribal-hand-embroidered-car-hanging-12-2026-734-1-12_1.jpg,40,tribal hand embroidery,690,787.159,1.141
2021-1094-1-44-geometric-hand-woven-wool-wall-hanging_1.jpg,13,handloom,1290,3127.055,2.424
2022-926-1-30-ghodi-sawar-rajasthani-handmade-hanging-kathputli_1.jpg,6,wood carving,650,962.562,1.481
446970-36-star-set-of-3-handmade-papier-mache-christmas-ornament_1.jpg,82,bengal papier mache craft,490,703.586,1.436
446970-24-heart-handmade-papier-mache-christmas-ornament_1.jpg,82,bengal papier mache craft,490,532.254,1.086
2021-023-1-349-butterfly-tholu-bommalata-leather-puppet-wall-hanging_1.jpg,10,leather puppetry,250,1602.19,6.409
2021-1094-1-22-geometric-hand-woven-wool-wall-hanging_1.jpg,13,handloom,1150,3113.649,2.708
2021-1094-1-27-geometric-hand-woven-wool-wall-hanging_1.jpg,13,handloom,1150,3104.022,2.699
2021-1094-1-33-geometric-hand-woven-wool-wall-hanging_1.jpg,13,handloom,1150,2882.82,2.507
2021-1094-1-20-geometric-hand-woven-wool-wall-hanging_1.jpg,13,handloom,1150,2900.872,2.522
2021-1094-1-12-geometric-hand-woven-wool-wall-hanging_1.jpg,13,handloom,890,3203.593,3.6
2021-023-1-536-camel-tholu-bommalata-leather-puppet-wall-hanging_1.jpg,10,leather puppetry,1590,2679.856,1.685
2021-023-1-5-horse-tholu-bommalata-leather-puppet-wall-hanging_1.jpg,10,leather puppetry,790,1748.229,2.213
christmas-decor-rustic-banana-bell-wreath-hanging-2025-1076-1-9_1.jpg,96,handmade,490,403.856,0.824
2021-023-1-537-camel-tholu-bommalata-leather-puppet-wall-hanging_1.jpg,10,leather puppetry,1590,2683.388,1.688
2021-1094-1-7-geometric-hand-woven-wool-wall-hanging_1.jpg,13,handloom,890,3092.921,3.475
bell-felt-ornament-handmade-christmas-decor-30-2024-1186-1-30_1.jpg,35,plain solid,350,425.478,1.216
christmas-decor-banana-bark-holly-bell-hanging-2025-1076-1-31_1.jpg,61,handmade,390,376.044,0.964
2021-023-1-499-deer-tholu-bommalata-leather-puppet-wall-hanging_1.jpg,10,leather puppetry,1590,2229.332,1.402
om-handpainted-wooden-decorative-bell-hanging-04-2025-211-1-4_1.jpg,16,wood carving,490,490.359,1.001
2022-926-1-40-ghodi-sawar-rajasthani-handmade-hanging-kathputli_1.jpg,6,wood carving,650,929.071,1.429
2021-842-1-17-hand-felted-pure-wool-namda-joker-wall-hanging-27-in-x-11-in_1.jpg,29,plain solid,950,7280.35,7.664
handcrafted-patang-bamboo-hanging-for-decor-set-of-3-32-2025-982-1-32_1.jpg,98,handmade,750,1153.274,1.538
tribal-hand-embroidered-car-hanging-13-2026-734-1-13_1.jpg,40,tribal hand embroidery,690,736.676,1.068
om-handpainted-wooden-decorative-bell-hanging-06-2025-211-1-6_1.jpg,16,wood carving,490,479.834,0.979
2021-023-1-359-butterfly-tholu-bommalata-leather-puppet-wall-hanging_1.jpg,10,leather puppetry,250,1801.074,7.204
2022-926-1-35-ghodi-sawar-rajasthani-handmade-hanging-kathputli_1.jpg,6,wood carving,650,796.55,1.225
2021-023-1-10-kathakali-tholu-bommalata-leather-puppet-wall-hanging_1.jpg,10,leather puppetry,690,1651.09,2.393
handmade-christmas-ornament-tree-hanging-19-2025-1149-1-19_1.jpg,52,handmade,290,244.502,0.843
2021-1094-1-32-geometric-hand-woven-wool-wall-hanging_1.jpg,13,handloom,1150,2705.436,2.353
star-felt-ornament-handmade-christmas-decor-64-2024-1186-1-64_1.jpg,35,plain solid,350,278.921,0.797
534201-14-bird-tilonia-handmade-stuffed-hanging-3-18-feet_1.jpg,100,bead work,390,876.605,2.248
2022-926-1-33-ghodi-sawar-rajasthani-handmade-hanging-kathputli_1.jpg,6,wood carving,650,928.549,1.429
2021-023-1-497-deer-tholu-bommalata-leather-puppet-wall-hanging_1.jpg,10,leather puppetry,1590,2761.158,1.737
wreath-felt-ornament-handmade-christmas-decor-56-2024-1186-1-56_1.jpg,35,plain solid,350,268.3,0.767
2022-926-1-27-ghodi-sawar-rajasthani-handmade-hanging-kathputli_1.jpg,6,wood carving,650,954.118,1.468
2021-1094-1-11-geometric-hand-woven-wool-wall-hanging_1.jpg,13,handloom,1290,3250.677,2.52
2021-1094-1-40-geometric-hand-woven-wool-wall-hanging_1.jpg,13,handloom,1290,3077.211,2.385
2022-926-1-31-ghodi-sawar-rajasthani-handmade-hanging-kathputli_1.jpg,6,wood carving,650,1059.754,1.63
2021-721-1-25-shubh-labh-hand-embroidered-ghungroo-beadwork-hanging_1.jpg,12,bead work,790,459.503,0.582
2022-926-1-45-ghodi-sawar-rajasthani-handmade-hanging-kathputli_1.jpg,6,wood carving,650,925.031,1.423
2022-824-1-1-tholu-bommalata-leather-puppet-wall-hanging-55-x-3-in_1.jpg,10,leather puppetry,690,1433.745,2.078
handmade-christmas-ornament-santa-hanging-21-2025-1149-1-21_1.jpg,52,handmade,290,232.991,0.803
star-felt-ornament-handmade-christmas-decor-22-2024-1186-1-22_1.jpg,35,plain solid,350,408.597,1.167
handmade-christmas-ornament-star-hanging-24-2025-1149-1-24_1.jpg,52,handmade,290,243.772,0.841
2021-842-1-16-hand-felted-pure-wool-namda-joker-wall-hanging-27-in-x-11-in_1.jpg,29,plain solid,950,6888.363,7.251
534201-15-bird-tilonia-handmade-stuffed-hanging-3-18-feet_1.jpg,100,bead work,390,889.462,2.281
reindeer-felt-ornament-handmade-christmas-decor-38-2024-1186-1-38_1.jpg,35,plain solid,450,476.576,1.059
ganesha-handpainted-wooden-decorative-bell-hanging-25-2025-211-1-25_1.jpg,16,wood carving,350,532.535,1.522
wreath-felt-ornament-handmade-christmas-decor-55-2024-1186-1-55_1.jpg,35,plain solid,350,282.307,0.807
2021-1094-1-8-geometric-hand-woven-wool-wall-hanging_1.jpg,13,handloom,890,3147.032,3.536
2022-926-1-21-ghodi-sawar-rajasthani-handmade-hanging-kathputli_1.jpg,6,wood carving,650,885.138,1.362
handmade-toran-for-door-decoration-06-2024-1316-1-6_1.jpg,112,patchwork,1050,784.294,0.747
handmade-fabric-toran-for-home-decor-36-2025-785-1-36_1.jpg,113,fabart,950,819.828,0.863
handmade-toran-for-door-decoration-03-2024-992-1-3_1.jpg,112,patchwork,1050,1104.93,1.052
decorative-handmade-fabric-toran-28-2025-890-1-28_1.jpg,116,fabart,950,962.0,1.013
handmade-toran-for-door-decoration-32-2024-992-1-32_1.jpg,112,patchwork,1050,1204.028,1.147
handmade-shell-work-fabric-toran-for-home-decor-11-2025-228-1-11_1.jpg,118,patchwork,1050,940.044,0.895
handmade-fabric-toran-for-home-decor-113-2025-785-1-113_1.jpg,113,fabart,950,819.131,0.862
handmade-shell-work-fabric-toran-for-home-decor-48-2025-228-1-48_1.jpg,118,patchwork,1050,990.698,0.944
handmade-toran-for-door-decoration-88-2024-1316-1-88_1.jpg,112,patchwork,1050,745.322,0.71
handmade-bead-work-kutch-embroidery-toran-51-2024-926-1-51_1.jpg,119,kutch embroidery,650,1094.272,1.683
handmade-shell-work-fabric-toran-for-home-decor-25-2025-228-1-25_1.jpg,118,patchwork,1050,1034.118,0.985
decorative-handmade-fabric-toran-39-2025-859-1-39_1.jpg,116,fabart,950,790.065,0.832
handmade-fabric-toran-for-home-decor-107-2025-785-1-107_1.jpg,113,fabart,950,808.387,0.851
decorative-handmade-fabric-toran-36-2025-859-1-36_1.jpg,116,fabart,950,811.891,0.855
handmade-toran-for-door-decoration-17-2024-1316-1-17_1.jpg,112,patchwork,1050,725.385,0.691
handmade-fabric-toran-for-home-decor-110-2025-785-1-110_1.jpg,113,fabart,950,788.997,0.831
handmade-toran-for-door-decoration-16-2024-1316-1-16_1.jpg,112,patchwork,1050,743.677,0.708
handmade-fabric-toran-for-home-decor-67-2025-785-1-67_1.jpg,113,fabart,950,874.669,0.921
banaras-handpainted-wooden-terracotta-toran-05-2025-751-1-5_1.jpg,122,banaras handpainted,1200,736.014,0.613
decorative-handmade-fabric-toran-48-2025-859-1-48_1.jpg,116,fabart,950,813.253,0.856
handmade-toran-for-door-decoration-36-2024-1316-1-36_1.jpg,112,patchwork,1050,787.939,0.75
handmade-fabric-toran-for-home-decor-12-2025-785-1-12_1.jpg,113,fabart,950,828.675,0.872
handmade-fabric-beads-tassels-toran-07-2024-1524-1-7_1.jpg,123,bead work,590,678.29,1.15
handmade-shell-work-fabric-toran-for-home-decor-09-2025-228-1-9_1.jpg,118,patchwork,1050,928.796,0.885
decorative-handmade-fabric-toran-04-2025-859-1-4_1.jpg,116,fabart,950,830.123,0.874
decorative-handmade-fabric-toran-16-2025-859-1-16_1.jpg,116,fabart,950,820.323,0.863
handmade-toran-for-door-decoration-26-2024-1316-1-26_1.jpg,112,patchwork,1050,792.1,0.754
decorative-handmade-fabric-toran-20-2025-859-1-20_1.jpg,116,fabart,950,834.437,0.878
handpainted-kalamkari-ashtalakshmi-toran-11-x-55-in-08-2025-810-1-8_1.jpg,124,srikalahasti penwork kalamkari,5190,2826.942,0.545
handmade-fabric-toran-for-home-decor-23-2025-785-1-23_1.jpg,113,fabart,950,819.084,0.862
decorative-handmade-fabric-toran-31-2025-859-1-31_1.jpg,116,fabart,950,770.354,0.811
handmade-shell-work-fabric-toran-for-home-decor-19-2025-228-1-19_1.jpg,118,patchwork,1050,891.643,0.849
decorative-handmade-fabric-toran-29-2025-859-1-29_1.jpg,116,fabart,950,814.808,0.858
handmade-fabric-toran-for-home-decor-04-2025-785-1-4_1.jpg,113,fabart,950,819.199,0.862
handpainted-kalamkari-ashtalakshmi-toran-11-x-55-in-15-2025-810-1-15_1.jpg,124,srikalahasti penwork kalamkari,5190,2867.97,0.553
decorative-handmade-fabric-toran-42-2025-859-1-42_1.jpg,116,fabart,950,813.863,0.857
handmade-toran-for-door-decoration-51-2024-1316-1-51_1.jpg,112,patchwork,1050,749.173,0.713
handmade-fabric-toran-for-home-decor-47-2025-785-1-47_1.jpg,113,fabart,950,834.323,0.878
handmade-fabric-toran-for-home-decor-102-2025-785-1-102_1.jpg,113,fabart,950,846.373,0.891
decorative-handmade-fabric-toran-12-2025-890-1-12_1.jpg,116,fabart,950,900.411,0.948
handmade-toran-for-door-decoration-28-2024-1316-1-28_1.jpg,112,patchwork,1050,811.652,0.773
handpainted-kalamkari-ashtalakshmi-toran-11-x-55-in-44-2025-810-1-44_1.jpg,124,srikalahasti penwork kalamkari,5190,2754.425,0.531
handmade-fabric-toran-for-home-decor-86-2025-785-1-86_1.jpg,113,fabart,950,810.161,0.853
handmade-toran-for-door-decoration-05-2024-992-1-5_1.jpg,112,patchwork,1050,1178.35,1.122
handmade-toran-for-door-decoration-74-2024-1316-1-74_1.jpg,112,patchwork,1050,725.094,0.691
handmade-fabric-toran-for-home-decor-73-2025-785-1-73_1.jpg,113,fabart,950,842.496,0.887
decorative-handmade-fabric-toran-09-2025-890-1-9_1.jpg,116,fabart,950,931.965,0.981
handmade-fabric-toran-for-home-decor-05-2025-785-1-5_1.jpg,113,fabart,950,778.404,0.819
handmade-toran-for-door-decoration-83-2024-1316-1-83_1.jpg,112,patchwork,1050,696.589,0.663
decorative-handmade-fabric-toran-41-2025-859-1-41_1.jpg,116,fabart,950,779.569,0.821
handmade-toran-for-door-decoration-22-2024-1316-1-22_1.jpg,112,patchwork,1050,744.523,0.709
banaras-handpainted-wooden-terracotta-toran-03-2025-751-1-3_1.jpg,122,banaras handpainted,1200,727.82,0.607
handmade-fabric-toran-for-home-decor-56-2025-785-1-56_1.jpg,113,fabart,950,881.46,0.928
handmade-fabric-toran-for-home-decor-48-2025-785-1-48_1.jpg,113,fabart,950,820.746,0.864
handmade-fabric-toran-for-home-decor-35-2025-785-1-35_1.jpg,113,fabart,950,817.183,0.86
handpainted-kalamkari-ashtalakshmi-toran-11-x-55-in-41-2025-810-1-41_1.jpg,124,srikalahasti penwork kalamkari,5190,2774.988,0.535
decorative-handmade-fabric-toran-26-2025-859-1-26_1.jpg,116,fabart,950,836.585,0.881
decorative-handmade-fabric-toran-06-2025-859-1-6_1.jpg,116,fabart,950,810.2,0.853
handmade-toran-for-door-decoration-59-2024-1316-1-59_1.jpg,112,patchwork,1050,775.06,0.738
handmade-fabric-toran-for-home-decor-16-2025-785-1-16_1.jpg,113,fabart,950,806.175,0.849
decorative-handmade-fabric-toran-40-2025-859-1-40_1.jpg,116,fabart,950,783.205,0.824
handmade-shell-work-fabric-toran-for-home-decor-38-2025-228-1-38_1.jpg,118,patchwork,1050,947.386,0.902
handmade-fabric-toran-for-home-decor-60-2025-785-1-60_1.jpg,113,fabart,950,806.411,0.849
handmade-toran-for-door-decoration-08-2024-1316-1-8_1.jpg,112,patchwork,1050,771.155,0.734
2024-903-1-9-handmade-toran-for-door-decoration-09_1.jpg,112,patchwork,1050,1161.734,1.106
handmade-toran-for-door-decoration-72-2024-1316-1-72_1.jpg,112,patchwork,1050,787.328,0.75
handmade-toran-for-door-decoration-86-2024-1316-1-86_1.jpg,112,patchwork,1050,719.697,0.685
decorative-handmade-fabric-toran-26-2025-890-1-26_1.jpg,116,fabart,950,941.669,0.991
handmade-fabric-toran-for-home-decor-24-2025-785-1-24_1.jpg,113,fabart,950,889.062,0.936
handmade-fabric-toran-for-home-decor-39-2025-785-1-39_1.jpg,113,fabart,950,792.58,0.834
handmade-toran-for-door-decoration-04-2024-992-1-4_1.jpg,112,patchwork,1050,1088.2,1.036
handmade-toran-for-door-decoration-01-2024-1316-1-1_1.jpg,112,patchwork,1050,727.841,0.693
handmade-fabric-toran-for-home-decor-13-2025-785-1-13_1.jpg,113,fabart,950,803.091,0.845
handmade-shell-work-fabric-toran-for-home-decor-35-2025-228-1-35_1.jpg,118,patchwork,1050,949.329,0.904
decorative-handmade-fabric-toran-11-2025-859-1-11_1.jpg,116,fabart,950,896.236,0.943
handpainted-kalamkari-ashtalakshmi-toran-11-x-55-in-13-2025-810-1-13_1.jpg,124,srikalahasti penwork kalamkari,5190,2729.083,0.526
handmade-shell-work-fabric-toran-for-home-decor-05-2025-228-1-5_1.jpg,118,patchwork,1050,923.983,0.88
decorative-handmade-fabric-toran-27-2025-890-1-27_1.jpg,116,fabart,950,920.027,0.968
handmade-fabric-toran-for-home-decor-03-2025-785-1-3_1.jpg,113,fabart,950,809.04,0.852
decorative-handmade-fabric-toran-32-2025-859-1-32_1.jpg,116,fabart,950,785.492,0.827
handmade-fabric-toran-for-home-decor-29-2025-785-1-29_1.jpg,113,fabart,950,792.042,0.834
handmade-fabric-toran-for-home-decor-70-2025-785-1-70_1.jpg,113,fabart,950,849.794,0.895
handmade-toran-for-door-decoration-93-2024-1316-1-93_1.jpg,112,patchwork,1050,759.23,0.723
handmade-toran-for-door-decoration-91-2024-1316-1-91_1.jpg,112,patchwork,1050,760.65,0.724
handmade-shell-work-fabric-toran-for-home-decor-49-2025-228-1-49_1.jpg,118,patchwork,1050,887.513,0.845
handmade-gota-bead-work-banarasi-fabric-toran-for-home-decor-14-2025-784-1-14_1.jpg,127,handmade,1190,891.812,0.749
handpainted-kalamkari-ashtalakshmi-toran-11-x-55-in-46-2025-810-1-46_1.jpg,124,srikalahasti penwork kalamkari,5190,2782.95,0.536
handmade-toran-for-door-decoration-38-2024-1316-1-38_1.jpg,112,patchwork,1050,782.093,0.745
handmade-fabric-toran-for-home-decor-07-2025-785-1-7_1.jpg,113,fabart,950,783.98,0.825
handmade-fabric-toran-for-home-decor-41-2025-785-1-41_1.jpg,113,fabart,950,814.956,0.858
handmade-toran-for-door-decoration-81-2024-1316-1-81_1.jpg,112,patchwork,1050,764.677,0.728
decorative-handmade-fabric-toran-05-2025-859-1-5_1.jpg,116,fabart,950,768.926,0.809
handmade-fabric-toran-for-home-decor-65-2025-785-1-65_1.jpg,113,fabart,950,844.717,0.889
handmade-fabric-toran-for-home-decor-68-2025-785-1-68_1.jpg,113,fabart,950,833.667,0.878
decorative-handmade-fabric-toran-35-2025-859-1-35_1.jpg,116,fabart,950,808.534,0.851
handmade-fabric-toran-for-home-decor-08-2025-785-1-8_1.jpg,113,fabart,950,770.286,0.811
decorative-handmade-fabric-toran-01-2025-890-1-1_1.jpg,116,fabart,950,947.861,0.998
handpainted-kalamkari-ashtalakshmi-toran-11-x-55-in-03-2025-810-1-3_1.jpg,124,srikalahasti penwork kalamkari,5190,2796.416,0.539
handmade-toran-for-door-decoration-24-2024-1316-1-24_1.jpg,112,patchwork,1050,764.127,0.728
handmade-toran-for-door-decoration-54-2024-1316-1-54_1.jpg,112,patchwork,1050,813.352,0.775
handmade-shell-work-fabric-toran-for-home-decor-54-2025-228-1-54_1.jpg,118,patchwork,1050,876.384,0.835
handpainted-kalamkari-ashtalakshmi-toran-11-x-55-in-43-2025-810-1-43_1.jpg,124,srikalahasti penwork kalamkari,5190,2848.081,0.549
decorative-handmade-fabric-toran-22-2025-890-1-22_1.jpg,116,fabart,950,957.026,1.007
handmade-toran-for-door-decoration-46-2024-1316-1-46_1.jpg,112,patchwork,1050,770.287,0.734
handmade-toran-for-door-decoration-55-2024-1316-1-55_1.jpg,112,patchwork,1050,788.16,0.751
handpainted-kalamkari-ashtalakshmi-toran-11-x-55-in-26-2025-810-1-26_1.jpg,124,srikalahasti penwork kalamkari,5190,2817.986,0.543
decorative-handmade-fabric-toran-19-2025-859-1-19_1.jpg,116,fabart,950,808.893,0.851
banaras-handpainted-heavy-wooden-terracotta-toran-07-2025-751-1-07_1.jpg,122,banaras handpainted,1590,917.655,0.577
decorative-handmade-fabric-toran-19-2025-890-1-19_1.jpg,116,fabart,950,938.117,0.987
handmade-toran-for-door-decoration-18-2024-992-1-18_1.jpg,112,patchwork,1050,1195.312,1.138
handmade-shell-work-fabric-toran-for-home-decor-04-2025-228-1-4_1.jpg,118,patchwork,1050,904.474,0.861
handmade-fabric-toran-for-home-decor-52-2025-785-1-52_1.jpg,113,fabart,950,793.766,0.836
handmade-fabric-toran-for-home-decor-50-2025-785-1-50_1.jpg,113,fabart,950,841.591,0.886
handmade-fabric-toran-for-home-decor-09-2025-785-1-9_1.jpg,113,fabart,950,801.041,0.843
handpainted-kalamkari-ashtalakshmi-toran-11-x-55-in-47-2025-810-1-47_1.jpg,124,srikalahasti penwork kalamkari,5190,2775.577,0.535
handmade-shell-work-fabric-toran-for-home-decor-45-2025-228-1-45_1.jpg,118,patchwork,1050,1062.317,1.012
handmade-fabric-toran-for-home-decor-54-2025-785-1-54_1.jpg,113,fabart,950,876.298,0.922
handmade-toran-for-door-decoration-12-2024-1316-1-12_1.jpg,112,patchwork,1050,803.844,0.766
handmade-shell-work-fabric-toran-for-home-decor-39-2025-228-1-39_1.jpg,118,patchwork,1050,902.717,0.86
handmade-fabric-toran-for-home-decor-14-2025-785-1-14_1.jpg,113,fabart,950,819.248,0.862
handmade-shell-work-fabric-toran-for-home-decor-28-2025-228-1-28_1.jpg,118,patchwork,1050,887.923,0.846
handmade-toran-for-door-decoration-18-2024-1316-1-18_1.jpg,112,patchwork,1050,789.745,0.752
handmade-toran-for-door-decoration-11-2024-1316-1-11_1.jpg,112,patchwork,1050,791.817,0.754
decorative-handmade-fabric-toran-11-2025-890-1-11_1.jpg,116,fabart,950,941.353,0.991
decorative-handmade-fabric-toran-21-2025-859-1-21_1.jpg,116,fabart,950,820.488,0.864
handmade-toran-for-door-decoration-64-2024-1316-1-64_1.jpg,112,patchwork,1050,751.642,0.716
handmade-shell-work-fabric-toran-for-home-decor-41-2025-228-1-41_1.jpg,118,patchwork,1050,934.627,0.89
handmade-fabric-toran-for-home-decor-58-2025-785-1-58_1.jpg,113,fabart,950,815.34,0.858
decorative-handmade-fabric-toran-08-2025-890-1-8_1.jpg,116,fabart,950,936.151,0.985
handpainted-kalamkari-ashtalakshmi-toran-11-x-55-in-14-2025-810-1-14_1.jpg,124,srikalahasti penwork kalamkari,5190,2741.008,0.528
handpainted-kalamkari-ashtalakshmi-toran-11-x-55-in-22-2025-810-1-22_1.jpg,124,srikalahasti penwork kalamkari,5190,2759.132,0.532
handmade-fabric-toran-for-home-decor-64-2025-785-1-64_1.jpg,113,fabart,950,832.976,0.877
handmade-shell-work-fabric-toran-for-home-decor-42-2025-228-1-42_1.jpg,118,patchwork,1050,947.27,0.902
handmade-fabric-toran-for-home-decor-62-2025-785-1-62_1.jpg,113,fabart,950,839.092,0.883
decorative-handmade-fabric-toran-12-2025-859-1-12_1.jpg,116,fabart,950,890.123,0.937
handmade-fabric-toran-for-home-decor-55-2025-785-1-55_1.jpg,113,fabart,950,876.628,0.923
handmade-shell-work-fabric-toran-for-home-decor-08-2025-228-1-8_1.jpg,118,patchwork,1050,955.657,0.91
banaras-handpainted-wooden-terracotta-toran-01-2025-751-1-1_1.jpg,122,banaras handpainted,1200,764.021,0.637
handmade-fabric-toran-for-home-decor-22-2025-785-1-22_1.jpg,113,fabart,950,874.235,0.92
decorative-handmade-fabric-toran-02-2025-890-1-2_1.jpg,116,fabart,950,940.606,0.99
handmade-toran-for-door-decoration-10-2024-1316-1-10_1.jpg,112,patchwork,1050,795.26,0.757
handmade-toran-for-door-decoration-50-2024-1316-1-50_1.jpg,112,patchwork,1050,780.058,0.743
handmade-toran-for-door-decoration-69-2024-1316-1-69_1.jpg,112,patchwork,1050,754.563,0.719
handpainted-kalamkari-ashtalakshmi-toran-11-x-55-in-18-2025-810-1-18_1.jpg,124,srikalahasti penwork kalamkari,5190,2700.302,0.52
handmade-toran-for-door-decoration-22-2024-992-1-22_1.jpg,112,patchwork,1050,1159.766,1.105
handmade-gota-bead-work-banarasi-fabric-toran-for-home-decor-19-2025-784-1-19_1.jpg,127,handmade,1290,902.41,0.7
decorative-handmade-fabric-toran-18-2025-890-1-18_1.jpg,116,fabart,950,942.127,0.992
handmade-toran-for-door-decoration-61-2024-1316-1-61_1.jpg,112,patchwork,1050,741.562,0.706
handmade-fabric-toran-for-home-decor-98-2025-785-1-98_1.jpg,113,fabart,950,844.016,0.888
handmade-fabric-toran-for-home-decor-20-2025-785-1-20_1.jpg,113,fabart,950,819.19,0.862
handmade-shell-work-fabric-toran-for-home-decor-17-2025-228-1-17_1.jpg,118,patchwork,1050,914.983,0.871
handmade-toran-for-door-decoration-21-2024-992-1-21_1.jpg,112,patchwork,1050,1204.955,1.148
decorative-handmade-fabric-toran-18-2025-859-1-18_1.jpg,116,fabart,950,777.048,0.818
handmade-toran-for-door-decoration-48-2024-1316-1-48_1.jpg,112,patchwork,1050,739.779,0.705
decorative-handmade-fabric-toran-16-2025-890-1-16_1.jpg,116,fabart,950,872.579,0.919
handmade-fabric-toran-for-home-decor-33-2025-785-1-33_1.jpg,113,fabart,950,855.512,0.901
handmade-shell-work-fabric-toran-for-home-decor-43-2025-228-1-43_1.jpg,118,patchwork,1050,950.21,0.905
handmade-fabric-toran-for-home-decor-87-2025-785-1-87_1.jpg,113,fabart,950,756.323,0.796
decorative-handmade-fabric-toran-25-2025-859-1-25_1.jpg,116,fabart,950,850.047,0.895
handmade-toran-for-door-decoration-20-2024-992-1-20_1.jpg,112,patchwork,1050,1134.849,1.081
decorative-handmade-fabric-toran-15-2025-890-1-15_1.jpg,116,fabart,950,911.39,0.959
handmade-fabric-toran-for-home-decor-34-2025-785-1-34_1.jpg,113,fabart,950,848.967,0.894
handmade-shell-work-fabric-toran-for-home-decor-22-2025-228-1-22_1.jpg,118,patchwork,1050,896.867,0.854
handmade-fabric-toran-for-home-decor-06-2025-785-1-6_1.jpg,113,fabart,950,763.963,0.804
handmade-toran-for-door-decoration-20-2024-1316-1-20_1.jpg,112,patchwork,1050,704.396,0.671
handmade-toran-for-door-decoration-15-2024-1316-1-15_1.jpg,112,patchwork,1050,746.098,0.711
handmade-fabric-toran-for-home-decor-32-2025-785-1-32_1.jpg,113,fabart,950,861.424,0.907
handmade-toran-for-door-decoration-56-2024-1316-1-56_1.jpg,112,patchwork,1050,772.785,0.736
handmade-toran-for-door-decoration-92-2024-1316-1-92_1.jpg,112,patchwork,1050,832.89,0.793
decorative-handmade-fabric-toran-27-2025-859-1-27_1.jpg,116,fabart,950,838.166,0.882
handmade-fabric-toran-for-home-decor-51-2025-785-1-51_1.jpg,113,fabart,950,830.523,0.874
handmade-toran-for-door-decoration-14-2024-992-1-14_1.jpg,112,patchwork,1050,1128.872,1.075
handmade-toran-for-door-decoration-25-2024-1316-1-25_1.jpg,112,patchwork,1050,745.712,0.71
handmade-fabric-toran-for-home-decor-31-2025-785-1-31_1.jpg,113,fabart,950,796.827,0.839
handmade-fabric-toran-for-home-decor-26-2025-785-1-26_1.jpg,113,fabart,950,846.764,0.891
handmade-toran-for-door-decoration-78-2024-1316-1-78_1.jpg,112,patchwork,1050,766.938,0.73
handmade-toran-for-door-decoration-32-2024-1316-1-32_1.jpg,112,patchwork,1050,744.577,0.709
handmade-toran-for-door-decoration-10-2024-988-1-10_1.jpg,112,patchwork,1050,1190.911,1.134
decorative-handmade-fabric-toran-33-2025-859-1-33_1.jpg,116,fabart,950,786.507,0.828
decorative-handmade-fabric-toran-04-2025-890-1-4_1.jpg,116,fabart,950,894.545,0.942
decorative-handmade-fabric-toran-29-2025-890-1-29_1.jpg,116,fabart,950,944.86,0.995
handmade-shell-work-fabric-toran-for-home-decor-50-2025-228-1-50_1.jpg,118,patchwork,1050,988.803,0.942
handmade-shell-work-fabric-toran-for-home-decor-01-2025-228-1-1_1.jpg,118,patchwork,1050,885.362,0.843
decorative-handmade-fabric-toran-14-2025-890-1-14_1.jpg,116,fabart,950,846.228,0.891
handmade-shell-work-fabric-toran-for-home-decor-26-2025-228-1-26_1.jpg,118,patchwork,1050,966.687,0.921
handmade-toran-for-door-decoration-47-2024-1316-1-47_1.jpg,112,patchwork,1050,793.502,0.756
handmade-fabric-toran-for-home-decor-61-2025-785-1-61_1.jpg,113,fabart,950,856.771,0.902
handmade-fabric-toran-for-home-decor-38-2025-785-1-38_1.jpg,113,fabart,950,803.935,0.846
decorative-handmade-fabric-toran-49-2025-859-1-49_1.jpg,116,fabart,950,787.645,0.829
handmade-fabric-beads-tassels-toran-01-2024-1524-1-1_1.jpg,123,bead work,590,700.424,1.187
handmade-fabric-toran-for-home-decor-100-2025-785-1-100_1.jpg,113,fabart,950,765.494,0.806
handpainted-kalamkari-ashtalakshmi-toran-11-x-55-in-19-2025-810-1-19_1.jpg,124,srikalahasti penwork kalamkari,5190,2866.466,0.552
handmade-fabric-toran-for-home-decor-02-2025-785-1-2_1.jpg,113,fabart,950,865.846,0.911
handmade-fabric-toran-for-home-decor-112-2025-785-1-112_1.jpg,113,fabart,950,863.826,0.909
handmade-fabric-toran-for-home-decor-101-2025-785-1-101_1.jpg,113,fabart,950,775.6,0.816
decorative-handmade-fabric-toran-17-2025-859-1-17_1.jpg,116,fabart,950,784.204,0.825
handpainted-kalamkari-ashtalakshmi-toran-11-x-55-in-29-2025-810-1-29_1.jpg,124,srikalahasti penwork kalamkari,5190,2816.305,0.543
handmade-fabric-toran-for-home-decor-17-2025-785-1-17_1.jpg,113,fabart,950,824.079,0.867
decorative-handmade-fabric-toran-13-2025-890-1-13_1.jpg,116,fabart,950,865.107,0.911
handmade-fabric-toran-for-home-decor-57-2025-785-1-57_1.jpg,113,fabart,950,862.835,0.908
handmade-toran-for-door-decoration-02-2024-992-1-2_1.jpg,112,patchwork,1050,1088.4,1.037
decorative-handmade-fabric-toran-13-2025-859-1-13_1.jpg,116,fabart,950,819.993,0.863
handmade-toran-for-door-decoration-19-2024-992-1-19_1.jpg,112,patchwork,1050,1120.975,1.068
handmade-shell-work-fabric-toran-for-home-decor-10-2025-228-1-10_1.jpg,118,patchwork,950,1144.66,1.205
decorative-handmade-fabric-toran-07-2025-890-1-7_1.jpg,116,fabart,950,884.117,0.931
handmade-fabric-beads-tassels-toran-17-2024-1524-1-17_1.jpg,123,bead work,590,703.081,1.192
handmade-fabric-toran-for-home-decor-18-2025-785-1-18_1.jpg,113,fabart,950,795.013,0.837
handpainted-kalamkari-ashtalakshmi-toran-11-x-55-in-25-2025-810-1-25_1.jpg,124,srikalahasti penwork kalamkari,5190,2875.675,0.554
decorative-handmade-fabric-toran-47-2025-859-1-47_1.jpg,116,fabart,950,787.732,0.829
handmade-fabric-toran-for-home-decor-11-2025-785-1-11_1.jpg,113,fabart,950,858.789,0.904
decorative-handmade-fabric-toran-24-2025-859-1-24_1.jpg,116,fabart,950,882.371,0.929
handmade-shell-work-fabric-toran-for-home-decor-13-2025-228-1-13_1.jpg,118,patchwork,1050,1020.009,0.971
decorative-handmade-fabric-toran-22-2025-859-1-22_1.jpg,116,fabart,950,844.2,0.889
handmade-fabric-toran-for-home-decor-21-2025-785-1-21_1.jpg,113,fabart,950,774.031,0.815
handmade-shell-work-fabric-toran-for-home-decor-21-2025-228-1-21_1.jpg,118,patchwork,1050,918.421,0.875
handmade-toran-for-door-decoration-13-2024-992-1-13_1.jpg,112,patchwork,1050,1127.796,1.074
handpainted-kalamkari-ashtalakshmi-toran-11-x-55-in-10-2025-810-1-10_1.jpg,124,srikalahasti penwork kalamkari,5190,2814.487,0.542
handmade-shell-work-fabric-toran-for-home-decor-40-2025-228-1-40_1.jpg,118,patchwork,1050,982.684,0.936
handmade-fabric-toran-for-home-decor-109-2025-785-1-109_1.jpg,113,fabart,950,772.343,0.813
handmade-fabric-beads-tassels-toran-19-2024-1524-1-19_1.jpg,123,bead work,590,686.84,1.164
handmade-fabric-toran-for-home-decor-19-2025-785-1-19_1.jpg,113,fabart,950,794.236,0.836
handmade-fabric-toran-for-home-decor-01-2025-785-1-1_1.jpg,113,fabart,950,795.375,0.837
handmade-fabric-beads-tassels-toran-27-2024-1524-1-27_1.jpg,123,bead work,590,696.571,1.181
handmade-shell-work-fabric-toran-for-home-decor-57-2025-228-1-57_1.jpg,118,patchwork,1050,972.625,0.926
handmade-shell-work-fabric-toran-for-home-decor-32-2025-228-1-32_1.jpg,118,patchwork,1050,898.999,0.856
handmade-toran-for-door-decoration-77-2024-1316-1-77_1.jpg,112,patchwork,1050,738.816,0.704
handmade-fabric-toran-for-home-decor-84-2025-785-1-84_1.jpg,113,fabart,950,739.736,0.779
decorative-handmade-fabric-toran-50-2025-859-1-50_1.jpg,116,fabart,950,849.582,0.894
handpainted-kalamkari-ashtalakshmi-toran-11-x-55-in-31-2025-810-1-31_1.jpg,124,srikalahasti penwork kalamkari,5190,2851.694,0.549
handmade-shell-work-fabric-toran-for-home-decor-29-2025-228-1-29_1.jpg,118,patchwork,1050,877.05,0.835
decorative-handmade-fabric-toran-46-2025-859-1-46_1.jpg,116,fabart,950,766.508,0.807
banaras-handpainted-heavy-wooden-terracotta-toran-13-2025-751-1-13_1.jpg,122,banaras handpainted,1590,922.598,0.58
handmade-toran-for-door-decoration-07-2024-1316-1-7_1.jpg,112,patchwork,1050,798.479,0.76
2024-690-1-13-handmade-toran-for-door-decoration-13_1.jpg,112,handmade,1050,894.485,0.852
decorative-handmade-fabric-toran-30-2025-890-1-30_1.jpg,116,fabart,950,1049.86,1.105
decorative-handmade-fabric-toran-20-2025-890-1-20_1.jpg,116,fabart,950,917.021,0.965
handmade-fabric-toran-for-home-decor-30-2025-785-1-30_1.jpg,113,fabart,950,913.325,0.961
handmade-shell-work-fabric-toran-for-home-decor-02-2025-228-1-2_1.jpg,118,patchwork,1050,994.642,0.947
handmade-toran-for-door-decoration-75-2024-1316-1-75_1.jpg,112,patchwork,1050,809.211,0.771
handmade-fabric-toran-for-home-decor-10-2025-785-1-10_1.jpg,113,fabart,950,822.113,0.865
handmade-toran-for-door-decoration-68-2024-1316-1-68_1.jpg,112,patchwork,1050,786.823,0.749
handmade-toran-for-door-decoration-15-2024-992-1-15_1.jpg,112,patchwork,1050,1232.078,1.173
handmade-shell-work-fabric-toran-for-home-decor-18-2025-228-1-18_1.jpg,118,patchwork,1050,935.986,0.891
handmade-shell-work-fabric-toran-for-home-decor-15-2025-228-1-15_1.jpg,118,patchwork,1050,921.429,0.878
handmade-toran-for-door-decoration-28-2024-992-1-28_1.jpg,112,patchwork,1050,1139.741,1.085
handpainted-kalamkari-ashtalakshmi-toran-11-x-55-in-30-2025-810-1-30_1.jpg,124,srikalahasti penwork kalamkari,5190,2957.597,0.57
handmade-fabric-toran-for-home-decor-43-2025-785-1-43_1.jpg,113,fabart,950,821.066,0.864
handmade-toran-for-door-decoration-31-2024-992-1-31_1.jpg,112,patchwork,1050,1125.628,1.072
decorative-handmade-fabric-toran-51-2025-859-1-51_1.jpg,116,fabart,950,840.868,0.885
handmade-toran-for-door-decoration-17-2024-992-1-17_1.jpg,112,patchwork,1050,1133.114,1.079
banaras-handpainted-wooden-terracotta-toran-04-2025-751-1-4_1.jpg,122,banaras handpainted,1200,756.04,0.63
handpainted-kalamkari-ashtalakshmi-toran-11-x-55-in-02-2025-810-1-2_1.jpg,124,srikalahasti penwork kalamkari,5190,2858.407,0.551
handpainted-kalamkari-ashtalakshmi-toran-11-x-55-in-48-2025-810-1-48_1.jpg,124,srikalahasti penwork kalamkari,5190,2774.481,0.535
handmade-toran-for-door-decoration-89-2024-1316-1-89_1.jpg,112,patchwork,1050,788.439,0.751
handmade-fabric-beads-tassels-toran-05-2024-1524-1-5_1.jpg,123,bead work,590,674.411,1.143
handmade-fabric-toran-for-home-decor-27-2025-785-1-27_1.jpg,113,fabart,950,866.381,0.912
decorative-handmade-fabric-toran-44-2025-859-1-44_1.jpg,116,fabart,950,793.415,0.835
handmade-toran-for-door-decoration-87-2024-1316-1-87_1.jpg,112,patchwork,1050,788.596,0.751
banaras-handpainted-wooden-terracotta-toran-02-2025-751-1-2_1.jpg,122,banaras handpainted,1200,696.933,0.581
handpainted-kalamkari-ashtalakshmi-toran-11-x-55-in-32-2025-810-1-32_1.jpg,124,srikalahasti penwork kalamkari,5190,2864.684,0.552
decorative-handmade-fabric-toran-03-2025-859-1-3_1.jpg,116,fabart,950,832.984,0.877
handpainted-kalamkari-ashtalakshmi-toran-11-x-55-in-23-2025-810-1-23_1.jpg,124,srikalahasti penwork kalamkari,5190,2774.419,0.535
handmade-fabric-toran-for-home-decor-93-2025-785-1-93_1.jpg,113,fabart,950,827.177,0.871
handmade-shell-work-fabric-toran-for-home-decor-56-2025-228-1-56_1.jpg,118,patchwork,1050,850.284,0.81
handmade-fabric-toran-for-home-decor-15-2025-785-1-15_1.jpg,113,fabart,950,895.798,0.943
decorative-handmade-fabric-toran-23-2025-859-1-23_1.jpg,116,fabart,950,850.281,0.895
handmade-shell-work-fabric-toran-for-home-decor-51-2025-228-1-51_1.jpg,118,patchwork,1050,975.53,0.929
handmade-shell-work-fabric-toran-for-home-decor-16-2025-228-1-16_1.jpg,118,patchwork,1050,988.693,0.942
decorative-handmade-fabric-toran-34-2025-859-1-34_1.jpg,116,fabart,950,804.73,0.847
handmade-toran-for-door-decoration-24-2024-992-1-24_1.jpg,112,patchwork,1050,1248.947,1.189
handpainted-kalamkari-ashtalakshmi-toran-11-x-55-in-16-2025-810-1-16_1.jpg,124,srikalahasti penwork kalamkari,5190,2649.601,0.511
handmade-shell-work-fabric-toran-for-home-decor-34-2025-228-1-34_1.jpg,118,patchwork,1050,882.402,0.84
2024-690-1-22-handmade-toran-for-door-decoration-22_1.jpg,112,handmade,1050,916.178,0.873
decorative-handmade-fabric-toran-03-2025-890-1-3_1.jpg,116,fabart,950,916.792,0.965
decorative-handmade-fabric-toran-14-2025-859-1-14_1.jpg,116,fabart,950,788.315,0.83
2024-903-1-14-handmade-toran-for-door-decoration-14_1.jpg,112,patchwork,1050,1083.638,1.032
handmade-fabric-toran-for-home-decor-111-2025-785-1-111_1.jpg,113,fabart,950,810.446,0.853
handmade-fabric-toran-for-home-decor-85-2025-785-1-85_1.jpg,113,fabart,950,838.611,0.883
decorative-handmade-fabric-toran-01-2025-859-1-1_1.jpg,116,fabart,950,766.093,0.806
handmade-toran-for-door-decoration-79-2024-1316-1-79_1.jpg,112,patchwork,1050,793.602,0.756
handmade-toran-for-door-decoration-62-2024-1316-1-62_1.jpg,112,patchwork,1050,780.278,0.743
handmade-fabric-beads-tassels-toran-23-2024-1524-1-23_1.jpg,123,bead work,590,721.299,1.223
handpainted-kalamkari-ashtalakshmi-toran-11-x-55-in-06-2025-810-1-6_1.jpg,124,srikalahasti penwork kalamkari,5190,2789.183,0.537
2024-690-1-6-handmade-toran-for-door-decoration-06_1.jpg,112,handmade,1050,896.901,0.854
handmade-toran-for-door-decoration-49-2024-1316-1-49_1.jpg,112,patchwork,1050,726.45,0.692
handmade-shell-work-fabric-toran-for-home-decor-33-2025-228-1-33_1.jpg,118,patchwork,1050,967.799,0.922
decorative-handmade-fabric-toran-43-2025-859-1-43_1.jpg,116,fabart,950,791.872,0.834
handmade-fabric-toran-for-home-decor-37-2025-785-1-37_1.jpg,113,fabart,950,789.154,0.831
handmade-fabric-toran-for-home-decor-106-2025-785-1-106_1.jpg,113,fabart,950,821.674,0.865
handmade-toran-for-door-decoration-40-2024-1316-1-40_1.jpg,112,patchwork,1050,744.779,0.709
handmade-toran-for-door-decoration-90-2024-1316-1-90_1.jpg,112,patchwork,1050,740.282,0.705
handmade-shell-work-fabric-toran-for-home-decor-36-2025-228-1-36_1.jpg,118,patchwork,1050,840.432,0.8
handmade-toran-for-door-decoration-12-2024-992-1-12_1.jpg,112,patchwork,1050,1249.684,1.19
handmade-toran-for-door-decoration-85-2024-1316-1-85_1.jpg,112,patchwork,1050,735.055,0.7
decorative-handmade-fabric-toran-25-2025-890-1-25_1.jpg,116,fabart,950,990.248,1.042
handmade-fabric-toran-for-home-decor-69-2025-785-1-69_1.jpg,113,fabart,950,842.579,0.887
handmade-toran-for-door-decoration-58-2024-1316-1-58_1.jpg,112,patchwork,1050,746.905,0.711
handmade-fabric-toran-for-home-decor-72-2025-785-1-72_1.jpg,113,fabart,950,834.498,0.878
2024-690-1-12-handmade-toran-for-door-decoration-12_1.jpg,112,handmade,1050,873.334,0.832
591981-76-handpainted-patua-painting-by-laltu-chitrakar-14-x-11-in_1.jpg,136,patua folk art,5190,4094.815,0.789
2023-766-1-34-handpainted-madhubani-painting-by-hira-devi-7-5-x-11_1.jpg,139,madhubani folk art,4450,3207.224,0.721
traditional-handpainted-madhubani-painting-by-hira-devi-6-x-6-in-04-2025-811-1-4_1.jpg,141,madhubani folk art,1590,1520.402,0.956
2023-766-1-37-handpainted-madhubani-painting-by-hira-devi-11-x-7-5_1.jpg,139,madhubani folk art,4450,3169.169,0.712
traditional-handpainted-madhubani-painting-by-hira-devi-7-x-5-in-09-2025-811-1-9_1.jpg,141,madhubani folk art,1590,1572.736,0.989
591981-87-handpainted-patua-painting-by-laltu-chitrakar-14-x-11-in_1.jpg,136,patua folk art,5190,4244.475,0.818
2023-766-1-33-handpainted-madhubani-painting-by-hira-devi-7-5-x-11_1.jpg,139,madhubani folk art,4450,3421.217,0.769
591981-51-handpainted-patua-painting-by-laltu-chitrakar-14-x-11-in_1.jpg,136,patua folk art,5190,4226.351,0.814
2023-766-1-22-handpainted-madhubani-painting-by-hira-devi-11-x-3-5_1.jpg,139,madhubani folk art,4290,2885.279,0.673
591981-59-handpainted-patua-painting-by-laltu-chitrakar-11-x-14-in_1.jpg,136,patua folk art,5190,4195.502,0.808
591981-18-handpainted-patua-painting-by-laltu-chitrakar-14-x-11-in_1.jpg,136,patua folk art,5190,4251.99,0.819
2023-766-1-20-handpainted-madhubani-painting-by-hira-devi-11-x-3-5_1.jpg,139,madhubani folk art,4290,2830.153,0.66
591981-73-handpainted-patua-painting-by-laltu-chitrakar-14-x-11-in_1.jpg,136,patua folk art,5190,4248.44,0.819
traditional-handpainted-madhubani-painting-by-hira-devi-7-x-5-in-12-2025-811-1-12_1.jpg,141,madhubani folk art,1590,1579.547,0.993
2023-766-1-40-handpainted-madhubani-painting-by-hira-devi-30-x-22_1.jpg,139,madhubani folk art,16500,3128.066,0.19
591981-3-handpainted-patua-painting-by-laltu-chitrakar-14-x-11-in_1.jpg,136,patua folk art,5190,4221.959,0.813
591981-46-handpainted-patua-painting-by-laltu-chitrakar-14-x-11-in_1.jpg,136,patua folk art,5190,4392.183,0.846
591981-27-handpainted-patua-painting-by-laltu-chitrakar-14-x-11-in_1.jpg,136,patua folk art,5190,4024.349,0.775
591981-31-handpainted-patua-painting-by-laltu-chitrakar-14-x-11-in_1.jpg,136,patua folk art,5190,4293.275,0.827
591981-91-handpainted-patua-painting-by-laltu-chitrakar-7-x-22-in_1.jpg,136,patua folk art,4190,3965.614,0.946
591981-53-handpainted-patua-painting-by-laltu-chitrakar-14-x-11-in_1.jpg,136,patua folk art,5190,4118.069,0.793
2022-466-1-73-handpainted-kalighat-painting-by-laltu-chitrakar-14-x-11-in_1.jpg,148,other,5800,6559.212,1.131
591981-83-handpainted-patua-painting-by-laltu-chitrakar-14-x-11-in_1.jpg,136,patua folk art,5190,4158.186,0.801
494610-17-handpainted-kalighat-painting-by-laltu-chitrakar-14-x-11-in_1.jpg,148,other,5800,7229.848,1.247
591981-24-handpainted-patua-painting-by-laltu-chitrakar-14-x-11-in_1.jpg,136,patua folk art,5190,3874.421,0.747
591981-47-handpainted-patua-painting-by-laltu-chitrakar-14-x-11-in_1.jpg,136,patua folk art,5190,4138.469,0.797
591981-13-handpainted-patua-painting-by-laltu-chitrakar-14-x-11-in_1.jpg,136,patua folk art,5190,4128.616,0.795
2023-766-1-28-handpainted-madhubani-painting-by-hira-devi-15-x-5-5_1.jpg,139,madhubani folk art,2690,3142.354,1.168
traditional-handpainted-madhubani-painting-by-hira-devi-7-x-5-in-16-2025-811-1-16_1.jpg,141,madhubani folk art,1250,1413.768,1.131
591981-15-handpainted-patua-painting-by-laltu-chitrakar-14-x-11-in_1.jpg,136,patua folk art,5190,3953.274,0.762
traditional-handpainted-madhubani-painting-by-hira-devi-4-x-5-in-22-2025-811-1-22_1.jpg,141,madhubani folk art,1250,1519.711,1.216
591981-25-handpainted-patua-painting-by-laltu-chitrakar-14-x-11-in_1.jpg,136,patua folk art,5190,4444.914,0.856
591981-14-handpainted-patua-painting-by-laltu-chitrakar-14-x-11-in_1.jpg,136,patua folk art,5190,4135.445,0.797
591981-69-handpainted-patua-painting-by-laltu-chitrakar-14-x-11-in_1.jpg,136,patua folk art,5190,3937.713,0.759
2023-766-1-35-handpainted-madhubani-painting-by-hira-devi-11-x-7-5_1.jpg,139,madhubani folk art,4450,3678.548,0.827
591981-8-handpainted-patua-painting-by-laltu-chitrakar-14-x-11-in_1.jpg,136,patua folk art,5190,4037.39,0.778
2023-766-1-42-handpainted-madhubani-painting-by-hira-devi-22-x-15_1.jpg,139,madhubani folk art,9900,3110.763,0.314
494610-24-handpainted-kalighat-painting-by-laltu-chitrakar-15-5-x-11-in_1.jpg,148,other,5800,7291.699,1.257
591981-81-handpainted-patua-painting-by-laltu-chitrakar-14-x-11-in_1.jpg,136,patua folk art,5190,4075.422,0.785
591981-80-handpainted-patua-painting-by-laltu-chitrakar-14-x-11-in_1.jpg,136,patua folk art,5190,4042.179,0.779
591981-11-handpainted-patua-painting-by-laltu-chitrakar-14-x-11-in_1.jpg,136,patua folk art,5190,4034.188,0.777
2023-766-1-16-handpainted-madhubani-painting-by-hira-devi-11-x-3-5_1.jpg,139,madhubani folk art,4290,3109.686,0.725
591981-33-handpainted-patua-painting-by-laltu-chitrakar-14-x-11-in_1.jpg,136,patua folk art,5190,3988.391,0.768
591981-39-handpainted-patua-painting-by-laltu-chitrakar-14-x-11-in_1.jpg,136,patua folk art,5190,3996.077,0.77
591981-35-handpainted-patua-painting-by-laltu-chitrakar-14-x-11-in_1.jpg,136,patua folk art,5190,4303.528,0.829
591981-66-handpainted-patua-painting-by-laltu-chitrakar-11-x-14-in_1.jpg,136,patua folk art,5190,4200.438,0.809
2023-766-1-19-handpainted-madhubani-painting-by-hira-devi-11-x-3-5_1.jpg,139,madhubani folk art,4290,2967.552,0.692
591981-71-handpainted-patua-painting-by-laltu-chitrakar-14-x-11-in_1.jpg,136,patua folk art,5190,4309.383,0.83
589434-10-handpainted-kalighat-painting-by-laltu-chitrakar-22-x-14-in_1.jpg,148,other,6900,4119.868,0.597
494610-14-handpainted-kalighat-painting-by-laltu-chitrakar-14-x-11-in_1.jpg,148,other,5800,6904.192,1.19
591981-82-handpainted-patua-painting-by-laltu-chitrakar-14-x-11-in_1.jpg,136,patua folk art,5190,4553.434,0.877
591981-100-handpainted-patua-painting-by-laltu-chitrakar-7-x-11-in_1.jpg,136,patua folk art,2190,3823.922,1.746
591981-48-handpainted-patua-painting-by-laltu-chitrakar-14-x-11-in_1.jpg,136,patua folk art,5190,4453.986,0.858
591981-10-handpainted-patua-painting-by-laltu-chitrakar-14-x-11-in_1.jpg,136,patua folk art,5190,4302.201,0.829
2023-766-1-39-handpainted-madhubani-painting-by-hira-devi-22-x-30_1.jpg,139,madhubani folk art,16500,3403.827,0.206
589434-79-handpainted-kalighat-painting-by-laltu-chitrakar-14-x-11-in_1.jpg,148,other,5800,4276.661,0.737
494610-28-handpainted-kalighat-painting-by-laltu-chitrakar-22-x-14-in_1.jpg,148,other,5600,7301.639,1.304
591981-45-handpainted-patua-painting-by-laltu-chitrakar-14-x-11-in_1.jpg,136,patua folk art,5190,4329.889,0.834
traditional-handpainted-madhubani-painting-by-hira-devi-5-x-4-in-21-2025-811-1-21_1.jpg,141,madhubani folk art,1250,1292.465,1.034
traditional-handpainted-madhubani-painting-by-hira-devi-3-x-5-in-19-2025-811-1-19_1.jpg,141,madhubani folk art,1250,1282.745,1.026
591981-44-handpainted-patua-painting-by-laltu-chitrakar-14-x-11-in_1.jpg,136,patua folk art,5190,3793.525,0.731
591981-17-handpainted-patua-painting-by-laltu-chitrakar-14-x-11-in_1.jpg,136,patua folk art,5190,4246.194,0.818
494610-12-handpainted-kalighat-painting-by-laltu-chitrakar-14-x-11-in_1.jpg,148,other,5800,6556.697,1.13
591981-84-handpainted-patua-painting-by-laltu-chitrakar-14-x-11-in_1.jpg,136,patua folk art,5190,4265.791,0.822
2023-766-1-49-handpainted-madhubani-painting-by-hira-devi-30-x-11_1.jpg,139,madhubani folk art,12900,2641.912,0.205
591981-19-handpainted-patua-painting-by-laltu-chitrakar-14-x-11-in_1.jpg,136,patua folk art,5190,3988.357,0.768
2023-766-1-46-handpainted-madhubani-painting-by-hira-devi-30-x-11_1.jpg,139,madhubani folk art,12900,3301.879,0.256
traditional-handpainted-madhubani-painting-by-hira-devi-7-x-5-in-11-2025-811-1-11_1.jpg,141,madhubani folk art,1590,1672.436,1.052
591981-23-handpainted-patua-painting-by-laltu-chitrakar-14-x-11-in_1.jpg,136,patua folk art,5190,4372.127,0.842
589434-13-handpainted-kalighat-painting-by-laltu-chitrakar-22-x-14-in_1.jpg,148,other,6900,4091.199,0.593
494610-21-handpainted-kalighat-painting-by-laltu-chitrakar-14-x-11-in_1.jpg,148,other,5800,6668.23,1.15
591981-88-handpainted-patua-painting-by-laltu-chitrakar-14-x-11-in_1.jpg,136,patua folk art,5190,5060.811,0.975
591981-49-handpainted-patua-painting-by-laltu-chitrakar-14-x-11-in_1.jpg,136,patua folk art,5190,4442.232,0.856
591981-52-handpainted-patua-painting-by-laltu-chitrakar-14-x-11-in_1.jpg,136,patua folk art,5190,4325.667,0.833
591981-72-handpainted-patua-painting-by-laltu-chitrakar-14-x-11-in_1.jpg,136,patua folk art,5190,4089.055,0.788
traditional-handpainted-madhubani-painting-by-hira-devi-5-x-3-in-18-2025-811-1-18_1.jpg,141,madhubani folk art,1250,1199.179,0.959
591981-37-handpainted-patua-painting-by-laltu-chitrakar-14-x-11-in_1.jpg,136,patua folk art,5190,4573.389,0.881
589434-68-handpainted-kalighat-painting-by-laltu-chitrakar-14-x-11-in_1.jpg,148,other,5800,3873.391,0.668
591981-75-handpainted-patua-painting-by-laltu-chitrakar-14-x-11-in_1.jpg,136,patua folk art,5190,4467.832,0.861
2023-766-1-17-handpainted-madhubani-painting-by-hira-devi-11-x-3-5_1.jpg,139,madhubani folk art,4290,2879.016,0.671
591981-103-handpainted-patua-painting-by-laltu-chitrakar-7-x-11-in_1.jpg,136,patua folk art,2190,3711.226,1.695
591981-102-handpainted-patua-painting-by-laltu-chitrakar-7-x-11-in_1.jpg,136,patua folk art,2190,3794.313,1.733
494610-27-handpainted-kalighat-painting-by-laltu-chitrakar-22-x-14-in_1.jpg,148,other,5600,7490.442,1.338
591981-36-handpainted-patua-painting-by-laltu-chitrakar-14-x-11-in_1.jpg,136,patua folk art,5190,3970.225,0.765
591981-29-handpainted-patua-painting-by-laltu-chitrakar-14-x-11-in_1.jpg,136,patua folk art,5190,4530.591,0.873
591981-43-handpainted-patua-painting-by-laltu-chitrakar-14-x-11-in_1.jpg,136,patua folk art,5190,4391.536,0.846
591981-5-handpainted-patua-painting-by-laltu-chitrakar-14-x-11-in_1.jpg,136,patua folk art,5190,4378.498,0.844
591981-6-handpainted-patua-painting-by-laltu-chitrakar-14-x-11-in_1.jpg,136,patua folk art,5190,4085.91,0.787
591981-70-handpainted-patua-painting-by-laltu-chitrakar-14-x-11-in_1.jpg,136,patua folk art,5190,4203.07,0.81
589434-15-handpainted-kalighat-painting-by-laltu-chitrakar-22-x-14-in_1.jpg,148,other,6900,4094.142,0.593
384388-16-natural-bamboo-single-candle-stand_1.jpg,167,bamboo craft,590,436.209,0.739
rajasthani-elephant-handmade-tealight-candle-holder-set-of-2-06-2025-786-1-6_1.jpg,173,puppet,550,393.579,0.716
384388-63-bamboo-candle-hoder-9-candle_1.jpg,167,bamboo craft,1690,513.899,0.304
rajasthani-elephant-handmade-tealight-candle-holder-set-of-2-04-2025-786-1-4_1.jpg,173,puppet,550,406.063,0.738
384388-54-bamboo-candle-holder-3-candle_1.jpg,167,bamboo craft,590,412.018,0.698
384388-59-bamboo-candle-holder-3-candle_1.jpg,167,bamboo craft,590,402.954,0.683
rajasthani-elephant-handmade-tealight-candle-holder-set-of-2-09-2025-786-1-9_1.jpg,173,puppet,550,408.811,0.743
384388-55-bamboo-candle-holder-3-candle_1.jpg,167,bamboo craft,590,419.364,0.711
384388-45-natural-bamboo-single-candle-stand_1.jpg,167,bamboo craft,590,419.722,0.711
2024-879-1-6-handmade-gota-work-damru-tealight-candle-holder-06_1.jpg,179,other,250,244.565,0.978
2024-879-1-10-handmade-gota-work-damru-tealight-candle-holder-10_1.jpg,179,other,250,258.112,1.032
2024-879-1-8-handmade-gota-work-damru-tealight-candle-holder-08_1.jpg,179,other,250,262.315,1.049
rajasthani-elephant-handmade-tealight-candle-holder-set-of-2-07-2025-786-1-7_1.jpg,173,puppet,550,386.364,0.702
384388-21-natural-bamboo-single-candle-stand_1.jpg,167,bamboo craft,590,413.267,0.7
rajasthani-elephant-handmade-tealight-candle-holder-set-of-2-08-2025-786-1-8_1.jpg,173,puppet,550,413.437,0.752
deepam-handcrafted-bamboo-tea-light-holder-single-pc-2025-1076-1-57_1.jpg,183,handmade,590,672.391,1.14
2024-879-1-9-handmade-gota-work-damru-tealight-candle-holder-09_1.jpg,179,other,250,258.718,1.035
384388-19-natural-bamboo-single-candle-stand_1.jpg,167,bamboo craft,590,409.756,0.695
2024-879-1-7-handmade-gota-work-damru-tealight-candle-holder-07_1.jpg,179,other,250,254.667,1.019
384388-58-bamboo-candle-holder-3-candle_1.jpg,167,bamboo craft,590,421.817,0.715
rajasthani-elephant-handmade-tealight-candle-holder-set-of-2-10-2025-786-1-10_1.jpg,173,puppet,550,389.766,0.709
diwali-decor-handpainted-wooden-nameplate-01-2025-732-1-1_1.jpg,188,hand painted,3800,677.732,0.178
564547-58-rajasthani-couple-bobble-head-handmade-puppet-kathputli_1.jpg,6,bobblehead toys,590,1068.408,1.811
2020-742-1-7-handmade-bonsai-tree-with-sola-flower-arrangement-on-wooden-base_1.jpg,193,handmade,1450,987.2,0.681
2020-742-1-22-handmade-bonsai-tree-with-sola-flower-arrangement-on-wooden-base_1.jpg,193,handmade,2150,1095.507,0.51
2020-742-1-25-handmade-bonsai-tree-with-sola-flower-arrangement-on-wooden-base_1.jpg,193,handmade,2150,1054.054,0.49
2021-1009-1-5-handmade-multipurpose-date-palm-leaves-decor-cup-plate_1.jpg,197,other,490,1056.775,2.157
2023-6760-1-1-flower-festive-decor-handpainted-wooden-rangoli_1.jpg,205,hand painted,2290,1415.006,0.618
2020-742-1-9-handmade-bonsai-tree-with-sola-flower-arrangement-on-wooden-base_1.jpg,193,handmade,1450,1005.981,0.694
2023-907-1-26-shubh-laabh-traditional-hand-painted-beadwork-door-decor_1.jpg,207,wood carving,390,452.423,1.16
2022-926-1-2-rajasthani-couple-handmade-puppet-kathputli-decor-item_1.jpg,6,wood carving,1100,1183.769,1.076
2021-151-1-9-handmade-multipurpose-date-palm-leaves-decor-cup-plate_1.jpg,197,other,490,1101.624,2.248
564547-43-rajasthani-couple-bobble-head-handmade-puppet-kathputli_1.jpg,6,bobblehead toys,640,1155.255,1.805
564547-18-rajasthani-dancing-couple-handmade-puppet-kathputli-small-4-pc-assorted_1.jpg,6,wood carving,290,1426.456,4.919
2021-504-1-18-tiny-king-queen-traditional-burdwan-wood-craft-handpainted-sculpture-set-of-2_1.jpg,211,wood carving,450,481.605,1.07
2020-742-1-8-handmade-bonsai-tree-with-sola-flower-arrangement-on-wooden-base_1.jpg,193,handmade,1450,974.505,0.672
564547-11-rajasthani-dancing-couple-handmade-puppet-kathputli-small-4-pc-assorted_1.jpg,6,wood carving,290,1511.31,5.211
birds-hand-carved-wooden-home-decor-item-10-2024-1094-1-10_1.jpg,216,wood carving,3990,818.009,0.205
2021-1009-1-3-handmade-multipurpose-date-palm-leaves-decor-cup-plate_1.jpg,197,other,490,1233.921,2.518
564547-50-rajasthani-couple-bobble-head-handmade-puppet-kathputli_1.jpg,6,bobblehead toys,590,1203.732,2.04
2021-383-1-144-original-blue-pottery-ceramic-couple-decor-item_1.jpg,218,blue art pottery,1590,470.054,0.296
2021-1009-1-4-handmade-multipurpose-date-palm-leaves-decor-cup-plate_1.jpg,197,other,490,1127.716,2.301
564547-45-rajasthani-couple-bobble-head-handmade-puppet-kathputli_1.jpg,6,bobblehead toys,640,1086.339,1.697
2021-383-1-147-original-blue-pottery-ceramic-couple-decor-item_1.jpg,218,blue art pottery,1590,473.326,0.298
564547-39-rajasthani-men-handmade-puppet-kathputli_1.jpg,6,wood carving,1390,842.797,0.606
564547-17-rajasthani-dancing-couple-handmade-puppet-kathputli-small-4-pc-assorted_1.jpg,6,wood carving,290,1423.298,4.908
2023-907-1-27-shubh-laabh-traditional-hand-painted-beadwork-door-decor_1.jpg,207,wood carving,390,476.5,1.222
2021-1009-1-2-handmade-multipurpose-date-palm-leaves-decor-cup-plate_1.jpg,197,other,490,1248.594,2.548
2021-504-1-20-tiny-king-queen-traditional-burdwan-wood-craft-handpainted-sculpture-set-of-2_1.jpg,211,wood carving,450,615.122,1.367
564547-14-rajasthani-dancing-couple-handmade-puppet-kathputli-small-4-pc-assorted_1.jpg,6,wood carving,290,1481.802,5.11
532930-43-traditional-handpainted-wooden-ganesha-set-of-2_1.jpg,222,wood carving,350,622.748,1.779
564547-49-rajasthani-couple-bobble-head-handmade-puppet-kathputli_1.jpg,6,bobblehead toys,590,1099.798,1.864
2022-926-1-5-rajasthani-couple-handmade-puppet-kathputli-decor-item_1.jpg,6,wood carving,1100,1100.606,1.001
564547-22-rajasthani-dancing-couple-handmade-puppet-kathputli-small-4-pc-assorted_1.jpg,6,wood carving,290,1536.262,5.297
564547-52-rajasthani-couple-bobble-head-handmade-puppet-kathputli_1.jpg,6,bobblehead toys,590,1026.293,1.739
2021-504-1-22-tiny-king-queen-traditional-burdwan-wood-craft-handpainted-sculpture-set-of-2_1.jpg,211,wood carving,450,556.363,1.236
564547-44-rajasthani-couple-bobble-head-handmade-puppet-kathputli_1.jpg,6,bobblehead toys,640,1080.469,1.688
564547-55-rajasthani-couple-bobble-head-handmade-puppet-kathputli_1.jpg,6,bobblehead toys,590,1215.19,2.06
564547-42-rajasthani-couple-bobble-head-handmade-puppet-kathputli_1.jpg,6,bobblehead toys,640,1088.439,1.701
564547-16-rajasthani-dancing-couple-handmade-puppet-kathputli-small-4-pc-assorted_1.jpg,6,wood carving,290,1634.512,5.636
564547-46-rajasthani-couple-bobble-head-handmade-puppet-kathputli_1.jpg,6,bobblehead toys,640,1171.324,1.83
2020-742-1-23-handmade-bonsai-tree-with-sola-flower-arrangement-on-wooden-base_1.jpg,193,handmade,2150,1098.976,0.511
564547-12-rajasthani-dancing-couple-handmade-puppet-kathputli-small-4-pc-assorted_1.jpg,6,wood carving,290,1252.236,4.318
564547-37-rajasthani-men-handmade-puppet-kathputli_1.jpg,6,wood carving,1390,928.652,0.668
2020-742-1-11-handmade-bonsai-tree-with-sola-flower-arrangement-on-wooden-base_1.jpg,193,handmade,1250,891.99,0.714
2021-1009-1-1-handmade-multipurpose-date-palm-leaves-decor-cup-plate_1.jpg,197,other,490,1135.798,2.318
2023-907-1-24-shubh-laabh-traditional-hand-painted-beadwork-door-decor_1.jpg,207,wood carving,390,488.685,1.253
564547-13-rajasthani-dancing-couple-handmade-puppet-kathputli-small-4-pc-assorted_1.jpg,6,wood carving,290,1537.496,5.302
532930-50-shubh-laabh-traditional-handpainted-beadwork-door-decor_1.jpg,207,wood carving,390,450.056,1.154
2021-504-1-17-tiny-king-queen-traditional-burdwan-wood-craft-handpainted-sculpture-set-of-2_1.jpg,211,hand painted,450,489.812,1.088
2023-907-1-22-shubh-laabh-traditional-hand-painted-beadwork-door-decor_1.jpg,207,wood carving,390,465.114,1.193
2021-151-1-7-handmade-multipurpose-date-palm-leaves-decor-cup-plate_1.jpg,197,other,490,1092.86,2.23
2021-504-1-21-tiny-king-queen-traditional-burdwan-wood-craft-handpainted-sculpture-set-of-2_1.jpg,211,wood carving,450,638.292,1.418
2021-504-1-23-tiny-king-queen-traditional-burdwan-wood-craft-handpainted-sculpture-set-of-2_1.jpg,211,wood carving,450,603.447,1.341
2021-504-1-19-tiny-king-queen-traditional-burdwan-wood-craft-handpainted-sculpture-set-of-2_1.jpg,211,wood carving,450,568.884,1.264
2021-151-1-8-handmade-multipurpose-date-palm-leaves-decor-cup-plate_1.jpg,197,other,490,1301.98,2.657
2022-559-1-11-diwali-decor-handpainted-wooden-mata-charan-pair_1.jpg,225,hand painted,280,494.328,1.765
2020-742-1-10-handmade-bonsai-tree-with-sola-flower-arrangement-on-wooden-base_1.jpg,193,handmade,1450,987.504,0.681
2021-383-1-145-original-blue-pottery-ceramic-couple-decor-item_1.jpg,218,blue art pottery,1590,480.626,0.302
564547-70-rajasthani-men-bobble-head-handmade-puppet-kathputli_1.jpg,6,bobblehead toys,290,942.852,3.251
532930-42-traditional-handpainted-wooden-ganesha-set-of-2_1.jpg,222,bead work,350,508.594,1.453
2023-813-1-29-tribal-odisha-dokra-handmade-candle-stand_1.jpg,226,dokra craft,1590,1189.075,0.748
564547-51-rajasthani-couple-bobble-head-handmade-puppet-kathputli_1.jpg,6,bobblehead toys,590,1068.207,1.811
564547-19-rajasthani-dancing-couple-handmade-puppet-kathputli-small-4-pc-assorted_1.jpg,6,wood carving,290,1449.228,4.997
532930-44-traditional-handpainted-wooden-ganesha-set-of-2_1.jpg,222,bead work,350,581.26,1.661
2023-813-1-4-turtle-tribal-odisha-dokra-handmade-decor-item_1.jpg,226,dokra craft,2590,951.671,0.367
564547-20-rajasthani-dancing-couple-handmade-puppet-kathputli-small-4-pc-assorted_1.jpg,6,wood carving,290,1519.466,5.24
2022-780-1-1-handpainted-cheriyal-painting-wooden-plate-wall-frame-by-dhanalakota-sai-kiran-12-x-12-in_1.jpg,232,cheriyal folk art,9990,4782.565,0.479
2023-375-1-32-shakuni-tholu-bommalata-leather-puppet-16-x-10-in_1.jpg,10,leather puppetry,1890,3465.184,1.833
2023-375-1-37-bhima-tholu-bommalata-leather-puppet-16-x-10-in_1.jpg,10,leather puppetry,1890,3522.03,1.864
handmade-natural-seeds-doll-car-hanger-78-2024-793-1-78_1.jpg,242,natural seed,390,693.802,1.779
handmade-natural-seeds-doll-car-hanger-79-2024-793-1-79_1.jpg,242,natural seed,390,735.026,1.885
handcrafted-vine-bamboo-string-light-3m-2025-678-1-9_1.jpg,245,handmade,1790,2351.691,1.314
542157-7-handpainted-tholu-bommalata-leather-hanging-lamp_1.jpg,10,leather puppetry,2350,3060.64,1.302
handcrafted-frill-bamboo-string-light-3m-2025-678-1-13_1.jpg,245,handmade,1790,2893.295,1.616
handcrafted-star-full-moon-bamboo-string-light-3m-2025-678-1-22_1.jpg,245,handmade,1790,2362.257,1.32
4-pockets-handcrafted-cotton-wall-hanging-letter-holder-21-x-12-in-11-2025-920-1-11_1.jpg,261,patchwork,750,826.393,1.102
4-pockets-handcrafted-cotton-wall-hanging-letter-holder-21-x-12-in-26-2025-920-1-26_1.jpg,261,patchwork,750,863.59,1.151
4-pockets-handcrafted-cotton-wall-hanging-letter-holder-21-x-12-in-12-2025-920-1-12_1.jpg,261,patchwork,750,856.318,1.142
4-pockets-handcrafted-cotton-wall-hanging-letter-holder-21-x-12-in-10-2025-920-1-10_1.jpg,261,patchwork,750,842.861,1.124
4-pockets-handcrafted-cotton-wall-hanging-letter-holder-21-x-12-in-29-2025-920-1-29_1.jpg,261,patchwork,750,843.003,1.124
4-pockets-handcrafted-cotton-wall-hanging-letter-holder-21-x-12-in-01-2025-920-1-1_1.jpg,261,patchwork,750,885.339,1.18
4-pockets-handcrafted-cotton-wall-hanging-letter-holder-21-x-12-in-09-2025-920-1-9_1.jpg,261,patchwork,750,886.939,1.183
4-pockets-handcrafted-cotton-wall-hanging-letter-holder-21-x-12-in-05-2025-920-1-5_1.jpg,261,patchwork,750,861.317,1.148
4-pockets-handcrafted-cotton-wall-hanging-letter-holder-21-x-12-in-02-2025-920-1-2_1.jpg,261,patchwork,750,812.626,1.084
4-pockets-handcrafted-cotton-wall-hanging-letter-holder-21-x-12-in-13-2025-920-1-13_1.jpg,261,patchwork,750,841.367,1.122
4-pockets-handcrafted-cotton-wall-hanging-letter-holder-21-x-12-in-08-2025-920-1-8_1.jpg,261,patchwork,750,802.456,1.07
4-pockets-handcrafted-cotton-wall-hanging-letter-holder-21-x-12-in-27-2025-920-1-27_1.jpg,261,patchwork,750,899.51,1.199
4-pockets-handcrafted-cotton-wall-hanging-letter-holder-21-x-12-in-18-2025-920-1-18_1.jpg,261,patchwork,750,848.337,1.131
4-pockets-handcrafted-cotton-wall-hanging-letter-holder-21-x-12-in-03-2025-920-1-3_1.jpg,261,patchwork,750,892.763,1.19
4-pockets-handcrafted-cotton-wall-hanging-letter-holder-21-x-12-in-25-2025-920-1-25_1.jpg,261,patchwork,750,821.728,1.096
2023-1257-1-12-floral-printed-handcrafted-cable-organiser_1.jpg,266,screen printing,390,821.139,2.105
2023-1257-1-15-floral-printed-handcrafted-cable-organiser_1.jpg,266,screen printing,390,819.518,2.101
2023-1257-1-16-floral-printed-handcrafted-cable-organiser_1.jpg,266,screen printing,390,799.368,2.05
2023-1257-1-14-floral-printed-handcrafted-cable-organiser_1.jpg,266,screen printing,390,773.649,1.984
2023-1257-1-13-floral-printed-handcrafted-cable-organiser_1.jpg,266,screen printing,390,865.398,2.219
2021-371-1-68-channapatna-handmade-wooden-tube-vase-small_1.jpg,275,channapatna toys craft,1090,1137.94,1.044
2021-371-1-67-channapatna-handmade-wooden-tube-vase-small_1.jpg,275,channapatna toys craft,1090,1061.518,0.974
2021-371-1-66-channapatna-handmade-wooden-tube-vase-small_1.jpg,275,channapatna toys craft,1090,1100.001,1.009
2021-371-1-65-channapatna-handmade-wooden-tube-vase-small_1.jpg,275,channapatna toys craft,1090,1053.75,0.967
2021-371-1-64-channapatna-handmade-wooden-tube-vase-small_1.jpg,275,channapatna toys craft,1090,1063.586,0.976
2021-371-1-69-channapatna-handmade-wooden-tube-vase-small_1.jpg,275,channapatna toys craft,1090,1152.173,1.057
2021-371-1-63-traditional-channapatna-handmade-wooden-test-tube-vase-small_1.jpg,275,channapatna toys craft,1090,1100.575,1.01
2021-383-1-36-original-blue-pottery-ceramic-decorative-bottle_1.jpg,278,blue art pottery,1390,598.082,0.43
handcrafted-eco-friendly-coconut-shell-jasmine-soy-scented-candle-for-gifting-03-2025-1013-1-3_1.jpg,279,other,590,720.876,1.222
eco-friendly-premium-tin-coconut-soy-candle-small-43-2025-1166-1-43_1.jpg,283,handmade,690,597.248,0.866
sri-aurobindo-ashram-terracotta-candle-gift-set-assorted_1.jpg,286,handmade,390,390.721,1.002
eco-friendly-premium-tin-coconut-soy-candle-big-38-2025-1166-1-38_1.jpg,283,handmade,790,915.564,1.159
handcrafted-eco-friendly-coconut-shell-rose-soy-scented-candle-for-gifting-08-2025-1229-1-4_1.jpg,279,other,590,845.533,1.433
handcrafted-eco-friendly-coconut-shell-rose-soy-scented-candle-for-gifting-05-2025-1013-1-5_1.jpg,279,other,590,682.012,1.156
lavender-citrus-soy-wax-candle-100ml-2026-217-1-17_1.jpg,292,handmade,690,632.065,0.916
eco-friendly-premium-tin-coconut-soy-candle-small-41-2025-1166-1-41_1.jpg,283,handmade,690,571.42,0.828
eco-friendly-premium-tin-coconut-soy-candle-big-39-2025-1166-1-39_1.jpg,283,handmade,790,964.539,1.221
eco-friendly-premium-tin-coconut-soy-candle-small-44-2025-1166-1-44_1.jpg,283,handmade,690,592.573,0.859
handcrafted-eco-friendly-coconut-shell-lotus-soy-scented-candle-for-gifting-01-2025-1013-1-1_1.jpg,279,other,590,682.736,1.157
eco-friendly-premium-tin-coconut-soy-candle-small-42-2025-1166-1-42_1.jpg,283,handmade,690,592.588,0.859
eco-friendly-premium-tin-coconut-soy-candle-big-40-2025-1166-1-40_1.jpg,283,handmade,790,962.95,1.219
mandala-art-handpainted-wooden-coasters-set-of-6-03-2025-1854-1-3_1.jpg,300,mandala art,1190,899.46,0.756
2023-268-1-32-handmade-lacquered-wooden-honey-serving-spoon_1.jpg,306,lacquer craft,490,622.01,1.269
2022-638-1-25-ceramic-leaf-shape-platter_1.jpg,307,pottery,1290,778.135,0.603
2023-268-1-39-handmade-lacquered-wooden-honey-serving-spoon_1.jpg,306,lacquer craft,490,626.081,1.278
2021-1383-1-17-set-of-4-sanganeri-hand-block-print-cotton-table-napkin-17-x-17-in_1.jpg,325,sanganeri block printing,890,624.911,0.702
traditional-pattachitra-hand-painted-akashmoni-wooden-tray-7-x-7-in-02-2025-1118-1-2_1.jpg,326,pattachitra folk art,1650,1917.056,1.162
2022-735-1-2-handcrafted-mango-wooden-epoxy-resin-bowl-4-x-4-in_1.jpg,328,wood carving,950,649.21,0.683
traditional-pattachitra-hand-painted-akashmoni-wooden-tray-11-x-8-in-39-2025-1118-1-39_1.jpg,326,pattachitra folk art,2490,1954.216,0.785
2020-576-1-13-handmade-bamboo-cereal-tray-set-of-3-yellow_1.jpg,333,bamboo craft,6490,2340.929,0.361
519699-2-block-printed-patchwork-cotton-table-runner-61-x-14-in_1.jpg,337,patchwork,850,1525.279,1.794
jacquard-cotton-table-mat-with-pocket-03-2024-1527-1-3_1.jpg,339,jacquard weaving,450,587.878,1.306
446970-6-handmade-papier-mache-coasters-set-of-6_1.jpg,82,bengal papier mache craft,990,774.887,0.783
mandala-art-handpainted-wooden-coasters-set-of-6-02-2025-1854-1-2_1.jpg,300,mandala art,1190,954.606,0.802
2023-1293-1-35-set-of-4-bagru-block-printed-cotton-table-napkins-18-x-18-in_1.jpg,341,bagru block printing,890,967.07,1.087
handcrafted-fabric-valet-tray-9-x-7-in-03-2025-950-11-3_1.jpg,342,handmade,650,702.459,1.081
2023-1293-1-32-set-of-4-bagru-block-printed-cotton-table-napkins-18-x-18-in_1.jpg,341,bagru block printing,890,922.372,1.036
560182-11-handmade-papier-mache-metal-coated-coasters-set-of-6_1.jpg,349,other,990,1074.468,1.085
pintuck-plain-table-napkin-set-of-4-03-2025-1223-1-3_1.jpg,351,pintuck,790,638.198,0.808
2023-1293-1-57-set-of-4-bagru-block-printed-cotton-table-napkins-18-x-18-in_1.jpg,341,bagru block printing,890,863.711,0.97
2024-353-1-27-set-of-4-pintuck-plain-cotton-table-napkins-18-x-18-in-27_1.jpg,351,pintuck,790,754.402,0.955
2023-268-1-37-handmade-lacquered-wooden-honey-serving-spoon_1.jpg,306,lacquer craft,490,606.908,1.239
traditional-pattachitra-hand-painted-akashmoni-wooden-tray-10-x-5-in-11-2025-1118-1-11_1.jpg,326,pattachitra folk art,1850,1756.826,0.95
2023-268-1-14-handmade-lacquered-wooden-honey-serving-spoon_1.jpg,306,lacquer craft,490,640.575,1.307
2020-576-1-48-handmade-sabai-grass-bread-basket-set-of-2-brown_1.jpg,355,other,3100,1617.843,0.522
pintuck-plain-table-napkin-set-of-4-04-2025-1223-1-4_1.jpg,351,pintuck,790,632.255,0.8
pintuck-plain-table-napkin-set-of-4-05-2025-1223-1-5_1.jpg,351,pintuck,790,623.609,0.789
traditional-pattachitra-hand-painted-akashmoni-wooden-tray-11-x-8-in-40-2025-1118-1-40_1.jpg,326,pattachitra folk art,2490,2047.797,0.822
khambadiya-patchwork-table-mat-12-x-18-in-16-2025-1128-3-16_1.jpg,358,khambadiya patchwork,390,1253.435,3.214
2023-268-1-70-handmade-lacquered-wooden-honey-serving-spoon_1.jpg,306,lacquer craft,490,615.965,1.257
2022-1184-1-9-handmade-water-hyacinth-table-mat-from-assam_1.jpg,360,assam water hyacinth craft,650,997.986,1.535
2023-1512-1-17-handmade-water-hyacinth-coasters-from-assam-set-of-6_1.jpg,360,assam water hyacinth craft,1290,682.976,0.529
2022-1184-1-17-handmade-water-hyacinth-coasters-from-assam-set-of-6_1.jpg,360,assam water hyacinth craft,1290,895.637,0.694
2023-630-1-1-handmade-water-hyacinth-coasters-from-assam-set-of-6_1.jpg,360,assam water hyacinth craft,1290,912.953,0.708
562974-1-kadam-haat-handmade-wooden-pizza-base_1.jpg,362,wood carving,590,775.388,1.314
handcrafted-fabric-valet-tray-9-x-7-in-11-2025-950-11-11_1.jpg,342,handmade,550,698.913,1.271
2023-630-1-10-handmade-water-hyacinth-coasters-from-assam-set-of-6_1.jpg,360,assam water hyacinth craft,1290,966.556,0.749
pintuck-plain-table-napkin-set-of-4-01-2025-1223-1-1_1.jpg,351,pintuck,790,599.999,0.759
2023-1293-1-17-set-of-4-bagru-block-printed-cotton-table-napkins-18-x-18-in_1.jpg,341,bagru block printing,890,893.367,1.004
handcrafted-fabric-valet-tray-11-x-9-in-19-2025-950-11-19_1.jpg,342,handmade,690,780.379,1.131
2023-958-1-20-phulkari-hand-embroidery-laminated-coasters-set-of-6_1.jpg,363,phulkari,1990,1347.817,0.677
2023-1512-1-21-handmade-water-hyacinth-coasters-from-assam-set-of-6_1.jpg,360,assam water hyacinth craft,1290,753.241,0.584
2024-353-1-6-set-of-4-pintuck-plain-cotton-table-napkins-18-x-18-in-06_1.jpg,351,pintuck,790,689.901,0.873
traditional-pattachitra-hand-painted-akashmoni-wooden-tray-15-x-7-in-31-2025-1118-1-31_1.jpg,326,pattachitra folk art,2690,1930.68,0.718
handpainted-mandala-art-wooden-coasters-set-of-6-05-2026-004-1-5_1.jpg,300,mandala art,1190,990.039,0.832
2021-645-2-6-handcrafted-seashell-coasters-set-of-6_1.jpg,370,handmade,1590,764.08,0.481
2023-630-1-3-handmade-water-hyacinth-coasters-from-assam-set-of-6_1.jpg,360,assam water hyacinth craft,1290,1014.038,0.786
2021-1383-1-20-set-of-4-sanganeri-hand-block-print-cotton-table-napkin-17-x-17-in_1.jpg,325,sanganeri block printing,890,581.284,0.653
pintuck-plain-table-napkin-set-of-4-02-2025-1223-1-2_1.jpg,351,pintuck,790,593.658,0.751
2024-413-1-34-floral-printed-handcrafted-basket-valet-tray-6-x-6-in-34_1.jpg,373,digital printing,950,2125.739,2.238
handcrafted-fabric-valet-tray-9-x-7-in-05-2025-950-11-5_1.jpg,342,handmade,550,635.8,1.156
2024-413-1-35-floral-printed-handcrafted-basket-valet-tray-6-x-6-in-35_1.jpg,373,digital printing,950,2443.767,2.572
traditional-pattachitra-hand-painted-akashmoni-wooden-tray-11-x-8-in-37-2025-1118-1-37_1.jpg,326,pattachitra folk art,2490,1948.015,0.782
2023-268-1-17-handmade-lacquered-wooden-honey-serving-spoon_1.jpg,306,lacquer craft,490,642.812,1.312
2024-711-1-4-handcrafted-jacquard-table-mat-with-pocket-04_1.jpg,374,jacquard weaving,450,655.043,1.456
2023-268-1-24-handmade-lacquered-wooden-honey-serving-spoon_1.jpg,306,lacquer craft,490,612.464,1.25
2023-268-1-56-handmade-lacquered-wooden-honey-serving-spoon_1.jpg,306,lacquer craft,490,656.566,1.34
traditional-pattachitra-hand-painted-akashmoni-wooden-tray-15-x-7-in-32-2025-1118-1-32_1.jpg,326,pattachitra folk art,2690,1995.678,0.742
handcrafted-fabric-valet-tray-9-x-7-in-04-2025-950-11-4_1.jpg,342,handmade,550,672.959,1.224
2023-1293-1-39-set-of-4-bagru-block-printed-cotton-table-napkins-18-x-18-in_1.jpg,341,bagru block printing,890,860.382,0.967
2023-268-1-25-handmade-lacquered-wooden-honey-serving-spoon_1.jpg,306,lacquer craft,490,621.554,1.268
2023-958-1-12-phulkari-hand-embroidery-laminated-coasters-set-of-6_1.jpg,363,phulkari,1990,1403.319,0.705
2024-353-1-8-set-of-4-pintuck-plain-cotton-table-napkins-18-x-18-in-08_1.jpg,351,pintuck,790,761.289,0.964
2021-1383-1-66-set-of-4-ajrakh-hand-block-print-cotton-table-napkin-17-x-17-in_1.jpg,325,ajrakh block printing,890,1188.325,1.335
2023-268-1-71-handmade-lacquered-wooden-honey-serving-spoon_1.jpg,306,lacquer craft,490,624.535,1.275
2022-963-1-55-original-blue-pottery-ceramic-serving-plate-9-x-9-in_1.jpg,383,blue art pottery,1690,1199.372,0.71
2023-268-1-49-handmade-lacquered-wooden-honey-serving-spoon_1.jpg,306,lacquer craft,490,666.089,1.359
2022-638-1-23-ceramic-dinner-plate-set-of-2_1.jpg,307,pottery,2190,1180.569,0.539
mandala-art-handpainted-wooden-coasters-set-of-6-06-2025-1854-1-6_1.jpg,300,mandala art,1190,833.434,0.7
446970-9-handmade-papier-mache-coasters-set-of-6_1.jpg,82,bengal papier mache craft,990,801.134,0.809
2021-1383-1-74-set-of-4-ajrakh-hand-block-print-cotton-table-napkin-17-x-17-in_1.jpg,325,ajrakh block printing,890,1298.769,1.459
floral-block-print-cotton-hand-embroidery-table-napkin-02-2024-953-1-2_1.jpg,385,sanganeri block printing,290,365.439,1.26
running-stitch-table-napkin-set-of-4-06-2025-924-1-6_1.jpg,389,running stitch,790,443.449,0.561
2023-268-1-73-handmade-lacquered-wooden-honey-serving-spoon_1.jpg,306,lacquer craft,490,665.564,1.358
560182-4-handmade-papier-mache-metal-coated-coasters-set-of-6_1.jpg,349,other,990,936.25,0.946
traditional-pattachitra-hand-painted-akashmoni-wooden-tray-11-x-6-in-21-2025-1118-1-21_1.jpg,326,pattachitra folk art,1850,2769.752,1.497
2024-413-1-33-floral-printed-handcrafted-basket-valet-tray-6-x-6-in-33_1.jpg,373,digital printing,950,2334.49,2.457
2023-268-1-53-handmade-lacquered-wooden-honey-serving-spoon_1.jpg,306,lacquer craft,490,668.273,1.364
mandala-art-handpainted-wooden-coasters-set-of-6-20-2025-1854-1-20_1.jpg,300,mandala art,1190,928.392,0.78
floral-block-print-cotton-hand-embroidery-table-napkin-07-2024-1084-1-7_1.jpg,398,sanganeri block printing,290,316.769,1.092
running-stitch-table-napkin-set-of-4-09-2025-924-1-10_1.jpg,389,running stitch,790,438.385,0.555
2022-638-1-24-ceramic-dinner-plate-set-of-2_1.jpg,307,pottery,2190,1076.8,0.492
2024-353-1-12-set-of-4-pintuck-plain-cotton-table-napkins-18-x-18-in-12_1.jpg,351,pintuck,790,833.486,1.055
2024-711-1-10-handcrafted-jacquard-table-mat-with-pocket-10_1.jpg,374,jacquard weaving,450,675.228,1.501
2023-630-1-8-handmade-water-hyacinth-coasters-from-assam-set-of-6_1.jpg,360,assam water hyacinth craft,1290,969.0,0.751
2023-1512-1-22-handmade-water-hyacinth-coasters-from-assam-set-of-6_1.jpg,360,assam water hyacinth craft,1290,750.709,0.582
2023-268-1-23-handmade-lacquered-wooden-honey-serving-spoon_1.jpg,306,lacquer craft,490,624.182,1.274
2024-711-1-6-handcrafted-jacquard-table-mat-with-pocket-06_1.jpg,374,jacquard weaving,450,658.817,1.464
2022-1184-1-5-handmade-water-hyacinth-table-mat-from-assam_1.jpg,360,assam water hyacinth craft,650,1076.273,1.656
2023-1293-1-37-set-of-4-bagru-block-printed-cotton-table-napkins-18-x-18-in_1.jpg,341,bagru block printing,890,737.794,0.829
khambadiya-patchwork-table-mat-12-x-18-in-12-2025-1128-3-12_1.jpg,358,khambadiya patchwork,390,1294.05,3.318
2022-1184-1-6-handmade-water-hyacinth-table-mat-from-assam_1.jpg,360,assam water hyacinth craft,650,1031.321,1.587
handpainted-mandala-art-wooden-coasters-set-of-6-12-2026-004-1-12_1.jpg,300,mandala art,1190,1047.09,0.88
traditional-pattachitra-hand-painted-akashmoni-wooden-tray-15-x-7-in-26-2025-1118-1-26_1.jpg,326,pattachitra folk art,2690,2062.449,0.767
handpainted-mandala-art-wooden-coasters-set-of-6-18-2026-004-1-18_1.jpg,300,mandala art,1190,1119.003,0.94
floral-block-print-cotton-hand-embroidery-table-napkin-03-2024-953-1-3_1.jpg,385,sanganeri block printing,290,309.667,1.068
traditional-pattachitra-hand-painted-akashmoni-wooden-tray-15-x-7-in-30-2025-1118-1-30_1.jpg,326,pattachitra folk art,2690,2080.817,0.774
traditional-pattachitra-hand-painted-akashmoni-wooden-tray-11-x-8-in-34-2025-1118-1-34_1.jpg,326,pattachitra folk art,2490,2108.422,0.847
mandala-art-handpainted-wooden-coasters-set-of-6-15-2025-1854-1-15_1.jpg,300,mandala art,1190,970.105,0.815
2022-1184-1-8-handmade-water-hyacinth-table-mat-from-assam_1.jpg,360,assam water hyacinth craft,650,1028.153,1.582
jacquard-cotton-table-mat-with-pocket-11-2024-1527-1-11_1.jpg,339,jacquard weaving,450,587.355,1.305
jacquard-cotton-table-mat-with-pocket-01-2024-1527-1-1_1.jpg,339,jacquard weaving,450,580.905,1.291
traditional-pattachitra-hand-painted-akashmoni-wooden-tray-7-x-6-in-14-2025-1118-1-14_1.jpg,326,pattachitra folk art,1650,1785.786,1.082
2021-1096-1-3-set-of-4-handmade-cotton-fabric-table-napkins_1.jpg,325,sanganeri block printing,890,713.546,0.802
traditional-pattachitra-hand-painted-akashmoni-wooden-tray-13-x-8-in-25-2025-1118-1-25_1.jpg,326,pattachitra folk art,2690,1957.678,0.728
2023-630-1-2-handmade-water-hyacinth-coasters-from-assam-set-of-6_1.jpg,360,assam water hyacinth craft,1290,924.186,0.716
mandala-art-handpainted-wooden-coasters-set-of-6-04-2025-1854-1-4_1.jpg,300,mandala art,1190,947.95,0.797
2023-268-1-21-handmade-lacquered-wooden-honey-serving-spoon_1.jpg,306,lacquer craft,490,612.751,1.251
544435-23-ceramic-dip-bowls-set-of-2_1.jpg,409,pottery,450,787.243,1.749
2020-576-1-35-handmade-bamboo-fruit-basket-set-of-2-black_1.jpg,333,bamboo craft,3690,1425.887,0.386
2020-576-1-38-handmade-bamboo-fruit-basket-with-lid-black_1.jpg,333,bamboo craft,2490,1299.652,0.522
2024-353-1-18-set-of-4-pintuck-plain-cotton-table-napkins-18-x-18-in-18_1.jpg,351,pintuck,790,800.424,1.013
2023-268-1-57-handmade-lacquered-wooden-honey-serving-spoon_1.jpg,306,lacquer craft,490,674.151,1.376
jacquard-cotton-table-mat-with-pocket-04-2024-1527-1-4_1.jpg,339,jacquard weaving,450,585.664,1.301
2023-268-1-35-handmade-lacquered-wooden-honey-serving-spoon_1.jpg,306,lacquer craft,490,607.858,1.241
2022-638-1-58-black-matt-serving-kadhai-platter-with-green-dip-bowl_1.jpg,412,pottery,540,869.549,1.61
handcrafted-fabric-valet-tray-12-x-10-in-34-2025-950-11-34_1.jpg,342,handmade,890,892.735,1.003
2024-711-1-2-handcrafted-jacquard-table-mat-with-pocket-02_1.jpg,374,jacquard weaving,450,678.609,1.508
560182-17-handmade-papier-mache-metal-coated-coasters-set-of-6_1.jpg,349,other,990,939.735,0.949
2023-268-1-68-handmade-lacquered-wooden-honey-serving-spoon_1.jpg,306,lacquer craft,490,689.872,1.408
2022-757-1-2-handcrafted-seashell-square-coasters-set-of-6_1.jpg,370,seashell craft,1950,706.346,0.362
519699-5-block-printed-patchwork-cotton-table-runner-61-x-14-in_1.jpg,337,patchwork,850,1854.353,2.182
handcrafted-fabric-valet-tray-12-x-10-in-25-2025-950-11-25_1.jpg,342,handmade,890,911.338,1.024
mandala-art-handpainted-wooden-coasters-set-of-6-19-2025-1854-1-19_1.jpg,300,mandala art,1190,998.926,0.839
2023-1198-1-36-set-of-4-bagru-block-printed-cotton-table-napkins-18-x-18-in_1.jpg,341,bagru block printing,890,874.925,0.983
519699-1-block-printed-patchwork-cotton-table-runner_1.jpg,337,patchwork,850,1658.818,1.952
2022-1184-1-1-handmade-water-hyacinth-table-mat-from-assam_1.jpg,360,assam water hyacinth craft,650,955.031,1.469
mandala-art-handpainted-wooden-coasters-set-of-6-10-2025-1854-1-10_1.jpg,300,mandala art,1190,965.41,0.811
2024-711-1-9-handcrafted-jacquard-table-mat-with-pocket-09_1.jpg,374,jacquard weaving,450,669.407,1.488
2020-576-1-27-handmade-bamboo-square-tray-small-orange_1.jpg,333,bamboo craft,1890,1578.116,0.835
handcrafted-fabric-valet-tray-12-x-10-in-31-2025-950-11-31_1.jpg,342,handmade,890,840.697,0.945
2024-353-1-15-set-of-4-pintuck-plain-cotton-table-napkins-18-x-18-in-15_1.jpg,351,pintuck,790,727.172,0.92
ikat-cotton-table-mat-with-pocket-15-2024-1527-1-15_1.jpg,339,pochampally ikat weaving,450,799.228,1.776
handcrafted-fabric-valet-tray-12-x-10-in-27-2025-950-11-27_1.jpg,342,handmade,890,920.176,1.034
2023-268-1-41-handmade-lacquered-wooden-honey-serving-spoon_1.jpg,306,lacquer craft,490,625.035,1.276
2023-268-1-85-handmade-lacquered-wooden-honey-serving-spoon_1.jpg,306,lacquer craft,490,658.021,1.343
traditional-pattachitra-hand-painted-akashmoni-wooden-tray-7-x-7-in-01-2025-1118-1-1_1.jpg,326,pattachitra folk art,1650,1987.43,1.205
2023-390-2-47-jute-cotton-hand-braided-table-mat-19-x-24-in_1.jpg,416,jute weaving,490,855.381,1.746
493760-5-handmade-cotton-fabric-table-napkins-18-x-18-in_1.jpg,325,sanganeri block printing,890,918.789,1.032
2020-576-1-26-handmade-bamboo-square-tray-small-olive_1.jpg,333,bamboo craft,2290,1549.603,0.677
2022-638-1-22-handpainted-ceramic-chip-n-dip-platter-with-2-fixed-dip-bowl_1.jpg,412,pottery,1190,1791.359,1.505
2023-268-1-30-handmade-lacquered-wooden-honey-serving-spoon_1.jpg,306,lacquer craft,490,594.347,1.213
traditional-pattachitra-hand-painted-akashmoni-wooden-tray-15-x-7-in-27-2025-1118-1-27_1.jpg,326,pattachitra folk art,2690,1970.996,0.733
2023-268-1-50-handmade-lacquered-wooden-honey-serving-spoon_1.jpg,306,lacquer craft,490,663.217,1.354
handcrafted-fabric-valet-tray-11-x-9-in-13-2025-950-11-13_1.jpg,342,handmade,890,818.866,0.92
jacquard-cotton-table-mat-with-pocket-08-2024-1527-1-8_1.jpg,339,jacquard weaving,450,603.731,1.342
running-stitch-table-napkin-set-of-4-01-2025-924-1-1_1.jpg,389,running stitch,790,480.667,0.608
handpainted-mandala-art-wooden-coasters-set-of-6-07-2026-004-1-7_1.jpg,300,mandala art,1190,1046.617,0.88
khambadiya-patchwork-beadwork-table-runner-60-x-16-in-08-2025-1128-3-8_1.jpg,420,khambadiya patchwork,1190,1715.673,1.442
khambadiya-patchwork-table-mat-12-x-18-in-13-2025-1128-3-13_1.jpg,358,khambadiya patchwork,390,1300.588,3.335
2023-1293-1-22-set-of-4-bagru-block-printed-cotton-table-napkins-18-x-18-in_1.jpg,341,bagru block printing,890,982.791,1.104
2023-268-1-13-handmade-lacquered-wooden-honey-serving-spoon_1.jpg,306,lacquer craft,490,667.409,1.362
pintuck-plain-table-napkin-set-of-4-07-2025-1223-1-7_1.jpg,351,pintuck,790,687.501,0.87
traditional-pattachitra-hand-painted-akashmoni-wooden-tray-7-x-7-in-03-2025-1118-1-3_1.jpg,326,pattachitra folk art,1650,1961.532,1.189
2023-268-1-55-handmade-lacquered-wooden-honey-serving-spoon_1.jpg,306,lacquer craft,490,675.836,1.379
2020-576-1-11-handmade-bamboo-cereal-tray-set-of-3-red_1.jpg,333,bamboo craft,6490,2306.565,0.355
560182-1-handmade-papier-mache-metal-coated-coasters-set-of-6_1.jpg,349,other,990,967.878,0.978
handmade-cotton-table-runner-05-2025-230-1-5_1.jpg,425,batik block printing,790,1117.438,1.414
2021-1383-1-27-set-of-4-sanganeri-hand-block-print-cotton-table-napkin-17-x-17-in_1.jpg,325,sanganeri block printing,890,617.684,0.694
2023-1512-1-20-handmade-water-hyacinth-coasters-from-assam-set-of-6_1.jpg,360,assam water hyacinth craft,1290,668.339,0.518
519699-10-block-printed-patchwork-cotton-table-runner-61-x-14-in_1.jpg,337,patchwork,850,1617.298,1.903
pintuck-plain-table-napkin-set-of-4-06-2025-1223-1-6_1.jpg,351,pintuck,790,618.072,0.782
floral-block-print-cotton-hand-embroidery-table-napkin-10-2024-953-1-10_1.jpg,385,sanganeri block printing,290,383.924,1.324
jacquard-cotton-table-mat-with-pocket-10-2024-1527-1-10_1.jpg,339,jacquard weaving,450,601.519,1.337
562974-29-handcrafted-sheesham-wooden-dry-fruit-tray-11-x-3-in_1.jpg,429,wood carving,1190,687.375,0.578
2023-464-1-19-handcrafted-mango-wooden-bowl-3-x-3-in_1.jpg,328,wood carving,650,511.31,0.787
2022-963-1-2-original-blue-pottery-ceramic-triangular-tray-5-x-7-in_1.jpg,383,blue art pottery,1190,910.393,0.765
khambadiya-patchwork-table-mat-12-x-18-in-15-2025-1128-3-15_1.jpg,358,khambadiya patchwork,390,1377.411,3.532
jacquard-cotton-table-mat-with-pocket-14-2024-1527-1-14_1.jpg,339,jacquard weaving,450,609.915,1.355
2023-268-1-58-handmade-lacquered-wooden-honey-serving-spoon_1.jpg,306,lacquer craft,490,653.344,1.333
2023-268-1-16-handmade-lacquered-wooden-honey-serving-spoon_1.jpg,306,lacquer craft,490,601.29,1.227
2024-711-1-5-handcrafted-jacquard-table-mat-with-pocket-05_1.jpg,374,jacquard weaving,450,661.914,1.471
2023-630-1-4-handmade-water-hyacinth-coasters-from-assam-set-of-6_1.jpg,360,assam water hyacinth craft,1290,937.789,0.727
2024-711-1-8-handcrafted-ikat-table-mat-with-pocket-08_1.jpg,374,pochampally ikat weaving,450,845.215,1.878
2022-638-1-9-ceramic-hand-glazed-plate-navy-blue-set-of-4_1.jpg,307,pottery,2190,1247.034,0.569
pintuck-plain-table-napkin-set-of-4-08-2025-1223-1-8_1.jpg,351,pintuck,790,642.228,0.813
running-stitch-table-napkin-set-of-4-07-2025-924-1-7_1.jpg,389,running stitch,790,468.907,0.594
2022-1184-1-4-handmade-water-hyacinth-table-mat-from-assam_1.jpg,360,assam water hyacinth craft,650,967.008,1.488
2023-268-1-27-handmade-lacquered-wooden-honey-serving-spoon_1.jpg,306,lacquer craft,490,590.072,1.204
560182-15-handmade-papier-mache-metal-coated-coasters-set-of-6_1.jpg,349,other,990,895.65,0.905
handcrafted-fabric-valet-tray-9-x-7-in-12-2025-950-11-12_1.jpg,342,handmade,650,712.222,1.096
handmade-cotton-table-runner-02-2025-230-1-2_1.jpg,425,batik block printing,790,1088.533,1.378
2022-1184-1-12-handmade-water-hyacinth-table-mat-from-assam_1.jpg,360,assam water hyacinth craft,650,918.64,1.413
2024-353-1-23-set-of-4-pintuck-plain-cotton-table-napkins-18-x-18-in-23_1.jpg,351,pintuck,790,731.3,0.926
2023-268-1-33-handmade-lacquered-wooden-honey-serving-spoon_1.jpg,306,lacquer craft,490,623.749,1.273
2021-1383-1-18-set-of-4-sanganeri-hand-block-print-cotton-table-napkin-17-x-17-in_1.jpg,325,sanganeri block printing,890,1373.803,1.544
2023-268-1-59-handmade-lacquered-wooden-honey-serving-spoon_1.jpg,306,lacquer craft,490,620.972,1.267
2024-353-1-24-set-of-4-pintuck-plain-cotton-table-napkins-18-x-18-in-24_1.jpg,351,pintuck,790,800.778,1.014
2023-268-1-45-handmade-lacquered-wooden-honey-serving-spoon_1.jpg,306,lacquer craft,490,573.706,1.171
519699-11-block-printed-patchwork-cotton-table-runner-61-x-14-in_1.jpg,337,patchwork,850,1706.62,2.008
traditional-pattachitra-hand-painted-akashmoni-wooden-tray-10-x-5-in-22-2025-1118-1-22_1.jpg,326,pattachitra folk art,1850,1820.78,0.984
handpainted-mandala-art-wooden-coasters-set-of-6-16-2026-004-1-16_1.jpg,300,mandala art,1190,1127.968,0.948
floral-block-print-cotton-hand-embroidery-table-napkin-04-2024-953-1-4_1.jpg,385,sanganeri block printing,290,341.937,1.179
handpainted-mandala-art-wooden-coasters-set-of-6-03-2026-004-1-3_1.jpg,300,mandala art,1190,1102.967,0.927
2021-1383-1-19-set-of-4-sanganeri-hand-block-print-cotton-table-napkin-17-x-17-in_1.jpg,325,sanganeri block printing,890,570.827,0.641
floral-block-print-cotton-hand-embroidery-table-napkin-04-2024-1084-1-4_1.jpg,398,sanganeri block printing,290,298.595,1.03
kashmir-enamelware-floral-handpainted-stainless-steel-breakfast-bowl-01-2025-1104-1-1_1.jpg,437,kashmir enamel work,1290,1496.198,1.16
mandala-art-handpainted-wooden-coasters-set-of-6-07-2025-1854-1-7_1.jpg,300,mandala art,1190,876.117,0.736
ikat-cotton-table-mat-with-pocket-05-2024-1527-1-5_1.jpg,339,pochampally ikat weaving,450,758.201,1.685
handpainted-mandala-art-wooden-coasters-set-of-6-08-2026-004-1-8_1.jpg,300,mandala art,1190,983.515,0.826
handcrafted-fabric-valet-tray-12-x-10-in-28-2025-950-11-28_1.jpg,342,handmade,890,841.631,0.946
handcrafted-fabric-valet-tray-12-x-10-in-23-2025-950-11-23_1.jpg,342,handmade,890,835.323,0.939
2021-1383-1-73-set-of-4-ajrakh-hand-block-print-cotton-table-napkin-17-x-17-in_1.jpg,325,ajrakh block printing,890,1084.182,1.218
2023-268-1-65-handmade-lacquered-wooden-honey-serving-spoon_1.jpg,306,lacquer craft,490,614.179,1.253
519699-3-block-printed-patchwork-cotton-table-runner-61-x-14-in_1.jpg,337,patchwork,850,1766.395,2.078
560182-6-handmade-papier-mache-metal-coated-coasters-set-of-6_1.jpg,349,other,990,1061.114,1.072
traditional-pattachitra-hand-painted-akashmoni-wooden-tray-11-x-8-in-38-2025-1118-1-38_1.jpg,326,pattachitra folk art,2490,2001.969,0.804
2023-268-1-29-handmade-lacquered-wooden-honey-serving-spoon_1.jpg,306,lacquer craft,490,664.145,1.355
560182-12-handmade-papier-mache-metal-coated-coasters-set-of-6_1.jpg,349,other,990,908.653,0.918
floral-block-print-cotton-hand-embroidery-table-napkin-02-2024-1084-1-2_1.jpg,398,sanganeri block printing,290,327.799,1.13
2023-630-1-5-handmade-water-hyacinth-coasters-from-assam-set-of-6_1.jpg,360,assam water hyacinth craft,1290,875.597,0.679
kashmir-enamelware-floral-handpainted-stainless-steel-breakfast-bowl-04-2025-1104-1-4_1.jpg,437,kashmir enamel work,1290,1491.247,1.156
2021-1096-1-7-set-of-4-handmade-cotton-fabric-table-napkins_1.jpg,325,sanganeri block printing,890,842.214,0.946
mandala-art-handpainted-wooden-coasters-set-of-6-18-2025-1854-1-18_1.jpg,300,mandala art,1190,969.08,0.814
2024-353-1-3-set-of-4-pintuck-plain-cotton-table-napkins-18-x-18-in-03_1.jpg,351,pintuck,790,826.063,1.046
2022-735-1-1-handcrafted-mango-wooden-epoxy-resin-work-bowl-4-x-4-in_1.jpg,328,wood carving,950,701.256,0.738
running-stitch-table-napkin-set-of-4-05-2025-924-1-5_1.jpg,389,running stitch,790,413.164,0.523
floral-block-print-cotton-hand-embroidery-table-napkin-08-2024-953-1-8_1.jpg,385,sanganeri block printing,290,341.337,1.177
493760-4-handmade-cotton-fabric-table-napkins-18-x-18-in_1.jpg,325,sanganeri block printing,890,1120.415,1.259
2021-1096-1-5-set-of-4-handmade-cotton-fabric-table-napkins_1.jpg,325,sanganeri block printing,890,706.162,0.793
handcrafted-fabric-valet-tray-9-x-7-in-08-2025-950-11-8_1.jpg,342,handmade,550,589.73,1.072
2022-735-1-11-handcrafted-mango-wooden-square-bowl-6-x-6-in_1.jpg,442,wood carving,1590,672.227,0.423
traditional-pattachitra-hand-painted-akashmoni-wooden-tray-15-x-7-in-29-2025-1118-1-29_1.jpg,326,pattachitra folk art,2690,1996.697,0.742
2023-268-1-64-handmade-lacquered-wooden-honey-serving-spoon_1.jpg,306,lacquer craft,490,613.753,1.253
544435-24-ceramic-dip-bowls-set-of-2_1.jpg,409,pottery,450,853.844,1.897
handcrafted-fabric-valet-tray-9-x-7-in-01-2025-950-11-1_1.jpg,342,handmade,550,673.273,1.224
2023-630-1-7-handmade-water-hyacinth-coasters-from-assam-set-of-6_1.jpg,360,assam water hyacinth craft,1290,925.618,0.718
floral-block-print-cotton-hand-embroidery-table-napkin-09-2024-1187-1-9_1.jpg,398,sanganeri block printing,290,338.384,1.167
560182-5-handmade-papier-mache-metal-coated-coasters-set-of-6_1.jpg,349,other,990,1017.927,1.028
2023-268-1-12-handmade-lacquered-wooden-honey-serving-spoon_1.jpg,306,lacquer craft,490,673.863,1.375
2023-268-1-22-handmade-lacquered-wooden-honey-serving-spoon_1.jpg,306,lacquer craft,490,606.652,1.238
2020-576-1-21-handmade-bamboo-square-tray-set-of-3-black_1.jpg,333,bamboo craft,4490,2286.697,0.509
2024-353-1-25-set-of-4-pintuck-plain-cotton-table-napkins-18-x-18-in-25_1.jpg,351,pintuck,790,764.784,0.968
2024-711-1-7-handcrafted-jacquard-table-mat-with-pocket-07_1.jpg,374,jacquard weaving,450,718.935,1.598
mandala-art-handpainted-wooden-coasters-set-of-6-01-2025-1854-1-1_1.jpg,300,mandala art,1190,1036.946,0.871
kashmir-enamelware-floral-handpainted-stainless-steel-breakfast-bowl-05-2025-1104-1-5_1.jpg,437,kashmir enamel work,1290,1469.96,1.14
floral-block-print-cotton-hand-embroidery-table-napkin-04-2024-1187-1-4_1.jpg,398,sanganeri block printing,290,312.275,1.077
2024-711-1-3-handcrafted-jacquard-table-mat-with-pocket-03_1.jpg,374,jacquard weaving,450,739.433,1.643
2023-1293-1-27-set-of-4-bagru-block-printed-cotton-table-napkins-18-x-18-in_1.jpg,341,bagru block printing,890,918.023,1.031
560182-2-handmade-papier-mache-metal-coated-coasters-set-of-6_1.jpg,349,other,990,997.247,1.007
mandala-art-handpainted-wooden-coasters-set-of-6-13-2025-1854-1-13_1.jpg,300,mandala art,1190,977.521,0.821
pintuck-plain-table-napkin-set-of-4-09-2025-1223-1-9_1.jpg,351,pintuck,790,617.054,0.781
2022-1184-1-2-handmade-water-hyacinth-table-mat-from-assam_1.jpg,360,assam water hyacinth craft,650,930.893,1.432
khambadiya-patchwork-table-mat-12-x-18-in-14-2025-1128-3-14_1.jpg,358,khambadiya patchwork,390,1140.952,2.926
handcrafted-fabric-valet-tray-12-x-10-in-35-2025-950-11-35_1.jpg,342,handmade,890,941.56,1.058
2023-268-1-40-handmade-lacquered-wooden-honey-serving-spoon_1.jpg,306,lacquer craft,490,627.151,1.28
handpainted-mandala-art-wooden-coasters-set-of-6-19-2026-004-1-19_1.jpg,300,mandala art,1190,1122.173,0.943
mandala-art-handpainted-wooden-coasters-set-of-6-17-2025-1854-1-17_1.jpg,300,mandala art,1190,911.494,0.766
2024-353-1-22-set-of-4-pintuck-plain-cotton-table-napkins-18-x-18-in-22_1.jpg,351,pintuck,790,751.31,0.951
2023-268-1-28-handmade-lacquered-wooden-honey-serving-spoon_1.jpg,306,lacquer craft,490,612.17,1.249
jacquard-cotton-table-mat-with-pocket-02-2024-1527-1-2_1.jpg,339,jacquard weaving,450,585.949,1.302
560182-8-handmade-papier-mache-metal-coated-coasters-set-of-6_1.jpg,349,other,990,987.885,0.998
2023-268-1-36-handmade-lacquered-wooden-honey-serving-spoon_1.jpg,306,lacquer craft,490,644.065,1.314
mandala-art-handpainted-wooden-coasters-set-of-6-05-2025-1854-1-5_1.jpg,300,mandala art,1190,944.613,0.794
2023-268-1-19-handmade-lacquered-wooden-honey-serving-spoon_1.jpg,306,lacquer craft,490,612.621,1.25
2020-795-1-47-sukriti-handmade-block-printed-fabric-tissue-box_1.jpg,448,hand block printing,1590,1545.026,0.972
446970-8-handmade-papier-mache-coasters-set-of-6_1.jpg,82,bengal papier mache craft,990,815.769,0.824
handpainted-mandala-art-wooden-coasters-set-of-6-06-2026-004-1-6_1.jpg,300,mandala art,1190,1062.64,0.893
handcrafted-fabric-valet-tray-11-x-9-in-17-2025-950-11-17_1.jpg,342,handmade,890,785.74,0.883
2023-268-1-75-handmade-lacquered-wooden-honey-serving-spoon_1.jpg,306,lacquer craft,490,634.535,1.295
2020-576-1-49-handmade-sabai-grass-bread-basket-set-of-2-beige_1.jpg,355,other,3100,1671.317,0.539
mandala-art-handpainted-wooden-coasters-set-of-6-11-2025-1854-1-11_1.jpg,300,mandala art,1190,904.778,0.76
traditional-pattachitra-hand-painted-akashmoni-wooden-tray-11-x-8-in-42-2025-1118-1-42_1.jpg,326,pattachitra folk art,2490,2104.748,0.845
handpainted-mandala-art-wooden-coasters-set-of-6-10-2026-004-1-10_1.jpg,300,mandala art,1190,1000.274,0.841
446970-11-handmade-papier-mache-coasters-set-of-6_1.jpg,82,bengal papier mache craft,990,1008.249,1.018
handcrafted-fabric-valet-tray-12-x-10-in-24-2025-950-11-24_1.jpg,342,handmade,890,896.991,1.008
handmade-cotton-table-runner-17-2025-230-1-17_1.jpg,425,pochampally ikat weaving,790,1041.872,1.319
2023-268-1-15-handmade-lacquered-wooden-honey-serving-spoon_1.jpg,306,lacquer craft,490,635.791,1.298
handcrafted-fabric-valet-tray-11-x-9-in-20-2025-950-11-20_1.jpg,342,handmade,890,786.957,0.884
2023-268-1-78-handmade-lacquered-wooden-honey-serving-spoon_1.jpg,306,lacquer craft,490,691.833,1.412
2022-1184-1-3-handmade-water-hyacinth-table-mat-from-assam_1.jpg,360,assam water hyacinth craft,650,1077.846,1.658
handmade-cotton-table-runner-01-2025-230-1-1_1.jpg,425,jaipur printing,790,1068.65,1.353
2022-757-1-1-handcrafted-seashell-round-coasters-set-of-6_1.jpg,370,seashell craft,1590,810.923,0.51
446970-5-handmade-papier-mache-coasters-set-of-6_1.jpg,82,bengal papier mache craft,990,945.324,0.955
2023-268-1-48-handmade-lacquered-wooden-honey-serving-spoon_1.jpg,306,lacquer craft,490,611.472,1.248
running-stitch-table-napkin-set-of-4-02-2025-924-1-2_1.jpg,389,running stitch,790,478.602,0.606
handcrafted-fabric-valet-tray-12-x-10-in-38-2025-950-11-38_1.jpg,342,handmade,890,857.254,0.963
493760-2-handmade-cotton-fabric-table-napkins-18-x-18-in_1.jpg,325,sanganeri block printing,890,894.858,1.005
493760-8-hand-block-printed-cotton-table-napkin_1.jpg,325,hand block printing,890,815.08,0.916
mandala-art-handpainted-wooden-coasters-set-of-6-12-2025-1854-1-12_1.jpg,300,mandala art,1190,943.225,0.793
2021-1383-1-84-set-of-4-ajrakh-hand-block-print-cotton-table-napkin-17-x-17-in_1.jpg,325,ajrakh block printing,890,1209.39,1.359
2023-958-1-7-phulkari-hand-embroidery-laminated-coasters-set-of-6_1.jpg,363,phulkari,1990,1401.666,0.704
2021-1383-1-77-set-of-4-ajrakh-hand-block-print-cotton-table-napkin-17-x-17-in_1.jpg,325,ajrakh block printing,890,1138.424,1.279
2024-353-1-4-set-of-4-pintuck-plain-cotton-table-napkins-18-x-18-in-04_1.jpg,351,pintuck,790,846.427,1.071
2023-268-1-60-handmade-lacquered-wooden-honey-serving-spoon_1.jpg,306,lacquer craft,490,612.85,1.251
handpainted-mandala-art-wooden-coasters-set-of-6-02-2026-004-1-2_1.jpg,300,mandala art,1190,979.759,0.823
503733-1-mashru-silk-fabric-handmade-tissue-box_1.jpg,448,mashru weaving,890,1247.878,1.402
traditional-pattachitra-hand-painted-akashmoni-wooden-tray-11-x-8-in-44-2025-1118-1-44_1.jpg,326,pattachitra folk art,2490,2055.242,0.825
handpainted-mandala-art-wooden-coasters-set-of-6-15-2026-004-1-15_1.jpg,300,mandala art,1190,1010.182,0.849
traditional-pattachitra-hand-painted-akashmoni-wooden-tray-7-x-7-in-17-2025-1118-1-17_1.jpg,326,pattachitra folk art,1650,2023.703,1.226
handcrafted-fabric-valet-tray-11-x-9-in-14-2025-950-11-14_1.jpg,342,handmade,890,844.917,0.949
running-stitch-table-napkin-set-of-4-03-2025-924-1-3_1.jpg,389,running stitch,790,455.036,0.576
handcrafted-fabric-valet-tray-12-x-10-in-37-2025-950-11-37_1.jpg,342,handmade,890,886.21,0.996
handpainted-mandala-art-wooden-coasters-set-of-6-17-2026-004-1-17_1.jpg,300,mandala art,1190,1027.802,0.864
handpainted-mandala-art-wooden-coasters-set-of-6-13-2026-004-1-13_1.jpg,300,mandala art,1190,1047.556,0.88
446970-7-handmade-papier-mache-coasters-set-of-6_1.jpg,82,bengal papier mache craft,990,853.887,0.863
handcrafted-fabric-valet-tray-12-x-10-in-22-2025-950-11-22_1.jpg,342,handmade,890,843.048,0.947
handpainted-mandala-art-wooden-coasters-set-of-6-14-2026-004-1-14_1.jpg,300,mandala art,1190,935.374,0.786
handcrafted-fabric-valet-tray-12-x-10-in-26-2025-950-11-26_1.jpg,342,handmade,890,924.566,1.039
traditional-pattachitra-hand-painted-akashmoni-wooden-tray-10-x-5-in-23-2025-1118-1-23_1.jpg,326,pattachitra folk art,1850,1659.474,0.897
traditional-pattachitra-hand-painted-akashmoni-wooden-tray-10-x-6-in-18-2025-1118-1-18_1.jpg,326,pattachitra folk art,1850,1810.399,0.979
2022-1184-1-10-handmade-water-hyacinth-table-mat-from-assam_1.jpg,360,assam water hyacinth craft,650,1060.74,1.632
2023-268-1-18-handmade-lacquered-wooden-honey-serving-spoon_1.jpg,306,lacquer craft,490,631.599,1.289
handpainted-mandala-art-wooden-coasters-set-of-6-11-2026-004-1-11_1.jpg,300,mandala art,1190,969.182,0.814
handcrafted-fabric-valet-tray-11-x-9-in-18-2025-950-11-18_1.jpg,342,handmade,890,816.098,0.917
2023-1512-1-19-handmade-water-hyacinth-coasters-from-assam-set-of-6_1.jpg,360,assam water hyacinth craft,1290,736.852,0.571
traditional-pattachitra-hand-painted-akashmoni-wooden-tray-7-x-7-in-04-2025-1118-1-4_1.jpg,326,pattachitra folk art,1650,2000.856,1.213
traditional-pattachitra-hand-painted-akashmoni-wooden-tray-7-x-7-in-05-2025-1118-1-5_1.jpg,326,pattachitra folk art,1650,1984.954,1.203
handcrafted-fabric-valet-tray-11-x-9-in-15-2025-950-11-15_1.jpg,342,handmade,690,766.194,1.11
2022-1184-1-7-handmade-water-hyacinth-table-mat-from-assam_1.jpg,360,assam water hyacinth craft,650,998.499,1.536
traditional-pattachitra-hand-painted-akashmoni-wooden-tray-15-x-7-in-28-2025-1118-1-28_1.jpg,326,pattachitra folk art,2690,1997.348,0.743
jacquard-cotton-table-mat-with-pocket-07-2024-1527-1-7_1.jpg,339,jacquard weaving,450,569.484,1.266
2021-1383-1-68-set-of-4-ajrakh-hand-block-print-cotton-table-napkin-17-x-17-in_1.jpg,325,ajrakh block printing,890,1294.808,1.455
2021-1383-1-81-set-of-4-ajrakh-hand-block-print-cotton-table-napkin-17-x-17-in_1.jpg,325,ajrakh block printing,890,1077.965,1.211
handpainted-mandala-art-wooden-coasters-set-of-6-01-2026-004-1-1_1.jpg,300,mandala art,1190,1002.719,0.843
2023-1293-1-26-set-of-4-bagru-block-printed-cotton-table-napkins-18-x-18-in_1.jpg,341,bagru block printing,890,971.561,1.092
handpainted-mandala-art-wooden-coasters-set-of-6-04-2026-004-1-4_1.jpg,300,mandala art,1190,1109.193,0.932
jacquard-cotton-table-mat-with-pocket-06-2024-1527-1-6_1.jpg,339,jacquard weaving,450,598.423,1.33
2022-1184-1-14-handmade-water-hyacinth-coasters-from-assam-set-of-6_1.jpg,360,assam water hyacinth craft,1290,931.86,0.722
floral-block-print-cotton-hand-embroidery-table-napkin-02-2024-1187-1-2_1.jpg,398,sanganeri block printing,290,336.379,1.16
traditional-pattachitra-hand-painted-akashmoni-wooden-tray-7-x-6-in-15-2025-1118-1-15_1.jpg,326,pattachitra folk art,1650,1667.636,1.011
floral-block-print-cotton-hand-embroidery-table-napkin-03-2024-1084-1-3_1.jpg,398,sanganeri block printing,290,294.624,1.016
2023-390-2-51-jute-cotton-hand-braided-table-mat-12-x-16-in_1.jpg,416,jute weaving,850,619.23,0.729
2023-390-2-49-jute-cotton-hand-braided-table-mat-19-x-24-in_1.jpg,416,jute weaving,490,861.097,1.757
2023-390-2-50-jute-cotton-hand-braided-table-mat-12-x-16-in_1.jpg,416,jute weaving,850,666.971,0.785
2023-630-1-11-handmade-water-hyacinth-coasters-from-assam-set-of-6_1.jpg,360,assam water hyacinth craft,1290,947.072,0.734
khambadiya-patchwork-beadwork-table-runner-60-x-16-in-10-2025-1128-3-10_1.jpg,420,khambadiya patchwork,1190,1596.143,1.341
2023-464-1-21-handcrafted-mango-wooden-bowl-3-x-3-in_1.jpg,328,wood carving,650,557.068,0.857
traditional-pattachitra-hand-painted-akashmoni-wooden-tray-13-x-8-in-24-2025-1118-1-24_1.jpg,326,pattachitra folk art,2690,1929.82,0.717
handcrafted-fabric-valet-tray-12-x-10-in-36-2025-950-11-36_1.jpg,342,handmade,890,877.349,0.986
2023-630-1-6-handmade-water-hyacinth-coasters-from-assam-set-of-6_1.jpg,360,assam water hyacinth craft,1290,961.17,0.745
traditional-pattachitra-hand-painted-akashmoni-wooden-tray-15-x-7-in-69-2025-1118-1-69_1.jpg,326,pattachitra folk art,2690,2101.136,0.781
2021-1096-1-15-set-of-4-handmade-cotton-fabric-table-napkins_1.jpg,325,sanganeri block printing,890,721.185,0.81
traditional-pattachitra-hand-painted-akashmoni-wooden-tray-11-x-8-in-41-2025-1118-1-41_1.jpg,326,pattachitra folk art,2490,2195.77,0.882
2021-1096-1-6-set-of-4-handmade-cotton-fabric-table-napkins_1.jpg,325,sanganeri block printing,890,644.298,0.724
handcrafted-fabric-valet-tray-9-x-7-in-10-2025-950-11-10_1.jpg,342,handmade,650,622.824,0.958
mandala-art-handpainted-wooden-coasters-set-of-6-09-2025-1854-1-9_1.jpg,300,mandala art,1190,906.746,0.762
traditional-pattachitra-hand-painted-akashmoni-wooden-tray-11-x-8-in-43-2025-1118-1-43_1.jpg,326,pattachitra folk art,2490,2208.004,0.887
2021-1096-1-10-set-of-4-handmade-cotton-fabric-table-napkins_1.jpg,325,sanganeri block printing,890,692.5,0.778
handpainted-mandala-art-wooden-coasters-set-of-6-09-2026-004-1-9_1.jpg,300,mandala art,1190,1011.86,0.85
2020-576-1-12-handmade-bamboo-cereal-tray-set-of-3-green_1.jpg,333,bamboo craft,6490,2289.609,0.353
handcrafted-fabric-valet-tray-11-x-9-in-16-2025-950-11-16_1.jpg,342,handmade,690,789.055,1.144
handcrafted-fabric-valet-tray-9-x-7-in-07-2025-950-11-7_1.jpg,342,handmade,550,691.344,1.257
sri-aurobindo-ashram-natural-incense-sticks-set-of-4-13-2026-328-1-13_1.jpg,466,handmade,170,816.062,4.8
sri-aurobindo-ashram-clay-diya-with-wax-set-of-3-05-2025-789-1-5_1.jpg,467,handmade,750,491.378,0.655
2024-876-1-5-original-blue-pottery-ceramic-diyas-set-of-4-05_1.jpg,471,blue art pottery,850,713.143,0.839
sri-aurobindo-ashram-natural-incense-sticks-set-of-10-01-2025-380-1-1_1.jpg,466,handmade,440,1356.016,3.082
2024-876-1-4-original-blue-pottery-ceramic-diyas-set-of-4-04_1.jpg,471,blue art pottery,850,684.156,0.805
2024-876-1-10-original-blue-pottery-ceramic-diyas-set-of-4-10_1.jpg,471,blue art pottery,850,631.979,0.744
sri-aurobindo-ashram-natural-incense-sticks-set-of-2-14-2025-1166-1-14_1.jpg,466,handmade,265,931.262,3.514
sri-aurobindo-ashram-clay-diya-with-wax-set-of-3-04-2025-789-1-4_1.jpg,467,handmade,750,483.86,0.645
myrrh-sri-aurobindo-ashram-natural-incense-sticks-50-gm-2025-380-1-10_1.jpg,466,handmade,160,669.511,4.184
ketaki-sri-aurobindo-ashram-natural-incense-sticks-50-gm-08-2025-380-1-8_1.jpg,466,handmade,150,706.224,4.708
2024-876-1-7-original-blue-pottery-ceramic-diyas-set-of-4-07_1.jpg,471,blue art pottery,850,758.282,0.892
2024-876-1-2-original-blue-pottery-ceramic-diyas-set-of-4-02_1.jpg,471,blue art pottery,850,696.734,0.82
sri-aurobindo-ashram-clay-diya-with-wax-set-of-3-03-2025-789-1-3_1.jpg,479,handmade,690,472.288,0.684
sri-aurobindo-ashram-clay-diya-with-wax-set-of-3-08-2025-789-1-8_1.jpg,479,handmade,650,502.921,0.774
mattipal-sri-aurobindo-ashram-natural-incense-sticks-50-gm-2025-380-1-2_1.jpg,466,handmade,210,717.374,3.416
sri-aurobindo-ashram-natural-incense-sticks-set-of-6-13-2025-1166-1-13_1.jpg,466,handmade,260,1022.935,3.934
amber-sri-aurobindo-ashram-natural-incense-sticks-50-gm-07-2025-380-1-7_1.jpg,466,handmade,180,693.821,3.855
sri-aurobindo-ashram-natural-incense-stick-box-set-of-3-14-2026-328-1-14_1.jpg,466,handmade,410,1061.976,2.59
sri-aurobindo-ashram-areca-leaf-basket-gift-set-assorted-06-2025-575-1-6_1.jpg,480,handmade,720,514.847,0.715
2024-876-1-9-original-blue-pottery-ceramic-diyas-set-of-4-09_1.jpg,471,blue art pottery,850,674.097,0.793
jasmine-sri-aurobindo-ashram-natural-incense-sticks-50-gm-2025-380-1-3_1.jpg,466,handmade,180,705.53,3.92
2024-876-1-14-original-blue-pottery-ceramic-diyas-set-of-4-14_1.jpg,471,blue art pottery,850,703.722,0.828
sri-aurobindo-ashram-clay-diya-with-wax-set-of-3-09-2025-789-1-9_1.jpg,479,handmade,650,516.985,0.795
rose-ketaki-sri-aurobindo-ashram-natural-incense-sticks-set-of-2-12-2026-328-1-12_1.jpg,466,handmade,150,885.506,5.903
sri-aurobindo-ashram-cylindrical-candle-gift-set-assorted-2025-575-1-11_1.jpg,487,handmade,590,455.738,0.772
miharu-tribal-dokra-brass-pendant-necklace-07-2026-185-1-7_1.jpg,495,dokra craft,2590,1880.468,0.726
miharu-tribal-dokra-brass-necklace-08-2026-185-1-8_1.jpg,495,dokra craft,2590,1852.665,0.715
miharu-tribal-dokra-brass-necklace-06-2026-185-1-6_1.jpg,495,dokra craft,2590,1801.848,0.696
miharu-tribal-dokra-brass-pendant-necklace-04-2026-185-1-4_1.jpg,495,dokra craft,2590,1811.159,0.699
miharu-tribal-dokra-brass-choker-necklace-03-2026-185-1-3_1.jpg,495,dokra craft,2590,1898.696,0.733
miharu-tribal-dokra-brass-necklace-01-2026-185-1-1_1.jpg,495,dokra craft,2590,1589.238,0.614
miharu-tribal-dokra-brass-necklace-05-2026-185-1-5_1.jpg,495,dokra craft,2590,1885.017,0.728
miharu-tribal-dokra-brass-necklace-02-2026-185-1-2_1.jpg,495,dokra craft,2590,1826.65,0.705
2016-105-13-17-jugaad-octopus-necklace-cum-hair-tie_1.jpg,497,other,660,541.886,0.821
2016-105-13-18-16jugaad-octopus-necklace-cum-hair-tie_1.jpg,497,other,660,568.703,0.862
2021-023-2-18-handpainted-tholu-bommalata-leather-necklace_1.jpg,10,leather puppetry,2490,2169.098,0.871
2021-023-2-19-handpainted-tholu-bommalata-leather-necklace_1.jpg,10,leather puppetry,2490,2151.224,0.864
miharu-tribal-dokra-brass-necklace-10-2026-185-1-10_1.jpg,495,dokra craft,2590,1794.073,0.693
miharu-tribal-dokra-brass-pendant-necklace-09-2026-185-1-9_1.jpg,495,dokra craft,2590,1702.585,0.657
bead-work-handmade-baiga-tribal-moonga-dana-necklace-24-2026-062-1-24_1.jpg,502,baiga tribal jewelry,1690,3026.34,1.791
bead-work-handmade-baiga-tribal-moonga-dana-necklace-19-2026-062-1-19_1.jpg,502,baiga tribal jewelry,1690,2821.465,1.67
bead-work-handmade-baiga-tribal-moonga-dana-necklace-17-2026-062-1-17_1.jpg,502,baiga tribal jewelry,1690,2940.934,1.74
bead-work-handmade-baiga-tribal-moonga-dana-necklace-11-2026-062-1-11_1.jpg,502,baiga tribal jewelry,1690,2840.63,1.681
bead-work-handmade-baiga-tribal-moonga-dana-necklace-07-2026-062-1-7_1.jpg,502,baiga tribal jewelry,1690,2990.385,1.769
bead-work-handmade-baiga-tribal-moonga-dana-necklace-04-2026-062-1-4_1.jpg,502,baiga tribal jewelry,1690,3023.271,1.789
bead-work-handmade-baiga-tribal-moonga-dana-necklace-02-2026-062-1-2_1.jpg,502,baiga tribal jewelry,1690,2918.475,1.727
brass-metal-handcrafted-necklace-133-2025-1469-1-133_1.jpg,504,metal work,1990,1856.386,0.933
brass-metal-handcrafted-necklace-128-2025-1469-1-128_1.jpg,504,metal work,1890,1656.804,0.877
brass-metal-handcrafted-hasli-necklace-153-2025-1469-1-153_1.jpg,504,metal work,1650,1979.81,1.2
brass-metal-handcrafted-hasli-necklace-146-2025-1469-1-146_1.jpg,504,metal work,1650,2097.387,1.271
brass-metal-handcrafted-hasli-necklace-143-2025-1469-1-143_1.jpg,504,metal work,1650,2109.959,1.279
brass-metal-handcrafted-hasli-necklace-141-2025-1469-1-141_1.jpg,504,metal work,1650,1953.632,1.184
brass-metal-handcrafted-hasli-necklace-138-2025-1469-1-138_1.jpg,504,metal work,1790,1908.187,1.066
brass-metal-handcrafted-hasli-necklace-136-2025-1469-1-136_1.jpg,504,metal work,2190,1985.472,0.907
brass-metal-handcrafted-hasli-necklace-129-2025-1469-1-129_1.jpg,504,metal work,1890,1947.458,1.03
brass-metal-handcrafted-hasli-necklace-126-2025-1469-1-126_1.jpg,504,metal work,1790,1878.168,1.049
brass-metal-handcrafted-hasli-necklace-125-2025-1469-1-125_1.jpg,504,metal work,1790,1991.453,1.113
brass-metal-handcrafted-choker-necklace-132-2025-1469-1-132_1.jpg,504,metal work,1990,2125.916,1.068
brass-metal-handcrafted-choker-necklace-118-2025-1469-1-118_1.jpg,504,handmade,1890,1439.254,0.762
brass-metal-handcrafted-choker-necklace-117-2025-1469-1-117_1.jpg,504,metal work,1890,2146.11,1.136
brass-metal-handcrafted-hasli-necklace-112-2025-1469-1-112_1.jpg,504,metal work,1290,2000.572,1.551
brass-metal-handcrafted-hasli-necklace-109-2025-1469-1-109_1.jpg,504,metal work,1490,2030.867,1.363
brass-metal-handcrafted-hasli-necklace-107-2025-1469-1-107_1.jpg,504,metal work,1390,1983.974,1.427
brass-metal-handcrafted-hasli-necklace-105-2025-1469-1-105_1.jpg,504,metal work,1390,1987.399,1.43
brass-metal-handcrafted-hasli-necklace-102-2025-1469-1-102_1.jpg,504,metal work,1450,1988.975,1.372
brass-metal-handcrafted-choker-necklace-114-2025-1469-1-114_1.jpg,504,metal work,1590,2103.862,1.323
brass-metal-handcrafted-dokra-choker-necklace-32-2024-1749-1-32_1.jpg,504,metal work,1850,1173.992,0.635
tribal-odisha-dokra-threadwork-handmade-necklace-47-2024-931-1-47_1.jpg,226,dokra craft,2450,1997.082,0.815
tribal-odisha-dokra-threadwork-handmade-necklace-44-2024-931-1-44_1.jpg,226,dokra craft,2450,2082.842,0.85
2023-910-1-8-lambani-thread-mirror-work-hand-embroidery-necklace_1.jpg,509,lambani craft,2290,2097.469,0.916
2023-145-1-614-handcrafted-paka-meenakari-necklace_1.jpg,514,meenakari work,2990,1447.461,0.484
2023-145-1-613-handcrafted-paka-meenakari-necklace_1.jpg,514,meenakari work,2990,1372.678,0.459
2023-145-1-612-handcrafted-paka-meenakari-necklace_1.jpg,514,meenakari work,2990,1417.97,0.474
2023-145-1-610-handcrafted-paka-meenakari-necklace_1.jpg,514,meenakari work,2990,1460.486,0.488
2022-987-1-8-ikat-cotton-fabric-gs-pendant-necklace_1.jpg,518,oxidised metal craft,2490,665.882,0.267
2022-987-1-5-ikat-silk-fabric-gs-pendant-necklace_1.jpg,518,oxidised metal craft,2490,770.137,0.309
2022-987-1-3-banarasi-brocade-fabric-gs-pendant-necklace_1.jpg,519,oxidised metal craft,2490,726.986,0.292
2022-987-1-4-ikat-silk-fabric-gs-pendant-necklace_1.jpg,518,oxidised metal craft,2490,776.2,0.312
2022-772-4-17-brass-metal-handcrafted-dokra-choker-necklace-by-asalkaar_1.jpg,504,metal work,1450,1239.431,0.855
2022-772-4-15-brass-metal-handcrafted-dokra-choker-necklace-by-asalkaar_1.jpg,504,metal work,1450,1194.126,0.824
2022-192-3-5-lambani-thread-bead-work-coin-pendant-necklace_1.jpg,525,lambani craft,1990,1833.265,0.921
copy-o-f18-handpainted-kerala-mural-mdf-wood-necklace_1.jpg,528,kerala mural art,590,683.562,1.159
2022-029-1-11-handpainted-kerala-mural-mdf-wood-necklace_1.jpg,528,kerala mural art,590,696.636,1.181
497600-4-bella-modern-art-handpainted-wooden-necklace_1.jpg,535,madhubani folk art,840,1162.661,1.384
2021-023-2-22-handpainted-tholu-bommalata-leather-necklace_1.jpg,10,leather puppetry,2490,2663.814,1.07
handmade-wooden-beads-gs-necklace-set-14-2025-1852-1-14_1.jpg,540,bead work,650,555.095,0.854
shell-work-fabart-jute-necklace-set-42-2025-360-1-42_1.jpg,548,fabart,690,849.537,1.231
handmade-thread-braided-shell-necklace-set-16-2024-1638-1-16_1.jpg,552,hand braided,490,733.397,1.497
german-silver-thread-braided-necklace-set-32-2025-672-1-32_1.jpg,556,oxidised metal craft,790,955.305,1.209
shell-work-fabart-jute-necklace-set-47-2025-360-1-47_1.jpg,548,fabart,690,813.584,1.179
german-silver-fabart-choker-necklace-set-with-shell-work-35-2025-978-1-35_1.jpg,558,fabart,690,960.352,1.392
german-silver-necklace-set-with-shell-thread-beads-20-2025-407-1-20_1.jpg,559,oxidised metal craft,950,993.23,1.046
handmade-gs-jute-fabart-necklace-set-01-2024-1750-1-1_1.jpg,563,oxidised metal craft,690,713.582,1.034
handmade-gs-jute-fabart-necklace-set-12-2024-1750-1-12_1.jpg,563,oxidised metal craft,690,621.539,0.901
german-silver-fabart-choker-necklace-set-with-shell-work-31-2025-978-1-31_1.jpg,558,fabart,690,915.999,1.328
german-silver-thread-braided-necklace-set-40-2025-672-1-40_1.jpg,556,oxidised metal craft,790,980.341,1.241
thread-work-german-silver-necklace-set-04-2024-1431-1-4_1.jpg,570,oxidised metal craft,690,732.681,1.062
fabart-jute-choker-necklace-set-27-2025-266-1-27_1.jpg,572,fabart,790,948.3,1.2
shell-work-fabart-jute-necklace-set-39-2025-360-1-39_1.jpg,548,fabart,690,833.29,1.208
german-silver-jute-necklace-set-75-2025-360-1-75_1.jpg,559,oxidised metal craft,650,746.131,1.148
handmade-beadwork-jaali-necklace-set-83-2026-206-1-83_1.jpg,579,bead work,950,809.333,0.852
german-silver-fabart-choker-necklace-set-with-shell-work-33-2025-978-1-33_1.jpg,558,fabart,690,960.253,1.392
handmade-gs-jute-fabart-necklace-set-23-2024-1604-1-23_1.jpg,563,oxidised metal craft,690,642.109,0.931
fabart-jute-choker-necklace-set-20-2025-266-1-20_1.jpg,572,fabart,790,972.626,1.231
2022-1057-1-9-tikuli-art-handpainted-wooden-necklace-set_1.jpg,586,tikuli art,1090,1104.476,1.013
german-silver-thread-beads-necklace-set-20-2025-360-1-20_1.jpg,559,oxidised metal craft,890,842.888,0.947
2022-1057-1-4-tikuli-art-handpainted-wooden-necklace-set_1.jpg,586,tikuli art,1190,1057.738,0.889
german-silver-thread-braided-necklace-set-03-2025-696-1-3_1.jpg,590,oxidised metal craft,850,850.468,1.001
german-silver-jute-necklace-set-79-2025-360-1-79_1.jpg,559,oxidised metal craft,650,723.249,1.113
2022-1057-1-32-tikuli-art-handpainted-wooden-necklace-set_1.jpg,586,tikuli art,1090,1134.514,1.041
2022-422-1-23-handcrafted-bamboo-necklace-set-by-daya-patki_1.jpg,596,bamboo craft,3390,1202.148,0.355
handmade-gs-jute-fabart-necklace-set-04-2024-1604-1-4_1.jpg,563,oxidised metal craft,690,633.743,0.918
fabart-bead-work-necklace-set-10-2025-040-1-10_1.jpg,599,fabart,690,734.356,1.064
thread-work-german-silver-necklace-set-12-2024-1431-1-12_1.jpg,570,oxidised metal craft,690,721.322,1.045
german-silver-jute-necklace-set-72-2025-360-1-72_1.jpg,559,oxidised metal craft,650,682.554,1.05
german-silver-thread-beads-necklace-set-05-2025-360-1-5_1.jpg,559,oxidised metal craft,690,772.772,1.12
fabart-jute-choker-necklace-set-13-2025-266-1-13_1.jpg,572,fabart,790,894.686,1.133
german-silver-jute-necklace-set-73-2025-360-1-73_1.jpg,559,oxidised metal craft,650,737.616,1.135
handmade-gs-jute-fabart-necklace-set-15-2024-1604-1-15_1.jpg,563,oxidised metal craft,690,624.456,0.905
bishnupur-handpainted-terracotta-necklace-set-03-2025-1376-1-3_1.jpg,603,bengal craft,1390,887.088,0.638
fabart-jute-choker-necklace-set-18-2025-266-1-18_1.jpg,572,fabart,790,994.254,1.259
german-silver-thread-braided-necklace-set-04-2025-696-1-4_1.jpg,590,oxidised metal craft,850,817.336,0.962
2022-422-1-22-handcrafted-bamboo-necklace-set-by-daya-patki_1.jpg,596,bamboo craft,3990,1108.883,0.278
german-silver-thread-braided-necklace-set-33-2025-672-1-33_1.jpg,556,oxidised metal craft,790,915.059,1.158
handmade-german-silver-necklace-set-09-2025-700-1-9_1.jpg,556,oxidised metal craft,450,901.108,2.002
2022-1057-1-36-tikuli-art-handpainted-wooden-necklace-set_1.jpg,586,tikuli art,1090,1075.684,0.987
shell-work-fabart-jute-necklace-set-44-2025-360-1-44_1.jpg,548,fabart,690,819.837,1.188
handmade-german-silver-necklace-set-08-2025-700-1-8_1.jpg,556,oxidised metal craft,450,900.408,2.001
handmade-wooden-beads-gs-necklace-set-15-2025-1852-1-15_1.jpg,540,bead work,650,572.421,0.881
handmade-gs-jute-fabart-necklace-set-02-2024-1750-1-2_1.jpg,563,oxidised metal craft,690,628.155,0.91
2022-1057-1-34-tikuli-art-handpainted-wooden-necklace-set_1.jpg,586,tikuli art,1090,1095.765,1.005
german-silver-thread-beads-necklace-set-13-2025-360-1-13_1.jpg,559,oxidised metal craft,690,775.435,1.124
handmade-wooden-beads-gs-necklace-set-07-2025-1852-1-7_1.jpg,540,bead work,650,563.054,0.866
german-silver-thread-beads-necklace-set-19-2025-360-1-19_1.jpg,559,oxidised metal craft,890,799.354,0.898
handmade-gs-jute-fabart-necklace-set-08-2024-1604-1-8_1.jpg,563,oxidised metal craft,690,598.582,0.868
2022-1003-1-63-tikuli-art-handpainted-wooden-necklace-set_1.jpg,586,tikuli art,1090,1289.782,1.183
german-silver-thread-beads-necklace-set-06-2025-360-1-6_1.jpg,559,oxidised metal craft,690,785.668,1.139
2022-1057-1-37-tikuli-art-handpainted-wooden-necklace-set_1.jpg,586,tikuli art,1090,1151.509,1.056
handmade-kundan-work-necklace-set-03-2025-862-1-3_1.jpg,608,stone work,550,754.014,1.371
shell-work-fabart-jute-necklace-set-49-2025-360-1-49_1.jpg,548,fabart,690,770.518,1.117
german-silver-thread-beads-necklace-set-18-2025-360-1-18_1.jpg,559,oxidised metal craft,690,809.63,1.173
german-silver-thread-beads-necklace-set-07-2025-360-1-7_1.jpg,559,oxidised metal craft,690,832.064,1.206
german-silver-fabart-choker-necklace-set-with-shell-work-36-2025-978-1-36_1.jpg,558,fabart,690,991.247,1.437
handmade-german-silver-necklace-set-03-2025-700-1-3_1.jpg,556,oxidised metal craft,450,1000.546,2.223
german-silver-thread-beads-necklace-set-11-2025-360-1-11_1.jpg,559,oxidised metal craft,690,830.7,1.204
fabart-jute-choker-necklace-set-14-2025-266-1-14_1.jpg,572,fabart,790,934.599,1.183
german-silver-thread-beads-necklace-set-12-2025-360-1-12_1.jpg,559,oxidised metal craft,690,857.824,1.243
bishnupur-handpainted-terracotta-necklace-set-09-2025-1376-1-9_1.jpg,603,bengal craft,1590,801.149,0.504
handmade-gs-jute-fabart-necklace-set-07-2024-1750-1-7_1.jpg,563,oxidised metal craft,690,644.434,0.934
german-silver-necklace-set-with-shell-thread-beads-21-2025-407-1-21_1.jpg,559,oxidised metal craft,950,982.73,1.034
bishnupur-handpainted-terracotta-necklace-set-33-2025-1376-1-33_1.jpg,603,bengal craft,1650,922.385,0.559
bishnupur-handpainted-terracotta-necklace-set-19-2025-1376-1-19_1.jpg,603,bengal craft,2150,958.954,0.446
bishnupur-handpainted-terracotta-necklace-set-35-2025-1376-1-35_1.jpg,603,bengal craft,1590,935.993,0.589
german-silver-thread-braided-necklace-set-38-2025-672-1-38_1.jpg,556,oxidised metal craft,790,945.611,1.197
handmade-gs-jute-fabart-necklace-set-12-2024-1604-1-12_1.jpg,563,oxidised metal craft,690,693.519,1.005
german-silver-thread-beads-necklace-set-04-2025-360-1-4_1.jpg,559,oxidised metal craft,690,764.508,1.108
tikuli-art-handpainted-wooden-necklace-set_1.jpg,586,tikuli art,1090,1288.428,1.182
bishnupur-handpainted-terracotta-necklace-set-05-2025-1376-1-5_1.jpg,603,bengal craft,790,827.195,1.047
2022-1003-1-65-tikuli-art-handpainted-wooden-necklace-set_1.jpg,586,tikuli art,1090,1304.812,1.197
fabart-jute-choker-necklace-set-16-2025-266-1-16_1.jpg,572,fabart,790,997.123,1.262
handmade-german-silver-necklace-set-06-2025-700-1-6_1.jpg,556,oxidised metal craft,450,920.611,2.046
thread-work-german-silver-necklace-set-06-2024-1431-1-6_1.jpg,570,oxidised metal craft,690,714.897,1.036
german-silver-thread-beads-necklace-set-03-2025-360-1-3_1.jpg,559,oxidised metal craft,690,831.508,1.205
german-silver-thread-beads-necklace-set-02-2025-360-1-2_1.jpg,559,oxidised metal craft,690,789.339,1.144
bishnupur-handpainted-terracotta-necklace-set-39-2025-1376-1-39_1.jpg,603,bengal craft,1490,857.71,0.576
thread-work-german-silver-necklace-set-15-2024-1431-1-15_1.jpg,570,oxidised metal craft,690,703.759,1.02
2022-1057-1-13-tikuli-art-handpainted-wooden-necklace-set_1.jpg,586,tikuli art,1090,1135.562,1.042
german-silver-necklace-set-with-shell-thread-beads-25-2025-407-1-25_1.jpg,559,oxidised metal craft,950,929.393,0.978
2023-441-1-38-handcrafted-bamboo-necklace-set-by-daya-patki_1.jpg,596,bamboo craft,3390,1202.438,0.355
fabart-jute-choker-necklace-set-26-2025-266-1-26_1.jpg,572,fabart,790,961.687,1.217
handmade-thread-braided-shell-necklace-24-2024-1638-1-24_1.jpg,552,hand braided,490,700.816,1.43
496994-42-handcrafted-rice-paddy-necklace-set-by-putul-das-mitra_1.jpg,613,other,2490,773.33,0.311
shell-work-fabart-jute-necklace-set-41-2025-360-1-41_1.jpg,548,fabart,690,673.238,0.976
german-silver-jute-necklace-set-83-2025-360-1-83_1.jpg,559,oxidised metal craft,650,718.76,1.106
german-silver-jute-necklace-set-82-2025-360-1-82_1.jpg,559,oxidised metal craft,650,735.759,1.132
handmade-wooden-beads-gs-necklace-set-10-2025-1852-1-10_1.jpg,540,bead work,650,516.883,0.795
handmade-beadwork-jaali-necklace-set-75-2026-206-1-75_1.jpg,579,bead work,950,859.488,0.905
german-silver-jute-necklace-set-77-2025-360-1-77_1.jpg,559,oxidised metal craft,650,704.727,1.084
fabart-bead-work-necklace-set-09-2025-040-1-9_1.jpg,599,fabart,690,703.753,1.02
shell-work-fabart-jute-necklace-set-40-2025-360-1-40_1.jpg,548,fabart,690,785.37,1.138
handmade-gs-jute-fabart-necklace-set-13-2024-1604-1-13_1.jpg,563,oxidised metal craft,690,642.877,0.932
handmade-wooden-beads-gs-necklace-set-03-2025-1852-1-3_1.jpg,540,bead work,650,589.134,0.906
2022-1057-1-25-tikuli-art-handpainted-wooden-necklace-set_1.jpg,586,tikuli art,1090,1113.655,1.022
thread-work-german-silver-necklace-set-10-2024-1431-1-10_1.jpg,570,oxidised metal craft,690,711.944,1.032
german-silver-thread-braided-necklace-set-02-2025-696-1-2_1.jpg,590,oxidised metal craft,850,827.289,0.973
handmade-gs-jute-fabart-necklace-set-13-2024-1750-1-13_1.jpg,563,oxidised metal craft,690,588.773,0.853
handmade-wooden-beads-gs-necklace-set-02-2025-1852-1-2_1.jpg,540,bead work,650,541.704,0.833
handmade-kundan-work-necklace-set-01-2025-862-1-1_1.jpg,608,stone work,550,795.757,1.447
thread-work-german-silver-necklace-set-08-2024-1431-1-8_1.jpg,570,oxidised metal craft,690,684.975,0.993
2022-1057-1-1-tikuli-art-handpainted-wooden-necklace-set_1.jpg,586,tikuli art,1090,1128.829,1.036
fabart-jute-choker-necklace-set-21-2025-266-1-21_1.jpg,572,fabart,790,1038.129,1.314
bishnupur-handpainted-terracotta-necklace-set-22-2025-1376-1-22_1.jpg,603,bengal craft,1590,907.71,0.571
2022-422-1-38-handcrafted-bamboo-necklace-set-by-daya-patki_1.jpg,596,bamboo craft,1390,1104.022,0.794
handmade-gs-jute-fabart-necklace-set-09-2024-1604-1-9_1.jpg,563,oxidised metal craft,690,631.287,0.915
bishnupur-handpainted-terracotta-necklace-set-01-2025-1376-1-1_1.jpg,603,bengal craft,990,889.557,0.899
german-silver-jute-necklace-set-76-2025-360-1-76_1.jpg,559,oxidised metal craft,650,691.316,1.064
496994-45-handcrafted-rice-paddy-necklace-set-by-putul-das-mitra_1.jpg,613,other,3690,1025.816,0.278
german-silver-thread-braided-necklace-set-06-2025-696-1-6_1.jpg,590,oxidised metal craft,850,849.346,0.999
handmade-wooden-beads-gs-necklace-set-11-2025-1852-1-11_1.jpg,540,bead work,650,580.214,0.893
german-silver-jute-necklace-set-78-2025-360-1-78_1.jpg,559,oxidised metal craft,650,743.541,1.144
bishnupur-handpainted-terracotta-necklace-set-04-2025-1376-1-4_1.jpg,603,bengal craft,1690,902.453,0.534
handmade-gs-jute-fabart-necklace-set-03-2024-1750-1-3_1.jpg,563,oxidised metal craft,690,691.863,1.003
handmade-thread-braided-shell-necklace-set-15-2024-1638-1-15_1.jpg,552,hand braided,490,749.789,1.53
handmade-beadwork-jaali-necklace-set-84-2026-206-1-84_1.jpg,579,bead work,950,831.215,0.875
2022-422-1-24-handcrafted-bamboo-necklace-set-by-daya-patki_1.jpg,596,bamboo craft,3990,1127.852,0.283
2022-1057-1-23-tikuli-art-handpainted-wooden-necklace-set_1.jpg,586,tikuli art,1190,1054.865,0.886
2022-422-1-19-handcrafted-bamboo-necklace-set-by-daya-patki_1.jpg,596,bamboo craft,4990,1058.882,0.212
handmade-thread-braided-shell-necklace-set-20-2024-1638-1-20_1.jpg,552,hand braided,490,756.985,1.545
handmade-gs-jute-fabart-necklace-set-01-2024-1604-1-1_1.jpg,563,oxidised metal craft,690,627.454,0.909
german-silver-thread-beads-necklace-set-09-2025-360-1-9_1.jpg,559,oxidised metal craft,690,903.081,1.309
handmade-gs-jute-fabart-necklace-set-02-2024-1604-1-2_1.jpg,563,oxidised metal craft,690,604.755,0.876
german-silver-fabart-choker-necklace-set-with-shell-work-34-2025-978-1-34_1.jpg,558,fabart,690,908.679,1.317
handmade-beadwork-jaali-necklace-set-80-2026-206-1-80_1.jpg,579,bead work,950,837.425,0.881
thread-work-german-silver-necklace-set-01-2024-1431-1-1_1.jpg,570,oxidised metal craft,690,709.468,1.028
handmade-kundan-work-necklace-set-02-2025-862-1-2_1.jpg,608,stone work,550,786.758,1.43
2022-422-1-21-handcrafted-bamboo-necklace-set-by-daya-patki_1.jpg,596,bamboo craft,2490,1175.513,0.472
2022-1057-1-5-tikuli-art-handpainted-wooden-necklace-set_1.jpg,586,tikuli art,1090,1163.425,1.067
handmade-german-silver-necklace-set-02-2025-700-1-2_1.jpg,556,oxidised metal craft,450,909.189,2.02
shell-work-fabart-jute-necklace-set-43-2025-360-1-43_1.jpg,548,fabart,690,778.93,1.129
german-silver-thread-braided-necklace-set-07-2025-696-1-7_1.jpg,590,oxidised metal craft,850,845.629,0.995
handmade-gs-jute-fabart-necklace-set-14-2024-1604-1-14_1.jpg,563,oxidised metal craft,690,592.186,0.858
handmade-gs-jute-fabart-necklace-set-07-2024-1604-1-7_1.jpg,563,oxidised metal craft,690,634.699,0.92
german-silver-jute-necklace-set-81-2025-360-1-81_1.jpg,559,oxidised metal craft,650,738.564,1.136
handmade-beadwork-jaali-necklace-set-87-2026-206-1-87_1.jpg,579,bead work,1390,754.946,0.543
thread-work-german-silver-necklace-set-11-2024-1431-1-11_1.jpg,570,oxidised metal craft,690,711.437,1.031
2023-441-1-41-handcrafted-bamboo-necklace-set-by-daya-patki_1.jpg,596,bamboo craft,1600,1042.11,0.651
german-silver-jute-necklace-set-74-2025-360-1-74_1.jpg,559,oxidised metal craft,650,742.311,1.142
handmade-thread-braided-shell-necklace-23-2024-1638-1-23_1.jpg,552,hand braided,490,711.307,1.452
bishnupur-handpainted-terracotta-necklace-set-30-2025-1376-1-30_1.jpg,603,bengal craft,1650,957.69,0.58
handmade-kundan-work-necklace-set-06-2025-862-1-6_1.jpg,608,stone work,550,771.537,1.403
handmade-gs-jute-fabart-necklace-set-06-2024-1604-1-6_1.jpg,563,oxidised metal craft,690,668.795,0.969
handmade-wooden-beads-gs-necklace-set-01-2025-1852-1-1_1.jpg,540,bead work,650,549.357,0.845
handmade-german-silver-necklace-set-04-2025-700-1-4_1.jpg,556,oxidised metal craft,450,921.037,2.047
german-silver-thread-beads-necklace-set-01-2025-360-1-1_1.jpg,559,oxidised metal craft,690,836.302,1.212
handmade-gs-jute-fabart-necklace-set-10-2024-1750-1-10_1.jpg,563,oxidised metal craft,690,633.479,0.918
german-silver-necklace-set-with-shell-thread-beads-24-2025-407-1-24_1.jpg,559,oxidised metal craft,950,1047.75,1.103
handmade-gs-jute-fabart-necklace-set-05-2024-1604-1-5_1.jpg,563,oxidised metal craft,690,650.722,0.943
german-silver-necklace-set-with-shell-thread-beads-27-2025-407-1-27_1.jpg,559,oxidised metal craft,950,978.629,1.03
fabart-jute-choker-necklace-set-22-2025-266-1-22_1.jpg,572,fabart,790,1007.696,1.276
german-silver-thread-beads-necklace-set-10-2025-360-1-10_1.jpg,559,oxidised metal craft,690,788.513,1.143
2022-422-1-25-handcrafted-bamboo-necklace-set-by-daya-patki_1.jpg,596,bamboo craft,2150,1129.031,0.525
handmade-wooden-beads-gs-necklace-set-12-2025-1852-1-12_1.jpg,540,bead work,650,582.301,0.896
shell-work-fabart-jute-necklace-set-46-2025-360-1-46_1.jpg,548,fabart,690,744.875,1.08
2023-441-1-35-handcrafted-bamboo-necklace-set-by-daya-patki_1.jpg,596,bamboo craft,5290,1090.884,0.206
handmade-beadwork-jaali-necklace-set-89-2026-206-1-89_1.jpg,579,bead work,1390,887.388,0.638
german-silver-necklace-set-with-shell-thread-beads-26-2025-407-1-26_1.jpg,559,oxidised metal craft,950,983.884,1.036
handmade-beadwork-jaali-necklace-set-86-2026-206-1-86_1.jpg,579,bead work,1390,873.773,0.629
handmade-thread-braided-shell-necklace-set-21-2024-1638-1-21_1.jpg,552,hand braided,490,715.299,1.46
handmade-beadwork-jaali-necklace-set-85-2026-206-1-85_1.jpg,579,bead work,950,782.029,0.823
fabart-jute-choker-necklace-set-24-2025-266-1-24_1.jpg,572,fabart,790,952.312,1.205
2022-422-1-18-handcrafted-bamboo-necklace-set-by-daya-patki_1.jpg,596,bamboo craft,3690,1159.089,0.314
bishnupur-handpainted-terracotta-necklace-set-21-2025-1376-1-21_1.jpg,603,bengal craft,1590,887.851,0.558
handmade-wooden-beads-gs-necklace-set-09-2025-1852-1-9_1.jpg,540,bead work,650,536.17,0.825
fabart-jute-choker-necklace-set-19-2025-266-1-19_1.jpg,572,fabart,790,1033.091,1.308
fabart-jute-choker-necklace-set-17-2025-266-1-17_1.jpg,572,fabart,790,983.223,1.245
532680-5-vasudha-madhubani-handpainted-wooden-necklace-set_1.jpg,623,madhubani folk art,1540,2059.116,1.337
bishnupur-handpainted-terracotta-necklace-set-02-2025-1376-1-2_1.jpg,603,bengal craft,890,905.099,1.017
thread-work-german-silver-necklace-set-02-2024-1431-1-2_1.jpg,570,oxidised metal craft,690,692.402,1.003
handmade-beadwork-jaali-necklace-set-78-2026-206-1-78_1.jpg,579,bead work,950,906.505,0.954
handmade-gs-jute-fabart-necklace-set-08-2024-1750-1-8_1.jpg,563,oxidised metal craft,690,675.064,0.978
handmade-wooden-beads-gs-necklace-set-04-2025-1852-1-4_1.jpg,540,bead work,650,589.749,0.907
fabart-jute-choker-necklace-set-15-2025-266-1-15_1.jpg,572,fabart,790,1046.461,1.325
german-silver-necklace-set-with-shell-thread-beads-28-2025-407-1-28_1.jpg,559,oxidised metal craft,950,946.329,0.996
handmade-german-silver-necklace-set-01-2025-700-1-1_1.jpg,556,oxidised metal craft,450,940.406,2.09
fabart-jute-choker-necklace-set-23-2025-266-1-23_1.jpg,572,fabart,790,980.158,1.241
german-silver-fabart-choker-necklace-set-with-shell-work-37-2025-978-1-37_1.jpg,558,fabart,690,962.971,1.396
german-silver-fabart-choker-necklace-set-with-shell-work-39-2025-978-1-39_1.jpg,558,fabart,690,915.046,1.326
german-silver-necklace-set-with-shell-thread-beads-29-2025-407-1-29_1.jpg,559,oxidised metal craft,950,952.465,1.003
handmade-gs-jute-fabart-necklace-set-11-2024-1750-1-11_1.jpg,563,oxidised metal craft,690,639.799,0.927
handmade-german-silver-necklace-set-05-2025-700-1-5_1.jpg,556,oxidised metal craft,450,910.45,2.023
german-silver-necklace-set-with-shell-thread-beads-22-2025-407-1-22_1.jpg,559,oxidised metal craft,950,1056.07,1.112
2023-441-1-36-handcrafted-bamboo-necklace-set-by-daya-patki_1.jpg,596,bamboo craft,3690,1126.938,0.305
german-silver-thread-beads-necklace-set-08-2025-360-1-8_1.jpg,559,oxidised metal craft,690,802.776,1.163
handmade-gs-jute-fabart-necklace-set-06-2024-1750-1-6_1.jpg,563,oxidised metal craft,690,644.208,0.934
german-silver-necklace-set-with-shell-thread-beads-23-2025-407-1-23_1.jpg,559,oxidised metal craft,950,1094.414,1.152
thread-work-german-silver-necklace-set-21-2024-1431-1-21_1.jpg,570,oxidised metal craft,690,698.851,1.013
handmade-gs-jute-fabart-necklace-set-19-2024-1604-1-19_1.jpg,563,oxidised metal craft,690,658.014,0.954
bishnupur-handpainted-terracotta-necklace-set-20-2025-1376-1-20_1.jpg,603,bengal craft,1590,903.429,0.568
german-silver-thread-beads-necklace-set-14-2025-360-1-14_1.jpg,559,oxidised metal craft,690,792.611,1.149
handmade-wooden-beads-gs-necklace-set-06-2025-1852-1-6_1.jpg,540,bead work,650,544.214,0.837
shell-work-fabart-jute-necklace-set-45-2025-360-1-45_1.jpg,548,fabart,690,815.548,1.182
2022-1057-1-21-tikuli-art-handpainted-wooden-necklace-set_1.jpg,586,tikuli art,1190,1079.231,0.907
german-silver-jute-necklace-set-70-2025-360-1-70_1.jpg,559,oxidised metal craft,650,765.998,1.178
thread-work-german-silver-necklace-set-20-2024-1431-1-20_1.jpg,570,oxidised metal craft,690,657.472,0.953
2023-441-1-39-handcrafted-bamboo-necklace-set-by-daya-patki_1.jpg,596,bamboo craft,2190,1037.745,0.474
handmade-thread-braided-shell-necklace-22-2024-1638-1-22_1.jpg,552,hand braided,490,740.229,1.511
handmade-thread-braided-shell-necklace-set-17-2024-1638-1-17_1.jpg,552,hand braided,490,740.007,1.51
handmade-gs-jute-fabart-necklace-set-05-2024-1750-1-5_1.jpg,563,oxidised metal craft,690,578.1,0.838
handmade-wooden-beads-gs-necklace-set-05-2025-1852-1-5_1.jpg,540,bead work,650,586.466,0.902
handmade-thread-braided-shell-necklace-set-19-2024-1638-1-19_1.jpg,552,hand braided,490,741.905,1.514
german-silver-thread-beads-necklace-set-15-2025-360-1-15_1.jpg,559,oxidised metal craft,690,851.024,1.233
fabart-jute-choker-necklace-set-28-2025-266-1-28_1.jpg,572,fabart,790,1020.077,1.291
german-silver-thread-braided-necklace-set-39-2025-672-1-39_1.jpg,556,oxidised metal craft,790,924.865,1.171
2023-441-1-43-handcrafted-bamboo-necklace-set-by-daya-patki_1.jpg,596,bamboo craft,1600,1086.576,0.679
2022-422-1-30-handcrafted-bamboo-necklace-set-by-daya-patki_1.jpg,596,bamboo craft,1390,1073.128,0.772
bishnupur-handpainted-terracotta-necklace-set-23-2025-1376-1-23_1.jpg,603,bengal craft,1790,841.901,0.47
german-silver-thread-beads-necklace-set-17-2025-360-1-17_1.jpg,559,oxidised metal craft,690,807.97,1.171
german-silver-thread-braided-necklace-set-37-2025-672-1-37_1.jpg,556,oxidised metal craft,790,957.659,1.212
2022-1057-1-35-tikuli-art-handpainted-wooden-necklace-set_1.jpg,586,tikuli art,1090,999.945,0.917
496994-41-handcrafted-rice-paddy-necklace-set-by-putul-das-mitra_1.jpg,613,other,3690,697.667,0.189
bishnupur-handpainted-terracotta-necklace-set-24-2025-1376-1-24_1.jpg,603,bengal craft,1790,904.351,0.505
german-silver-jute-necklace-set-80-2025-360-1-80_1.jpg,559,oxidised metal craft,950,707.697,0.745
german-silver-fabart-choker-necklace-set-with-shell-work-30-2025-978-1-30_1.jpg,558,fabart,690,1001.458,1.451
german-silver-thread-braided-necklace-set-34-2025-672-1-34_1.jpg,556,oxidised metal craft,790,895.14,1.133
handmade-thread-braided-shell-necklace-set-18-2024-1638-1-18_1.jpg,552,hand braided,490,700.693,1.43
german-silver-fabart-choker-necklace-set-with-shell-work-32-2025-978-1-32_1.jpg,558,fabart,690,844.345,1.224
miharu-tribal-dokra-brass-earrings-14-2026-185-1-14_1.jpg,495,dokra craft,1590,996.907,0.627
miharu-tribal-dokra-brass-stud-earrings-18-2026-185-1-18_1.jpg,495,dokra craft,1590,982.02,0.618
german-silver-plated-ear-cuff-bugatti-bugadi-earrings-21-2026-111-1-21_1.jpg,628,oxidised metal craft,490,377.253,0.77
german-silver-plated-ear-cuff-bugatti-bugadi-earrings-23-2026-111-1-23_1.jpg,628,oxidised metal craft,390,348.824,0.894
german-silver-plated-ear-cuff-bugatti-bugadi-earrings-11-2026-111-1-11_1.jpg,628,oxidised metal craft,350,305.444,0.873
german-silver-plated-ear-cuff-bugatti-bugadi-earrings-24-2026-111-1-24_1.jpg,628,oxidised metal craft,390,353.247,0.906
german-silver-plated-ear-cuff-bugatti-bugadi-earrings-01-2026-111-1-1_1.jpg,628,oxidised metal craft,350,298.912,0.854
german-silver-plated-ear-cuff-bugatti-bugadi-earrings-28-2026-111-1-28_1.jpg,628,oxidised metal craft,390,335.471,0.86
german-silver-plated-ear-cuff-bugatti-bugadi-earrings-10-2026-111-1-10_1.jpg,628,oxidised metal craft,350,286.47,0.818
2020-652-1-176-handcrafted-rice-paddy-earrings-by-putul-das-mitra_1.jpg,613,other,420,399.182,0.95
2021-023-2-4-handpainted-tholu-bommalata-leather-earrings_1.jpg,10,leather puppetry,590,1933.957,3.278
miharu-tribal-dokra-brass-earrings-19-2026-185-1-19_1.jpg,495,dokra craft,1590,937.446,0.59
miharu-tribal-dokra-brass-earrings-17-2026-185-1-17_1.jpg,495,dokra craft,1590,1072.274,0.674
miharu-tribal-dokra-brass-earrings-16-2026-185-1-16_1.jpg,495,dokra craft,1590,991.044,0.623
miharu-tribal-dokra-brass-earrings-15-2026-185-1-15_1.jpg,495,dokra craft,1590,949.887,0.597
miharu-tribal-dokra-brass-earrings-13-2026-185-1-13_1.jpg,495,dokra craft,1590,976.439,0.614
miharu-tribal-dokra-brass-earrings-12-2026-185-1-12_1.jpg,495,dokra craft,1590,1015.396,0.639
miharu-tribal-dokra-brass-earrings-11-2026-185-1-11_1.jpg,495,dokra craft,1590,938.093,0.59
german-silver-plated-ear-cuff-bugatti-bugadi-earrings-29-2026-111-1-29_1.jpg,628,oxidised metal craft,390,325.169,0.834
german-silver-plated-ear-cuff-bugatti-bugadi-earrings-27-2026-111-1-27_1.jpg,628,oxidised metal craft,390,351.582,0.901
german-silver-plated-ear-cuff-bugatti-bugadi-earrings-26-2026-111-1-26_1.jpg,628,oxidised metal craft,390,338.764,0.869
german-silver-plated-ear-cuff-bugatti-bugadi-earrings-25-2026-111-1-25_1.jpg,628,oxidised metal craft,390,345.709,0.886
german-silver-plated-ear-cuff-bugatti-bugadi-earrings-19-2026-111-1-19_1.jpg,628,oxidised metal craft,350,283.627,0.81
german-silver-plated-ear-cuff-bugatti-bugadi-earrings-18-2026-111-1-18_1.jpg,628,oxidised metal craft,350,261.069,0.746
german-silver-plated-ear-cuff-bugatti-bugadi-earrings-17-2026-111-1-17_1.jpg,628,oxidised metal craft,350,264.943,0.757
german-silver-plated-ear-cuff-bugatti-bugadi-earrings-16-2026-111-1-16_1.jpg,628,oxidised metal craft,350,275.495,0.787
german-silver-plated-ear-cuff-bugatti-bugadi-earrings-15-2026-111-1-15_1.jpg,628,oxidised metal craft,350,289.276,0.827
german-silver-plated-ear-cuff-bugatti-bugadi-earrings-14-2026-111-1-14_1.jpg,628,oxidised metal craft,350,277.893,0.794
german-silver-plated-ear-cuff-bugatti-bugadi-earrings-13-2026-111-1-13_1.jpg,628,oxidised metal craft,350,296.376,0.847
german-silver-plated-ear-cuff-bugatti-bugadi-earrings-09-2026-111-1-9_1.jpg,628,oxidised metal craft,350,304.205,0.869
german-silver-plated-ear-cuff-bugatti-bugadi-earrings-08-2026-111-1-8_1.jpg,628,oxidised metal craft,350,313.985,0.897
german-silver-plated-ear-cuff-bugatti-bugadi-earrings-07-2026-111-1-7_1.jpg,628,oxidised metal craft,350,315.883,0.903
german-silver-plated-ear-cuff-bugatti-bugadi-earrings-06-2026-111-1-6_1.jpg,628,oxidised metal craft,350,293.284,0.838
german-silver-plated-ear-cuff-bugatti-bugadi-earrings-05-2026-111-1-5_1.jpg,628,oxidised metal craft,350,287.908,0.823
german-silver-plated-ear-cuff-bugatti-bugadi-earrings-04-2026-111-1-4_1.jpg,628,oxidised metal craft,350,286.223,0.818
german-silver-plated-ear-cuff-bugatti-bugadi-earrings-03-2026-111-1-3_1.jpg,628,oxidised metal craft,350,316.659,0.905
german-silver-plated-ear-cuff-bugatti-bugadi-earrings-02-2026-111-1-2_1.jpg,628,oxidised metal craft,350,311.692,0.891
german-silver-plated-ear-cuff-bugatti-bugadi-earrings-20-2026-111-1-20_1.jpg,628,oxidised metal craft,490,367.278,0.75
german-silver-plated-ear-cuff-bugatti-bugadi-earrings-22-2026-111-1-22_1.jpg,628,oxidised metal craft,390,359.459,0.922
afiya-ghungroo-work-thread-earrings-2025-1849-1-11_1.jpg,637,thread work,390,594.041,1.523
noor-ghungroo-work-thread-earrings-2025-1849-1-10_1.jpg,637,thread work,390,602.689,1.545
ruhi-ghungroo-work-thread-earrings-2025-1849-1-9_1.jpg,637,thread work,390,599.05,1.536
hania-ghungroo-work-thread-earrings-2025-1849-1-8_1.jpg,637,thread work,390,625.051,1.603
zareen-ghungroo-work-thread-earrings-2025-1849-1-7_1.jpg,637,thread work,390,567.368,1.455
vaani-ghungroo-work-thread-earrings-2025-1849-1-6_1.jpg,637,thread work,390,604.605,1.55
nikhat-ghungroo-work-thread-earrings-2025-1849-1-5_1.jpg,637,thread work,390,590.946,1.515
ishita-ghungroo-work-thread-earrings-2025-1849-1-4_1.jpg,637,thread work,390,569.808,1.461
navya-ghungroo-work-thread-earrings-2025-1849-1-3_1.jpg,637,thread work,390,576.755,1.479
mayera-ghungroo-work-thread-earrings-2025-1849-1-2_1.jpg,637,thread work,390,587.969,1.508
amaira-ghungroo-work-thread-earrings-2025-1849-1-1_1.jpg,637,thread work,390,583.377,1.496
brass-metal-handcrafted-earrings-100-2025-1469-1-100_1.jpg,504,metal work,850,1015.66,1.195
brass-metal-handcrafted-earrings-99-2025-1469-1-99_1.jpg,504,metal work,850,906.957,1.067
brass-metal-handcrafted-earrings-98-2025-1469-1-98_1.jpg,504,metal work,850,934.625,1.1
brass-metal-handcrafted-earrings-97-2025-1469-1-97_1.jpg,504,metal work,850,851.276,1.002
brass-metal-handcrafted-earrings-95-2025-1469-1-95_1.jpg,504,metal work,850,995.628,1.171
brass-metal-handcrafted-earrings-94-2025-1469-1-94_1.jpg,504,metal work,850,1036.786,1.22
brass-metal-handcrafted-earrings-93-2025-1469-1-93_1.jpg,504,metal work,850,961.86,1.132
brass-metal-handcrafted-earrings-91-2025-1469-1-91_1.jpg,504,metal work,850,953.565,1.122
brass-metal-handcrafted-earrings-89-2025-1469-1-89_1.jpg,504,metal work,850,961.374,1.131
brass-metal-handcrafted-earrings-87-2025-1469-1-87_1.jpg,504,metal work,850,967.015,1.138
brass-metal-handcrafted-earrings-86-2025-1469-1-86_1.jpg,504,metal work,850,1061.173,1.248
brass-metal-handcrafted-earrings-85-2025-1469-1-85_1.jpg,504,metal work,850,1055.928,1.242
brass-metal-handcrafted-earrings-84-2025-1469-1-84_1.jpg,504,metal work,850,987.867,1.162
brass-metal-handcrafted-earrings-51-2025-1469-1-51_1.jpg,504,metal work,890,949.334,1.067
brass-metal-handcrafted-earrings-47-2025-1469-1-47_1.jpg,504,metal work,890,1101.289,1.237
brass-metal-handcrafted-earrings-42-2025-1469-1-42_1.jpg,504,metal work,890,951.67,1.069
brass-metal-handcrafted-earrings-41-2025-1469-1-41_1.jpg,504,metal work,890,898.058,1.009
brass-metal-handcrafted-earrings-37-2025-1469-1-37_1.jpg,504,metal work,850,1019.921,1.2
brass-metal-handcrafted-earrings-36-2025-1469-1-36_1.jpg,504,metal work,850,863.288,1.016
brass-metal-handcrafted-earrings-35-2025-1469-1-35_1.jpg,504,metal work,850,1047.291,1.232
brass-metal-handcrafted-earrings-34-2025-1469-1-34_1.jpg,504,metal work,850,1046.168,1.231
brass-metal-handcrafted-earrings-31-2025-1469-1-31_1.jpg,504,metal work,850,913.706,1.075
brass-metal-handcrafted-earrings-30-2025-1469-1-30_1.jpg,504,metal work,850,1040.453,1.224
brass-metal-handcrafted-earrings-29-2025-1469-1-29_1.jpg,504,metal work,850,924.884,1.088
brass-metal-handcrafted-earrings-27-2025-1469-1-27_1.jpg,504,metal work,750,965.171,1.287
brass-metal-handcrafted-earrings-26-2025-1469-1-26_1.jpg,504,metal work,750,1013.73,1.352
brass-metal-handcrafted-earrings-25-2025-1469-1-25_1.jpg,504,metal work,750,1054.462,1.406
brass-metal-handcrafted-earrings-23-2025-1469-1-23_1.jpg,504,metal work,750,887.383,1.183
brass-metal-handcrafted-earrings-22-2025-1469-1-22_1.jpg,504,metal work,750,952.866,1.27
fabart-kundan-earrings-maang-tikka-set-20-2025-1406-1-20_1.jpg,640,bead work,590,419.947,0.712
fabart-kundan-earrings-maang-tikka-set-19-2025-1406-1-19_1.jpg,640,bead work,590,365.74,0.62
fabart-kundan-earrings-maang-tikka-set-18-2025-1406-1-18_1.jpg,640,bead work,590,380.666,0.645
fabart-kundan-earrings-maang-tikka-set-17-2025-1406-1-17_1.jpg,640,bead work,590,415.613,0.704
fabart-kundan-earrings-maang-tikka-set-16-2025-1406-1-16_1.jpg,640,bead work,590,381.241,0.646
fabart-kundan-earrings-maang-tikka-set-15-2025-1406-1-15_1.jpg,640,bead work,590,377.78,0.64
fabart-kundan-earrings-maang-tikka-set-14-2025-1406-1-14_1.jpg,640,bead work,590,397.789,0.674
fabart-kundan-earrings-maang-tikka-set-13-2025-1406-1-13_1.jpg,640,bead work,590,414.685,0.703
fabart-kundan-earrings-maang-tikka-set-12-2025-1406-1-12_1.jpg,640,bead work,590,371.032,0.629
fabart-kundan-earrings-maang-tikka-set-10-2025-1406-1-10_1.jpg,640,bead work,590,378.773,0.642
fabart-kundan-earrings-maang-tikka-set-09-2025-1406-1-9_1.jpg,640,bead work,590,424.364,0.719
fabart-kundan-earrings-maang-tikka-set-08-2025-1406-1-8_1.jpg,640,bead work,590,390.498,0.662
fabart-kundan-earrings-maang-tikka-set-07-2025-1406-1-7_1.jpg,640,bead work,590,435.973,0.739
fabart-kundan-earrings-maang-tikka-set-06-2025-1406-1-6_1.jpg,640,bead work,590,432.741,0.733
fabart-kundan-earrings-maang-tikka-set-05-2025-1406-1-5_1.jpg,640,bead work,590,394.009,0.668
fabart-kundan-earrings-maang-tikka-set-04-2025-1406-1-4_1.jpg,640,bead work,590,402.678,0.683
fabart-kundan-earrings-maang-tikka-set-03-2025-1406-1-3_1.jpg,640,bead work,590,413.661,0.701
fabart-kundan-earrings-maang-tikka-set-02-2025-1406-1-2_1.jpg,640,bead work,590,458.664,0.777
fabart-kundan-earrings-maang-tikka-set-01-2025-1406-1-1_1.jpg,640,bead work,590,419.614,0.711
bishnupur-handpainted-terracotta-stud-earrings-178-2025-1376-1-178_1.jpg,603,bengal craft,190,354.59,1.866
bishnupur-handpainted-terracotta-stud-earrings-177-2025-1376-1-177_1.jpg,603,bengal craft,190,366.153,1.927
bishnupur-handpainted-terracotta-stud-earrings-176-2025-1376-1-176_1.jpg,603,bengal craft,190,359.8,1.894
bishnupur-handpainted-terracotta-stud-earrings-173-2025-1376-1-173_1.jpg,603,bengal craft,190,372.643,1.961
bishnupur-handpainted-terracotta-stud-earrings-170-2025-1376-1-170_1.jpg,603,bengal craft,190,374.963,1.973
bishnupur-handpainted-terracotta-earrings-139-2025-1376-1-139_1.jpg,603,bengal craft,350,391.954,1.12
bishnupur-handpainted-terracotta-earrings-137-2025-1376-1-137_1.jpg,603,bengal craft,350,389.863,1.114
bishnupur-handpainted-terracotta-earrings-135-2025-1376-1-135_1.jpg,603,bengal craft,290,373.995,1.29
bishnupur-handpainted-terracotta-earrings-128-2025-1376-1-128_1.jpg,603,bengal craft,250,410.235,1.641
bishnupur-handpainted-terracotta-earrings-120-2025-1376-1-120_1.jpg,603,bengal craft,290,358.704,1.237
bishnupur-handpainted-terracotta-earrings-119-2025-1376-1-119_1.jpg,603,bengal craft,290,370.932,1.279
bishnupur-handpainted-terracotta-earrings-107-2025-1376-1-107_1.jpg,603,bengal craft,250,448.077,1.792
bishnupur-handpainted-terracotta-earrings-105-2025-1376-1-105_1.jpg,603,bengal craft,250,463.442,1.854
bishnupur-handpainted-flower-shape-terracotta-earrings-100-2025-1376-1-100_1.jpg,603,bengal craft,290,557.263,1.922
bishnupur-handpainted-flower-shape-terracotta-earrings-99-2025-1376-1-99_1.jpg,603,bengal craft,290,567.796,1.958
bishnupur-handpainted-flower-shape-terracotta-earrings-98-2025-1376-1-98_1.jpg,603,bengal craft,290,555.258,1.915
bishnupur-handpainted-terracotta-jhumki-earrings-86-2025-1376-1-86_1.jpg,603,bengal craft,290,357.827,1.234
bishnupur-handpainted-terracotta-jhumki-earrings-85-2025-1376-1-85_1.jpg,603,bengal craft,290,445.193,1.535
bishnupur-handpainted-flower-shape-terracotta-stud-earrings-70-2025-1376-1-70_1.jpg,603,bengal craft,190,522.836,2.752
bishnupur-handpainted-terracotta-earrings-56-2025-1376-1-56_1.jpg,603,bengal craft,290,425.159,1.466
bishnupur-handpainted-terracotta-earrings-55-2025-1376-1-55_1.jpg,603,bengal craft,290,420.757,1.451
bishnupur-handpainted-terracotta-earrings-54-2025-1376-1-54_1.jpg,603,bengal craft,290,419.811,1.448
bishnupur-handpainted-terracotta-jhumki-earrings-49-2025-1376-1-49_1.jpg,603,bengal craft,290,447.796,1.544
bishnupur-handpainted-terracotta-jhumki-earrings-48-2025-1376-1-48_1.jpg,603,bengal craft,290,447.73,1.544
bishnupur-handpainted-terracotta-earrings-45-2025-1376-1-45_1.jpg,603,bengal craft,290,368.854,1.272
bishnupur-handpainted-terracotta-stud-earrings-43-2025-1376-1-43_1.jpg,603,bengal craft,190,332.064,1.748
bishnupur-handpainted-terracotta-stud-earrings-42-2025-1376-1-42_1.jpg,603,bengal craft,190,354.38,1.865
bishnupur-handpainted-terracotta-stud-earrings-41-2025-1376-1-41_1.jpg,603,bengal craft,190,355.454,1.871
bishnupur-handpainted-terracotta-stud-earrings-174-2025-1376-1-174_1.jpg,603,bengal craft,190,371.633,1.956
bishnupur-handpainted-terracotta-stud-earrings-101-2025-1376-1-101_1.jpg,603,bengal craft,190,367.409,1.934
bishnupur-handpainted-flower-shape-terracotta-earrings-147-2025-1376-1-147_1.jpg,603,bengal craft,390,580.61,1.489
bishnupur-handpainted-terracotta-jhumki-earrings-155-2025-1376-1-155_1.jpg,603,bengal craft,290,374.462,1.291
bishnupur-handpainted-terracotta-jhumki-earrings-117-2025-1376-1-117_1.jpg,603,bengal craft,290,470.669,1.623
bishnupur-handpainted-terracotta-jhumki-earrings-116-2025-1376-1-116_1.jpg,603,bengal craft,290,537.924,1.855
bishnupur-handpainted-terracotta-earrings-151-2025-1376-1-151_1.jpg,603,bengal craft,290,411.217,1.418
bishnupur-handpainted-terracotta-earrings-141-2025-1376-1-141_1.jpg,603,bengal craft,250,346.887,1.388
bishnupur-handpainted-terracotta-earrings-136-2025-1376-1-136_1.jpg,603,bengal craft,350,407.387,1.164
bishnupur-handpainted-terracotta-earrings-131-2025-1376-1-131_1.jpg,603,bengal craft,290,375.855,1.296
bishnupur-handpainted-terracotta-earrings-127-2025-1376-1-127_1.jpg,603,bengal craft,250,410.562,1.642
bishnupur-handpainted-terracotta-earrings-118-2025-1376-1-118_1.jpg,603,bengal craft,290,356.393,1.229
bishnupur-handpainted-terracotta-earrings-113-2025-1376-1-113_1.jpg,603,bengal craft,290,399.569,1.378
bishnupur-handpainted-terracotta-stud-earrings-169-2025-1376-1-169_1.jpg,603,bengal craft,190,391.724,2.062
bishnupur-handpainted-leaf-shape-terracotta-earrings-108-2025-1376-1-108_1.jpg,603,bengal craft,250,503.267,2.013
bishnupur-handpainted-flower-shape-terracotta-earrings-96-2025-1376-1-96_1.jpg,603,bengal craft,290,566.348,1.953
bishnupur-handpainted-terracotta-jhumki-earrings-47-2025-1376-1-47_1.jpg,603,bengal craft,290,448.818,1.548
bishnupur-handpainted-terracotta-earrings-44-2025-1376-1-44_1.jpg,603,bengal craft,290,359.213,1.239
bishnupur-handpainted-terracotta-stud-earrings-40-2025-1376-1-40_1.jpg,603,bengal craft,190,365.911,1.926
aaradhya-ghungroo-work-fabart-handmade-earrings-2025-1338-1-43_1.jpg,646,fabart,350,373.601,1.067
varisha-german-silver-jhumki-earrings-with-wooden-bird-2025-1119-1-22_1.jpg,651,oxidised metal craft,490,525.973,1.073
aaradhya-german-silver-jhumki-earrings-with-wooden-bird-2025-1119-1-19_1.jpg,651,oxidised metal craft,490,484.019,0.988
avni-german-silver-jhumki-earrings-with-wooden-bird-2025-1119-1-18_1.jpg,651,oxidised metal craft,490,501.263,1.023
ronak-german-silver-jhumki-earrings-with-wooden-bird-2025-1119-1-17_1.jpg,651,oxidised metal craft,490,560.683,1.144
kavya-fabart-earrings-with-kundan-beads-2025-1119-1-15_1.jpg,652,fabart,490,428.268,0.874
noor-german-silver-jhumki-earrings-with-wooden-bird-2025-1119-1-16_1.jpg,651,oxidised metal craft,490,554.838,1.132
alina-wooden-beads-earrings-with-german-silver-birds-2025-612-1-23_1.jpg,662,oxidised metal craft,390,362.905,0.931
trisha-wooden-beads-earrings-with-german-silver-birds-2025-612-1-26_1.jpg,662,oxidised metal craft,390,347.679,0.891
bhavya-wooden-beads-earrings-with-german-silver-birds-2025-612-1-27_1.jpg,662,oxidised metal craft,390,375.506,0.963
swara-wooden-beads-earrings-with-german-silver-birds-2025-612-1-28_1.jpg,662,oxidised metal craft,390,377.14,0.967
ashi-wooden-beads-earrings-with-german-silver-birds-2025-612-1-30_1.jpg,662,oxidised metal craft,390,355.222,0.911
tanvi-wooden-beads-earrings-with-german-silver-birds-2025-612-1-31_1.jpg,662,oxidised metal craft,390,361.326,0.926
lavina-wooden-beads-earrings-with-german-silver-birds-2025-612-1-32_1.jpg,662,oxidised metal craft,390,349.752,0.897
mishti-wooden-beads-earrings-with-german-silver-birds-2025-612-1-33_1.jpg,662,oxidised metal craft,390,376.84,0.966
myra-wooden-beads-earrings-with-german-silver-birds-2025-612-1-35_1.jpg,662,oxidised metal craft,390,363.109,0.931
avni-wooden-beads-earrings-with-german-silver-birds-2025-612-1-19_1.jpg,662,oxidised metal craft,390,355.204,0.911
aaradhya-wooden-beads-earrings-with-german-silver-birds-2025-612-1-17_1.jpg,662,oxidised metal craft,390,377.434,0.968
kavya-wooden-beads-earrings-with-german-silver-birds-2025-612-1-16_1.jpg,662,oxidised metal craft,390,357.663,0.917
saanvi-wooden-beads-earrings-with-german-silver-birds-2025-612-1-15_1.jpg,662,oxidised metal craft,390,365.869,0.938
vanya-wooden-beads-earrings-with-german-silver-birds-2025-612-1-21_1.jpg,662,oxidised metal craft,390,348.685,0.894
avira-wooden-beads-earrings-with-german-silver-birds-2025-612-1-22_1.jpg,662,oxidised metal craft,390,368.485,0.945
anaya-wooden-beads-earrings-with-german-silver-birds-2025-612-1-14_1.jpg,662,oxidised metal craft,390,342.651,0.879
noor-wooden-beads-earrings-with-german-silver-birds-2025-612-1-13_1.jpg,662,oxidised metal craft,390,362.219,0.929
zoya-wooden-beads-earrings-with-german-silver-birds-2025-612-1-12_1.jpg,662,oxidised metal craft,390,341.112,0.875
vedika-thread-work-gs-fabart-earrings-2025-417-1-21_1.jpg,667,fabart,450,386.89,0.86
shipra-thread-work-gs-fabart-earrings-2025-417-1-20_1.jpg,668,fabart,450,421.43,0.937
ruchi-thread-work-gs-fabart-earrings-2025-417-1-19_1.jpg,668,fabart,450,407.8,0.906
sunaina-thread-work-gs-fabart-earrings-2025-417-1-15_1.jpg,668,fabart,450,422.256,0.938
alisha-thread-work-gs-fabart-earrings-2025-417-1-12_1.jpg,668,fabart,450,396.199,0.88
ishita-thread-work-gs-fabart-earrings-2025-417-1-11_1.jpg,668,fabart,450,416.049,0.925
vaani-thread-work-gs-fabart-earrings-2025-417-1-9_1.jpg,667,fabart,450,426.694,0.948
amaira-thread-work-gs-fabart-earrings-2025-417-1-8_1.jpg,668,fabart,450,398.543,0.886
german-silver-plated-ethnic-drop-earrings-100-2025-109-3-100_1.jpg,677,oxidised metal craft,990,974.409,0.984
german-silver-plated-ethnic-drop-earrings-99-2025-109-3-99_1.jpg,677,oxidised metal craft,990,984.153,0.994
german-silver-plated-ethnic-drop-earrings-98-2025-109-3-98_1.jpg,677,oxidised metal craft,990,1007.607,1.018
german-silver-plated-ethnic-drop-earrings-97-2025-109-3-97_1.jpg,677,oxidised metal craft,990,949.431,0.959
german-silver-plated-ethnic-drop-earrings-96-2025-109-3-96_1.jpg,677,oxidised metal craft,990,962.038,0.972
german-silver-plated-ethnic-drop-earrings-82-2025-109-3-82_1.jpg,677,oxidised metal craft,990,1227.42,1.24
german-silver-plated-ethnic-drop-earrings-81-2025-109-3-81_1.jpg,677,oxidised metal craft,990,1159.385,1.171
german-silver-plated-ethnic-drop-earrings-79-2025-109-3-79_1.jpg,677,oxidised metal craft,990,1200.245,1.212
german-silver-plated-ethnic-drop-earrings-78-2025-109-3-78_1.jpg,677,oxidised metal craft,990,1243.636,1.256
german-silver-plated-ethnic-drop-earrings-77-2025-109-3-77_1.jpg,677,oxidised metal craft,990,1242.518,1.255
german-silver-plated-ethnic-drop-earrings-66-2025-109-3-66_1.jpg,677,oxidised metal craft,850,997.334,1.173
german-silver-plated-ethnic-drop-earrings-65-2025-109-3-65_1.jpg,677,oxidised metal craft,850,1012.211,1.191
german-silver-plated-ethnic-drop-earrings-64-2025-109-3-64_1.jpg,677,oxidised metal craft,850,1078.173,1.268
german-silver-plated-ethnic-drop-earrings-63-2025-109-3-63_1.jpg,677,oxidised metal craft,850,1017.218,1.197
german-silver-plated-ethnic-drop-earrings-60-2025-109-3-60_1.jpg,677,oxidised metal craft,1350,1013.416,0.751
german-silver-plated-ethnic-drop-earrings-59-2025-109-3-59_1.jpg,677,oxidised metal craft,1350,997.256,0.739
german-silver-plated-ethnic-drop-earrings-58-2025-109-3-58_1.jpg,677,oxidised metal craft,1350,902.913,0.669
german-silver-plated-ethnic-drop-earrings-57-2025-109-3-57_1.jpg,677,oxidised metal craft,1350,937.889,0.695
german-silver-plated-ethnic-drop-earrings-55-2025-109-3-55_1.jpg,677,oxidised metal craft,1350,938.431,0.695
german-silver-plated-ethnic-drop-earrings-54-2025-109-3-54_1.jpg,677,oxidised metal craft,1350,982.779,0.728
german-silver-plated-ethnic-drop-earrings-53-2025-109-3-53_1.jpg,677,oxidised metal craft,1350,935.778,0.693
german-silver-plated-ethnic-drop-earrings-52-2025-109-3-52_1.jpg,677,oxidised metal craft,1350,956.884,0.709
german-silver-plated-ethnic-drop-earrings-51-2025-109-3-51_1.jpg,677,oxidised metal craft,1350,936.471,0.694
german-silver-plated-ethnic-drop-earrings-50-2025-109-3-50_1.jpg,677,oxidised metal craft,1350,979.04,0.725
german-silver-plated-ethnic-drop-earrings-49-2025-109-3-49_1.jpg,677,oxidised metal craft,1350,1003.98,0.744
german-silver-plated-ethnic-drop-earrings-48-2025-109-3-48_1.jpg,677,oxidised metal craft,1350,1034.635,0.766
german-silver-plated-ethnic-drop-earrings-95-2025-109-3-95_1.jpg,677,oxidised metal craft,990,952.919,0.963
german-silver-plated-ethnic-drop-earrings-76-2025-109-3-76_1.jpg,677,oxidised metal craft,990,1284.836,1.298
german-silver-plated-ethnic-drop-earrings-61-2025-109-3-61_1.jpg,677,oxidised metal craft,850,1025.074,1.206
german-silver-plated-ethnic-drop-earrings-47-2025-109-3-47_1.jpg,677,oxidised metal craft,1350,1018.201,0.754
german-silver-plated-ethnic-drop-earrings-24-2025-109-3-24_1.jpg,677,oxidised metal craft,1950,1153.12,0.591
german-silver-plated-ethnic-drop-earrings-23-2025-109-3-23_1.jpg,677,oxidised metal craft,1950,1179.136,0.605
german-silver-plated-ethnic-drop-earrings-22-2025-109-3-22_1.jpg,677,oxidised metal craft,1950,1158.797,0.594
german-silver-plated-ethnic-drop-earrings-21-2025-109-3-21_1.jpg,677,oxidised metal craft,1950,1152.162,0.591
somya-gs-fabart-handmade-earrings-2025-161-1-31_1.jpg,685,oxidised metal craft,350,328.845,0.94
noor-gs-fabart-handmade-earrings-2025-161-1-30_1.jpg,685,oxidised metal craft,350,327.324,0.935
kavya-gs-fabart-handmade-earrings-2025-161-1-17_1.jpg,688,oxidised metal craft,350,357.096,1.02
shifa-gs-fabart-handmade-earrings-2025-161-1-10_1.jpg,688,oxidised metal craft,350,368.675,1.053
alisha-gs-fabart-handmade-earrings-2025-161-1-5_1.jpg,691,oxidised metal craft,350,343.323,0.981
aliya-gs-fabart-handmade-earrings-2025-161-1-2_1.jpg,688,oxidised metal craft,350,347.659,0.993
ayat-fabart-handmade-pearl-earrings-2024-1711-1-20_1.jpg,693,fabart,350,243.416,0.695
noseen-fabart-handmade-pearl-earrings-2024-1711-1-19_1.jpg,693,fabart,350,248.731,0.711
nayra-fabart-handmade-pearl-earrings-2024-1711-1-16_1.jpg,693,fabart,350,265.017,0.757
seenat-fabart-handmade-pearl-earrings-2024-1711-1-15_1.jpg,693,fabart,350,238.62,0.682
shifa-fabart-handmade-pearl-earrings-2024-1711-1-13_1.jpg,693,fabart,350,249.425,0.713
maahi-fabart-handmade-pearl-earrings-2024-1711-1-11_1.jpg,693,fabart,350,278.067,0.794
ishra-fabart-handmade-pearl-earrings-2024-1711-1-10_1.jpg,693,fabart,350,249.204,0.712
vedika-fabart-handmade-pearl-earrings-2024-1711-1-8_1.jpg,693,fabart,350,268.362,0.767
rumi-fabart-handmade-pearl-earrings-2024-1711-1-6_1.jpg,693,fabart,350,255.537,0.73
suhana-fabart-handmade-pearl-earrings-2024-1711-1-5_1.jpg,693,fabart,350,251.272,0.718
jannat-fabart-handmade-pearl-earrings-2024-1711-1-3_1.jpg,693,fabart,350,255.802,0.731
savi-fabart-handmade-pearl-earrings-2024-1711-1-2_1.jpg,693,fabart,350,241.576,0.69
amaira-fabart-handmade-pearl-earrings-2024-1711-1-1_1.jpg,693,fabart,350,263.367,0.752
nidha-stone-work-fabart-earrings-2024-1671-1-15_1.jpg,695,stone work,250,411.214,1.645
sonali-stone-work-fabart-earrings-2024-1671-1-14_1.jpg,695,stone work,250,415.695,1.663
anayza-stone-work-fabart-earrings-2024-1671-1-13_1.jpg,695,stone work,250,421.254,1.685
mahira-stone-work-fabart-earrings-2024-1671-1-12_1.jpg,695,stone work,250,439.629,1.759
aliya-stone-work-fabart-earrings-2024-1671-1-10_1.jpg,695,stone work,250,399.986,1.6
ayat-stone-work-fabart-earrings-2024-1671-1-8_1.jpg,695,stone work,250,403.838,1.615
mayra-stone-work-fabart-earrings-2024-1671-1-5_1.jpg,695,stone work,250,402.336,1.609
shaheen-stone-work-fabart-earrings-2024-1671-1-4_1.jpg,695,stone work,250,400.232,1.601
raahi-stone-work-fabart-earrings-2024-1671-1-3_1.jpg,695,stone work,250,434.904,1.74
shifa-stone-work-fabart-earrings-2024-1671-1-2_1.jpg,695,stone work,250,432.253,1.729
anvika-stone-work-fabart-earrings-2024-1671-1-1_1.jpg,695,stone work,250,395.17,1.581
monika-handcrafted-gs-shell-work-fabart-earrings-2024-1502-1-97_1.jpg,698,oxidised metal craft,350,218.285,0.624
tahira-handcrafted-gs-shell-work-fabart-earrings-2024-1502-1-91_1.jpg,698,oxidised metal craft,350,225.301,0.644
arushi-handcrafted-gs-fabart-phool-kali-earrings-2024-1502-1-79_1.jpg,699,oxidised metal craft,350,268.703,0.768
vedika-handcrafted-gs-fabart-phool-kali-earrings-2024-1502-1-70_1.jpg,699,oxidised metal craft,350,217.013,0.62
ruhani-handcrafted-gs-fabart-phool-kali-earrings-2024-1502-1-68_1.jpg,699,oxidised metal craft,350,278.862,0.797
sana-handcrafted-gs-fabart-phool-kali-earrings-2024-1502-1-51_1.jpg,699,oxidised metal craft,350,250.362,0.715
yasmeen-handcrafted-gs-fabart-phool-kali-earrings-2024-1502-1-50_1.jpg,699,oxidised metal craft,350,237.119,0.677
karina-handcrafted-gs-fabart-phool-kali-earrings-2024-1502-1-48_1.jpg,699,oxidised metal craft,350,208.921,0.597
niya-handcrafted-gs-fabart-jhumki-earrings-2024-1502-1-40_1.jpg,698,oxidised metal craft,490,240.697,0.491
abira-handcrafted-gs-fabart-jhumki-earrings-2024-1502-1-38_1.jpg,698,oxidised metal craft,490,230.459,0.47
reem-handcrafted-gs-fabart-jhumki-earrings-2024-1502-1-36_1.jpg,698,oxidised metal craft,490,213.595,0.436
prachi-handcrafted-gs-fabart-jhumki-earrings-2024-1502-1-35_1.jpg,698,oxidised metal craft,490,171.625,0.35
nayra-handcrafted-gs-fabart-jhumki-earrings-2024-1502-1-33_1.jpg,698,oxidised metal craft,490,210.345,0.429
suchi-handcrafted-gs-fabart-jhumki-earrings-2024-1502-1-30_1.jpg,698,oxidised metal craft,490,230.802,0.471
pihu-handcrafted-gs-fabart-jhumki-earrings-2024-1502-1-27_1.jpg,698,oxidised metal craft,490,199.098,0.406
shipra-handcrafted-gs-fabart-jhumki-earrings-2024-1502-1-26_1.jpg,698,oxidised metal craft,490,224.564,0.458
trisha-handcrafted-gs-fabart-jhumki-earrings-2024-1502-1-24_1.jpg,698,oxidised metal craft,490,210.009,0.429
mayra-handcrafted-gs-fabart-jhumki-earrings-2024-1502-1-21_1.jpg,698,oxidised metal craft,490,196.58,0.401
zeba-handcrafted-gs-fabart-jhumki-earrings-2024-1502-1-19_1.jpg,698,oxidised metal craft,490,238.034,0.486
zesika-handcrafted-gs-shell-work-fabart-earrings-2024-1502-1-10_1.jpg,698,oxidised metal craft,350,257.706,0.736
somya-handcrafted-gs-shell-work-fabart-earrings-2024-1502-1-8_1.jpg,698,oxidised metal craft,350,219.545,0.627
anika-handcrafted-gs-shell-work-fabart-earrings-2024-1502-1-7_1.jpg,698,oxidised metal craft,350,229.494,0.656
rasha-handcrafted-gs-shell-work-fabart-earrings-2024-1502-1-5_1.jpg,698,oxidised metal craft,350,213.518,0.61
sanam-handcrafted-gs-shell-work-fabart-earrings-2024-1502-1-3_1.jpg,698,oxidised metal craft,350,240.141,0.686
ruhi-handcrafted-gs-shell-work-fabart-earrings-2024-1502-1-2_1.jpg,698,oxidised metal craft,350,217.695,0.622
ashika-handcrafted-gs-fabart-phool-kali-earrings-2024-1502-1-45_1.jpg,699,oxidised metal craft,350,247.624,0.707
afreen-handcrafted-gs-fabart-jhumki-earrings-2024-1502-1-16_1.jpg,698,oxidised metal craft,490,192.206,0.392
zohra-handcrafted-gs-shell-work-fabart-earrings-2024-1502-1-1_1.jpg,698,oxidised metal craft,350,197.593,0.565
humera-handcrafted-gs-fabart-earrings-2024-1292-1-10_1.jpg,706,oxidised metal craft,350,433.95,1.24
nikhat-handcrafted-gs-fabart-earrings-2024-1292-1-9_1.jpg,706,oxidised metal craft,350,385.436,1.101
alina-handcrafted-gs-shell-work-fabart-earrings-2024-1292-1-5_1.jpg,706,oxidised metal craft,350,435.519,1.244
zahira-handcrafted-gs-shell-work-fabart-earrings-2024-1292-1-4_1.jpg,706,oxidised metal craft,350,464.924,1.328
anay-handcrafted-gs-shell-work-fabart-earrings-2024-1292-1-3_1.jpg,706,oxidised metal craft,350,486.015,1.389
shifa-handcrafted-gs-shell-work-fabart-earrings-2024-1292-1-2_1.jpg,706,oxidised metal craft,350,461.112,1.317
yasmin-handcrafted-gs-fabart-earrings-2024-1292-1-7_1.jpg,706,oxidised metal craft,350,372.41,1.064
aliya-handcrafted-gs-shell-work-fabart-earrings-01-2024-1292-1-1aliya-handcrafted-gs-shell-work-fabart-earrings-01-2024-1292-1-1_1.jpg,706,oxidised metal craft,350,461.976,1.32
rahima-handcrafted-gs-fabart-earrings-2024-1281-1-9_1.jpg,709,oxidised metal craft,350,366.819,1.048
naimat-handcrafted-gs-fabart-earrings-2024-1281-1-7_1.jpg,711,oxidised metal craft,350,398.256,1.138
falak-german-silver-fabart-earrings-2024-1198-1-12_1.jpg,717,oxidised metal craft,250,283.363,1.133
aliya-german-silver-fabart-earrings-2024-1198-1-11_1.jpg,717,oxidised metal craft,250,250.295,1.001
humera-german-silver-fabart-earrings-2024-1198-1-10_1.jpg,717,oxidised metal craft,350,309.603,0.885
nikhat-german-silver-fabart-earrings-2024-1198-1-9_1.jpg,717,oxidised metal craft,250,263.663,1.055
yasmin-german-silver-fabart-earrings-2024-1198-1-7_1.jpg,717,oxidised metal craft,250,245.595,0.982
somya-german-silver-fabart-earrings-2024-1198-1-6_1.jpg,717,oxidised metal craft,250,250.22,1.001
zahira-german-silver-fabart-earrings-2024-1198-1-4_1.jpg,717,oxidised metal craft,250,274.33,1.097
anay-german-silver-fabart-earrings-2024-1198-1-3_1.jpg,717,oxidised metal craft,250,252.674,1.011
shifa-german-silver-fabart-earrings-2024-1198-1-2_1.jpg,717,oxidised metal craft,250,261.773,1.047
zoya-german-silver-fabart-earrings-2024-1198-1-1_1.jpg,717,oxidised metal craft,250,254.177,1.017
2023-792-1-156-handcrafted-paka-meenakari-stud-earrings_1.jpg,514,meenakari work,690,653.265,0.947
2023-792-1-149-handcrafted-paka-meenakari-stud-earrings_1.jpg,514,meenakari work,690,637.281,0.924
2023-792-1-138-handcrafted-paka-meenakari-earrings_1.jpg,514,meenakari work,450,757.345,1.683
2023-792-1-119-handcrafted-paka-meenakari-earrings_1.jpg,514,meenakari work,450,747.159,1.66
2023-792-1-97-handcrafted-paka-meenakari-earrings_1.jpg,514,meenakari work,450,672.422,1.494
2023-792-1-96-handcrafted-paka-meenakari-earrings_1.jpg,514,meenakari work,450,655.992,1.458
2023-625-1-197-miniature-handpainted-wooden-earrings_1.jpg,744,miniature art,790,1188.148,1.504
2023-625-1-164-miniature-handpainted-wooden-earrings_1.jpg,744,miniature art,790,1031.474,1.306
2023-625-1-117-miniature-handpainted-wooden-earrings_1.jpg,744,miniature art,790,1147.663,1.453
2023-625-1-116-miniature-handpainted-wooden-earrings_1.jpg,744,miniature art,790,1206.14,1.527
2023-625-1-106-miniature-handpainted-wooden-earrings_1.jpg,744,miniature art,790,949.02,1.201
2023-625-1-84-miniature-handpainted-wooden-earrings_1.jpg,744,miniature art,790,993.59,1.258
2023-625-1-56-miniature-handpainted-wooden-earrings_1.jpg,744,miniature art,790,959.115,1.214
2023-625-1-46-miniature-handpainted-wooden-earrings_1.jpg,744,miniature art,790,998.345,1.264
2023-625-1-42-miniature-handpainted-wooden-earrings_1.jpg,744,miniature art,790,1013.697,1.283
2023-625-1-40-miniature-handpainted-wooden-earrings_1.jpg,744,miniature art,790,1041.827,1.319
2023-510-1-215-handcrafted-fabart-earrings-by-asalkaar_1.jpg,745,fabart,490,363.397,0.742
2023-510-1-201-handcrafted-fabart-earrings-by-asalkaar_1.jpg,745,fabart,490,381.256,0.778
2023-510-1-196-handcrafted-fabart-earrings-by-asalkaar_1.jpg,745,fabart,490,380.81,0.777
2023-510-1-193-handcrafted-fabart-earrings-by-asalkaar_1.jpg,745,fabart,490,313.435,0.64
2023-510-1-171-handcrafted-fabart-earrings-by-asalkaar_1.jpg,745,fabart,490,474.612,0.969
2023-510-1-167-handcrafted-fabart-earrings-by-asalkaar_1.jpg,745,fabart,490,349.351,0.713
2023-510-1-156-handcrafted-fabart-earrings-by-asalkaar_1.jpg,745,fabart,490,310.897,0.634
2023-510-1-155-handcrafted-fabart-earrings-by-asalkaar_1.jpg,745,fabart,490,330.204,0.674
2023-510-1-146-handcrafted-fabart-earrings-by-asalkaar_1.jpg,745,fabart,490,347.506,0.709
2023-510-1-142-handcrafted-fabart-earrings-by-asalkaar_1.jpg,745,fabart,490,395.187,0.807
2023-510-1-137-handcrafted-fabart-earrings-by-asalkaar_1.jpg,745,fabart,490,407.096,0.831
2023-510-1-125-handcrafted-fabart-earrings-by-asalkaar_1.jpg,745,fabart,490,370.768,0.757
2023-510-1-120-handcrafted-fabart-earrings-by-asalkaar_1.jpg,745,fabart,490,354.976,0.724
2023-510-1-119-handcrafted-fabart-earrings-by-asalkaar_1.jpg,745,fabart,490,355.985,0.727
2023-510-1-108-handcrafted-fabart-earrings-by-asalkaar_1.jpg,745,fabart,490,346.042,0.706
2023-510-1-102-handcrafted-fabart-earrings-by-asalkaar_1.jpg,745,fabart,490,362.504,0.74
2023-510-1-99-handcrafted-fabart-earrings-by-asalkaar_1.jpg,745,fabart,490,395.984,0.808
2023-510-1-98-handcrafted-fabart-earrings-by-asalkaar_1.jpg,745,fabart,490,405.927,0.828
2023-510-1-97-handcrafted-fabart-earrings-by-asalkaar_1.jpg,745,fabart,490,399.383,0.815
2023-510-1-96-handcrafted-fabart-earrings-by-asalkaar_1.jpg,745,fabart,490,408.402,0.833
2023-510-1-92-handcrafted-fabart-earrings-by-asalkaar_1.jpg,745,fabart,490,428.897,0.875
2023-510-1-87-handcrafted-fabart-earrings-by-asalkaar_1.jpg,745,fabart,490,403.448,0.823
2023-510-1-86-handcrafted-fabart-earrings-by-asalkaar_1.jpg,745,fabart,490,417.022,0.851
2023-510-1-85-handcrafted-fabart-earrings-by-asalkaar_1.jpg,745,fabart,490,437.101,0.892
2023-510-1-84-handcrafted-fabart-earrings-by-asalkaar_1.jpg,745,fabart,490,424.227,0.866
2023-510-1-80-handcrafted-fabart-earrings-by-asalkaar_1.jpg,745,fabart,490,394.048,0.804
2023-510-1-79-handcrafted-fabart-earrings-by-asalkaar_1.jpg,745,fabart,490,421.035,0.859
2023-510-1-76-handcrafted-fabart-earrings-by-asalkaar_1.jpg,745,fabart,490,361.179,0.737
2023-510-1-75-handcrafted-fabart-earrings-by-asalkaar_1.jpg,745,fabart,490,383.856,0.783
2023-510-1-71-handcrafted-fabart-earrings-by-asalkaar_1.jpg,745,fabart,490,357.721,0.73
2023-510-1-70-handcrafted-fabart-earrings-by-asalkaar_1.jpg,745,fabart,490,389.1,0.794
2023-510-1-67-handcrafted-fabart-earrings-by-asalkaar_1.jpg,745,fabart,490,339.627,0.693
2023-510-1-66-handcrafted-fabart-earrings-by-asalkaar_1.jpg,745,fabart,490,361.22,0.737
2023-510-1-65-handcrafted-fabart-earrings-by-asalkaar_1.jpg,745,fabart,490,358.114,0.731
2023-510-1-61-handcrafted-fabart-earrings-by-asalkaar_1.jpg,745,fabart,490,383.102,0.782
2023-510-1-60-handcrafted-fabart-earrings-by-asalkaar_1.jpg,745,fabart,490,342.977,0.7
2023-510-1-59-handcrafted-fabart-earrings-by-asalkaar_1.jpg,745,fabart,490,361.474,0.738
2023-510-1-58-handcrafted-fabart-earrings-by-asalkaar_1.jpg,745,fabart,490,368.224,0.751
2023-510-1-57-handcrafted-fabart-earrings-by-asalkaar_1.jpg,745,fabart,490,336.358,0.686
2023-510-1-56-handcrafted-fabart-earrings-by-asalkaar_1.jpg,745,fabart,490,377.755,0.771
2023-510-1-55-handcrafted-fabart-earrings-by-asalkaar_1.jpg,745,fabart,490,351.214,0.717
2023-510-1-53-handcrafted-fabart-earrings-by-asalkaar_1.jpg,745,fabart,490,354.657,0.724
2023-510-1-52-handcrafted-fabart-earrings-by-asalkaar_1.jpg,745,fabart,490,355.41,0.725
2023-510-1-51-handcrafted-fabart-earrings-by-asalkaar_1.jpg,745,fabart,490,399.062,0.814
2023-510-1-47-handcrafted-fabart-earrings-by-asalkaar_1.jpg,745,fabart,490,369.248,0.754
2023-510-1-46-handcrafted-fabart-earrings-by-asalkaar_1.jpg,745,fabart,490,366.58,0.748
2023-510-1-44-handcrafted-fabart-earrings-by-asalkaar_1.jpg,745,fabart,490,375.942,0.767
2023-510-1-43-handcrafted-fabart-earrings-by-asalkaar_1.jpg,745,fabart,490,377.823,0.771
2023-510-1-40-handcrafted-fabart-earrings-by-asalkaar_1.jpg,745,fabart,490,408.027,0.833
2023-510-1-39-handcrafted-fabart-earrings-by-asalkaar_1.jpg,745,fabart,490,379.135,0.774
2023-510-1-38-handcrafted-fabart-earrings-by-asalkaar_1.jpg,745,fabart,490,355.311,0.725
2023-510-1-37-handcrafted-fabart-earrings-by-asalkaar_1.jpg,745,fabart,490,357.615,0.73
2023-510-1-36-handcrafted-fabart-earrings-by-asalkaar_1.jpg,745,fabart,490,370.472,0.756
2023-510-1-35-handcrafted-fabart-earrings-by-asalkaar_1.jpg,745,fabart,490,357.389,0.729
2023-510-1-30-handcrafted-fabart-earrings-by-asalkaar_1.jpg,745,fabart,490,363.24,0.741
2023-510-1-29-handcrafted-fabart-earrings-by-asalkaar_1.jpg,745,fabart,490,380.428,0.776
2023-510-1-27-handcrafted-fabart-earrings-by-asalkaar_1.jpg,745,fabart,490,363.931,0.743
2023-510-1-26-handcrafted-fabart-earrings-by-asalkaar-1_1.jpg,745,fabart,490,383.864,0.783
2023-510-1-22-handcrafted-fabart-earrings-by-asalkaar_1.jpg,745,fabart,490,413.458,0.844
2023-510-1-16-handcrafted-fabart-earrings-by-asalkaar_1.jpg,745,fabart,490,418.323,0.854
2023-510-1-15-handcrafted-fabart-earrings-by-asalkaar_1.jpg,745,fabart,490,436.454,0.891
2023-510-1-13-handcrafted-fabart-earrings-by-asalkaar_1.jpg,745,fabart,490,424.443,0.866
2023-510-1-1-handcrafted-fabart-earrings-by-asalkaar_1.jpg,745,fabart,490,426.566,0.871
2023-447-1-12-brass-metal-handcrafted-dokra-earrings-by-asalkaar_1.jpg,504,metal work,750,758.716,1.012
2023-447-1-11-brass-metal-handcrafted-dokra-earrings-by-asalkaar_1.jpg,504,metal work,750,784.008,1.045
2023-447-1-10-brass-metal-handcrafted-dokra-earrings-by-asalkaar_1.jpg,504,metal work,490,506.058,1.033
2023-447-1-9-brass-metal-handcrafted-dokra-earrings-by-asalkaar_1.jpg,504,metal work,550,514.383,0.935
2023-447-1-7-brass-metal-handcrafted-dokra-earrings-by-asalkaar_1.jpg,504,metal work,550,510.147,0.928
2023-447-1-6-brass-metal-handcrafted-dokra-earrings-by-asalkaar_1.jpg,504,metal work,550,501.571,0.912
2023-447-1-5-brass-metal-handcrafted-dokra-earrings-by-asalkaar_1.jpg,504,metal work,490,505.747,1.032
2023-447-1-2-brass-metal-handcrafted-dokra-earrings-by-asalkaar_1.jpg,504,metal work,390,488.007,1.251
2023-441-1-18-handcrafted-bamboo-earrings-by-daya-patki_1.jpg,596,bamboo craft,500,417.305,0.835
2023-441-1-17-handcrafted-bamboo-earrings-by-daya-patki_1.jpg,596,bamboo craft,540,427.333,0.791
2023-441-1-14-handcrafted-bamboo-earrings-by-daya-patki_1.jpg,596,bamboo craft,500,405.79,0.812
2023-441-1-5-handcrafted-bamboo-earrings-by-daya-patki_1.jpg,596,bamboo craft,500,424.788,0.85
2023-290-1-54-tribal-odisha-dokra-threadwork-earrings_1.jpg,226,dokra craft,450,1382.784,3.073
2023-290-1-53-tribal-odisha-dokra-threadwork-earrings_1.jpg,226,dokra craft,450,1407.522,3.128
2023-290-1-50-tribal-odisha-dokra-threadwork-earrings_1.jpg,226,dokra craft,450,1243.906,2.764
2023-290-1-49-tribal-odisha-dokra-threadwork-earrings_1.jpg,226,dokra craft,450,1173.909,2.609
2023-290-1-48-tribal-odisha-dokra-threadwork-earrings_1.jpg,226,dokra craft,450,1415.441,3.145
2023-290-1-47-tribal-odisha-dokra-threadwork-earrings_1.jpg,226,dokra craft,450,1206.859,2.682
2023-290-1-46-tribal-odisha-dokra-threadwork-earrings_1.jpg,226,dokra craft,450,1386.962,3.082
2023-290-1-45-tribal-odisha-dokra-threadwork-earrings_1.jpg,226,dokra craft,450,1373.602,3.052
2023-290-1-43-tribal-odisha-dokra-threadwork-earrings_1.jpg,226,dokra craft,450,1266.02,2.813
2023-290-1-42-tribal-odisha-dokra-threadwork-earrings_1.jpg,226,dokra craft,450,1424.936,3.167
2023-290-1-37-tribal-odisha-dokra-threadwork-earrings_1.jpg,226,dokra craft,590,1447.036,2.453
2023-290-1-29-tribal-odisha-dokra-threadwork-earrings_1.jpg,226,dokra craft,590,1193.033,2.022
2023-290-1-27-tribal-odisha-dokra-threadwork-earrings_1.jpg,226,dokra craft,590,1181.134,2.002
2023-290-1-26-tribal-odisha-dokra-threadwork-earrings_1.jpg,226,dokra craft,590,1131.088,1.917
2023-290-1-25-tribal-odisha-dokra-threadwork-earrings_1.jpg,226,dokra craft,590,1168.573,1.981
2023-290-1-14-tribal-odisha-dokra-threadwork-earrings_1.jpg,226,dokra craft,590,1254.605,2.126
2023-145-1-346-handcrafted-paka-meenakari-earrings_1.jpg,514,meenakari work,650,863.702,1.329
2023-145-1-321-handcrafted-paka-meenakari-earrings_1.jpg,514,meenakari work,690,981.43,1.422
2023-145-1-316-handcrafted-paka-meenakari-earrings_1.jpg,514,meenakari work,690,919.028,1.332
2023-145-1-315-handcrafted-paka-meenakari-earrings_1.jpg,514,meenakari work,690,1028.486,1.491
2023-145-1-314-handcrafted-paka-meenakari-earrings_1.jpg,514,meenakari work,690,1005.676,1.458
2023-145-1-285-handcrafted-paka-meenakari-jhumka-earrings_1.jpg,514,meenakari work,690,947.639,1.373
2023-145-1-282-handcrafted-paka-meenakari-jhumka-earrings_1.jpg,514,meenakari work,690,968.646,1.404
2023-145-1-194-handcrafted-paka-meenakari-earrings_1.jpg,514,meenakari work,450,859.55,1.91
2023-145-1-185-handcrafted-paka-meenakari-earrings_1.jpg,514,meenakari work,450,566.346,1.259
2023-145-1-184-handcrafted-paka-meenakari-earrings_1.jpg,514,meenakari work,450,600.037,1.333
2023-145-1-143-handcrafted-paka-meenakari-earrings_1.jpg,514,meenakari work,450,815.486,1.812
2023-145-1-137-handcrafted-paka-meenakari-earrings_1.jpg,514,meenakari work,450,799.21,1.776
2022-1321-1-180-handcrafted-fabart-earrings-by-sufiyan-khatri_1.jpg,749,fabart,850,502.267,0.591
2022-1321-1-172-handcrafted-fabart-earrings-by-sufiyan-khatri_1.jpg,749,fabart,850,580.223,0.683
2022-1321-1-160-handcrafted-fabart-earrings-by-sufiyan-khatri_1.jpg,749,fabart,850,470.16,0.553
2022-1321-1-153-handcrafted-fabart-earrings-by-sufiyan-khatri_1.jpg,749,fabart,850,516.446,0.608
2022-1321-1-143-handcrafted-fabart-earrings-by-sufiyan-khatri_1.jpg,749,fabart,850,493.624,0.581
2022-1321-1-138-handcrafted-fabart-earrings-by-sufiyan-khatri_1.jpg,749,fabart,850,583.808,0.687
2022-1321-1-137-handcrafted-fabart-earrings-by-sufiyan-khatri_1.jpg,749,fabart,850,511.942,0.602
2022-1321-1-124-handcrafted-fabart-earrings-by-sufiyan-khatri_1.jpg,749,fabart,850,459.106,0.54
2022-1321-1-104-handcrafted-fabart-earrings-by-sufiyan-khatri_1.jpg,749,fabart,850,506.376,0.596
2022-1321-1-103-handcrafted-fabart-earrings-by-sufiyan-khatri_1.jpg,749,fabart,850,437.667,0.515
2022-1321-1-97-handcrafted-fabart-earrings-by-sufiyan-khatri_1.jpg,749,fabart,850,544.4,0.64
2022-1321-1-96-handcrafted-fabart-earrings-by-sufiyan-khatri_1.jpg,749,fabart,850,394.861,0.465
2022-1321-1-93-handcrafted-fabart-earrings-by-sufiyan-khatri_1.jpg,749,fabart,850,471.991,0.555
2022-1321-1-83-handcrafted-fabart-earrings-by-sufiyan-khatri_1.jpg,749,fabart,850,421.169,0.495
2022-1321-1-82-handcrafted-fabart-earrings-by-sufiyan-khatri_1.jpg,749,fabart,850,446.065,0.525
2022-1321-1-73-handcrafted-fabart-earrings-by-sufiyan-khatri_1.jpg,749,fabart,850,427.526,0.503
2022-1321-1-72-handcrafted-fabart-earrings-by-sufiyan-khatri_1.jpg,749,fabart,850,469.218,0.552
2022-1321-1-69-handcrafted-fabart-earrings-by-sufiyan-khatri_1.jpg,749,fabart,850,561.357,0.66
2022-1321-1-68-handcrafted-fabart-earrings-by-sufiyan-khatri_1.jpg,749,fabart,850,407.627,0.48
2022-1321-1-64-handcrafted-fabart-earrings-by-sufiyan-khatri_1.jpg,749,fabart,850,451.989,0.532
2022-1321-1-62-handcrafted-fabart-earrings-by-sufiyan-khatri_1.jpg,749,fabart,850,468.894,0.552
2022-1321-1-61-handcrafted-fabart-earrings-by-sufiyan-khatri_1.jpg,749,fabart,850,474.558,0.558
2022-1321-1-58-handcrafted-fabart-earrings-by-sufiyan-khatri_1.jpg,749,fabart,850,427.325,0.503
2022-1321-1-53-handcrafted-fabart-earrings-by-sufiyan-khatri_1.jpg,749,fabart,850,443.29,0.522
2022-1321-1-46-handcrafted-fabart-earrings-by-sufiyan-khatri_1.jpg,749,fabart,850,553.452,0.651
2022-1321-1-42-handcrafted-fabart-earrings-by-sufiyan-khatri_1.jpg,749,fabart,850,441.405,0.519
2022-1321-1-41-handcrafted-fabart-earrings-by-sufiyan-khatri_1.jpg,749,fabart,850,510.699,0.601
2022-1321-1-28-handcrafted-fabart-earrings-by-sufiyan-khatri_1.jpg,749,fabart,850,496.705,0.584
2022-1321-1-22-handcrafted-fabart-earrings-by-sufiyan-khatri_1.jpg,749,fabart,850,454.044,0.534
2022-1321-1-19-handcrafted-fabart-earrings-by-sufiyan-khatri_1.jpg,749,fabart,850,450.547,0.53
2022-1321-1-16-handcrafted-fabart-earrings-by-sufiyan-khatri_1.jpg,749,fabart,850,491.396,0.578
2022-1321-1-13-handcrafted-fabart-earrings-by-sufiyan-khatri_1.jpg,749,fabart,850,515.39,0.606
2022-1321-1-2-handcrafted-fabart-earrings-by-sufiyan-khatri_1.jpg,749,fabart,850,411.658,0.484
2022-1321-1-1-handcrafted-fabart-earrings-by-sufiyan-khatri_1.jpg,749,fabart,850,611.986,0.72
2022-1259-4-213-handcrafted-fabart-earrings-by-asalkaar_1.jpg,745,fabart,490,381.367,0.778
2022-1259-4-212-handcrafted-fabart-earrings-by-asalkaar_1.jpg,745,fabart,490,382.855,0.781
2022-1259-4-206-handcrafted-fabart-earrings-by-asalkaar_1.jpg,745,fabart,490,357.583,0.73
2022-1259-4-204-handcrafted-fabart-earrings-by-asalkaar_1.jpg,745,fabart,490,366.222,0.747
2022-1259-4-203-handcrafted-fabart-earrings-by-asalkaar_1.jpg,745,fabart,490,355.196,0.725
2022-1259-4-202-handcrafted-fabart-earrings-by-asalkaar_1.jpg,745,fabart,490,328.658,0.671
2022-1259-4-197-handcrafted-fabart-earrings-by-asalkaar_1.jpg,745,fabart,490,423.625,0.865
2022-1259-4-195-handcrafted-fabart-earrings-by-asalkaar_1.jpg,745,fabart,490,462.046,0.943
2022-1259-4-181-handcrafted-fabart-earrings-by-asalkaar_1.jpg,745,fabart,490,336.165,0.686
2022-1259-4-180-handcrafted-fabart-earrings-by-asalkaar_1.jpg,745,fabart,490,344.222,0.702
2022-1259-4-179-handcrafted-fabart-earrings-by-asalkaar_1.jpg,745,fabart,490,368.006,0.751
2022-1259-4-178-handcrafted-fabart-earrings-by-asalkaar_1.jpg,745,fabart,490,359.086,0.733
2022-1259-4-176-handcrafted-fabart-earrings-by-asalkaar_1.jpg,745,fabart,490,347.825,0.71
2022-1259-4-166-handcrafted-fabart-earrings-by-asalkaar_1.jpg,745,fabart,490,294.796,0.602
2022-1259-4-165-handcrafted-fabart-earrings-by-asalkaar_1.jpg,745,fabart,490,281.795,0.575
red-handcrafted-fabart-earrings-by-asalkaar_1.jpg,745,fabart,490,314.118,0.641
2022-1259-4-162-handcrafted-fabart-earrings-by-asalkaar_1.jpg,745,fabart,490,301.564,0.615
2022-1259-4-159-handcrafted-fabart-earrings-by-asalkaar_1.jpg,745,fabart,490,337.58,0.689
2022-1259-4-157-handcrafted-fabart-earrings-by-asalkaar_1.jpg,745,fabart,490,317.957,0.649
2022-1259-4-153-handcrafted-fabart-earrings-by-asalkaar_1.jpg,745,fabart,490,353.615,0.722
2022-1259-4-149-handcrafted-fabart-earrings-by-asalkaar_1.jpg,745,fabart,490,289.454,0.591
2022-1259-4-146-handcrafted-fabart-earrings-by-asalkaar_1.jpg,745,fabart,490,390.915,0.798
2022-1259-4-138-handcrafted-fabart-earrings-by-asalkaar_1.jpg,745,fabart,490,437.998,0.894
2022-1259-4-137-handcrafted-fabart-earrings-by-asalkaar_1.jpg,745,fabart,490,364.403,0.744
2022-1259-4-134-handcrafted-fabart-earrings-by-asalkaar_1.jpg,745,fabart,490,357.98,0.731
2022-1259-4-122-handcrafted-fabart-earrings-by-asalkaar_1.jpg,745,fabart,490,395.158,0.806
2022-1259-4-111-handcrafted-fabart-earrings-by-asalkaar_1.jpg,745,fabart,490,478.654,0.977
2022-1259-4-104-handcrafted-fabart-earrings-by-asalkaar_1.jpg,745,fabart,490,349.796,0.714
2022-1259-4-103-handcrafted-fabart-earrings-by-asalkaar_1.jpg,745,fabart,490,340.853,0.696
2022-1259-4-102-handcrafted-fabart-earrings-by-asalkaar_1.jpg,745,fabart,490,345.964,0.706
2022-1259-4-98-handcrafted-fabart-earrings-by-asalkaar_1.jpg,745,fabart,490,380.928,0.777
2022-1259-4-97-handcrafted-fabart-earrings-by-asalkaar_1.jpg,745,fabart,490,356.679,0.728
2022-1259-4-96-handcrafted-fabart-earrings-by-asalkaar_1.jpg,745,fabart,490,375.09,0.765
2022-1259-4-93-handcrafted-fabart-earrings-by-asalkaar_1.jpg,745,fabart,490,365.511,0.746
2022-1259-4-92-handcrafted-fabart-earrings-by-asalkaar_1.jpg,745,fabart,490,337.656,0.689
2022-1259-4-91-handcrafted-fabart-earrings-by-asalkaar_1.jpg,745,fabart,490,325.58,0.664
2022-1259-4-90-handcrafted-fabart-earrings-by-asalkaar_1.jpg,745,fabart,490,322.483,0.658
2022-1259-4-89-handcrafted-fabart-earrings-by-asalkaar_1.jpg,745,fabart,490,290.726,0.593
2022-1259-4-88-handcrafted-fabart-earrings-by-asalkaar_1.jpg,745,fabart,490,370.104,0.755
2022-1259-4-87-handcrafted-fabart-earrings-by-asalkaar_1.jpg,745,fabart,490,334.519,0.683
2022-1259-4-84-handcrafted-fabart-earrings-by-asalkaar_1.jpg,745,fabart,490,345.155,0.704
2022-1259-4-83-handcrafted-fabart-earrings-by-asalkaar_1.jpg,745,fabart,490,361.111,0.737
2022-1259-4-82-handcrafted-fabart-earrings-by-asalkaar_1.jpg,745,fabart,490,352.997,0.72
2022-1259-4-81-handcrafted-fabart-earrings-by-asalkaar_1.jpg,745,fabart,490,347.975,0.71
2022-1259-4-77-handcrafted-fabart-earrings-by-asalkaar_1.jpg,745,fabart,490,349.711,0.714
2022-1259-4-76-handcrafted-fabart-earrings-by-asalkaar_1.jpg,745,fabart,490,349.148,0.713
2022-1259-4-71-handcrafted-fabart-earrings-by-asalkaar_1.jpg,745,fabart,490,440.219,0.898
2022-1259-4-69-handcrafted-fabart-earrings-by-asalkaar_1.jpg,745,fabart,490,415.888,0.849
2022-1259-4-67-handcrafted-fabart-earrings-by-asalkaar_1.jpg,745,fabart,490,421.008,0.859
2022-1259-4-66-handcrafted-fabart-earrings-by-asalkaar_1.jpg,745,fabart,490,458.948,0.937
2022-1259-4-65-handcrafted-fabart-earrings-by-asalkaar_1.jpg,745,fabart,490,442.888,0.904
2022-1259-4-63-handcrafted-fabart-earrings-by-asalkaar_1.jpg,745,fabart,490,382.304,0.78
2022-1259-4-60-handcrafted-fabart-earrings-by-asalkaar_1.jpg,745,fabart,490,475.926,0.971
2022-1259-4-59-handcrafted-fabart-earrings-by-asalkaar_1.jpg,745,fabart,490,444.738,0.908
2022-1259-4-58-handcrafted-fabart-earrings-by-asalkaar_1.jpg,745,fabart,490,457.071,0.933
2022-1259-4-56-handcrafted-fabart-earrings-by-asalkaar_1.jpg,745,fabart,490,424.155,0.866
2022-1259-4-55-handcrafted-fabart-earrings-by-asalkaar_1.jpg,745,fabart,490,434.059,0.886
2022-1259-4-52-handcrafted-fabart-earrings-by-asalkaar_1.jpg,745,fabart,490,452.085,0.923
2022-1259-4-45-handcrafted-fabart-earrings-by-asalkaar_1.jpg,745,fabart,490,354.659,0.724
2022-1259-4-25-handcrafted-fabart-earrings-by-asalkaar_1.jpg,745,fabart,490,369.305,0.754
2022-1259-4-24-handcrafted-fabart-earrings-by-asalkaar_1.jpg,745,fabart,490,402.412,0.821
2022-1259-4-22-handcrafted-fabart-earrings-by-asalkaar_1.jpg,745,fabart,490,395.7,0.808
2022-1259-4-20-handcrafted-fabart-earrings-by-asalkaar_1.jpg,745,fabart,490,378.762,0.773
2022-1259-4-14-handcrafted-fabart-earrings-by-asalkaar_1.jpg,745,fabart,490,375.682,0.767
2022-1259-4-13-handcrafted-fabart-earrings-by-asalkaar_1.jpg,745,fabart,490,373.412,0.762
2022-1259-4-12-handcrafted-fabart-earrings-by-asalkaar_1.jpg,745,fabart,490,384.08,0.784
2022-1259-4-10-handcrafted-fabart-earrings-by-asalkaar_1.jpg,745,fabart,490,374.586,0.764
2022-1259-4-9-handcrafted-fabart-earrings-by-asalkaar_1.jpg,745,fabart,490,380.047,0.776
2022-1259-4-6-handcrafted-fabart-earrings-by-asalkaar_1.jpg,745,fabart,490,361.068,0.737
2022-1259-4-5-handcrafted-fabart-earrings-by-asalkaar_1.jpg,745,fabart,490,350.6,0.716
2022-1259-4-3-handcrafted-fabart-earrings-by-asalkaar_1.jpg,745,fabart,490,406.85,0.83
2022-1259-4-2-handcrafted-fabart-earrings-by-asalkaar_1.jpg,745,fabart,490,382.34,0.78
2022-1181-1-54-tikuli-art-handpainted-wooden-earrings_1.jpg,586,tikuli art,350,384.339,1.098
2022-1137-1-50-brass-metal-handcrafted-earrings_1.jpg,504,oxidised metal craft,390,353.601,0.907
2022-1137-1-49-brass-metal-handcrafted-earrings_1.jpg,504,copper brass,390,1257.77,3.225
2022-1137-1-47-brass-metal-handcrafted-earrings_1.jpg,504,copper brass,390,999.219,2.562
2022-1137-1-46-brass-metal-handcrafted-earrings_1.jpg,504,copper brass,390,1290.572,3.309
2022-1137-1-45-brass-metal-handcrafted-earrings_1.jpg,504,copper brass,390,1205.068,3.09
2022-1137-1-44-brass-metal-handcrafted-earrings_1.jpg,504,copper brass,390,1084.883,2.782
2022-1137-1-42-brass-metal-handcrafted-earrings_1.jpg,504,copper brass,390,1066.203,2.734
2022-1137-1-41-brass-metal-handcrafted-earrings_1.jpg,504,copper brass,390,1185.603,3.04
2022-1137-1-39-brass-metal-handcrafted-earrings_1.jpg,504,copper brass,390,1347.527,3.455
2022-1137-1-38-brass-metal-handcrafted-earrings_1.jpg,504,copper brass,390,1051.726,2.697
2022-1137-1-37-brass-metal-handcrafted-earrings_1.jpg,504,copper brass,390,1313.676,3.368
2022-1137-1-36-brass-metal-handcrafted-earrings_1.jpg,504,copper brass,390,1092.276,2.801
2022-1137-1-35-brass-metal-handcrafted-earrings_1.jpg,504,copper brass,390,1214.406,3.114
2022-1137-1-34-brass-metal-handcrafted-earrings_1.jpg,504,copper brass,390,1159.827,2.974
2022-1137-1-32-brass-metal-handcrafted-earrings_1.jpg,504,copper brass,390,1105.133,2.834
572746-52-kerala-mural-handpainted-bamboo-stud-earrings_1.jpg,750,kerala mural art,290,318.55,1.098
572746-48-kerala-mural-handpainted-bamboo-stud-earrings_1.jpg,750,kerala mural art,290,314.299,1.084
572746-40-kerala-mural-handpainted-bamboo-stud-earrings_1.jpg,750,kerala mural art,290,315.079,1.086
572746-38-kerala-mural-handpainted-bamboo-stud-earrings_1.jpg,750,kerala mural art,290,310.934,1.072
572746-34-kerala-mural-handpainted-bamboo-stud-earrings_1.jpg,750,kerala mural art,290,303.9,1.048
572746-33-kerala-mural-handpainted-bamboo-stud-earrings_1.jpg,750,kerala mural art,290,337.443,1.164
572746-32-kerala-mural-handpainted-bamboo-stud-earrings_1.jpg,750,kerala mural art,290,317.942,1.096
572746-31-kerala-mural-handpainted-bamboo-stud-earrings_1.jpg,750,kerala mural art,290,342.211,1.18
572746-30-kerala-mural-handpainted-bamboo-stud-earrings_1.jpg,750,kerala mural art,290,323.091,1.114
572746-27-kerala-mural-handpainted-bamboo-stud-earrings_1.jpg,750,kerala mural art,290,316.608,1.092
572746-25-kerala-mural-handpainted-bamboo-stud-earrings_1.jpg,750,kerala mural art,290,316.228,1.09
572746-22-kerala-mural-handpainted-bamboo-stud-earrings_1.jpg,750,kerala mural art,290,329.839,1.137
572746-18-kerala-mural-handpainted-bamboo-stud-earrings_1.jpg,750,kerala mural art,290,314.669,1.085
572746-17-kerala-mural-handpainted-bamboo-stud-earrings_1.jpg,750,kerala mural art,290,326.499,1.126
572746-16-kerala-mural-handpainted-bamboo-stud-earrings_1.jpg,750,kerala mural art,290,301.944,1.041
572746-12-kerala-mural-handpainted-bamboo-stud-earrings_1.jpg,750,kerala mural art,290,318.653,1.099
572746-8-kerala-mural-handpainted-bamboo-stud-earrings_1.jpg,750,kerala mural art,290,328.797,1.134
572746-7-kerala-mural-handpainted-bamboo-stud-earrings_1.jpg,750,kerala mural art,290,324.038,1.117
572746-6-kerala-mural-handpainted-bamboo-stud-earrings_1.jpg,750,kerala mural art,290,318.441,1.098
572746-3-kerala-mural-handpainted-bamboo-stud-earrings_1.jpg,750,kerala mural art,290,321.292,1.108
2022-1024-1-116-kerala-mural-handpainted-bamboo-stud-earrings_1.jpg,750,kerala mural art,290,287.42,0.991
2022-1024-1-115-kerala-mural-handpainted-bamboo-stud-earrings_1.jpg,750,kerala mural art,290,276.002,0.952
2022-1024-1-95-kerala-mural-handpainted-bamboo-stud-earrings_1.jpg,750,kerala mural art,290,281.003,0.969
2022-1024-1-90-kerala-mural-handpainted-bamboo-stud-earrings_1.jpg,750,kerala mural art,290,262.903,0.907
2022-1024-1-76-kerala-mural-handpainted-bamboo-stud-earrings_1.jpg,750,kerala mural art,290,313.42,1.081
2022-1024-1-75-kerala-mural-handpainted-bamboo-stud-earrings_1.jpg,750,kerala mural art,290,285.186,0.983
2022-1024-1-71-kerala-mural-handpainted-bamboo-stud-earrings_1.jpg,750,kerala mural art,290,317.851,1.096
2022-1024-1-69-kerala-mural-handpainted-bamboo-stud-earrings_1.jpg,750,kerala mural art,290,329.105,1.135
2022-1024-1-68-kerala-mural-handpainted-bamboo-stud-earrings_1.jpg,750,kerala mural art,290,308.812,1.065
2022-1024-1-65-kerala-mural-handpainted-bamboo-stud-earrings_1.jpg,750,kerala mural art,290,315.453,1.088
2022-1024-1-62-kerala-mural-handpainted-bamboo-stud-earrings_1.jpg,750,kerala mural art,290,322.239,1.111
2022-1024-1-61-kerala-mural-handpainted-bamboo-stud-earrings_1.jpg,750,kerala mural art,290,312.316,1.077
2022-1024-1-60-kerala-mural-handpainted-bamboo-stud-earrings_1.jpg,750,kerala mural art,290,318.626,1.099
2022-1024-1-59-kerala-mural-handpainted-bamboo-stud-earrings_1.jpg,750,kerala mural art,290,289.485,0.998
2022-1024-1-58-kerala-mural-handpainted-bamboo-stud-earrings_1.jpg,750,kerala mural art,290,338.125,1.166
2022-1024-1-57-kerala-mural-handpainted-bamboo-stud-earrings_1.jpg,750,kerala mural art,290,301.755,1.041
2022-1024-1-56-kerala-mural-handpainted-bamboo-stud-earrings_1.jpg,750,kerala mural art,290,289.43,0.998
566972-4-tikuli-art-handpainted-wooden-earrings_1.jpg,586,tikuli art,350,527.12,1.506
2022-772-4-75-brass-metal-handcrafted-dokra-earrings-by-asalkaar_1.jpg,504,metal work,750,701.572,0.935
2022-772-4-73-brass-metal-handcrafted-dokra-earrings-by-asalkaar_1.jpg,504,metal work,490,487.13,0.994
2022-772-4-69-brass-metal-handcrafted-dokra-earrings-by-asalkaar_1.jpg,504,metal work,590,485.349,0.823
2022-772-4-68-brass-metal-handcrafted-dokra-earrings-by-asalkaar_1.jpg,504,metal work,750,738.17,0.984
2022-772-4-67-brass-metal-handcrafted-dokra-earrings-by-asalkaar_1.jpg,504,metal work,590,460.105,0.78
2022-772-4-66-brass-metal-handcrafted-dokra-earrings-by-asalkaar_1.jpg,504,metal work,590,474.717,0.805
2022-772-4-65-brass-metal-handcrafted-dokra-earrings-by-asalkaar_1.jpg,504,metal work,750,700.183,0.934
2022-772-4-64-brass-metal-handcrafted-dokra-earrings-by-asalkaar_1.jpg,504,metal work,690,468.574,0.679
2022-772-4-61-brass-metal-handcrafted-dokra-earrings-by-asalkaar_1.jpg,504,metal work,490,488.124,0.996
2022-772-4-60-brass-metal-handcrafted-dokra-earrings-by-asalkaar_1.jpg,504,metal work,750,727.679,0.97
2022-772-4-59-brass-metal-handcrafted-dokra-earrings-by-asalkaar_1.jpg,504,metal work,590,436.102,0.739
2022-772-4-57-brass-metal-handcrafted-dokra-earrings-by-asalkaar_1.jpg,504,metal work,590,403.198,0.683
2022-772-4-56-brass-metal-handcrafted-dokra-earrings-by-asalkaar_1.jpg,504,metal work,590,479.791,0.813
2022-772-4-55-brass-metal-handcrafted-dokra-earrings-by-asalkaar_1.jpg,504,metal work,750,689.934,0.92
2022-772-4-53-brass-metal-handcrafted-dokra-earrings-by-asalkaar_1.jpg,504,metal work,590,455.274,0.772
2022-772-4-52-brass-metal-handcrafted-dokra-earrings-by-asalkaar_1.jpg,504,metal work,590,437.22,0.741
558285-64-tribal-odisha-dokra-threadwork-earrings_1.jpg,226,dokra craft,590,1001.045,1.697
2022-422-1-15-handcrafted-bamboo-earrings-by-daya-patki_1.jpg,596,bamboo craft,500,407.761,0.816
2022-422-1-9-handcrafted-bamboo-earrings-by-daya-patki_1.jpg,596,bamboo craft,400,375.898,0.94
2022-350-1-13-machli-jal-ki-rani-madhubani-handpainted-wooden-earrings_1.jpg,757,madhubani folk art,990,649.674,0.656
532680-17-machhli-jal-ki-rani-madhubani-handpainted-wooden-earrings_1.jpg,757,madhubani folk art,690,711.525,1.031
503649-30-tribal-odisha-dokra-threadwork-earrings_1.jpg,226,dokra craft,590,954.074,1.617
503649-29-tribal-odisha-dokra-threadwork-earrings_1.jpg,226,dokra craft,590,993.364,1.684
503649-12-tribal-odisha-dokra-threadwork-earrings_1.jpg,226,dokra craft,590,954.052,1.617
503649-11-tribal-odisha-dokra-threadwork-earrings_1.jpg,226,dokra craft,590,998.637,1.693
496994-111-handcrafted-rice-paddy-earrings-by-putul-das-mitra_1.jpg,613,other,290,510.192,1.759
496994-110-handcrafted-rice-paddy-earrings-by-putul-das-mitra_1.jpg,613,other,290,400.509,1.381
496994-109-handcrafted-rice-paddy-earrings-by-putul-das-mitra_1.jpg,613,other,290,488.785,1.685
496994-104-handcrafted-rice-paddy-earrings-by-putul-das-mitra_1.jpg,613,other,290,516.961,1.783
496994-99-handcrafted-rice-paddy-earrings-by-putul-das-mitra_1.jpg,613,other,490,561.05,1.145
496994-89-handcrafted-rice-paddy-earrings-by-putul-das-mitra_1.jpg,613,other,490,459.736,0.938
496994-88-handcrafted-rice-paddy-earrings-by-putul-das-mitra_1.jpg,613,other,490,386.828,0.789
496994-87-handcrafted-rice-paddy-earrings-by-putul-das-mitra_1.jpg,613,other,490,428.11,0.874
496994-86-handcrafted-rice-paddy-earrings-by-putul-das-mitra_1.jpg,613,other,490,443.076,0.904
496994-85-handcrafted-rice-paddy-earrings-by-putul-das-mitra_1.jpg,613,other,490,455.592,0.93
496994-82-handcrafted-rice-paddy-earrings-by-putul-das-mitra_1.jpg,613,other,390,483.671,1.24
496994-66-handcrafted-rice-paddy-earrings-by-putul-das-mitra_1.jpg,613,other,490,550.552,1.124
497591-41-mayuri-madhubani-handpainted-wooden-earrings_1.jpg,535,madhubani folk art,1490,708.369,0.475
497591-39-meraki-madhubani-handpainted-wooden-earrings_1.jpg,535,madhubani folk art,950,605.883,0.638
497591-38-meraki-madhubani-handpainted-wooden-earrings_1.jpg,535,wood carving,950,1017.296,1.071
497591-37-vasudha-madhubani-handpainted-wooden-earrings_1.jpg,535,wood carving,950,868.407,0.914
497591-34-bholi-si-surat-madhubani-handpainted-wooden-stud-earrings_1.jpg,535,wood carving,690,871.116,1.262
483105-49-oxidised-antique-finish-dual-tone-stone-gs-jhumki-earrings_1.jpg,766,oxidised metal craft,950,749.771,0.789
483105-48-oxidised-antique-finish-dual-tone-stone-gs-jhumki-earrings_1.jpg,766,oxidised metal craft,950,739.652,0.779
483105-47-oxidised-antique-finish-dual-tone-stone-gs-jhumki-earrings_1.jpg,766,oxidised metal craft,950,747.905,0.787
483105-46-oxidised-antique-finish-dual-tone-stone-gs-jhumki-earrings_1.jpg,766,oxidised metal craft,950,717.777,0.756
483105-45-oxidised-antique-finish-dual-tone-stone-gs-jhumki-earrings_1.jpg,766,oxidised metal craft,950,684.43,0.72
2021-880-1-30-madhubani-handpainted-wooden-earrings_1.jpg,623,wood carving,950,964.03,1.015
2021-880-1-20-madhubani-handpainted-wooden-stud-earrings_1.jpg,535,wood carving,650,767.615,1.181
2021-626-2-66-tribal-odisha-dokra-thread-work-earrings_1.jpg,226,dokra craft,590,896.368,1.519
2021-626-2-59-tribal-odisha-dokra-thread-work-earrings_1.jpg,226,bead work,590,1049.84,1.779
2021-023-2-16-handpainted-tholu-bommalata-leather-earrings_1.jpg,10,leather puppetry,590,1489.325,2.524
2023-1169-1-2-bandhani-tie-dye-cotton-elastic-rubber-band-scrunchie_1.jpg,781,bandhani tie dye,150,134.455,0.896
2021-453-1-129-handmade-cotton-elastic-hair-bands-scarf-ponytail-holder-scrunchie-ties_1.jpg,781,handmade,190,183.633,0.966
2023-1169-1-22-handmade-modal-silk-elastic-rubber-band-scrunchie_1.jpg,781,plain solid,250,286.974,1.148
2024-640-1-12-handmade-crochet-rubber-band-12_1.jpg,786,crochet work,190,265.239,1.396
2021-685-1-18-handmade-cotton-elastic-hair-bands-scarf-ponytail-holder-scrunchie-ties_1.jpg,781,handmade,190,188.925,0.994
2024-640-1-29-handmade-crochet-rubber-band-29_1.jpg,786,crochet work,190,255.74,1.346
2021-145-1-14-handmade-cotton-elastic-hair-bands-scarf-ponytail-holder-scrunchie-ties_1.jpg,781,handmade,190,194.613,1.024
2021-245-1-10-handmade-cotton-elastic-hair-bands-scarf-ponytail-holder-scrunchie-ties_1.jpg,781,handmade,190,179.105,0.943
2021-685-1-14-handmade-cotton-elastic-hair-bands-scarf-ponytail-holder-scrunchie-ties_1.jpg,781,handmade,190,192.419,1.013
2024-640-1-17-handmade-crochet-rubber-band-17_1.jpg,786,crochet work,190,245.24,1.291
2021-145-1-12-handmade-cotton-elastic-hair-bands-scarf-ponytail-holder-scrunchie-ties_1.jpg,781,handmade,190,192.232,1.012
2024-108-1-14-handmade-modal-silk-elastic-rubber-band-scrunchie-14_1.jpg,781,modal silk weaves,250,259.731,1.039
2022-1000-1-5-handmade-felt-beadwork-rubber-band_1.jpg,790,plain solid,90,203.68,2.263
2021-145-1-21-handmade-cotton-elastic-hair-bands-scarf-ponytail-holder-scrunchie-ties_1.jpg,781,handmade,190,185.41,0.976
2024-258-1-41-handmade-crochet-rubber-band-41_1.jpg,786,crochet work,190,332.718,1.751
2024-258-1-9-handmade-crochet-rubber-band-09_1.jpg,786,crochet work,190,367.68,1.935
2024-157-1-21-handmade-modal-silk-elastic-rubber-band-scrunchie-28_1.jpg,781,plain solid,250,231.11,0.924
2021-145-1-1-handmade-cotton-elastic-hair-bands-scarf-ponytail-holder-scrunchie-ties_1.jpg,781,handmade,190,184.959,0.973
2024-108-1-3-handmade-modal-silk-elastic-rubber-band-scrunchie-03_1.jpg,781,modal silk weaves,250,278.468,1.114
2022-1000-1-25-flower-handmade-felt-beadwork-rubber-band_1.jpg,790,plain solid,90,266.986,2.967
2023-1169-1-36-handmade-modal-silk-elastic-rubber-band-scrunchie_1.jpg,781,plain solid,250,289.397,1.158
2021-145-1-52-handmade-cotton-elastic-hair-bands-scarf-ponytail-holder-scrunchie-ties_1.jpg,781,handmade,190,196.944,1.037
2021-2051-1-19-handmade-cotton-elastic-hair-bands-scarf-ponytail-holder-scrunchie-ties_1.jpg,781,handmade,190,198.897,1.047
2021-245-1-6-handmade-cotton-elastic-hair-bands-scarf-ponytail-holder-scrunchie-ties_1.jpg,781,handmade,190,174.928,0.921
2021-145-1-33-handmade-cotton-elastic-hair-bands-scarf-ponytail-holder-scrunchie-ties_1.jpg,781,handmade,190,179.595,0.945
2022-1000-1-3-handmade-felt-beadwork-rubber-band_1.jpg,790,plain solid,90,195.073,2.167
2021-145-1-36-handmade-cotton-elastic-hair-bands-scarf-ponytail-holder-scrunchie-ties_1.jpg,781,handmade,190,193.777,1.02
2023-1169-1-5-bandhani-tie-dye-cotton-elastic-rubber-band-scrunchie_1.jpg,781,bandhani tie dye,150,142.642,0.951
2024-258-1-11-handmade-crochet-rubber-band-11_1.jpg,786,crochet work,190,386.236,2.033
2021-453-1-142-handmade-cotton-elastic-hair-bands-scarf-ponytail-holder-scrunchie-ties_1.jpg,781,handmade,190,170.773,0.899
2024-258-1-1-handmade-crochet-rubber-band-01_1.jpg,786,crochet work,190,373.417,1.965
511750-69-handmade-modal-silk-elastic-rubber-band-scrunchie-ties_1.jpg,781,modal silk weaves,250,283.171,1.133
2022-1000-1-56-flower-handmade-felt-beadwork-rubber-band_1.jpg,790,plain solid,150,239.142,1.594
2021-245-1-40-handmade-modal-silk-elastic-hair-bands-scarf-ponytail-holder-scrunchie-ties_1.jpg,781,modal silk weaves,290,340.054,1.173
2024-640-1-31-handmade-crochet-rubber-band-31_1.jpg,786,crochet work,190,240.884,1.268
2024-640-1-8-handmade-crochet-rubber-band-08_1.jpg,786,crochet work,190,213.367,1.123
2022-1000-1-44-flower-handmade-felt-beadwork-rubber-band_1.jpg,790,plain solid,90,254.751,2.831
2024-258-1-8-handmade-crochet-rubber-band-08_1.jpg,786,crochet work,190,343.775,1.809
2024-258-1-33-handmade-crochet-rubber-band-33_1.jpg,786,crochet work,190,398.196,2.096
2024-258-1-4-handmade-crochet-rubber-band-04_1.jpg,786,crochet work,190,321.648,1.693
2021-685-1-25-handmade-cotton-elastic-hair-bands-scarf-ponytail-holder-scrunchie-ties_1.jpg,781,handmade,190,187.467,0.987
fabart-phool-kali-shell-hair-rubber-band-05-2025-287-1-5_1.jpg,793,fabart,290,200.834,0.693
2022-1000-1-23-flower-handmade-felt-beadwork-rubber-band_1.jpg,790,plain solid,90,245.857,2.732
2023-758-1-4-handmade-modal-silk-elastic-rubber-band-scrunchie_1.jpg,781,modal silk weaves,250,245.344,0.981
2021-145-1-39-handmade-cotton-elastic-hair-bands-scarf-ponytail-holder-scrunchie-ties_1.jpg,781,handmade,190,192.327,1.012
2022-1000-1-40-flower-handmade-felt-beadwork-rubber-band_1.jpg,790,plain solid,90,308.062,3.423
2024-258-1-19-handmade-crochet-rubber-band-19_1.jpg,786,crochet work,190,348.923,1.836
2024-157-1-19-handmade-modal-silk-elastic-rubber-band-scrunchie-26_1.jpg,781,plain solid,250,216.054,0.864
fabart-phool-kali-shell-hair-rubber-band-21-2025-287-1-21_1.jpg,793,fabart,290,200.741,0.692
2021-685-1-28-handmade-cotton-elastic-hair-bands-scarf-ponytail-holder-scrunchie-ties_1.jpg,781,handmade,190,183.043,0.963
2021-685-1-16-handmade-cotton-elastic-hair-bands-scarf-ponytail-holder-scrunchie-ties_1.jpg,781,handmade,190,200.295,1.054
2021-2051-1-15-handmade-cotton-elastic-hair-bands-scarf-ponytail-holder-scrunchie-ties_1.jpg,781,handmade,190,168.776,0.888
2023-1169-1-10-bandhani-tie-dye-cotton-elastic-rubber-band-scrunchie_1.jpg,781,bandhani tie dye,150,148.086,0.987
2020-765-1-88-bandhani-tie-dye-cotton-elastic-hair-bands-scarf-ponytail-holder-scrunchy-ties_1.jpg,781,bandhani tie dye,190,201.914,1.063
modal-silk-elastic-handmade-rubber-band-scrunchie-24-2024-603-1-24_1.jpg,781,modal silk weaves,250,472.595,1.89
2023-1169-1-24-handmade-modal-silk-elastic-rubber-band-scrunchie_1.jpg,781,plain solid,250,273.702,1.095
2024-640-1-4-handmade-crochet-rubber-band-04_1.jpg,786,crochet work,190,262.376,1.381
2021-245-1-11-handmade-cotton-elastic-hair-bands-scarf-ponytail-holder-scrunchie-ties_1.jpg,781,handmade,190,178.966,0.942
2024-640-1-16-handmade-crochet-rubber-band-16_1.jpg,786,crochet work,190,222.539,1.171
511750-64-handmade-modal-silk-elastic-rubber-band-scrunchie-ties_1.jpg,781,modal silk weaves,250,293.027,1.172
2023-758-1-3-handmade-modal-silk-elastic-rubber-band-scrunchie_1.jpg,781,modal silk weaves,250,256.123,1.024
2022-1000-1-26-flower-handmade-felt-beadwork-rubber-band_1.jpg,790,plain solid,90,255.899,2.843
2022-1000-1-62-flower-handmade-felt-beadwork-rubber-band_1.jpg,790,plain solid,150,267.443,1.783
2021-2051-1-10-handmade-cotton-elastic-hair-bands-scarf-ponytail-holder-scrunchie-ties_1.jpg,781,handmade,190,190.465,1.002
2024-258-1-21-handmade-crochet-rubber-band-21_1.jpg,786,crochet work,190,329.401,1.734
modal-silk-elastic-handmade-rubber-band-scrunchie-21-2024-603-1-21_1.jpg,781,modal silk weaves,250,516.354,2.065
2023-1169-1-40-handmade-modal-silk-elastic-rubber-band-scrunchie_1.jpg,781,plain solid,250,274.762,1.099
2021-245-1-12-handmade-cotton-elastic-hair-bands-scarf-ponytail-holder-scrunchie-ties_1.jpg,781,handmade,190,173.561,0.913
2021-245-1-1-handmade-cotton-elastic-hair-bands-scarf-ponytail-holder-scrunchie-ties_1.jpg,781,handmade,190,168.556,0.887
2022-1000-1-19-flower-handmade-felt-beadwork-rubber-band_1.jpg,790,other,90,290.006,3.222
2021-145-1-11-handmade-cotton-elastic-hair-bands-scarf-ponytail-holder-scrunchie-ties_1.jpg,781,handmade,190,191.141,1.006
2024-640-1-3-handmade-crochet-rubber-band-03_1.jpg,786,crochet work,190,258.161,1.359
2021-685-1-6-handmade-cotton-elastic-hair-bands-scarf-ponytail-holder-scrunchie-ties_1.jpg,781,handmade,190,212.639,1.119
fabart-phool-kali-shell-hair-rubber-band-02-2025-287-1-2_1.jpg,793,fabart,290,199.72,0.689
2021-2051-1-44-handmade-cotton-elastic-hair-bands-scarf-ponytail-holder-scrunchie-ties_1.jpg,781,handmade,190,189.42,0.997
2023-1169-1-46-handmade-modal-silk-elastic-rubber-band-scrunchie_1.jpg,781,plain solid,250,294.172,1.177
2021-453-1-131-handmade-cotton-elastic-hair-bands-scarf-ponytail-holder-scrunchie-ties_1.jpg,781,handmade,190,162.709,0.856
2023-1169-1-31-handmade-modal-silk-elastic-rubber-band-scrunchie_1.jpg,781,plain solid,250,335.421,1.342
2021-1356-1-111-bandhani-tie-dye-cotton-elastic-hair-bands-scarf-ponytail-holder-scrunchy-ties_1.jpg,781,bandhani tie dye,190,232.729,1.225
2024-640-1-24-handmade-crochet-rubber-band-24_1.jpg,786,crochet work,190,249.533,1.313
2024-108-1-10-handmade-modal-silk-elastic-rubber-band-scrunchie-10_1.jpg,781,modal silk weaves,250,284.681,1.139
2024-640-1-15-handmade-crochet-rubber-band-15_1.jpg,786,crochet work,190,264.129,1.39
2022-1000-1-8-flower-handmade-felt-beadwork-rubber-band_1.jpg,790,plain solid,90,292.938,3.255
2022-1000-1-50-flower-handmade-felt-beadwork-rubber-band_1.jpg,790,plain solid,90,262.267,2.914
2023-1169-1-43-handmade-modal-silk-elastic-rubber-band-scrunchie_1.jpg,781,plain solid,250,270.134,1.081
2021-2051-1-79-handmade-cotton-elastic-hair-bands-scarf-ponytail-holder-scrunchie-ties_1.jpg,781,handmade,190,190.874,1.005
2023-1169-1-20-handmade-modal-silk-elastic-rubber-band-scrunchie_1.jpg,781,plain solid,250,271.696,1.087
2021-2051-1-35-handmade-cotton-elastic-hair-bands-scarf-ponytail-holder-scrunchie-ties_1.jpg,781,handmade,190,181.546,0.956
2021-145-1-24-handmade-cotton-elastic-hair-bands-scarf-ponytail-holder-scrunchie-ties_1.jpg,781,handmade,190,189.206,0.996
fabart-phool-kali-shell-hair-rubber-band-07-2025-287-1-7_1.jpg,793,fabart,290,210.241,0.725
2023-1169-1-25-handmade-modal-silk-elastic-rubber-band-scrunchie_1.jpg,781,plain solid,250,273.727,1.095
2023-1169-1-33-handmade-modal-silk-elastic-rubber-band-scrunchie_1.jpg,781,plain solid,250,276.634,1.107
2021-453-1-126-handmade-cotton-elastic-hair-bands-scarf-ponytail-holder-scrunchie-ties_1.jpg,781,handmade,190,160.568,0.845
2024-640-1-21-handmade-crochet-rubber-band-21_1.jpg,786,crochet work,190,242.474,1.276
2024-640-1-27-handmade-crochet-rubber-band-27_1.jpg,786,crochet work,190,249.066,1.311
2024-157-1-20-handmade-modal-silk-elastic-rubber-band-scrunchie-27_1.jpg,781,plain solid,250,229.417,0.918
2024-108-1-12-handmade-modal-silk-elastic-rubber-band-scrunchie-12_1.jpg,781,modal silk weaves,250,270.063,1.08
2021-2051-1-3-handmade-cotton-elastic-hair-bands-scarf-ponytail-holder-scrunchie-ties_1.jpg,781,handmade,190,198.178,1.043
2024-640-1-11-handmade-crochet-rubber-band-11_1.jpg,786,crochet work,190,219.446,1.155
2024-258-1-5-handmade-crochet-rubber-band-05_1.jpg,786,crochet work,190,353.543,1.861
2022-1000-1-13-flower-handmade-felt-beadwork-rubber-band_1.jpg,790,plain solid,90,275.527,3.061
2024-640-1-13-handmade-crochet-rubber-band-13_1.jpg,786,crochet work,190,232.142,1.222
2024-108-1-8-handmade-modal-silk-elastic-rubber-band-scrunchie-08_1.jpg,781,modal silk weaves,250,260.127,1.041
2021-145-1-30-handmade-cotton-elastic-hair-bands-scarf-ponytail-holder-scrunchie-ties_1.jpg,781,handmade,190,181.788,0.957
2021-2051-1-39-handmade-cotton-elastic-hair-bands-scarf-ponytail-holder-scrunchie-ties_1.jpg,781,handmade,190,186.173,0.98
2021-2051-1-41-handmade-cotton-elastic-hair-bands-scarf-ponytail-holder-scrunchie-ties_1.jpg,781,handmade,190,179.23,0.943
2023-758-1-1-handmade-modal-silk-elastic-rubber-band-scrunchie_1.jpg,781,modal silk weaves,250,267.38,1.07
2022-1000-1-37-flower-handmade-felt-beadwork-rubber-band_1.jpg,790,plain solid,90,285.538,3.173
2022-1000-1-12-flower-handmade-felt-beadwork-rubber-band_1.jpg,790,plain solid,90,314.731,3.497
2023-758-1-10-handmade-modal-silk-elastic-rubber-band-scrunchie_1.jpg,781,modal silk weaves,250,251.562,1.006
2021-2051-1-27-handmade-cotton-elastic-hair-bands-scarf-ponytail-holder-scrunchie-ties_1.jpg,781,handmade,190,177.936,0.937
2023-1169-1-9-bandhani-tie-dye-cotton-elastic-rubber-band-scrunchie_1.jpg,781,bandhani tie dye,150,144.976,0.967
2021-145-1-19-handmade-cotton-elastic-hair-bands-scarf-ponytail-holder-scrunchie-ties_1.jpg,781,handmade,190,193.828,1.02
2021-2051-1-82-handmade-cotton-elastic-hair-bands-scarf-ponytail-holder-scrunchie-ties_1.jpg,781,handmade,190,187.12,0.985
2024-640-1-10-handmade-crochet-rubber-band-10_1.jpg,786,crochet work,190,235.602,1.24
2024-640-1-9-handmade-crochet-rubber-band-09_1.jpg,786,crochet work,190,232.166,1.222
2024-108-1-5-handmade-modal-silk-elastic-rubber-band-scrunchie-05_1.jpg,781,modal silk weaves,250,283.545,1.134
2023-1169-1-21-handmade-modal-silk-elastic-rubber-band-scrunchie_1.jpg,781,plain solid,250,285.038,1.14
2022-1000-1-9-flower-handmade-felt-beadwork-rubber-band_1.jpg,790,plain solid,90,294.578,3.273
fabart-phool-kali-shell-hair-rubber-band-17-2025-287-1-17_1.jpg,793,fabart,290,218.414,0.753
2021-453-1-122-handmade-cotton-elastic-hair-bands-scarf-ponytail-holder-scrunchie-ties_1.jpg,781,handmade,190,156.742,0.825
2023-758-1-8-handmade-modal-silk-elastic-rubber-band-scrunchie_1.jpg,781,modal silk weaves,250,267.828,1.071
2021-2051-1-80-handmade-cotton-elastic-hair-bands-scarf-ponytail-holder-scrunchie-ties_1.jpg,781,handmade,190,176.594,0.929
2022-1000-1-41-flower-handmade-felt-beadwork-rubber-band_1.jpg,790,plain solid,90,244.836,2.72
2024-108-1-11-handmade-modal-silk-elastic-rubber-band-scrunchie-11_1.jpg,781,modal silk weaves,250,274.547,1.098
2024-640-1-7-handmade-crochet-rubber-band-07_1.jpg,786,crochet work,190,277.752,1.462
2021-685-1-2-handmade-cotton-elastic-hair-bands-scarf-ponytail-holder-scrunchie-ties_1.jpg,781,handmade,190,174.241,0.917
fabart-phool-kali-shell-hair-rubber-band-13-2025-287-1-13_1.jpg,793,fabart,290,209.748,0.723
2023-1169-1-37-handmade-modal-silk-elastic-rubber-band-scrunchie_1.jpg,781,plain solid,250,290.302,1.161
2021-245-1-2-handmade-cotton-elastic-hair-bands-scarf-ponytail-holder-scrunchie-ties_1.jpg,781,handmade,190,184.844,0.973
2024-258-1-25-handmade-crochet-rubber-band-25_1.jpg,786,crochet work,190,377.098,1.985
2023-1169-1-38-handmade-modal-silk-elastic-rubber-band-scrunchie_1.jpg,781,plain solid,250,311.904,1.248
2021-2051-1-14-handmade-cotton-elastic-hair-bands-scarf-ponytail-holder-scrunchie-ties_1.jpg,781,handmade,190,191.825,1.01
2024-108-1-4-handmade-modal-silk-elastic-rubber-band-scrunchie-04_1.jpg,781,modal silk weaves,250,275.896,1.104
2024-108-1-2-handmade-modal-silk-elastic-rubber-band-scrunchie-02_1.jpg,781,modal silk weaves,250,262.096,1.048
2022-1000-1-55-flower-handmade-felt-beadwork-rubber-band_1.jpg,790,plain solid,90,268.081,2.979
2024-640-1-18-handmade-crochet-rubber-band-18_1.jpg,786,crochet work,190,264.58,1.393
2021-245-1-39-handmade-modal-silk-elastic-hair-bands-scarf-ponytail-holder-scrunchie-ties_1.jpg,781,modal silk weaves,290,328.758,1.134
2021-2051-1-86-handmade-cotton-elastic-hair-bands-scarf-ponytail-holder-scrunchie-ties_1.jpg,781,handmade,190,181.725,0.956
2024-258-1-44-handmade-crochet-rubber-band-44_1.jpg,786,crochet work,190,400.415,2.107
2021-453-1-120-handmade-cotton-elastic-hair-bands-scarf-ponytail-holder-scrunchie-ties_1.jpg,781,handmade,190,164.23,0.864
2024-258-1-22-handmade-crochet-rubber-band-22_1.jpg,786,crochet work,190,368.751,1.941
2021-685-1-15-handmade-cotton-elastic-hair-bands-scarf-ponytail-holder-scrunchie-ties_1.jpg,781,handmade,190,180.704,0.951
2024-640-1-14-handmade-crochet-rubber-band-14_1.jpg,786,crochet work,190,251.105,1.322
2021-2051-1-1-handmade-cotton-elastic-hair-bands-scarf-ponytail-holder-scrunchie-ties_1.jpg,781,handmade,190,192.379,1.013
modal-silk-elastic-handmade-rubber-band-scrunchie-26-2024-603-1-26_1.jpg,781,modal silk weaves,250,460.143,1.841
2021-2051-1-81-handmade-cotton-elastic-hair-bands-scarf-ponytail-holder-scrunchie-ties_1.jpg,781,handmade,190,185.455,0.976
2024-640-1-1-handmade-crochet-rubber-band-01_1.jpg,786,crochet work,190,232.23,1.222
2024-640-1-20-handmade-crochet-rubber-band-20_1.jpg,786,crochet work,190,246.653,1.298
2021-685-1-21-handmade-cotton-elastic-hair-bands-scarf-ponytail-holder-scrunchie-ties_1.jpg,781,handmade,190,178.767,0.941
2021-2051-1-5-handmade-cotton-elastic-hair-bands-scarf-ponytail-holder-scrunchie-ties_1.jpg,781,handmade,190,188.821,0.994
2023-1169-1-27-handmade-modal-silk-elastic-rubber-band-scrunchie_1.jpg,781,plain solid,250,291.071,1.164
2021-2051-1-87-handmade-cotton-elastic-hair-bands-scarf-ponytail-holder-scrunchie-ties_1.jpg,781,handmade,190,171.54,0.903
2024-157-1-23-handmade-modal-silk-elastic-rubber-band-scrunchie-30_1.jpg,781,plain solid,250,267.453,1.07
2023-1169-1-41-handmade-modal-silk-elastic-rubber-band-scrunchie_1.jpg,781,plain solid,250,283.248,1.133
2024-258-1-12-handmade-crochet-rubber-band-12_1.jpg,786,crochet work,190,360.773,1.899
2024-258-1-7-handmade-crochet-rubber-band-07_1.jpg,786,crochet work,190,325.39,1.713
2024-640-1-19-handmade-crochet-rubber-band-19_1.jpg,786,crochet work,190,293.261,1.543
2024-108-1-9-handmade-modal-silk-elastic-rubber-band-scrunchie-09_1.jpg,781,modal silk weaves,250,265.957,1.064
2021-2051-1-61-handmade-cotton-elastic-hair-bands-scarf-ponytail-holder-scrunchie-ties_1.jpg,781,handmade,190,181.65,0.956
2024-258-1-40-handmade-crochet-rubber-band-40_1.jpg,786,crochet work,190,363.67,1.914
2024-640-1-5-handmade-crochet-rubber-band-05_1.jpg,786,crochet work,190,265.358,1.397
2022-1000-1-21-flower-handmade-felt-beadwork-rubber-band_1.jpg,790,plain solid,90,243.625,2.707
2021-685-1-13-handmade-cotton-elastic-hair-bands-scarf-ponytail-holder-scrunchie-ties_1.jpg,781,handmade,190,204.101,1.074
modal-silk-elastic-handmade-rubber-band-scrunchie-22-2024-603-1-22_1.jpg,781,modal silk weaves,250,530.247,2.121
2023-758-1-9-handmade-modal-silk-elastic-rubber-band-scrunchie_1.jpg,781,modal silk weaves,250,249.497,0.998
fabart-phool-kali-shell-hair-rubber-band-08-2025-287-1-8_1.jpg,793,fabart,290,214.0,0.738
fabart-phool-kali-shell-hair-rubber-band-18-2025-287-1-18_1.jpg,793,fabart,290,218.823,0.755
511750-65-handmade-modal-silk-elastic-rubber-band-scrunchie-ties_1.jpg,781,modal silk weaves,250,277.33,1.109
2021-1356-1-125-sambalpuri-ikat-cotton-elastic-hair-bands-scarf-ponytail-holder-scrunchy-ties_1.jpg,781,sambalpuri ikat weaving,190,224.867,1.184
2024-108-1-26-handmade-modal-silk-elastic-rubber-band-scrunchie-26_1.jpg,781,modal silk weaves,250,275.37,1.101
2024-108-1-6-handmade-modal-silk-elastic-rubber-band-scrunchie-06_1.jpg,781,modal silk weaves,250,283.325,1.133
2023-1169-1-1-bandhani-tie-dye-cotton-elastic-rubber-band-scrunchie_1.jpg,781,bandhani tie dye,150,152.612,1.017
2021-245-1-4-handmade-cotton-elastic-hair-bands-scarf-ponytail-holder-scrunchie-ties_1.jpg,781,handmade,190,193.634,1.019
2021-145-1-56-handmade-cotton-elastic-hair-bands-scarf-ponytail-holder-scrunchie-ties_1.jpg,781,handmade,190,204.35,1.076
2021-2051-1-90-handmade-cotton-elastic-hair-bands-scarf-ponytail-holder-scrunchie-ties_1.jpg,781,handmade,190,200.207,1.054
2023-758-1-12-handmade-modal-silk-elastic-rubber-band-scrunchie_1.jpg,781,modal silk weaves,250,234.005,0.936
2023-1169-1-35-handmade-modal-silk-elastic-rubber-band-scrunchie_1.jpg,781,plain solid,250,302.855,1.211
2021-685-1-42-handmade-cotton-elastic-hair-bands-scarf-ponytail-holder-scrunchie-ties_1.jpg,781,handmade,190,176.48,0.929
2023-1169-1-19-handmade-modal-silk-elastic-rubber-band-scrunchie_1.jpg,781,plain solid,250,273.968,1.096
2024-108-1-16-handmade-modal-silk-elastic-rubber-band-scrunchie-16_1.jpg,781,modal silk weaves,250,285.633,1.143
2023-1169-1-29-handmade-modal-silk-elastic-rubber-band-scrunchie_1.jpg,781,plain solid,250,328.663,1.315
2021-1356-1-110-bandhani-tie-dye-cotton-elastic-hair-bands-scarf-ponytail-holder-scrunchy-ties_1.jpg,781,bandhani tie dye,190,246.955,1.3
2021-2051-1-16-handmade-cotton-elastic-hair-bands-scarf-ponytail-holder-scrunchie-ties_1.jpg,781,handmade,190,189.862,0.999
2021-245-1-14-handmade-cotton-elastic-hair-bands-scarf-ponytail-holder-scrunchie-ties_1.jpg,781,handmade,190,186.505,0.982
2021-2051-1-83-handmade-cotton-elastic-hair-bands-scarf-ponytail-holder-scrunchie-ties_1.jpg,781,handmade,190,187.877,0.989
2023-1169-1-30-handmade-modal-silk-elastic-rubber-band-scrunchie_1.jpg,781,plain solid,250,265.337,1.061
2021-145-1-2-handmade-cotton-elastic-hair-bands-scarf-ponytail-holder-scrunchie-ties_1.jpg,781,handmade,190,184.271,0.97
2022-1000-1-6-flower-handmade-felt-beadwork-rubber-band_1.jpg,790,plain solid,90,309.228,3.436
2023-1169-1-26-handmade-modal-silk-elastic-rubber-band-scrunchie_1.jpg,781,plain solid,250,287.849,1.151
2024-258-1-14-handmade-crochet-rubber-band-14_1.jpg,786,crochet work,190,356.48,1.876
2022-1000-1-45-flower-handmade-felt-beadwork-rubber-band_1.jpg,790,plain solid,90,240.703,2.674
2024-108-1-18-handmade-modal-silk-elastic-rubber-band-scrunchie-18_1.jpg,781,modal silk weaves,250,269.36,1.077
2023-1169-1-47-handmade-modal-silk-elastic-rubber-band-scrunchie_1.jpg,781,plain solid,250,277.352,1.109
2024-108-1-17-handmade-modal-silk-elastic-rubber-band-scrunchie-17_1.jpg,781,modal silk weaves,250,285.249,1.141
2024-157-1-22-handmade-modal-silk-elastic-rubber-band-scrunchie-29_1.jpg,781,plain solid,250,242.776,0.971
2021-245-1-16-handmade-cotton-elastic-hair-bands-scarf-ponytail-holder-scrunchie-ties_1.jpg,781,handmade,190,166.519,0.876
2021-685-1-32-handmade-cotton-elastic-hair-bands-scarf-ponytail-holder-scrunchie-ties_1.jpg,781,handmade,190,153.261,0.807
2022-1000-1-78-flower-handmade-felt-beadwork-rubber-band_1.jpg,790,plain solid,150,236.165,1.574
fabart-phool-kali-shell-hair-rubber-band-06-2025-287-1-6_1.jpg,793,fabart,290,202.999,0.7
fabart-phool-kali-shell-hair-rubber-band-11-2025-287-1-11_1.jpg,793,fabart,290,219.902,0.758
2024-258-1-26-handmade-crochet-rubber-band-26_1.jpg,786,crochet work,190,360.415,1.897
2021-245-1-5-handmade-cotton-elastic-hair-bands-scarf-ponytail-holder-scrunchie-ties_1.jpg,781,handmade,190,168.054,0.884
2023-1169-1-3-bandhani-tie-dye-cotton-elastic-rubber-band-scrunchie_1.jpg,781,bandhani tie dye,150,154.487,1.03
2022-1000-1-33-flower-handmade-felt-beadwork-rubber-band_1.jpg,790,plain solid,90,267.313,2.97
2024-108-1-1-handmade-modal-silk-elastic-rubber-band-scrunchie-01_1.jpg,781,modal silk weaves,250,273.832,1.095
2021-2051-1-7-handmade-cotton-elastic-hair-bands-scarf-ponytail-holder-scrunchie-ties_1.jpg,781,handmade,190,192.181,1.011
2021-2051-1-78-handmade-cotton-elastic-hair-bands-scarf-ponytail-holder-scrunchie-ties_1.jpg,781,handmade,190,163.323,0.86
2021-145-1-72-handmade-cotton-elastic-hair-bands-scarf-ponytail-holder-scrunchie-ties_1.jpg,781,handmade,190,202.777,1.067
2021-685-1-4-handmade-cotton-elastic-hair-bands-scarf-ponytail-holder-scrunchie-ties_1.jpg,781,handmade,190,210.501,1.108
2021-2051-1-52-handmade-cotton-elastic-hair-bands-scarf-ponytail-holder-scrunchie-ties_1.jpg,781,handmade,190,197.966,1.042
2021-245-1-38-handmade-modal-silk-elastic-hair-bands-scarf-ponytail-holder-scrunchie-ties_1.jpg,781,modal silk weaves,290,323.607,1.116
2024-108-1-25-handmade-modal-silk-elastic-rubber-band-scrunchie-25_1.jpg,781,modal silk weaves,250,272.146,1.089
2021-2051-1-6-handmade-cotton-elastic-hair-bands-scarf-ponytail-holder-scrunchie-ties_1.jpg,781,handmade,190,192.775,1.015
2024-258-1-10-handmade-crochet-rubber-band-10_1.jpg,786,crochet work,190,347.692,1.83
2023-1169-1-28-handmade-modal-silk-elastic-rubber-band-scrunchie_1.jpg,781,plain solid,250,289.491,1.158
2021-145-1-34-handmade-cotton-elastic-hair-bands-scarf-ponytail-holder-scrunchie-ties_1.jpg,781,handmade,190,200.774,1.057
2021-453-1-134-handmade-cotton-elastic-hair-bands-scarf-ponytail-holder-scrunchie-ties_1.jpg,781,handmade,190,158.972,0.837
2021-2051-1-8-handmade-cotton-elastic-hair-bands-scarf-ponytail-holder-scrunchie-ties_1.jpg,781,handmade,190,185.594,0.977
fabart-phool-kali-shell-hair-rubber-band-10-2025-287-1-10_1.jpg,793,fabart,290,205.355,0.708
2024-157-1-13-handmade-modal-silk-elastic-rubber-band-scrunchie-20_1.jpg,781,plain solid,250,221.721,0.887
2024-108-1-22-handmade-modal-silk-elastic-rubber-band-scrunchie-22_1.jpg,781,modal silk weaves,250,282.295,1.129
2024-108-1-21-handmade-modal-silk-elastic-rubber-band-scrunchie-21_1.jpg,781,modal silk weaves,250,258.114,1.032
2023-1169-1-34-handmade-modal-silk-elastic-rubber-band-scrunchie_1.jpg,781,plain solid,250,214.059,0.856
2024-640-1-23-handmade-crochet-rubber-band-23_1.jpg,786,crochet work,190,214.105,1.127
2024-258-1-2-handmade-crochet-rubber-band-02_1.jpg,786,crochet work,190,363.199,1.912
2023-1169-1-44-handmade-modal-silk-elastic-rubber-band-scrunchie_1.jpg,781,plain solid,250,286.905,1.148
modal-silk-elastic-handmade-rubber-band-scrunchie-23-2024-603-1-23_1.jpg,781,modal silk weaves,250,487.867,1.951
2021-453-1-152-handmade-cotton-elastic-hair-bands-scarf-ponytail-holder-scrunchie-ties_1.jpg,781,handmade,190,150.292,0.791
2021-2051-1-13-handmade-cotton-elastic-hair-bands-scarf-ponytail-holder-scrunchie-ties_1.jpg,781,handmade,190,188.049,0.99
2021-2051-1-18-handmade-cotton-elastic-hair-bands-scarf-ponytail-holder-scrunchie-ties_1.jpg,781,handmade,190,187.055,0.984
2023-1169-1-32-handmade-modal-silk-elastic-rubber-band-scrunchie_1.jpg,781,plain solid,250,270.274,1.081
2023-1169-1-6-bandhani-tie-dye-cotton-elastic-rubber-band-scrunchie_1.jpg,781,bandhani tie dye,150,156.115,1.041
2021-145-1-66-handmade-cotton-elastic-hair-bands-scarf-ponytail-holder-scrunchie-ties_1.jpg,781,handmade,190,207.107,1.09
2022-1000-1-72-flower-handmade-felt-beadwork-rubber-band_1.jpg,790,plain solid,150,256.696,1.711
2023-758-1-11-handmade-modal-silk-elastic-rubber-band-scrunchie_1.jpg,781,modal silk weaves,250,254.49,1.018
2023-1169-1-4-bandhani-tie-dye-cotton-elastic-rubber-band-scrunchie_1.jpg,781,bandhani tie dye,150,145.585,0.971
2021-453-1-130-handmade-cotton-elastic-hair-bands-scarf-ponytail-holder-scrunchie-ties_1.jpg,781,handmade,190,179.892,0.947
2021-685-1-3-handmade-cotton-elastic-hair-bands-scarf-ponytail-holder-scrunchie-ties_1.jpg,781,handmade,190,175.847,0.926
2021-453-1-127-handmade-cotton-elastic-hair-bands-scarf-ponytail-holder-scrunchie-ties_1.jpg,781,handmade,190,166.146,0.874
2021-245-1-3-handmade-cotton-elastic-hair-bands-scarf-ponytail-holder-scrunchie-ties_1.jpg,781,handmade,190,180.214,0.948
2024-640-1-2-handmade-crochet-rubber-band-02_1.jpg,786,crochet work,190,256.545,1.35
2021-245-1-37-handmade-modal-silk-elastic-hair-bands-scarf-ponytail-holder-scrunchie-ties_1.jpg,781,modal silk weaves,290,347.387,1.198
2021-145-1-46-handmade-cotton-elastic-hair-bands-scarf-ponytail-holder-scrunchie-ties_1.jpg,781,handmade,190,181.221,0.954
2021-145-1-18-handmade-cotton-elastic-hair-bands-scarf-ponytail-holder-scrunchie-ties_1.jpg,781,handmade,190,179.319,0.944
2021-2051-1-91-handmade-cotton-elastic-hair-bands-scarf-ponytail-holder-scrunchie-ties_1.jpg,781,handmade,190,194.957,1.026
2024-258-1-39-handmade-crochet-rubber-band-39_1.jpg,786,crochet work,190,347.556,1.829
2023-1169-1-42-handmade-modal-silk-elastic-rubber-band-scrunchie_1.jpg,781,plain solid,250,291.228,1.165
2023-758-1-2-handmade-modal-silk-elastic-rubber-band-scrunchie_1.jpg,781,modal silk weaves,250,238.567,0.954
2021-145-1-8-handmade-cotton-elastic-hair-bands-scarf-ponytail-holder-scrunchie-ties_1.jpg,781,handmade,190,204.627,1.077
2021-2051-1-12-handmade-cotton-elastic-hair-bands-scarf-ponytail-holder-scrunchie-ties_1.jpg,781,handmade,190,176.645,0.93
2023-1169-1-45-handmade-modal-silk-elastic-rubber-band-scrunchie_1.jpg,781,plain solid,250,264.416,1.058
fabart-phool-kali-shell-hair-rubber-band-01-2025-287-1-1_1.jpg,793,fabart,290,207.784,0.716
2021-145-1-29-handmade-cotton-elastic-hair-bands-scarf-ponytail-holder-scrunchie-ties_1.jpg,781,handmade,190,195.484,1.029
2023-1169-1-48-handmade-modal-silk-elastic-rubber-band-scrunchie_1.jpg,781,plain solid,250,291.399,1.166
2023-1169-1-15-bandhani-tie-dye-cotton-elastic-rubber-band-scrunchie_1.jpg,781,bandhani tie dye,150,143.218,0.955
2021-2051-1-84-handmade-cotton-elastic-hair-bands-scarf-ponytail-holder-scrunchie-ties_1.jpg,781,handmade,190,179.704,0.946
handmade-fabric-bow-hair-clip-05-2025-976-1-5_1.jpg,794,fabart,290,298.11,1.028
handmade-thread-mirror-work-hair-clip-13-2025-1416-1-13_1.jpg,796,handmade,250,161.168,0.645
fab-artwork-tik-tak-hair-clip-for-kids-set-of-2-05-2025-1328-1-5_1.jpg,804,fabart,450,287.07,0.638
handmade-fabart-ghungroo-work-hair-clip-10-2025-1293-1-10_1.jpg,805,fabart,350,276.242,0.789
handmade-fabric-bow-hair-clip-15-2025-976-1-15_1.jpg,794,fabart,290,327.333,1.129
handmade-fabric-bow-hair-clip-39-2025-415-1-39_1.jpg,794,fabart,290,318.286,1.098
handmade-thread-mirror-work-hair-clip-09-2025-1416-1-9_1.jpg,796,handmade,250,158.155,0.633
fab-artwork-tik-tak-hair-clip-for-kids-set-of-2-23-2025-1328-1-23_1.jpg,804,fabart,450,248.644,0.553
handmade-fabric-bow-hair-clip-35-2025-415-1-35_1.jpg,794,fabart,290,352.178,1.214
handmade-fabric-bow-hair-clip-02-2025-397-1-2_1.jpg,794,fabart,290,312.211,1.077
handmade-fabric-bow-hair-clip-28-2025-976-1-28_1.jpg,794,fabart,290,342.901,1.182
handmade-fabart-ghungroo-work-hair-clip-04-2025-1293-1-4_1.jpg,805,fabart,350,286.701,0.819
handmade-fabric-bow-hair-clip-48-2025-415-1-48_1.jpg,794,fabart,290,321.091,1.107
handmade-fabric-bow-hair-clip-07-2025-397-1-7_1.jpg,794,fabart,290,304.561,1.05
handmade-fabric-bow-hair-clip-26-2025-415-1-26_1.jpg,794,fabart,290,360.651,1.244
fab-artwork-tik-tak-hair-clip-for-kids-set-of-2-20-2025-1328-1-20_1.jpg,804,fabart,450,250.241,0.556
handmade-fabric-bow-hair-clip-20-2025-976-1-20_1.jpg,794,fabart,290,318.971,1.1
fab-artwork-tik-tak-hair-clip-for-kids-set-of-2-03-2025-1328-1-3_1.jpg,804,fabart,450,260.411,0.579
handmade-thread-mirror-work-hair-clip-05-2025-1416-1-5_1.jpg,796,handmade,250,166.154,0.665
handmade-fabric-bow-hair-clip-43-2025-415-1-43_1.jpg,794,fabart,290,333.896,1.151
handmade-thread-mirror-work-hair-clip-03-2025-1416-1-3_1.jpg,796,handmade,250,158.302,0.633
fab-artwork-tik-tak-hair-clip-for-kids-set-of-2-12-2025-1328-1-12_1.jpg,804,fabart,450,271.381,0.603
handmade-fabric-bow-hair-clip-09-2025-397-1-9_1.jpg,794,fabart,290,285.014,0.983
handmade-fabart-ghungroo-work-hair-clip-18-2025-1293-1-18_1.jpg,805,fabart,350,256.402,0.733
handmade-thread-mirror-work-hair-clip-06-2025-1416-1-6_1.jpg,796,handmade,250,172.722,0.691
handmade-fabart-ghungroo-work-hair-clip-22-2025-1293-1-22_1.jpg,805,fabart,350,295.938,0.846
fab-artwork-tik-tak-hair-clip-for-kids-set-of-2-32-2025-1328-1-32_1.jpg,804,fabart,450,300.284,0.667
handmade-fabric-bow-hair-clip-27-2025-397-1-27_1.jpg,794,fabart,290,302.885,1.044
handmade-fabric-bow-hair-clip-33-2025-976-1-33_1.jpg,794,fabart,290,317.137,1.094
handmade-fabric-bow-hair-clip-12-2025-415-1-12_1.jpg,794,fabart,290,319.723,1.102
handmade-thread-mirror-work-hair-clip-12-2025-1416-1-12_1.jpg,796,handmade,250,163.912,0.656
2022-1000-1-125-flower-handmade-felt-work-tik-tak-hair-clips-set-of-2_1.jpg,809,plain solid,290,277.171,0.956
handmade-fabric-bow-hair-clip-03-2025-397-1-3_1.jpg,794,fabart,290,308.95,1.065
fab-artwork-tik-tak-hair-clip-for-kids-set-of-2-26-2025-1328-1-26_1.jpg,804,fabart,450,258.973,0.575
handmade-thread-mirror-work-hair-clip-07-2025-1416-1-7_1.jpg,796,handmade,250,166.025,0.664
handmade-fabric-bow-hair-clip-37-2025-976-1-37_1.jpg,794,fabart,290,323.979,1.117
handmade-fabart-ghungroo-work-hair-clip-03-2025-1293-1-3_1.jpg,805,fabart,350,269.1,0.769
handmade-fabric-bow-hair-clip-13-2025-976-1-13_1.jpg,794,fabart,290,329.935,1.138
handmade-fabric-bow-hair-clip-10-2025-397-1-10_1.jpg,794,fabart,290,306.241,1.056
handmade-fabric-bow-hair-clip-04-2025-415-1-4_1.jpg,794,fabart,290,344.111,1.187
handmade-fabric-bow-hair-clip-42-2025-976-1-42_1.jpg,794,fabart,290,352.101,1.214
handmade-fabric-bow-hair-clip-50-2025-397-1-50_1.jpg,794,fabart,290,331.892,1.144
handmade-fabric-bow-hair-clip-17-2025-415-1-17_1.jpg,794,fabart,290,339.791,1.172
handmade-fabric-bow-hair-clip-09-2025-976-1-9_1.jpg,794,fabart,290,306.678,1.058
handmade-fabric-bow-hair-clip-27-2025-976-1-27_1.jpg,794,fabart,290,342.11,1.18
handmade-fabric-bow-hair-clip-11-2025-976-1-11_1.jpg,794,fabart,290,325.735,1.123
handmade-fabric-bow-hair-clip-18-2025-976-1-18_1.jpg,794,fabart,290,315.722,1.089
handmade-fabric-bow-hair-clip-42-2025-397-1-42_1.jpg,794,fabart,290,302.261,1.042
handmade-fabric-bow-hair-clip-08-2025-397-1-8_1.jpg,794,fabart,290,293.234,1.011
fab-artwork-tik-tak-hair-clip-for-kids-set-of-2-24-2025-1328-1-24_1.jpg,804,fabart,450,254.723,0.566
handmade-fabric-bow-hair-clip-54-2025-397-1-54_1.jpg,794,fabart,290,315.962,1.09
handmade-fabart-ghungroo-work-hair-clip-16-2025-1293-1-16_1.jpg,805,fabart,350,259.691,0.742
fab-artwork-tik-tak-hair-clip-for-kids-set-of-2-13-2025-1328-1-13_1.jpg,804,fabart,450,264.434,0.588
handmade-fabric-bow-hair-clip-04-2025-397-1-4_1.jpg,794,fabart,290,315.382,1.088
handmade-fabart-ghungroo-work-hair-clip-25-2025-1293-1-25_1.jpg,805,fabart,350,283.31,0.809
fab-artwork-tik-tak-hair-clip-for-kids-set-of-2-36-2025-1328-1-36_1.jpg,804,fabart,450,294.926,0.655
handmade-fabric-bow-hair-clip-29-2025-397-1-29_1.jpg,794,fabart,290,275.98,0.952
handmade-fabric-bow-hair-clip-49-2025-415-1-49_1.jpg,794,fabart,290,316.228,1.09
handmade-fabart-ghungroo-work-hair-clip-02-2025-1293-1-2_1.jpg,805,fabart,350,279.257,0.798
fab-artwork-tik-tak-hair-clip-for-kids-set-of-2-09-2025-1328-1-9_1.jpg,804,fabart,450,291.614,0.648
handmade-fabart-ghungroo-work-hair-clip-09-2025-1293-1-9_1.jpg,805,fabart,350,268.453,0.767
handmade-fabric-bow-hair-clip-46-2025-415-1-46_1.jpg,794,fabart,290,352.836,1.217
handmade-fabart-ghungroo-work-hair-clip-11-2025-1293-1-11_1.jpg,805,fabart,350,272.83,0.78
handmade-fabric-bow-hair-clip-44-2025-415-1-44_1.jpg,794,fabart,290,305.961,1.055
handmade-fabric-bow-hair-clip-38-2025-976-1-38_1.jpg,794,fabart,290,343.152,1.183
handmade-fabric-bow-hair-clip-25-2025-976-1-25_1.jpg,794,fabart,290,339.154,1.169
handmade-thread-mirror-work-hair-clip-16-2025-1416-1-16_1.jpg,796,handmade,250,164.379,0.658
fab-artwork-tik-tak-hair-clip-for-kids-set-of-2-06-2025-1328-1-6_1.jpg,804,fabart,450,277.043,0.616
handmade-fabric-bow-hair-clip-20-2025-397-1-20_1.jpg,794,fabart,290,284.526,0.981
fab-artwork-tik-tak-hair-clip-for-kids-set-of-2-15-2025-1328-1-15_1.jpg,804,fabart,450,286.156,0.636
2024-403-1-24-handcrafted-seashell-hair-clip-24_1.jpg,810,seashell craft,490,331.307,0.676
handmade-fabric-bow-hair-clip-24-2025-976-1-24_1.jpg,794,fabart,290,334.042,1.152
handmade-fabric-bow-hair-clip-62-2025-397-1-62_1.jpg,794,fabart,290,358.121,1.235
handmade-fabric-bow-hair-clip-38-2025-415-1-38_1.jpg,794,fabart,290,333.632,1.15
handmade-fabric-bow-hair-clip-46-2025-976-1-46_1.jpg,794,fabart,290,328.181,1.132
fab-artwork-tik-tak-hair-clip-for-kids-set-of-2-04-2025-1328-1-4_1.jpg,804,fabart,450,293.09,0.651
fab-artwork-tik-tak-hair-clip-for-kids-set-of-2-34-2025-1328-1-34_1.jpg,804,fabart,450,312.272,0.694
handmade-fabric-bow-hair-clip-40-2025-415-1-40_1.jpg,794,fabart,290,319.509,1.102
handmade-fabric-bow-hair-clip-37-2025-397-1-37_1.jpg,794,fabart,290,325.568,1.123
handmade-fabart-ghungroo-work-hair-clip-20-2025-1293-1-20_1.jpg,805,fabart,350,274.935,0.786
handmade-fabric-bow-hair-clip-17-2025-976-1-17_1.jpg,794,fabart,290,316.187,1.09
handmade-fabric-bow-hair-clip-29-2025-976-1-29_1.jpg,794,fabart,290,343.592,1.185
handmade-fabric-bow-hair-clip-30-2025-415-1-30_1.jpg,794,fabart,290,363.611,1.254
fab-artwork-tik-tak-hair-clip-for-kids-set-of-2-28-2025-1328-1-28_1.jpg,804,fabart,450,286.8,0.637
handmade-fabric-bow-hair-clip-09-2025-415-1-9_1.jpg,794,fabart,290,302.333,1.043
handmade-fabart-ghungroo-work-hair-clip-08-2025-1293-1-8_1.jpg,805,fabart,350,248.492,0.71
handmade-fabric-bow-hair-clip-05-2025-397-1-5_1.jpg,794,fabart,290,338.8,1.168
handmade-fabric-bow-hair-clip-12-2025-976-1-12_1.jpg,794,fabart,290,358.765,1.237
handmade-fabric-bow-hair-clip-53-2025-397-1-53_1.jpg,794,fabart,290,295.264,1.018
handmade-fabric-bow-hair-clip-07-2025-415-1-7_1.jpg,794,fabart,290,326.791,1.127
handmade-fabric-bow-hair-clip-51-2025-415-1-51_1.jpg,794,fabart,290,304.63,1.05
handmade-fabric-bow-hair-clip-34-2025-415-1-34_1.jpg,794,fabart,290,324.784,1.12
fab-artwork-tik-tak-hair-clip-for-kids-set-of-2-11-2025-1328-1-11_1.jpg,804,fabart,450,304.35,0.676
handmade-fabric-bow-hair-clip-44-2025-976-1-44_1.jpg,794,fabart,290,316.14,1.09
handmade-thread-mirror-work-hair-clip-10-2025-1416-1-10_1.jpg,796,handmade,250,177.121,0.708
fab-artwork-tik-tak-hair-clip-for-kids-set-of-2-31-2025-1328-1-31_1.jpg,804,fabart,450,276.027,0.613
handmade-fabart-ghungroo-work-hair-clip-19-2025-1293-1-19_1.jpg,805,fabart,350,273.8,0.782
handmade-fabart-ghungroo-work-hair-clip-06-2025-1293-1-6_1.jpg,805,fabart,350,264.058,0.754
handmade-fabart-ghungroo-work-hair-clip-23-2025-1293-1-23_1.jpg,805,fabart,350,253.01,0.723
handmade-thread-mirror-work-hair-clip-11-2025-1416-1-11_1.jpg,796,handmade,250,156.523,0.626
handmade-fabric-bow-hair-clip-41-2025-415-1-41_1.jpg,794,fabart,290,308.442,1.064
handmade-fabric-bow-hair-clip-47-2025-976-1-47_1.jpg,794,fabart,290,330.505,1.14
handmade-fabric-bow-hair-clip-37-2025-415-1-37_1.jpg,794,fabart,290,307.486,1.06
handmade-fabric-bow-hair-clip-34-2025-397-1-34_1.jpg,794,fabart,290,258.664,0.892
handmade-fabric-bow-hair-clip-30-2025-976-1-30_1.jpg,794,fabart,290,342.357,1.181
handmade-thread-mirror-work-hair-clip-08-2025-1416-1-8_1.jpg,796,handmade,250,158.838,0.635
handmade-fabric-bow-hair-clip-14-2025-397-1-14_1.jpg,794,fabart,290,328.921,1.134
fab-artwork-tik-tak-hair-clip-for-kids-set-of-2-29-2025-1328-1-29_1.jpg,804,fabart,450,284.367,0.632
handmade-fabric-bow-hair-clip-16-2025-415-1-16_1.jpg,794,fabart,290,359.727,1.24
handmade-fabric-bow-hair-clip-32-2025-976-1-32_1.jpg,794,fabart,290,324.751,1.12
handmade-fabart-ghungroo-work-hair-clip-14-2025-1293-1-14_1.jpg,805,fabart,350,283.792,0.811
handmade-fabric-bow-hair-clip-11-2025-397-1-11_1.jpg,794,fabart,290,312.836,1.079
handmade-fabart-ghungroo-work-hair-clip-17-2025-1293-1-17_1.jpg,805,fabart,350,281.875,0.805
handmade-fabric-bow-hair-clip-48-2025-976-1-48_1.jpg,794,fabart,290,349.55,1.205
handmade-fabric-bow-hair-clip-23-2025-976-1-23_1.jpg,794,fabart,290,307.079,1.059
handmade-fabric-bow-hair-clip-03-2024-1188-1-3_1.jpg,794,fabart,290,291.014,1.003
handmade-fabric-bow-hair-clip-17-2025-397-1-17_1.jpg,794,fabart,290,290.399,1.001
handmade-fabric-bow-hair-clip-40-2025-976-1-40_1.jpg,794,fabart,290,342.215,1.18
handmade-fabric-bow-hair-clip-22-2025-415-1-22_1.jpg,794,fabart,290,318.129,1.097
handmade-fabric-bow-hair-clip-27-2025-415-1-27_1.jpg,794,fabart,290,341.248,1.177
handmade-fabric-bow-hair-clip-04-2025-976-1-4_1.jpg,794,fabart,290,334.879,1.155
handmade-fabric-bow-hair-clip-60-2025-397-1-60_1.jpg,794,fabart,290,290.612,1.002
handmade-fabric-bow-hair-clip-39-2025-976-1-39_1.jpg,794,fabart,290,337.586,1.164
handmade-fabric-bow-hair-clip-31-2025-976-1-31_1.jpg,794,fabart,290,343.129,1.183
fab-artwork-tik-tak-hair-clip-for-kids-set-of-2-19-2025-1328-1-19_1.jpg,804,fabart,450,244.389,0.543
fab-artwork-tik-tak-hair-clip-for-kids-set-of-2-21-2025-1328-1-21_1.jpg,804,fabart,450,237.457,0.528
handmade-fabart-ghungroo-work-hair-clip-07-2025-1293-1-7_1.jpg,805,fabart,350,253.619,0.725
handmade-fabric-bow-hair-clip-52-2025-415-1-52_1.jpg,794,fabart,290,363.109,1.252
handmade-fabric-bow-hair-clip-31-2025-415-1-31_1.jpg,794,fabart,290,339.747,1.172
2022-1000-1-123-flower-handmade-felt-work-tik-tak-hair-clips-set-of-2_1.jpg,809,plain solid,290,314.302,1.084
handmade-fabric-bow-hair-clip-42-2025-415-1-42_1.jpg,794,fabart,290,304.875,1.051
handmade-fabart-ghungroo-work-hair-clip-01-2025-1293-1-1_1.jpg,805,fabart,350,264.208,0.755
handmade-fabric-bow-hair-clip-45-2025-976-1-45_1.jpg,794,fabart,290,324.002,1.117
handmade-fabric-bow-hair-clip-20-2025-415-1-20_1.jpg,794,fabart,290,318.636,1.099
handmade-thread-mirror-work-hair-clip-04-2025-1416-1-4_1.jpg,796,handmade,250,164.246,0.657
handmade-fabric-bow-hair-clip-35-2025-397-1-35_1.jpg,794,fabart,290,291.885,1.006
handmade-fabric-bow-hair-clip-33-2025-415-1-33_1.jpg,794,fabart,290,352.923,1.217
handmade-fabart-ghungroo-work-hair-clip-12-2025-1293-1-12_1.jpg,805,fabart,350,283.501,0.81
fab-artwork-tik-tak-hair-clip-for-kids-set-of-2-30-2025-1328-1-30_1.jpg,804,fabart,450,281.687,0.626
handmade-fabric-bow-hair-clip-29-2025-415-1-29_1.jpg,794,fabart,290,278.601,0.961
fab-artwork-tik-tak-hair-clip-for-kids-set-of-2-07-2025-1328-1-7_1.jpg,804,fabart,450,263.921,0.586
2022-1000-1-128-bird-handmade-felt-beadwork-tik-tak-hair-clips-set-of-2_1.jpg,809,bead work,290,298.972,1.031
handmade-fabric-bow-hair-clip-16-2025-397-1-16_1.jpg,794,fabart,290,276.549,0.954
handmade-fabric-bow-hair-clip-01-2025-397-1-1_1.jpg,794,fabart,290,275.247,0.949
handmade-fabric-bow-hair-clip-51-2025-397-1-51_1.jpg,794,fabart,290,329.151,1.135
fab-artwork-tik-tak-hair-clip-for-kids-set-of-2-25-2025-1328-1-25_1.jpg,804,fabart,450,253.798,0.564
handmade-fabric-bow-hair-clip-41-2025-397-1-41_1.jpg,794,fabart,290,278.717,0.961
fab-artwork-tik-tak-hair-clip-for-kids-set-of-2-14-2025-1328-1-14_1.jpg,804,fabart,450,277.425,0.617
handmade-fabric-bow-hair-clip-36-2025-976-1-36_1.jpg,794,fabart,290,341.587,1.178
handmade-fabric-bow-hair-clip-22-2025-976-1-22_1.jpg,794,fabart,290,307.448,1.06
handmade-fabric-bow-hair-clip-06-2025-397-1-6_1.jpg,794,fabart,290,288.077,0.993
handmade-fabart-ghungroo-work-hair-clip-13-2025-1293-1-13_1.jpg,805,fabart,450,260.523,0.579
fab-artwork-tik-tak-hair-clip-for-kids-set-of-2-10-2025-1328-1-10_1.jpg,804,fabart,450,262.702,0.584
handmade-fabric-bow-hair-clip-25-2025-415-1-25_1.jpg,794,fabart,290,341.259,1.177
handmade-fabric-bow-hair-clip-45-2025-415-1-45_1.jpg,794,fabart,290,309.724,1.068
fab-artwork-tik-tak-hair-clip-for-kids-set-of-2-33-2025-1328-1-33_1.jpg,804,fabart,450,305.261,0.678
handmade-fabric-bow-hair-clip-44-2025-397-1-44_1.jpg,794,fabart,290,291.484,1.005
handmade-fabric-bow-hair-clip-28-2025-397-1-28_1.jpg,794,fabart,290,322.968,1.114
fab-artwork-tik-tak-hair-clip-for-kids-set-of-2-01-2025-1328-1-1_1.jpg,804,fabart,450,298.641,0.664
handmade-thread-mirror-work-hair-clip-01-2025-1416-1-1_1.jpg,796,handmade,250,154.479,0.618
handmade-fabric-bow-hair-clip-35-2025-976-1-35_1.jpg,794,fabart,290,321.042,1.107
handmade-thread-mirror-work-hair-clip-15-2025-1416-1-15_1.jpg,796,handmade,250,170.638,0.683
handmade-fabric-bow-hair-clip-08-2025-976-1-8_1.jpg,794,fabart,290,342.43,1.181
handmade-fabart-ghungroo-work-hair-clip-24-2025-1293-1-24_1.jpg,805,fabart,350,267.97,0.766
handmade-fabric-bow-hair-clip-18-2025-415-1-18_1.jpg,794,fabart,290,303.707,1.047
handmade-fabric-bow-hair-clip-12-2025-397-1-12_1.jpg,794,fabart,290,324.763,1.12
handmade-fabric-bow-hair-clip-47-2025-415-1-47_1.jpg,794,fabart,290,328.008,1.131
handmade-thread-mirror-work-hair-clip-02-2025-1416-1-2_1.jpg,796,handmade,250,164.983,0.66
handmade-fabart-ghungroo-work-hair-clip-05-2025-1293-1-5_1.jpg,805,fabart,350,270.631,0.773
fab-artwork-tik-tak-hair-clip-for-kids-set-of-2-22-2025-1328-1-22_1.jpg,804,fabart,450,230.156,0.511
handmade-fabric-bow-hair-clip-23-2025-415-1-23_1.jpg,794,fabart,290,305.479,1.053
fab-artwork-tik-tak-hair-clip-for-kids-set-of-2-02-2025-1328-1-2_1.jpg,804,fabart,450,282.972,0.629
handmade-fabric-bow-hair-clip-02-2025-415-1-2_1.jpg,794,fabart,290,321.125,1.107
2022-1000-1-121-flower-handmade-felt-work-tik-tak-hair-clips-set-of-2_1.jpg,809,plain solid,290,310.677,1.071
handmade-fabric-bow-hair-clip-34-2025-976-1-34_1.jpg,794,fabart,290,351.065,1.211
handmade-fabric-bow-hair-clip-06-2025-976-1-6_1.jpg,794,fabart,290,333.396,1.15
handmade-fabric-bow-hair-clip-11-2025-415-1-11_1.jpg,794,fabart,290,335.406,1.157
handmade-fabric-bow-hair-clip-26-2025-976-1-26_1.jpg,794,fabart,290,343.774,1.185
handmade-fabric-bow-hair-clip-38-2025-397-1-38_1.jpg,794,fabart,290,313.518,1.081
1-5cm-handmade-sambhal-clothing-button-set-of-10-17-806110-17_1.jpg,820,wood carving,240,267.843,1.116
2024-504-1-35-1cm-buttonbaaz-handmade-button-small-set-of-12-35_1.jpg,821,wood carving,150,264.165,1.761
2024-504-1-33-1cm-buttonbaaz-handmade-button-small-set-of-12-33_1.jpg,821,wood carving,150,263.808,1.759
2-2cm-handmade-sambhal-clothing-button-set-of-10-09-806110-9_1.jpg,820,wood carving,200,360.762,1.804
2-2cm-handmade-sambhal-clothing-button-set-of-10-04-806110-4_1.jpg,820,wood carving,200,328.046,1.64
1-8cm-handmade-sambhal-clothing-button-set-of-10-12-806110-12_1.jpg,820,wood carving,240,276.968,1.154
1-6cm-handmade-sambhal-clothing-button-set-of-10-02-806110-2_1.jpg,820,wood carving,200,323.086,1.615
2cm-handmade-sambhal-clothing-button-set-of-10-10-806110-10_1.jpg,820,wood carving,240,345.917,1.441
1-8cm-handmade-sambhal-clothing-button-set-of-10-16-806110-16_1.jpg,820,wood carving,200,342.542,1.713
2-5cm-handmade-sambhal-clothing-button-set-of-10-07-806110-7_1.jpg,820,wood carving,240,283.376,1.181
480863-22-handmade-flower-crochet-wooden-juda-stick-by-samoolam_1.jpg,828,crochet work,350,902.965,2.58
2021-1245-1-48-samoolam-handmade-crochet-hairstick-parrot-multicolour_1.jpg,828,crochet work,440,994.01,2.259
439161-20-jugaad-boria-metal-juda-hairpin_1.jpg,835,handmade,180,238.992,1.328
480863-38-handmade-flower-crochet-wooden-juda-stick-by-samoolam_1.jpg,828,crochet work,350,832.367,2.378
480863-23-handmade-flower-crochet-wooden-juda-stick-by-samoolam_1.jpg,828,crochet work,350,871.031,2.489
handmade-wooden-guldasta-juda-stick-04-2024-1159-1-4_1.jpg,843,wood carving,350,324.749,0.928
480863-33-handmade-flower-crochet-wooden-juda-stick-by-samoolam_1.jpg,828,crochet work,350,897.393,2.564
2024-403-1-33-handcrafted-wooden-seashell-juda-stick-33_1.jpg,844,seashell craft,350,368.001,1.051
2021-1245-1-39-samoolam-handmade-crochet-hairstick-dragonfly_1.jpg,828,crochet work,440,956.371,2.174
handmade-fabart-beadwork-hair-band-20-2024-1346-1-20_1.jpg,846,bead work,390,391.446,1.004
handmade-fabart-beadwork-hair-band-05-2024-1259-1-5_1.jpg,846,bead work,390,305.774,0.784
2022-1000-1-85-flower-handmade-felt-beadwork-hair-band_1.jpg,790,plain solid,490,475.993,0.971
handmade-fabart-beadwork-hair-band-01-2024-1346-1-1_1.jpg,846,bead work,390,367.144,0.941
handmade-fabart-beadwork-hair-band-03-2024-1346-1-3_1.jpg,846,bead work,390,381.732,0.979
handmade-cotton-elastic-pearl-headband-04-2024-1734-1-4_1.jpg,852,fabart,450,233.654,0.519
handmade-fabart-beadwork-hair-band-17-2024-1259-1-17_1.jpg,846,bead work,390,330.698,0.848
handmade-fabart-beadwork-hair-band-13-2024-1259-1-13_1.jpg,846,bead work,390,333.878,0.856
handmade-fabart-beadwork-hair-band-04-2024-1259-1-4_1.jpg,846,bead work,390,318.711,0.817
handmade-cotton-elastic-pearl-headband-40-2024-1734-1-40_1.jpg,852,fabart,450,245.863,0.546
handmade-cotton-elastic-pearl-headband-36-2024-1734-1-36_1.jpg,852,fabart,450,238.57,0.53
handmade-cotton-elastic-pearl-headband-16-2024-1734-1-16_1.jpg,852,fabart,450,242.322,0.538
handmade-cotton-elastic-pearl-headband-03-2024-1734-1-3_1.jpg,852,fabart,450,234.54,0.521
2022-1000-1-94-flower-handmade-felt-beadwork-hair-band_1.jpg,790,plain solid,490,501.479,1.023
handmade-fabart-beadwork-hair-band-01-2024-1259-1-1_1.jpg,846,bead work,390,304.921,0.782
handmade-cotton-elastic-pearl-headband-29-2024-1734-1-29_1.jpg,852,fabart,450,235.304,0.523
2022-1000-1-89-flower-handmade-felt-beadwork-hair-band_1.jpg,790,plain solid,490,434.803,0.887
handmade-fabart-beadwork-hair-band-07-2024-1346-1-7_1.jpg,846,bead work,390,316.558,0.812
handmade-cotton-elastic-pearl-headband-37-2024-1734-1-37_1.jpg,852,fabart,450,236.909,0.526
handmade-fabart-beadwork-hair-band-08-2024-1259-1-8_1.jpg,846,bead work,390,308.659,0.791
2022-1000-1-114-flower-handmade-felt-beadwork-hair-band_1.jpg,790,plain solid,490,502.885,1.026
handmade-cotton-elastic-pearl-headband-23-2024-1734-1-23_1.jpg,852,fabart,450,252.083,0.56
handmade-fabart-beadwork-hair-band-26-2024-1346-1-26_1.jpg,846,bead work,390,374.884,0.961
handmade-fabart-beadwork-hair-band-16-2024-1259-1-16_1.jpg,846,bead work,390,351.652,0.902
handmade-fabart-beadwork-hair-band-20-2024-1259-1-20_1.jpg,846,bead work,390,309.901,0.795
handmade-cotton-elastic-pearl-headband-43-2024-1734-1-43_1.jpg,852,fabart,450,251.1,0.558
handmade-fabart-beadwork-hair-band-14-2024-1259-1-14_1.jpg,846,bead work,390,299.849,0.769
2022-1000-1-101-flower-handmade-felt-beadwork-hair-band_1.jpg,790,plain solid,490,492.757,1.006
handmade-cotton-elastic-pearl-headband-18-2024-1734-1-18_1.jpg,852,fabart,450,241.422,0.536
2022-1000-1-86-flower-handmade-felt-beadwork-hair-band_1.jpg,790,plain solid,490,444.807,0.908
handmade-fabart-beadwork-hair-band-09-2024-1346-1-9_1.jpg,846,bead work,390,383.098,0.982
handmade-cotton-elastic-pearl-headband-30-2024-1734-1-30_1.jpg,852,fabart,450,249.187,0.554
handmade-fabart-beadwork-hair-band-22-2024-1346-1-22_1.jpg,846,bead work,390,381.292,0.978
handmade-cotton-elastic-pearl-headband-19-2024-1734-1-19_1.jpg,852,fabart,450,243.176,0.54
handmade-fabart-beadwork-hair-band-10-2024-1259-1-10_1.jpg,846,bead work,390,317.975,0.815
handmade-cotton-elastic-pearl-headband-02-2024-1734-1-2_1.jpg,852,fabart,450,229.733,0.511
handmade-cotton-elastic-pearl-headband-07-2024-1734-1-7_1.jpg,852,fabart,450,228.349,0.507
handmade-cotton-elastic-pearl-headband-11-2024-1734-1-11_1.jpg,852,fabart,450,219.056,0.487
handmade-cotton-elastic-pearl-headband-15-2024-1734-1-15_1.jpg,852,fabart,450,233.942,0.52
2022-1000-1-84-flower-handmade-felt-beadwork-hair-band_1.jpg,790,plain solid,490,484.982,0.99
2022-1000-1-95-flower-handmade-felt-beadwork-hair-band_1.jpg,790,plain solid,490,483.085,0.986
handmade-cotton-elastic-pearl-headband-24-2024-1734-1-24_1.jpg,852,fabart,450,231.023,0.513
handmade-cotton-elastic-pearl-headband-25-2024-1734-1-25_1.jpg,852,fabart,450,229.924,0.511
handmade-cotton-elastic-pearl-headband-33-2024-1734-1-33_1.jpg,852,fabart,450,256.279,0.57
handmade-fabart-beadwork-hair-band-12-2024-1346-1-12_1.jpg,846,bead work,390,352.337,0.903
handmade-fabart-beadwork-hair-band-06-2024-1259-1-6_1.jpg,846,bead work,390,331.756,0.851
handmade-cotton-elastic-pearl-headband-31-2024-1734-1-31_1.jpg,852,fabart,450,236.66,0.526
handmade-cotton-elastic-pearl-headband-08-2024-1734-1-8_1.jpg,852,fabart,450,242.298,0.538
handmade-cotton-elastic-pearl-headband-17-2024-1734-1-17_1.jpg,852,fabart,450,235.81,0.524
handmade-fabart-beadwork-hair-band-12-2024-1259-1-12_1.jpg,846,bead work,390,312.576,0.801
handmade-cotton-elastic-pearl-headband-01-2024-1734-1-1_1.jpg,852,fabart,450,237.707,0.528
2022-1000-1-91-flower-handmade-felt-beadwork-hair-band_1.jpg,790,plain solid,490,445.5,0.909
handmade-fabart-beadwork-hair-band-11-2024-1259-1-11_1.jpg,846,bead work,390,319.105,0.818
handmade-fabart-beadwork-hair-band-10-2024-1346-1-10_1.jpg,846,bead work,390,374.747,0.961
handmade-fabart-beadwork-hair-band-19-2024-1259-1-19_1.jpg,846,bead work,390,291.487,0.747
2022-1000-1-118-flower-handmade-felt-beadwork-hair-band_1.jpg,790,handmade,490,485.482,0.991
handmade-fabart-beadwork-hair-band-02-2024-1259-1-2_1.jpg,846,bead work,390,316.133,0.811
handmade-cotton-elastic-pearl-headband-05-2024-1734-1-5_1.jpg,852,fabart,450,236.809,0.526
handmade-cotton-elastic-pearl-headband-21-2024-1734-1-21_1.jpg,852,fabart,450,252.06,0.56
2022-1000-1-90-flower-handmade-felt-beadwork-hair-band_1.jpg,790,plain solid,490,446.165,0.911
handmade-cotton-elastic-pearl-headband-22-2024-1734-1-22_1.jpg,852,fabart,450,242.338,0.539
handmade-fabart-beadwork-hair-band-02-2024-1346-1-2_1.jpg,846,bead work,390,364.313,0.934
handmade-cotton-elastic-pearl-headband-10-2024-1734-1-10_1.jpg,852,fabart,450,232.858,0.517
handmade-cotton-elastic-pearl-headband-09-2024-1734-1-9_1.jpg,852,fabart,450,226.877,0.504
handmade-cotton-elastic-pearl-headband-20-2024-1734-1-20_1.jpg,852,fabart,450,237.244,0.527
handmade-fabart-beadwork-hair-band-38-2024-1346-1-38_1.jpg,846,bead work,390,384.05,0.985
handmade-fabart-beadwork-hair-band-03-2024-1259-1-3_1.jpg,846,bead work,390,292.008,0.749
handmade-fabart-beadwork-hair-band-07-2024-1259-1-7_1.jpg,846,bead work,390,336.311,0.862
2022-1000-1-93-flower-handmade-felt-beadwork-hair-band_1.jpg,790,plain solid,490,502.757,1.026
2022-1000-1-117-flower-handmade-felt-beadwork-hair-band_1.jpg,790,handmade,490,516.727,1.055
handmade-cotton-elastic-pearl-headband-47-2024-1734-1-47_1.jpg,852,fabart,450,241.565,0.537
handmade-cotton-elastic-pearl-headband-26-2024-1734-1-26_1.jpg,852,fabart,450,219.495,0.488
handmade-cotton-elastic-pearl-headband-42-2024-1734-1-42_1.jpg,852,fabart,450,236.065,0.525
2022-491-1-14-mirror-work-kutch-embroidery-dori-waist-belt-kamarbandh_1.jpg,865,kutch embroidery,1450,851.756,0.587
2022-739-1-14-kutch-embroidery-mirror-work-dori-waist-belt-kamarbandh_1.jpg,865,kutch embroidery,1650,831.621,0.504
2022-739-1-3-kutch-embroidery-mirror-work-fabric-camera-belt_1.jpg,865,kutch embroidery,1950,616.566,0.316
559549-28-kutch-embroidery-mirror-work-cotton-camera-belt_1.jpg,865,kutch embroidery,1950,566.282,0.29
2022-739-1-5-kutch-embroidery-mirror-work-fabric-camera-belt_1.jpg,865,kutch embroidery,1950,636.248,0.326
559549-7-kutch-embroidery-mirror-work-dori-waist-belt-kamarbandh_1.jpg,865,kutch embroidery,1650,798.577,0.484
473763-2-mirror-work-kutchi-embroidery-cotton-camera-belt_1.jpg,865,kutch embroidery,1950,565.627,0.29
559549-9-kutch-embroidery-mirror-work-dori-waist-belt-kamarbandh_1.jpg,865,kutch embroidery,1650,782.835,0.474
2022-739-1-21-kutch-embroidery-mirror-work-dori-waist-belt-kamarbandh_1.jpg,865,kutch embroidery,1950,856.222,0.439
2021-407-1-100-mirror-work-kutchi-embroidery-fabric-camera-belt_1.jpg,865,kutch embroidery,1950,756.368,0.388
2022-739-1-38-kutch-embroidery-mirror-work-dori-waist-belt-kamarbandh_1.jpg,865,kutch embroidery,1650,846.091,0.513
2022-739-1-24-kutch-embroidery-mirror-work-dori-waist-belt-kamarbandh_1.jpg,865,kutch embroidery,1950,832.075,0.427
559549-30-kutch-embroidery-mirror-work-cotton-camera-belt_1.jpg,865,kutch embroidery,1950,549.205,0.282
559549-17-kutch-embroidery-mirror-work-dori-waist-belt-kamarbandh_1.jpg,865,kutch embroidery,1890,777.155,0.411
2022-739-1-22-kutch-embroidery-mirror-work-dori-waist-belt-kamarbandh_1.jpg,865,kutch embroidery,1950,749.951,0.385
559549-4-kutch-embroidery-mirror-work-dori-waist-belt-kamarbandh_1.jpg,865,kutch embroidery,1650,824.54,0.5
559549-11-kutch-embroidery-mirror-work-dori-waist-belt-kamarbandh_1.jpg,865,kutch embroidery,1650,728.357,0.441
559549-6-kutch-embroidery-mirror-work-dori-waist-belt-kamarbandh_1.jpg,865,kutch embroidery,1650,768.094,0.466
2022-739-1-37-kutch-embroidery-mirror-work-dori-waist-belt-kamarbandh_1.jpg,865,kutch embroidery,1650,770.441,0.467
2022-739-1-4-kutch-embroidery-mirror-work-fabric-camera-belt_1.jpg,865,kutch embroidery,1950,647.466,0.332
2022-491-1-1-mirror-work-kutchi-embroidery-cotton-camera-belt_1.jpg,865,kutch embroidery,1950,593.475,0.304
2022-739-1-10-kutch-embroidery-mirror-work-dori-waist-belt-kamarbandh_1.jpg,865,kutch embroidery,1890,816.198,0.432
2022-395-1-10-mirror-seashell-work-kutch-embroidery-dori-waist-belt-kamarbandh_1.jpg,865,kutch embroidery,1490,960.803,0.645
2022-739-1-41-kutch-embroidery-mirror-work-dori-waist-belt-kamarbandh_1.jpg,865,kutch embroidery,1650,807.237,0.489
2022-739-1-15-kutch-embroidery-mirror-work-dori-waist-belt-kamarbandh_1.jpg,865,kutch embroidery,1650,883.864,0.536
2022-491-1-2-mirror-work-kutch-embroidery-cotton-camera-belt_1.jpg,865,kutch embroidery,1890,906.794,0.48
2022-491-1-12-mirror-work-kutch-embroidery-dori-waist-belt-kamarbandh_1.jpg,865,kutch embroidery,1650,838.386,0.508
2022-739-1-7-kutch-embroidery-mirror-work-dori-waist-belt-kamarbandh_1.jpg,865,kutch embroidery,1650,876.625,0.531
2022-739-1-34-kutch-embroidery-mirror-work-dori-waist-belt-kamarbandh_1.jpg,865,kutch embroidery,1650,854.039,0.518
2021-407-1-104-mirror-work-kutchi-embroidery-fabric-camera-belt_1.jpg,865,kutch embroidery,1950,524.165,0.269
2022-491-1-4-mirror-work-kutch-embroidery-cotton-camera-belt_1.jpg,865,kutch embroidery,1890,953.379,0.504
2022-739-1-40-kutch-embroidery-mirror-work-dori-waist-belt-kamarbandh_1.jpg,865,kutch embroidery,1650,804.488,0.488
559549-23-kutch-embroidery-mirror-work-cotton-camera-belt_1.jpg,865,kutch embroidery,1950,591.276,0.303
2022-739-1-25-kutch-rabari-embroidery-dori-waist-belt-kamarbandh_1.jpg,865,kutch embroidery,1650,927.138,0.562
559549-19-kutch-embroidery-mirror-work-dori-waist-belt-kamarbandh_1.jpg,865,kutch embroidery,1890,720.411,0.381
2022-739-1-35-kutch-embroidery-mirror-work-dori-waist-belt-kamarbandh_1.jpg,865,kutch embroidery,1650,773.498,0.469
2022-739-1-11-kutch-embroidery-mirror-work-dori-waist-belt-kamarbandh_1.jpg,865,kutch embroidery,1890,822.246,0.435
559549-22-kutch-embroidery-mirror-work-cotton-camera-belt_1.jpg,865,kutch embroidery,1950,641.073,0.329
2022-739-1-8-kutch-embroidery-mirror-work-dori-waist-belt-kamarbandh_1.jpg,865,kutch embroidery,1650,842.902,0.511
2022-739-1-19-kutch-embroidery-mirror-work-dori-waist-belt-kamarbandh_1.jpg,865,kutch embroidery,1950,891.777,0.457
2022-739-1-2-kutch-embroidery-mirror-work-fabric-camera-belt_1.jpg,865,kutch embroidery,1950,625.393,0.321
2022-739-1-39-kutch-embroidery-mirror-work-dori-waist-belt-kamarbandh_1.jpg,865,kutch embroidery,1650,839.56,0.509
559549-20-kutch-embroidery-mirror-work-cotton-camera-belt_1.jpg,865,kutch embroidery,1950,618.872,0.317
2022-739-1-31-kutch-embroidery-mirror-work-dori-waist-belt-kamarbandh_1.jpg,865,kutch embroidery,1650,770.582,0.467
2022-739-1-17-kutch-embroidery-mirror-work-dori-waist-belt-kamarbandh_1.jpg,865,kutch embroidery,1650,732.301,0.444
559549-18-kutch-embroidery-mirror-work-dori-waist-belt-kamarbandh_1.jpg,865,kutch embroidery,1890,793.154,0.42
2022-739-1-9-kutch-embroidery-mirror-work-dori-waist-belt-kamarbandh_1.jpg,865,kutch embroidery,1650,847.336,0.514
559549-25-kutch-embroidery-mirror-work-cotton-camera-belt_1.jpg,865,kutch embroidery,1950,587.917,0.301
2022-739-1-23-kutch-embroidery-mirror-work-dori-waist-belt-kamarbandh_1.jpg,865,kutch embroidery,1950,769.679,0.395
2022-739-1-16-kutch-embroidery-mirror-work-dori-waist-belt-kamarbandh_1.jpg,865,kutch embroidery,1650,839.25,0.509
2022-491-1-9-mirror-work-kutch-embroidery-dori-waist-belt-kamarbandh_1.jpg,865,kutch embroidery,1650,870.114,0.527
2022-491-1-5-mirror-work-kutchi-embroidery-dori-waist-belt-kamarbandh_1.jpg,865,kutch embroidery,1650,870.978,0.528
2022-491-1-6-mirror-work-kutch-embroidery-dori-waist-belt-kamarbandh_1.jpg,865,kutch embroidery,1650,862.765,0.523
2022-739-1-26-kutch-rabari-embroidery-dori-waist-belt-kamarbandh_1.jpg,865,kutch embroidery,1650,950.131,0.576
2022-739-1-36-kutch-embroidery-mirror-work-dori-waist-belt-kamarbandh_1.jpg,865,kutch embroidery,1650,874.562,0.53
559549-15-kutch-embroidery-mirror-work-dori-waist-belt-kamarbandh_1.jpg,865,kutch embroidery,1650,810.203,0.491
2022-395-1-14-mirror-seashell-work-kutch-embroidery-dori-waist-belt-kamarbandh_1.jpg,865,kutch embroidery,1650,1013.254,0.614
2022-739-1-33-kutch-embroidery-mirror-work-dori-waist-belt-kamarbandh_1.jpg,865,kutch embroidery,1650,818.096,0.496
2022-739-1-32-kutch-embroidery-mirror-work-dori-waist-belt-kamarbandh_1.jpg,865,kutch embroidery,1650,816.619,0.495
559549-8-kutch-embroidery-mirror-work-dori-waist-belt-kamarbandh_1.jpg,865,kutch embroidery,1650,743.477,0.451
2022-491-1-10-mirror-work-kutch-embroidery-dori-waist-belt-kamarbandh_1.jpg,865,kutch embroidery,1650,870.393,0.528
2022-739-1-27-kutch-rabari-embroidery-dori-waist-belt-kamarbandh_1.jpg,865,kutch embroidery,1650,882.347,0.535
559549-24-kutch-embroidery-mirror-work-cotton-camera-belt_1.jpg,865,kutch embroidery,1950,547.333,0.281
2022-739-1-1-mirror-work-kutch-embroidery-fabric-camera-belt_1.jpg,865,kutch embroidery,1950,554.675,0.284
2023-1066-1-23-bijnor-hand-carved-sheesham-wood-comb-medium_1.jpg,870,wood carving,450,374.263,0.832
2023-1558-1-49-hand-carved-sheesham-wood-comb-small_1.jpg,870,wood carving,350,473.537,1.353
559745-3-handcarved-natural-neem-wood-comb-small_1.jpg,871,wood carving,250,341.337,1.365
2023-1558-1-46-hand-carved-sheesham-wood-comb-small_1.jpg,870,wood carving,350,446.244,1.275
2023-1066-1-14-bijnor-hand-carved-sheesham-wood-comb-medium_1.jpg,870,wood carving,450,453.064,1.007
559745-5-hand-carved-neem-wood-comb-big_1.jpg,871,wood carving,350,543.564,1.553
2022-1124-1-16-hand-carved-sheesham-wood-comb-big_1.jpg,870,wood carving,350,650.133,1.858
2023-1558-1-41-hand-carved-sheesham-wood-comb-medium_1.jpg,870,wood carving,450,504.33,1.121
559745-9-hand-carved-neem-wood-comb-big_1.jpg,871,wood carving,350,536.747,1.534
2023-1066-1-16-bijnor-hand-carved-sheesham-wood-comb-medium_1.jpg,870,wood carving,450,435.669,0.968
2023-1066-1-17-bijnor-hand-carved-sheesham-wood-comb-medium_1.jpg,870,wood carving,450,462.422,1.028
2023-1066-1-22-bijnor-hand-carved-sheesham-wood-comb-medium_1.jpg,870,wood carving,450,389.442,0.865
2023-1066-1-18-bijnor-hand-carved-sheesham-wood-comb-medium_1.jpg,870,wood carving,450,433.77,0.964
2023-1066-1-15-bijnor-hand-carved-sheesham-wood-comb-medium_1.jpg,870,wood carving,450,428.384,0.952
2023-1558-1-47-hand-carved-sheesham-wood-comb-small_1.jpg,870,wood carving,350,467.19,1.335
559745-8-hand-carved-neem-wood-comb-big_1.jpg,871,wood carving,350,535.709,1.531
2023-1066-1-20-bijnor-hand-carved-sheesham-wood-comb-medium_1.jpg,870,wood carving,450,406.932,0.904
559745-7-hand-carved-neem-wood-comb-big_1.jpg,871,wood carving,350,541.519,1.547
559745-10-hand-carved-neem-wood-comb-big_1.jpg,871,wood carving,350,537.371,1.535
2023-1066-1-19-bijnor-hand-carved-sheesham-wood-comb-medium_1.jpg,870,wood carving,450,388.763,0.864
2023-1558-1-55-hand-carved-sheesham-wood-comb-small_1.jpg,870,wood carving,350,481.471,1.376
2023-1066-1-12-bijnor-hand-carved-sheesham-wood-comb-medium_1.jpg,870,wood carving,450,488.962,1.087
handmade-cotton-bandana-12-2025-1222-1-12_1.jpg,880,shibori tie dye,390,409.687,1.05
banaras-handpainted-wooden-kumkum-box-11-2026-748-2-11_1.jpg,881,banaras handpainted,250,1004.236,4.017
banaras-handpainted-wooden-kumkum-box-2-inch-12-2026-748-2-12_1.jpg,881,banaras handpainted,390,852.57,2.186
banaras-handpainted-wooden-kumkum-box-2-inch-14-2026-748-2-14_1.jpg,881,banaras handpainted,390,904.176,2.318
banaras-handpainted-wooden-kumkum-box-2-inch-13-2026-748-2-13_1.jpg,881,banaras handpainted,390,845.437,2.168
2023-904-2-133-banjara-embroidery-handmade-keychain_1.jpg,884,banjara embroidery,200,322.524,1.613
handmade-stuffed-keychain-for-key-bag-21-2026-608-1-21_1.jpg,887,handmade,280,341.393,1.219
handmade-stuffed-keychain-for-key-bag-11-2026-608-1-11_1.jpg,887,handmade,280,400.427,1.43
2023-904-2-85-banjara-embroidery-handmade-keychain_1.jpg,884,banjara embroidery,200,320.994,1.605
2023-904-2-83-banjara-embroidery-handmade-keychain_1.jpg,884,banjara embroidery,200,236.612,1.183
2023-904-2-108-banjara-embroidery-handmade-keychain_1.jpg,884,banjara embroidery,200,222.939,1.115
2023-904-2-88-banjara-embroidery-handmade-keychain_1.jpg,884,banjara embroidery,200,267.506,1.338
2023-904-2-93-banjara-embroidery-handmade-keychain_1.jpg,884,banjara embroidery,200,259.712,1.299
2020-768-1-7-bird-handmade-papier-mache-keychain_1.jpg,82,bengal papier mache craft,250,347.761,1.391
butterfly-handpainted-clay-art-keychain-25-2025-840-1-25_1.jpg,909,hand painted,250,417.786,1.671
handmade-stuffed-keychain-for-key-bag-45-2026-608-1-45_1.jpg,887,handmade,280,383.175,1.368
handmade-stuffed-keychain-for-key-bag-29-2026-608-1-29_1.jpg,887,handmade,280,346.782,1.239
handmade-stuffed-keychain-for-key-bag-43-2026-608-1-43_1.jpg,887,handmade,280,355.164,1.268
2022-1192-1-45-handcrafted-kutch-leather-keychain_1.jpg,910,kutch leather craft,290,252.108,0.869
2023-904-2-36-banjara-embroidery-handmade-keychain_1.jpg,884,banjara embroidery,200,321.252,1.606
handmade-stuffed-keychain-for-key-bag-19-2026-608-1-19_1.jpg,887,handmade,280,363.593,1.299
2023-904-2-114-banjara-embroidery-handmade-keychain_1.jpg,884,banjara embroidery,200,223.56,1.118
2022-1192-1-33-handcrafted-kutch-leather-keychain_1.jpg,910,kutch leather craft,290,263.579,0.909
2023-904-2-96-banjara-embroidery-handmade-keychain_1.jpg,884,banjara embroidery,200,238.163,1.191
handmade-stuffed-keychain-for-key-bag-31-2026-608-1-31_1.jpg,887,handmade,280,364.535,1.302
2023-904-2-89-banjara-embroidery-handmade-keychain_1.jpg,884,banjara embroidery,200,276.465,1.382
handmade-stuffed-keychain-for-key-bag-15-2026-608-1-15_1.jpg,887,handmade,280,324.741,1.16
2023-904-2-58-banjara-embroidery-handmade-keychain_1.jpg,884,banjara embroidery,200,260.766,1.304
2023-904-2-115-banjara-embroidery-handmade-keychain_1.jpg,884,banjara embroidery,200,226.931,1.135
2023-904-2-143-banjara-embroidery-handmade-keychain_1.jpg,884,banjara embroidery,200,293.977,1.47
handmade-stuffed-keychain-for-key-bag-07-2026-608-1-7_1.jpg,887,handmade,280,367.287,1.312
handmade-stuffed-keychain-for-key-bag-42-2026-608-1-42_1.jpg,887,handmade,280,360.404,1.287
2023-904-2-35-banjara-embroidery-handmade-keychain_1.jpg,884,banjara embroidery,200,252.396,1.262
2022-1150-1-7-hand-carved-tarkashi-inlay-rosewood-keychain_1.jpg,915,other,390,484.594,1.243
handmade-stuffed-keychain-for-key-bag-03-2026-608-1-3_1.jpg,887,handmade,280,373.368,1.333
2023-904-2-123-banjara-embroidery-handmade-keychain_1.jpg,884,banjara embroidery,200,227.024,1.135
owl-handpainted-clay-art-keychain-19-2025-840-1-19_1.jpg,909,hand painted,250,393.785,1.575
2023-904-2-56-banjara-embroidery-handmade-keychain_1.jpg,884,banjara embroidery,200,277.736,1.389
2023-904-2-122-banjara-embroidery-handmade-keychain_1.jpg,884,banjara embroidery,200,307.48,1.537
handmade-stuffed-keychain-for-key-bag-26-2026-608-1-26_1.jpg,887,handmade,280,371.59,1.327
2023-904-2-137-banjara-embroidery-handmade-keychain_1.jpg,884,banjara embroidery,200,232.622,1.163
butterfly-handpainted-clay-art-keychain-20-2025-840-1-20_1.jpg,909,hand painted,250,397.29,1.589
2023-1099-2-3-handmade-lambani-embroidery-mirror-work-keychain_1.jpg,917,lambani craft,290,397.164,1.37
2023-904-2-57-banjara-embroidery-handmade-keychain_1.jpg,884,banjara embroidery,200,329.549,1.648
handmade-stuffed-keychain-for-key-bag-18-2026-608-1-18_1.jpg,887,handmade,280,361.431,1.291
2023-904-2-121-banjara-embroidery-handmade-keychain_1.jpg,884,banjara embroidery,200,221.722,1.109
handmade-stuffed-keychain-for-key-bag-14-2026-608-1-14_1.jpg,887,handmade,280,358.281,1.28
2023-904-2-98-banjara-embroidery-handmade-keychain_1.jpg,884,banjara embroidery,200,237.935,1.19
handmade-stuffed-keychain-for-key-bag-06-2026-608-1-6_1.jpg,887,handmade,280,347.44,1.241
handmade-stuffed-keychain-for-key-bag-04-2026-608-1-4_1.jpg,887,handmade,280,316.66,1.131
2022-1192-1-37-handcrafted-kutch-leather-keychain_1.jpg,910,kutch leather craft,290,270.304,0.932
2023-904-2-49-banjara-embroidery-handmade-keychain_1.jpg,884,banjara embroidery,200,349.66,1.748
2023-904-2-109-banjara-embroidery-handmade-keychain_1.jpg,884,banjara embroidery,200,251.865,1.259
2020-768-1-11-bird-handmade-papier-mache-keychain_1.jpg,82,bengal papier mache craft,250,357.511,1.43
handmade-stuffed-keychain-for-key-bag-30-2026-608-1-30_1.jpg,887,handmade,280,349.459,1.248
2022-1150-1-6-hand-carved-tarkashi-inlay-rosewood-keychain_1.jpg,915,other,390,502.235,1.288
handmade-stuffed-keychain-for-key-bag-36-2026-608-1-36_1.jpg,887,handmade,280,378.736,1.353
handmade-stuffed-keychain-for-key-bag-35-2026-608-1-35_1.jpg,887,handmade,280,344.454,1.23
2023-1099-2-4-handmade-lambani-embroidery-mirror-work-keychain_1.jpg,917,lambani craft,290,443.03,1.528
handmade-stuffed-keychain-for-key-bag-01-2026-608-1-1_1.jpg,887,handmade,280,369.112,1.318
2023-904-2-60-banjara-embroidery-handmade-keychain_1.jpg,884,banjara embroidery,200,332.176,1.661
2023-904-2-52-banjara-embroidery-handmade-keychain_1.jpg,884,banjara embroidery,200,336.875,1.684
2022-1192-1-48-handcrafted-kutch-leather-keychain_1.jpg,910,kutch leather craft,290,277.878,0.958
handmade-stuffed-keychain-for-key-bag-12-2026-608-1-12_1.jpg,887,handmade,280,364.171,1.301
handmade-stuffed-keychain-for-key-bag-34-2026-608-1-34_1.jpg,887,handmade,280,341.809,1.221
2023-904-2-84-banjara-embroidery-handmade-keychain_1.jpg,884,banjara embroidery,200,237.903,1.19
2023-904-2-90-banjara-embroidery-handmade-keychain_1.jpg,884,banjara embroidery,200,286.335,1.432
handmade-stuffed-keychain-for-key-bag-17-2026-608-1-17_1.jpg,887,handmade,280,335.077,1.197
handmade-stuffed-keychain-for-key-bag-23-2026-608-1-23_1.jpg,887,handmade,280,366.603,1.309
handmade-stuffed-keychain-for-key-bag-20-2026-608-1-20_1.jpg,887,handmade,280,372.078,1.329
dragonfly-handpainted-clay-art-keychain-21-2025-840-1-21_1.jpg,909,hand painted,250,421.188,1.685
2023-904-2-102-banjara-embroidery-handmade-keychain_1.jpg,884,banjara embroidery,200,227.487,1.137
handmade-stuffed-keychain-for-key-bag-28-2026-608-1-28_1.jpg,887,handmade,280,340.702,1.217
2023-904-2-91-banjara-embroidery-handmade-keychain_1.jpg,884,banjara embroidery,200,293.884,1.469
handmade-stuffed-keychain-for-key-bag-16-2026-608-1-16_1.jpg,887,handmade,280,313.52,1.12
2023-1099-2-1-handmade-lambani-embroidery-mirror-work-keychain_1.jpg,917,lambani craft,290,406.324,1.401
handmade-stuffed-keychain-for-key-bag-39-2026-608-1-39_1.jpg,887,handmade,280,360.182,1.286
2023-904-2-107-banjara-embroidery-handmade-keychain_1.jpg,884,banjara embroidery,200,293.435,1.467
handmade-stuffed-keychain-for-key-bag-13-2026-608-1-13_1.jpg,887,handmade,280,366.19,1.308
2023-904-2-103-banjara-embroidery-handmade-keychain_1.jpg,884,banjara embroidery,200,263.991,1.32
handmade-stuffed-keychain-for-key-bag-33-2026-608-1-33_1.jpg,887,handmade,280,370.92,1.325
handmade-stuffed-keychain-for-key-bag-40-2026-608-1-40_1.jpg,887,handmade,280,338.397,1.209
handmade-stuffed-keychain-for-key-bag-41-2026-608-1-41_1.jpg,887,handmade,280,340.613,1.216
2023-904-2-95-banjara-embroidery-handmade-keychain_1.jpg,884,banjara embroidery,200,256.365,1.282
2023-1099-2-2-handmade-lambani-embroidery-mirror-work-keychain_1.jpg,917,lambani craft,290,430.195,1.483
2023-904-2-125-banjara-embroidery-handmade-keychain_1.jpg,884,banjara embroidery,200,230.062,1.15
handmade-stuffed-keychain-for-key-bag-24-2026-608-1-24_1.jpg,887,handmade,280,347.912,1.243
2023-904-2-116-banjara-embroidery-handmade-keychain_1.jpg,884,banjara embroidery,200,236.048,1.18
handmade-stuffed-keychain-for-key-bag-44-2026-608-1-44_1.jpg,887,handmade,280,372.388,1.33
2023-904-2-127-banjara-embroidery-handmade-keychain_1.jpg,884,banjara embroidery,200,209.887,1.049
2023-904-2-134-banjara-embroidery-handmade-keychain_1.jpg,884,banjara embroidery,200,224.58,1.123
2022-1192-1-41-handcrafted-kutch-leather-keychain_1.jpg,910,kutch leather craft,290,250.522,0.864
handmade-stuffed-keychain-for-key-bag-08-2026-608-1-8_1.jpg,887,handmade,280,368.883,1.317
2023-904-2-101-banjara-embroidery-handmade-keychain_1.jpg,884,banjara embroidery,200,223.62,1.118
439161-4-sunflower-keychain-by-jugaad_1.jpg,921,bead work,390,308.847,0.792
2022-1192-1-43-handcrafted-kutch-leather-keychain_1.jpg,910,kutch leather craft,290,277.964,0.958
2023-904-2-111-banjara-embroidery-handmade-keychain_1.jpg,884,banjara embroidery,200,264.193,1.321
handmade-stuffed-keychain-for-key-bag-38-2026-608-1-38_1.jpg,887,handmade,280,363.117,1.297
handmade-stuffed-keychain-for-key-bag-37-2026-608-1-37_1.jpg,887,handmade,280,400.265,1.43
handmade-stuffed-keychain-for-key-bag-05-2026-608-1-5_1.jpg,887,handmade,280,325.704,1.163
2023-904-2-87-banjara-embroidery-handmade-keychain_1.jpg,884,banjara embroidery,200,308.366,1.542
handmade-stuffed-keychain-for-key-bag-22-2026-608-1-22_1.jpg,887,handmade,280,396.067,1.415
2022-1192-1-47-handcrafted-kutch-leather-keychain_1.jpg,910,kutch leather craft,290,254.214,0.877
handmade-stuffed-keychain-for-key-bag-32-2026-608-1-32_1.jpg,887,handmade,280,362.752,1.296
2023-904-2-117-banjara-embroidery-handmade-keychain_1.jpg,884,banjara embroidery,200,295.76,1.479
handmade-stuffed-keychain-for-key-bag-27-2026-608-1-27_1.jpg,887,handmade,280,367.147,1.311
2023-904-2-126-banjara-embroidery-handmade-keychain_1.jpg,884,banjara embroidery,200,340.609,1.703
2023-904-2-112-banjara-embroidery-handmade-keychain_1.jpg,884,banjara embroidery,200,231.225,1.156
handmade-ghungroo-work-bhaiya-bhabhi-rakhi-set-204-2025-1832-1-204_1.jpg,929,handmade,690,636.607,0.923
handmade-german-silver-bhaiya-bhabhi-rakhi-set-11-2026-244-1-11_1.jpg,929,oxidised metal craft,450,879.777,1.955
handmade-german-silver-rudraksh-work-bhaiya-bhabhi-rakhi-set-211-2025-1832-1-211_1.jpg,929,oxidised metal craft,690,749.887,1.087
handmade-german-silver-bhaiya-bhabhi-rakhi-set-183-2025-1832-1-183_1.jpg,929,oxidised metal craft,850,785.698,0.924
handmade-shell-work-bhaiya-bhabhi-rakhi-set-101-2025-1832-1-101_1.jpg,929,handmade,690,692.415,1.004
handmade-german-silver-bhaiya-bhabhi-rakhi-set-167-2025-1832-1-167_1.jpg,929,oxidised metal craft,850,816.429,0.961
handmade-kundan-work-rakhi-15-2026-361-1-15_1.jpg,929,fabart,250,306.791,1.227
handmade-shell-work-rakhi-set-of-6-156-2025-1832-1-156_1.jpg,929,handmade,850,675.561,0.795
handmade-german-silver-rakhi-32-2025-1832-1-32_1.jpg,929,oxidised metal craft,450,436.946,0.971
handmade-pearl-rakhi-set-of-6-03-2026-244-1-3_1.jpg,929,handmade,850,906.901,1.067
handmade-blue-pottery-gs-bead-work-rakhi-lumba-set-27-2026-199-1-27_1.jpg,936,blue art pottery,1290,1437.603,1.114
handmade-german-silver-rudraksh-work-rakhi-48-2025-1832-1-48_1.jpg,929,handmade,490,533.085,1.088
handmade-flower-rakhi-19-2026-361-1-19_1.jpg,929,fabart,250,292.67,1.171
handmade-german-silver-rakhi-03-2025-1832-1-3_1.jpg,929,oxidised metal craft,450,479.943,1.067
handmade-german-silver-rakhi-56-2025-1832-1-56_1.jpg,929,oxidised metal craft,450,502.595,1.117
handmade-flower-rakhi-20-2026-361-1-20_1.jpg,929,fabart,250,270.068,1.08
handmade-thread-work-lumba-rakhi-with-potli-05-2026-534-1-5_1.jpg,938,thread work,790,398.022,0.504
hand-embroidered-thread-work-rakhi-25-2026-243-1-25_1.jpg,929,embroidery,650,1227.303,1.888
hand-embroidered-thread-work-rakhi-15-2026-243-1-15_1.jpg,929,embroidery,650,1071.792,1.649
hand-embroidered-thread-work-bhaiya-bhabhi-rakhi-set-36-2026-243-1-36_1.jpg,929,embroidery,950,1784.966,1.879
bishnupur-handpainted-terracotta-rakhi-29-2025-1837-1-29_1.jpg,940,hand painted,490,345.628,0.705
bishnupur-handpainted-terracotta-rakhi-17-2025-1837-1-17_1.jpg,940,hand painted,490,326.049,0.665
bishnupur-handpainted-terracotta-rakhi-13-2025-1837-1-13_1.jpg,940,hand painted,490,330.882,0.675
bishnupur-handpainted-terracotta-rakhi-12-2025-1837-1-12_1.jpg,940,hand painted,490,356.587,0.728
bishnupur-handpainted-terracotta-rakhi-34-2025-1837-1-34_1.jpg,940,hand painted,490,328.908,0.671
bishnupur-handpainted-terracotta-rakhi-33-2025-1837-1-33_1.jpg,940,hand painted,490,342.177,0.698
leopard-handmade-beadwork-kids-rakhi-by-jugni-17-2026-381-1-17_1.jpg,929,bead work,650,847.388,1.304
ganesha-face-handmade-beadwork-rakhi-by-jugni-19-2026-381-1-19_1.jpg,929,bead work,650,938.031,1.443
turtle-handmade-beadwork-kids-rakhi-by-jugni-12-2026-381-1-12_1.jpg,929,bead work,650,785.264,1.208
2023-519-1-13-handmade-thread-beadwork-rakhi-by-jugni_1.jpg,929,bead work,650,982.979,1.512
handmade-kundan-work-rakhi-12-2026-361-1-12_1.jpg,929,fabart,250,320.536,1.282
handmade-beads-evil-eye-rakhi-07-2026-244-1-7_1.jpg,929,handmade,350,579.601,1.656
handmade-german-silver-rakhi-07-2025-1832-1-7_1.jpg,929,oxidised metal craft,450,485.717,1.079
handmade-german-silver-rakhi-58-2025-1832-1-58_1.jpg,929,oxidised metal craft,450,488.448,1.085
handmade-shell-work-rakhi-set-of-6-161-2025-1832-1-161_1.jpg,929,handmade,850,687.443,0.809
handmade-flower-rakhi-22-2026-361-1-22_1.jpg,929,fabart,250,292.176,1.169
handmade-kundan-work-rakhi-assorted-set-of-6-08-2026-361-1-8_1.jpg,929,fabart,950,771.871,0.812
handmade-kundan-work-rakhi-assorted-set-of-6-05-2026-361-1-5_1.jpg,929,fabart,1190,681.939,0.573
handmade-kundan-work-rakhi-assorted-set-of-6-07-2026-361-1-7_1.jpg,929,fabart,950,735.08,0.774
handmade-kundan-work-rakhi-18-2026-361-1-18_1.jpg,929,fabart,250,321.732,1.287
handmade-kundan-work-rakhi-assorted-set-of-6-06-2026-361-1-6_1.jpg,929,fabart,1190,752.187,0.632
handmade-kundan-work-rakhi-14-2026-361-1-14_1.jpg,929,fabart,250,298.71,1.195
handmade-kundan-work-rakhi-assorted-set-of-6-09-2026-361-1-9_1.jpg,929,fabart,950,782.018,0.823
handmade-kundan-work-rakhi-assorted-set-of-6-03-2026-361-1-3_1.jpg,929,fabart,950,793.441,0.835
hand-embroidered-thread-work-rakhi-20-2026-243-1-20_1.jpg,929,embroidery,650,1223.635,1.883
hand-embroidered-thread-work-rakhi-12-2026-243-1-12_1.jpg,929,embroidery,650,1182.09,1.819
hand-embroidered-thread-work-rakhi-11-2026-243-1-11_1.jpg,929,embroidery,650,1133.454,1.744
hand-embroidered-thread-work-rakhi-30-2026-243-1-30_1.jpg,929,embroidery,650,1802.049,2.772
hand-embroidered-thread-work-rakhi-24-2026-243-1-24_1.jpg,929,embroidery,650,1134.387,1.745
hand-embroidered-thread-work-rakhi-17-2026-243-1-17_1.jpg,929,embroidery,650,1204.653,1.853
hand-embroidered-thread-work-rakhi-14-2026-243-1-14_1.jpg,929,embroidery,650,1217.872,1.874
hand-embroidered-thread-work-rakhi-13-2026-243-1-13_1.jpg,929,embroidery,650,1089.487,1.676
handmade-blue-pottery-gs-bead-work-rakhi-lumba-set-30-2026-199-1-30_1.jpg,936,blue art pottery,1290,1333.117,1.033
handmade-blue-pottery-gs-bead-work-rakhi-lumba-set-29-2026-199-1-29_1.jpg,936,blue art pottery,1290,1239.075,0.961
chocolate-hand-embroidered-felt-rakhi-for-kids-39-2026-228-1-39_1.jpg,945,embroidery,690,806.315,1.169
crawling-baby-hand-embroidered-felt-rakhi-for-kids-03-2026-228-1-3_1.jpg,945,embroidery,690,747.052,1.083
hand-embroidered-thread-bead-work-rakhi-for-brother-14-2026-604-1-14_1.jpg,946,embroidery,490,521.019,1.063
handmade-wooden-beads-shell-work-rakhi-set-of-6-163-2025-1832-1-163_1.jpg,929,handmade,850,658.484,0.775
handmade-shell-work-rakhi-150-2025-1832-1-150_1.jpg,929,handmade,390,409.028,1.049
handmade-wooden-beads-shell-work-rakhi-set-of-6-165-2025-1832-1-165_1.jpg,929,bead work,850,697.429,0.821
handmade-wooden-beads-shell-work-rakhi-set-of-6-162-2025-1832-1-162_1.jpg,929,bead work,850,735.089,0.865
handmade-jute-fabart-shell-work-rakhi-set-of-6-152-2025-1832-1-152_1.jpg,929,fabart,850,727.145,0.855
handmade-beadwork-rakhi-for-brother-03-2026-612-1-3_1.jpg,929,bead work,490,577.81,1.179
handmade-beadwork-rakhi-for-brother-04-2026-612-1-4_1.jpg,929,bead work,490,578.338,1.18
handmade-beadwork-rakhi-for-brother-15-2026-612-1-15_1.jpg,929,bead work,590,572.631,0.971
handmade-beadwork-rakhi-for-brother-09-2026-612-1-9_1.jpg,929,bead work,590,578.472,0.98
handmade-german-silver-rakhi-74-2025-1832-1-74_1.jpg,929,oxidised metal craft,450,480.286,1.067
handmade-german-silver-rakhi-70-2025-1832-1-70_1.jpg,929,oxidised metal craft,450,388.251,0.863
handmade-german-silver-rudraksh-work-rakhi-47-2025-1832-1-47_1.jpg,929,handmade,490,534.817,1.091
handmade-german-silver-rakhi-set-of-6-91-2025-1832-1-91_1.jpg,929,oxidised metal craft,850,765.335,0.9
handmade-german-silver-rudraksh-work-rakhi-46-2025-1832-1-46_1.jpg,929,handmade,490,509.653,1.04
handmade-german-silver-rakhi-80-2025-1832-1-80_1.jpg,929,oxidised metal craft,450,478.455,1.063
handmade-german-silver-rakhi-79-2025-1832-1-79_1.jpg,929,oxidised metal craft,450,478.464,1.063
handmade-german-silver-rakhi-68-2025-1832-1-68_1.jpg,929,oxidised metal craft,450,511.218,1.136
handmade-german-silver-wooden-beads-rakhi-set-of-6-92-2025-1832-1-92_1.jpg,929,handmade,850,772.028,0.908
handmade-german-silver-rakhi-set-of-6-88-2025-1832-1-88_1.jpg,929,oxidised metal craft,850,784.812,0.923
handmade-rudraksh-work-rakhi-set-of-6-96-2025-1832-1-96_1.jpg,929,handmade,850,781.467,0.919
handmade-german-silver-rudraksh-work-rakhi-set-of-6-93-2025-1832-1-93_1.jpg,929,handmade,850,829.993,0.976
handmade-german-silver-rakhi-25-2025-1832-1-25_1.jpg,929,oxidised metal craft,450,404.576,0.899
daisy-flower-hand-embroidered-bead-work-felt-rakhi-12-2026-228-1-12_1.jpg,952,embroidery,490,659.987,1.347
handmade-blue-pottery-gs-bead-work-rakhi-lumba-set-20-2026-199-1-20_1.jpg,936,blue art pottery,1290,1352.175,1.048
handmade-rudraksh-work-rakhi-set-of-6-95-2025-1832-1-95_1.jpg,929,handmade,850,818.702,0.963
handmade-german-silver-rakhi-86-2025-1832-1-86_1.jpg,929,oxidised metal craft,450,477.453,1.061
handmade-german-silver-rakhi-72-2025-1832-1-72_1.jpg,929,oxidised metal craft,450,474.843,1.055
handmade-german-silver-rakhi-63-2025-1832-1-63_1.jpg,929,oxidised metal craft,450,495.861,1.102
handmade-german-silver-rakhi-33-2025-1832-1-33_1.jpg,929,oxidised metal craft,450,490.421,1.09
handmade-german-silver-rakhi-29-2025-1832-1-29_1.jpg,929,oxidised metal craft,450,453.394,1.008
handmade-german-silver-rakhi-18-2025-1832-1-18_1.jpg,929,oxidised metal craft,450,470.07,1.045
handcrafted-kundan-beaded-rakhi-for-brother-with-potli-50-2026-530-1-50_1.jpg,929,bead work,690,764.411,1.108
handcrafted-kundan-rakhi-for-brother-with-potli-29-2026-530-1-29_1.jpg,929,bead work,690,675.838,0.979
handmade-pearl-rakhi-set-of-6-01-2026-244-1-1_1.jpg,929,handmade,850,792.536,0.932
handmade-blue-pottery-gs-bead-work-rakhi-lumba-set-34-2026-199-1-34_1.jpg,936,blue art pottery,1290,1258.769,0.976
handmade-blue-pottery-gs-bead-work-rakhi-lumba-set-33-2026-199-1-33_1.jpg,936,blue art pottery,1290,1296.005,1.005
handmade-blue-pottery-gs-bead-work-rakhi-lumba-set-32-2026-199-1-32_1.jpg,936,blue art pottery,1290,1209.379,0.938
handmade-blue-pottery-gs-bead-work-rakhi-lumba-set-23-2026-199-1-23_1.jpg,936,blue art pottery,1290,1378.671,1.069
handmade-german-silver-rudraksh-work-bhaiya-bhabhi-rakhi-set-190-2025-1832-1-190_1.jpg,929,oxidised metal craft,690,767.598,1.112
handmade-german-silver-rudraksh-work-bhaiya-bhabhi-rakhi-set-188-2025-1832-1-188_1.jpg,929,oxidised metal craft,690,785.798,1.139
handmade-german-silver-bhaiya-bhabhi-rakhi-set-180-2025-1832-1-180_1.jpg,929,oxidised metal craft,850,762.548,0.897
handmade-german-silver-bhaiya-bhabhi-rakhi-set-175-2025-1832-1-175_1.jpg,929,oxidised metal craft,850,736.19,0.866
handmade-german-silver-bhaiya-bhabhi-rakhi-set-174-2025-1832-1-174_1.jpg,929,oxidised metal craft,850,784.123,0.922
handmade-german-silver-bhaiya-bhabhi-rakhi-set-172-2025-1832-1-172_1.jpg,929,oxidised metal craft,850,768.238,0.904
handmade-german-silver-bhaiya-bhabhi-rakhi-set-168-2025-1832-1-168_1.jpg,929,oxidised metal craft,850,741.303,0.872
handmade-german-silver-shell-work-rakhi-set-of-6-157-2025-1832-1-157_1.jpg,929,oxidised metal craft,850,859.302,1.011
handmade-shell-work-rakhi-151-2025-1832-1-151_1.jpg,929,handmade,390,403.931,1.036
handmade-beads-shell-work-bhaiya-bhabhi-rakhi-set-121-2025-1832-1-121_1.jpg,929,bead work,690,768.63,1.114
handmade-german-silver-wooden-beads-rakhi-set-of-6-94-2025-1832-1-94_1.jpg,929,handmade,850,707.184,0.832
handmade-german-silver-rakhi-76-2025-1832-1-76_1.jpg,929,oxidised metal craft,450,462.12,1.027
handmade-german-silver-rakhi-75-2025-1832-1-75_1.jpg,929,oxidised metal craft,450,485.483,1.079
handmade-german-silver-rudraksh-work-rakhi-49-2025-1832-1-49_1.jpg,929,handmade,490,530.307,1.082
handmade-german-silver-rakhi-38-2025-1832-1-38_1.jpg,929,oxidised metal craft,450,463.628,1.03
handmade-german-silver-rakhi-35-2025-1832-1-35_1.jpg,929,oxidised metal craft,450,506.798,1.126
handmade-german-silver-rakhi-31-2025-1832-1-31_1.jpg,929,oxidised metal craft,450,510.394,1.134
handmade-german-silver-rakhi-30-2025-1832-1-30_1.jpg,929,oxidised metal craft,450,474.054,1.053
handmade-german-silver-rakhi-22-2025-1832-1-22_1.jpg,929,oxidised metal craft,450,452.832,1.006
handmade-german-silver-rakhi-20-2025-1832-1-20_1.jpg,929,oxidised metal craft,450,441.002,0.98
handmade-german-silver-rakhi-14-2025-1832-1-14_1.jpg,929,oxidised metal craft,450,398.942,0.887
handmade-german-silver-rakhi-11-2025-1832-1-11_1.jpg,929,oxidised metal craft,450,506.028,1.125
handmade-german-silver-rakhi-06-2025-1832-1-6_1.jpg,929,oxidised metal craft,450,496.35,1.103
handmade-thread-work-lumba-rakhi-with-potli-06-2026-534-1-6_1.jpg,938,thread work,790,417.776,0.529
handmade-thread-work-lumba-rakhi-with-potli-04-2026-534-1-4_1.jpg,938,thread work,790,402.311,0.509
handmade-thread-work-lumba-rakhi-with-potli-02-2026-534-1-2_1.jpg,938,thread work,790,445.573,0.564
handcrafted-kundan-beaded-rakhi-for-brother-with-potli-52-2026-530-1-52_1.jpg,929,bead work,690,737.226,1.068
handcrafted-kundan-beaded-rakhi-for-brother-with-potli-46-2026-530-1-46_1.jpg,929,bead work,690,781.195,1.132
handcrafted-kundan-beaded-rakhi-for-brother-with-potli-42-2026-530-1-42_1.jpg,929,bead work,690,768.849,1.114
handcrafted-meenakari-kundan-rakhi-for-brother-with-potli-34-2026-530-1-34_1.jpg,929,meenakari work,690,1039.291,1.506
handcrafted-kundan-rakhi-for-brother-with-potli-27-2026-530-1-27_1.jpg,929,bead work,690,732.24,1.061
handcrafted-kundan-rakhi-for-brother-with-potli-23-2026-530-1-23_1.jpg,929,bead work,690,770.069,1.116
handcrafted-kundan-rakhi-for-brother-with-potli-20-2026-530-1-20_1.jpg,929,bead work,690,692.815,1.004
handcrafted-kundan-rakhi-for-brother-with-potli-17-2026-530-1-17_1.jpg,929,bead work,690,654.467,0.949
handcrafted-kundan-rakhi-for-brother-with-potli-16-2026-530-1-16_1.jpg,929,bead work,690,651.259,0.944
handcrafted-kundan-rakhi-for-brother-with-potli-08-2026-530-1-8_1.jpg,929,bead work,690,727.892,1.055
handcrafted-kundan-rakhi-for-brother-with-potli-06-2026-530-1-6_1.jpg,929,bead work,690,679.108,0.984
handcrafted-kundan-rakhi-for-brother-with-potli-04-2026-530-1-4_1.jpg,929,bead work,690,724.345,1.05
handcrafted-kundan-beaded-rakhi-for-brother-with-potli-37-2026-530-1-37_1.jpg,929,bead work,690,774.973,1.123
handcrafted-meenakari-kundan-rakhi-for-brother-with-potli-32-2026-530-1-32_1.jpg,929,meenakari work,690,946.375,1.372
handcrafted-kundan-rakhi-for-brother-with-potli-01-2026-530-1-1_1.jpg,929,bead work,690,745.664,1.081
handmade-kundan-work-rakhi-assorted-set-of-6-02-2026-361-1-2_1.jpg,929,fabart,950,740.492,0.779
handmade-kundan-work-rakhi-assorted-set-of-6-01-2026-361-1-1_1.jpg,929,fabart,1190,712.191,0.598
handmade-beads-evil-eye-bhaiya-bhabhi-rakhi-set-09-2026-244-1-9_1.jpg,929,handmade,450,768.971,1.709
hand-embroidered-thread-work-rakhi-08-2026-243-1-8_1.jpg,929,embroidery,650,1298.391,1.998
handmade-beads-evil-eye-bhaiya-bhabhi-rakhi-set-05-2026-244-1-5_1.jpg,929,handmade,590,825.964,1.4
hand-embroidered-thread-work-bhaiya-bhabhi-rakhi-set-32-2026-243-1-32_1.jpg,929,embroidery,950,1857.459,1.955
handmade-blue-pottery-gs-bead-work-rakhi-lumba-set-25-2026-199-1-25_1.jpg,936,blue art pottery,1290,1402.026,1.087
handmade-blue-pottery-gs-bead-work-rakhi-lumba-set-22-2026-199-1-22_1.jpg,936,blue art pottery,1290,1378.523,1.069
handmade-blue-pottery-gs-bead-work-rakhi-16-2026-199-1-16_1.jpg,929,blue art pottery,490,591.848,1.208
handmade-blue-pottery-gs-bead-work-rakhi-13-2026-199-1-13_1.jpg,929,blue art pottery,490,639.235,1.305
handmade-blue-pottery-gs-bead-work-rakhi-07-2026-199-1-7_1.jpg,929,blue art pottery,490,617.448,1.26
handmade-blue-pottery-gs-bead-work-rakhi-01-2026-199-1-1_1.jpg,929,blue art pottery,490,514.51,1.05
hhandmade-german-silver-rudraksh-work-bhaiya-bhabhi-rakhi-set-218-2025-1832-1-218_1.jpg,929,oxidised metal craft,690,797.985,1.157
2022-095-1-7-tribal-dokra-craft-brass-rakhi-by-miharu_1.jpg,963,dokra craft,1090,1045.845,0.959
2023-466-1-6-hand-embroidered-felt-work-bal-krishna-rakhi_1.jpg,945,other,690,951.098,1.378
2022-095-1-9-tribal-dokra-craft-brass-rakhi-by-miharu_1.jpg,963,dokra craft,1090,1156.48,1.061
2023-466-1-12-hand-embroidered-felt-work-car-rakhi_1.jpg,945,embroidery,850,676.888,0.796
2023-466-1-18-hand-embroidered-felt-work-bat-ball-rakhi_1.jpg,945,embroidery,490,890.427,1.817
2023-396-1-8-tribal-dokra-craft-brass-rakhi-by-miharu_1.jpg,963,dokra craft,1090,1133.513,1.04
bird-handmade-sequin-beadwork-lumba-rakhi-by-jugni-03-2026-381-1-3_1.jpg,929,bead work,750,1008.657,1.345
black-bird-handmade-beadwork-lumba-rakhi-by-jugni-06-2026-381-1-6_1.jpg,929,bead work,650,923.755,1.421
tiger-handmade-beadwork-kids-rakhi-by-jugni-16-2026-381-1-16_1.jpg,929,bead work,650,793.748,1.221
2023-466-1-17-hand-embroidered-felt-work-guitar-rakhi_1.jpg,945,embroidery,550,839.964,1.527
drop-feather-handmade-beadwork-rakhi-by-jugni-11-2026-381-1-11_1.jpg,929,bead work,650,917.084,1.411
elephant-handmade-beadwork-kids-rakhi-by-jugni-14-2026-381-1-14_1.jpg,929,bead work,650,851.671,1.31
2024-296-1-22-hand-embroidered-felt-work-sheesha-rakhi-22_1.jpg,952,embroidery,490,475.277,0.97
shell-handmade-beadwork-lumba-rakhi-by-jugni-05-2026-381-1-5_1.jpg,929,bead work,650,911.514,1.402
2022-095-1-2-tribal-dokra-craft-brass-rakhi-by-miharu_1.jpg,963,dokra craft,1090,1190.667,1.092
2022-095-1-13-tribal-dokra-craft-brass-rakhi-by-miharu_1.jpg,963,dokra craft,1090,1159.746,1.064
bird-handmade-beadwork-lumba-rakhi-by-jugni-02-2026-381-1-2_1.jpg,929,bead work,750,981.857,1.309
2022-095-1-5-tribal-dokra-craft-brass-rakhi-by-miharu_1.jpg,963,dokra craft,1090,1066.65,0.979
handmade-patwa-thread-mirror-work-rakhi-03-2026-056-1-3_1.jpg,976,patwa thread work,550,267.631,0.487
2022-095-1-11-tribal-dokra-craft-brass-rakhi-by-miharu_1.jpg,963,dokra craft,1090,1166.503,1.07
2023-396-1-2-tribal-dokra-craft-brass-rakhi-by-miharu_1.jpg,963,dokra craft,1090,1053.246,0.966
2023-466-1-10-hand-embroidered-felt-work-crawling-baby-rakhi_1.jpg,945,embroidery,690,611.606,0.886
peacock-feather-handmade-beadwork-rakhi-by-jugni-08-2026-381-1-8_1.jpg,929,bead work,650,907.177,1.396
handmade-beadwork-rakhi-for-brother-02-2026-612-1-2_1.jpg,929,bead work,490,599.652,1.224
star-handmade-beadwork-rakhi-by-jugni-25-2026-381-1-25_1.jpg,929,bead work,650,879.42,1.353
peacock-feather-handmade-beadwork-rakhi-by-jugni-07-2026-381-1-7_1.jpg,929,bead work,650,849.578,1.307
handmade-rudraksh-work-rakhi-34-2025-375-1-34_1.jpg,983,handmade,290,397.121,1.369
handmade-rudraksh-work-rakhi-24-2025-375-1-24_1.jpg,983,handmade,290,319.649,1.102
handmade-german-silver-bhaiya-bhabhi-rakhi-set-185-2025-1832-1-185_1.jpg,929,oxidised metal craft,850,763.442,0.898
bishnupur-handpainted-terracotta-rakhi-08-2025-1837-1-8_1.jpg,940,hand painted,490,331.579,0.677
2023-396-1-4-tribal-dokra-craft-brass-rakhi-by-miharu_1.jpg,963,dokra craft,1090,1146.332,1.052
handmade-thread-mirror-work-rakhi-07-2026-056-1-7_1.jpg,976,thread work,550,399.812,0.727
handmade-thread-mirror-work-rakhi-08-2026-056-1-8_1.jpg,976,thread work,550,380.104,0.691
handmade-patwa-thread-mirror-work-rakhi-04-2026-056-1-4_1.jpg,976,patwa thread work,550,247.501,0.45
bishnupur-handpainted-terracotta-rakhi-31-2025-1837-1-31_1.jpg,940,hand painted,490,350.243,0.715
handmade-rudraksh-work-rakhi-14-2025-375-1-14_1.jpg,983,handmade,290,386.271,1.332
2024-296-1-8-daisy-flower-hand-embroidered-felt-work-rakhi-08_1.jpg,952,embroidery,490,455.277,0.929
2024-553-1-2-handmade-beadwork-rakhi-lumba-set-02_1.jpg,989,bead work,450,614.743,1.366
handmade-rudraksh-work-rakhi-03-2025-375-1-3_1.jpg,983,handmade,250,413.021,1.652
handmade-jute-fabart-shell-work-rakhi-set-of-6-153-2025-1832-1-153_1.jpg,929,fabart,850,777.268,0.914
handmade-german-silver-bhaiya-bhabhi-rakhi-set-173-2025-1832-1-173_1.jpg,929,oxidised metal craft,850,769.988,0.906
handmade-german-silver-bhaiya-bhabhi-rakhi-set-182-2025-1832-1-182_1.jpg,929,oxidised metal craft,850,782.303,0.92
handmade-german-silver-bhaiya-bhabhi-rakhi-set-178-2025-1832-1-178_1.jpg,929,oxidised metal craft,850,765.436,0.901
handmade-german-silver-bhaiya-bhabhi-rakhi-set-169-2025-1832-1-169_1.jpg,929,oxidised metal craft,850,703.475,0.828
handmade-shell-work-rakhi-set-of-6-160-2025-1832-1-160_1.jpg,929,handmade,850,752.438,0.885
2022-095-1-8-tribal-dokra-craft-brass-rakhi-by-miharu_1.jpg,963,dokra craft,1090,1120.112,1.028
2022-095-1-15-tribal-dokra-craft-brass-rakhi-by-miharu_1.jpg,963,dokra craft,1090,1168.853,1.072
handmade-beadwork-rakhi-for-brother-12-2026-612-1-12_1.jpg,929,bead work,590,586.606,0.994
handmade-patwa-thread-mirror-work-rakhi-01-2026-056-1-1_1.jpg,976,patwa thread work,550,253.566,0.461
flower-handmade-thread-beadwork-rakhi-by-jugni-23-2026-381-1-23_1.jpg,929,bead work,650,833.459,1.282
turtle-handmade-beadwork-kids-rakhi-by-jugni-13-2026-381-1-13_1.jpg,929,bead work,650,824.787,1.269
handmade-beadwork-rakhi-for-brother-14-2026-612-1-14_1.jpg,929,bead work,590,534.091,0.905
handmade-beadwork-rakhi-for-brother-13-2026-612-1-13_1.jpg,929,bead work,590,562.814,0.954
handmade-beadwork-rakhi-for-brother-11-2026-612-1-11_1.jpg,929,bead work,590,602.223,1.021
handmade-beadwork-rakhi-for-brother-10-2026-612-1-10_1.jpg,929,bead work,590,574.387,0.974
handmade-beadwork-rakhi-for-brother-05-2026-612-1-5_1.jpg,929,bead work,490,551.085,1.125
handmade-beadwork-rakhi-for-brother-01-2026-612-1-1_1.jpg,929,bead work,490,591.388,1.207
peacock-feather-handmade-beadwork-rakhi-by-jugni-10-2026-381-1-10_1.jpg,929,bead work,650,929.941,1.431
peacock-feather-handmade-beadwork-rakhi-by-jugni-09-2026-381-1-9_1.jpg,929,bead work,650,912.328,1.404
flower-handmade-beadwork-rakhi-by-jugni-22-2026-381-1-22_1.jpg,929,bead work,650,870.89,1.34
handmade-patwa-thread-mirror-work-rakhi-02-2026-056-1-2_1.jpg,976,patwa thread work,550,254.047,0.462
handmade-thread-beadwork-rakhi-by-jugni-19-803794-19_1.jpg,929,bead work,750,949.725,1.266
724862-17-handmade-thread-work-rakhi-by-jugni-03_1.jpg,929,thread work,750,806.248,1.075
bishnupur-handpainted-terracotta-rakhi-32-2025-1837-1-32_1.jpg,940,hand painted,490,368.614,0.752
2024-296-1-18-hand-embroidered-felt-work-sheesha-rakhi-18_1.jpg,952,embroidery,490,490.105,1.0
handmade-german-silver-beads-bhaiya-bhabhi-rakhi-set-195-2025-1832-1-195_1.jpg,929,oxidised metal craft,690,703.233,1.019
handmade-shell-work-bhaiya-bhabhi-rakhi-set-99-2025-1832-1-99_1.jpg,929,handmade,690,665.42,0.964
handmade-beadwork-tutti-frutti-rakhi-lumba-set-10-2025-242-1-10_1.jpg,998,bead work,650,388.362,0.597
2023-396-1-5-tribal-dokra-craft-brass-rakhi-by-miharu_1.jpg,963,dokra craft,1090,1098.696,1.008
handmade-jute-shell-work-rakhi-146-2025-1832-1-146_1.jpg,929,handmade,390,399.319,1.024
handmade-patwa-thread-mirror-work-rakhi-06-2026-056-1-6_1.jpg,976,patwa thread work,550,259.68,0.472
handmade-patwa-thread-mirror-work-rakhi-05-2026-056-1-5_1.jpg,976,patwa thread work,550,267.2,0.486
handmade-german-silver-rakhi-84-2025-1832-1-84_1.jpg,929,oxidised metal craft,450,463.795,1.031
bishnupur-handpainted-terracotta-rakhi-36-2025-1837-1-36_1.jpg,940,hand painted,490,337.11,0.688
bishnupur-handpainted-terracotta-rakhi-30-2025-1837-1-30_1.jpg,940,hand painted,490,343.954,0.702
bishnupur-handpainted-terracotta-rakhi-06-2025-1837-1-6_1.jpg,940,hand painted,490,312.728,0.638
2024-296-1-20-hand-embroidered-felt-work-sheesha-rakhi-20_1.jpg,952,embroidery,490,504.723,1.03
bishnupur-handpainted-terracotta-rakhi-02-2025-1837-1-2_1.jpg,940,hand painted,490,335.875,0.685
bishnupur-handpainted-terracotta-rakhi-51-2025-1837-1-51_1.jpg,940,hand painted,490,339.404,0.693
bishnupur-handpainted-terracotta-rakhi-50-2025-1837-1-50_1.jpg,940,hand painted,490,333.598,0.681
bishnupur-handpainted-terracotta-rakhi-27-2025-1837-1-27_1.jpg,940,hand painted,490,340.029,0.694
bishnupur-handpainted-terracotta-rakhi-21-2025-1837-1-21_1.jpg,940,hand painted,490,332.506,0.679
bishnupur-handpainted-terracotta-rakhi-14-2025-1837-1-14_1.jpg,940,hand painted,490,312.48,0.638
bishnupur-handpainted-terracotta-rakhi-10-2025-1837-1-10_1.jpg,940,hand painted,490,315.83,0.645
2024-296-1-6-daisy-flower-hand-embroidered-felt-work-rakhi-06_1.jpg,952,embroidery,490,490.873,1.002
bishnupur-handpainted-terracotta-rakhi-16-2025-1837-1-16_1.jpg,940,hand painted,490,318.976,0.651
bishnupur-handpainted-terracotta-rakhi-09-2025-1837-1-9_1.jpg,940,hand painted,490,324.054,0.661
handmade-beadwork-tutti-frutti-rakhi-16-2025-242-1-16_1.jpg,998,bead work,420,434.736,1.035
handmade-shell-work-rakhi-143-2025-1832-1-143_1.jpg,929,handmade,290,396.306,1.367
handmade-rudraksh-work-rakhi-29-2025-375-1-29_1.jpg,983,handmade,290,360.202,1.242
handmade-german-silver-rudraksh-work-rakhi-54-2025-1832-1-54_1.jpg,929,handmade,490,528.126,1.078
handmade-shell-work-rakhi-149-2025-1832-1-149_1.jpg,929,handmade,390,412.512,1.058
handmade-shell-work-rakhi-148-2025-1832-1-148_1.jpg,929,handmade,390,422.519,1.083
handmade-shell-work-rakhi-144-2025-1832-1-144_1.jpg,929,handmade,390,413.226,1.06
handmade-german-silver-rudraksh-work-rakhi-41-2025-1832-1-41_1.jpg,929,handmade,490,516.029,1.053
2024-455-1-5-handmade-macrame-rakhi-05_1.jpg,1006,macrame craft,390,375.49,0.963
handmade-german-silver-rakhi-60-2025-1832-1-60_1.jpg,929,oxidised metal craft,450,499.22,1.109
handmade-german-silver-rakhi-04-2025-1832-1-4_1.jpg,929,oxidised metal craft,450,469.819,1.044
handmade-german-silver-rakhi-24-2025-1832-1-24_1.jpg,929,oxidised metal craft,450,421.913,0.938
handmade-german-silver-rakhi-85-2025-1832-1-85_1.jpg,929,oxidised metal craft,450,457.268,1.016
handmade-german-silver-rakhi-82-2025-1832-1-82_1.jpg,929,oxidised metal craft,450,453.084,1.007
handmade-german-silver-rakhi-81-2025-1832-1-81_1.jpg,929,oxidised metal craft,450,494.54,1.099
handmade-german-silver-rakhi-73-2025-1832-1-73_1.jpg,929,oxidised metal craft,450,475.401,1.056
handmade-german-silver-rakhi-62-2025-1832-1-62_1.jpg,929,oxidised metal craft,450,498.187,1.107
handmade-german-silver-rakhi-61-2025-1832-1-61_1.jpg,929,oxidised metal craft,450,485.477,1.079
handmade-german-silver-rakhi-59-2025-1832-1-59_1.jpg,929,oxidised metal craft,450,473.487,1.052
handmade-german-silver-rakhi-27-2025-1832-1-27_1.jpg,929,oxidised metal craft,450,449.66,0.999
handmade-german-silver-rakhi-15-2025-1832-1-15_1.jpg,929,oxidised metal craft,450,410.335,0.912
handmade-german-silver-rakhi-13-2025-1832-1-13_1.jpg,929,oxidised metal craft,450,430.931,0.958
handmade-german-silver-rakhi-09-2025-1832-1-10_1.jpg,929,oxidised metal craft,450,473.235,1.052
handmade-german-silver-rakhi-08-2025-1832-1-8_1.jpg,929,oxidised metal craft,450,505.205,1.123
handmade-rudraksh-work-rakhi-12-2025-375-1-12_1.jpg,983,handmade,290,392.534,1.354
handmade-rudraksh-work-rakhi-26-2025-375-1-26_1.jpg,983,handmade,290,376.191,1.297
handmade-rudraksh-work-rakhi-22-2025-375-1-22_1.jpg,983,handmade,290,342.721,1.182
handmade-rudraksh-work-rakhi-05-2025-375-1-5_1.jpg,983,handmade,290,344.712,1.189
handmade-rudraksh-work-rakhi-02-2025-375-1-2_1.jpg,983,handmade,290,386.784,1.334
handmade-beads-evil-eye-rakhi-14-2026-244-1-14_1.jpg,929,handmade,490,376.929,0.769
honey-bee-handmade-beadwork-rakhi-by-jugni-26-2026-381-1-26_1.jpg,929,bead work,650,669.516,1.03
handmade-beadwork-rakhi-for-brother-08-2026-612-1-8_1.jpg,929,bead work,590,565.716,0.959
handmade-beadwork-rakhi-for-brother-07-2026-612-1-7_1.jpg,929,bead work,590,566.567,0.96
handmade-beadwork-rakhi-for-brother-06-2026-612-1-6_1.jpg,929,bead work,490,564.725,1.152
handmade-thread-work-lumba-rakhi-with-potli-03-2026-534-1-3_1.jpg,938,thread work,790,420.574,0.532
handmade-thread-work-lumba-rakhi-with-potli-01-2026-534-1-1_1.jpg,938,thread work,790,426.281,0.54
handcrafted-kundan-beaded-rakhi-for-brother-with-potli-53-2026-530-1-53_1.jpg,929,bead work,690,792.829,1.149
handcrafted-kundan-beaded-rakhi-for-brother-with-potli-51-2026-530-1-51_1.jpg,929,bead work,690,779.411,1.13
handcrafted-kundan-beaded-rakhi-for-brother-with-potli-49-2026-530-1-49_1.jpg,929,bead work,690,790.582,1.146
handcrafted-kundan-beaded-rakhi-for-brother-with-potli-48-2026-530-1-48_1.jpg,929,bead work,690,767.017,1.112
handcrafted-kundan-beaded-rakhi-for-brother-with-potli-47-2026-530-1-47_1.jpg,929,bead work,690,781.372,1.132
handcrafted-kundan-beaded-rakhi-for-brother-with-potli-45-2026-530-1-45_1.jpg,929,bead work,690,792.908,1.149
handcrafted-kundan-beaded-rakhi-for-brother-with-potli-44-2026-530-1-44_1.jpg,929,bead work,690,792.677,1.149
handcrafted-kundan-beaded-rakhi-for-brother-with-potli-43-2026-530-1-43_1.jpg,929,bead work,690,771.887,1.119
handcrafted-kundan-beaded-rakhi-for-brother-with-potli-41-2026-530-1-41_1.jpg,929,bead work,690,771.346,1.118
handcrafted-kundan-beaded-rakhi-for-brother-with-potli-40-2026-530-1-40_1.jpg,929,bead work,690,764.099,1.107
handcrafted-kundan-beaded-rakhi-for-brother-with-potli-39-2026-530-1-39_1.jpg,929,bead work,690,740.555,1.073
handcrafted-kundan-beaded-rakhi-for-brother-with-potli-38-2026-530-1-38_1.jpg,929,bead work,690,752.813,1.091
handcrafted-meenakari-kundan-rakhi-for-brother-with-potli-36-2026-530-1-36_1.jpg,929,meenakari work,690,1029.727,1.492
handcrafted-meenakari-kundan-rakhi-for-brother-with-potli-35-2026-530-1-35_1.jpg,929,meenakari work,690,1022.723,1.482
handcrafted-kundan-rakhi-for-brother-with-potli-31-2026-530-1-31_1.jpg,929,bead work,690,657.69,0.953
handcrafted-kundan-rakhi-for-brother-with-potli-30-2026-530-1-30_1.jpg,929,bead work,690,689.734,1.0
handcrafted-kundan-rakhi-for-brother-with-potli-28-2026-530-1-28_1.jpg,929,bead work,690,666.875,0.966
handcrafted-kundan-rakhi-for-brother-with-potli-26-2026-530-1-26_1.jpg,929,bead work,690,752.38,1.09
handcrafted-kundan-rakhi-for-brother-with-potli-25-2026-530-1-25_1.jpg,929,bead work,690,715.726,1.037
handcrafted-kundan-rakhi-for-brother-with-potli-24-2026-530-1-24_1.jpg,929,bead work,690,731.109,1.06
handcrafted-kundan-rakhi-for-brother-with-potli-22-2026-530-1-22_1.jpg,929,bead work,690,686.184,0.994
handcrafted-kundan-rakhi-for-brother-with-potli-21-2026-530-1-21_1.jpg,929,bead work,690,709.556,1.028
handcrafted-kundan-rakhi-for-brother-with-potli-19-2026-530-1-19_1.jpg,929,bead work,690,667.839,0.968
handcrafted-kundan-rakhi-for-brother-with-potli-18-2026-530-1-18_1.jpg,929,bead work,690,682.12,0.989
handcrafted-kundan-rakhi-for-brother-with-potli-15-2026-530-1-15_1.jpg,929,bead work,690,688.87,0.998
handcrafted-kundan-rakhi-for-brother-with-potli-14-2026-530-1-14_1.jpg,929,bead work,690,690.785,1.001
handcrafted-kundan-rakhi-for-brother-with-potli-13-2026-530-1-13_1.jpg,929,bead work,690,664.557,0.963
handcrafted-kundan-rakhi-for-brother-with-potli-12-2026-530-1-12_1.jpg,929,bead work,690,674.0,0.977
handcrafted-kundan-rakhi-for-brother-with-potli-10-2026-530-1-10_1.jpg,929,bead work,690,751.35,1.089
handcrafted-kundan-rakhi-for-brother-with-potli-09-2026-530-1-9_1.jpg,929,bead work,690,728.918,1.056
handcrafted-kundan-rakhi-for-brother-with-potli-07-2026-530-1-7_1.jpg,929,bead work,690,724.556,1.05
handcrafted-kundan-rakhi-for-brother-with-potli-05-2026-530-1-5_1.jpg,929,bead work,690,718.493,1.041
handcrafted-kundan-rakhi-for-brother-with-potli-03-2026-530-1-3_1.jpg,929,bead work,690,724.848,1.051
handcrafted-kundan-rakhi-for-brother-with-potli-02-2026-530-1-2_1.jpg,929,bead work,690,794.509,1.151
anant-raksha-thread-work-lumba-rakhi-with-soof-hand-embroidered-potli-47-2026-460-1-47_1.jpg,1007,thread work,990,795.281,0.803
anant-raksha-thread-work-lumba-rakhi-with-soof-hand-embroidered-potli-46-2026-460-1-46_1.jpg,1007,thread work,990,783.908,0.792
anant-raksha-thread-work-lumba-rakhi-with-soof-hand-embroidered-potli-45-2026-460-1-45_1.jpg,1007,thread work,990,813.003,0.821
anant-raksha-thread-work-lumba-rakhi-with-soof-hand-embroidered-potli-44-2026-460-1-44_1.jpg,1007,thread work,990,805.348,0.813
anant-raksha-thread-work-lumba-rakhi-with-soof-hand-embroidered-potli-43-2026-460-1-43_1.jpg,1007,thread work,990,823.73,0.832
anant-raksha-thread-work-lumba-rakhi-with-soof-hand-embroidered-potli-42-2026-460-1-42_1.jpg,1007,thread work,990,792.049,0.8
anant-raksha-thread-work-lumba-rakhi-with-soof-hand-embroidered-potli-41-2026-460-1-41_1.jpg,1007,thread work,990,757.024,0.765
anant-raksha-thread-work-lumba-rakhi-with-soof-hand-embroidered-potli-39-2026-460-1-39_1.jpg,1007,thread work,990,847.2,0.856
anant-raksha-thread-work-rakhi-with-soof-hand-embroidered-potli-35-2026-460-1-35_1.jpg,1007,thread work,990,818.483,0.827
anant-raksha-thread-work-rakhi-with-soof-hand-embroidered-potli-33-2026-460-1-33_1.jpg,1007,thread work,990,799.269,0.807
anant-raksha-thread-work-rakhi-with-soof-hand-embroidered-potli-32-2026-460-1-32_1.jpg,1007,thread work,990,809.378,0.818
anant-raksha-thread-work-rakhi-with-soof-hand-embroidered-potli-31-2026-460-1-31_1.jpg,1007,thread work,990,746.891,0.754
anant-raksha-thread-work-rakhi-with-soof-hand-embroidered-potli-30-2026-460-1-30_1.jpg,1007,thread work,990,838.987,0.847
anant-raksha-thread-work-rakhi-with-soof-hand-embroidered-potli-29-2026-460-1-29_1.jpg,1007,thread work,990,781.018,0.789
anant-raksha-thread-work-rakhi-with-soof-hand-embroidered-potli-27-2026-460-1-27_1.jpg,1007,thread work,990,796.924,0.805
anant-raksha-thread-work-rakhi-with-soof-hand-embroidered-potli-24-2026-460-1-24_1.jpg,1007,thread work,990,752.308,0.76
anant-raksha-thread-work-rakhi-with-soof-hand-embroidered-potli-20-2026-460-1-20_1.jpg,1007,thread work,990,770.172,0.778
anant-raksha-thread-work-rakhi-with-soof-hand-embroidered-potli-19-2026-460-1-19_1.jpg,1007,thread work,990,809.126,0.817
anant-raksha-thread-work-rakhi-with-soof-hand-embroidered-potli-18-2026-460-1-18_1.jpg,1007,thread work,990,838.349,0.847
anant-raksha-thread-work-rakhi-with-soof-hand-embroidered-potli-17-2026-460-1-17_1.jpg,1007,thread work,990,871.802,0.881
anant-raksha-thread-work-rakhi-with-soof-hand-embroidered-potli-16-2026-460-1-16_1.jpg,1007,thread work,990,803.183,0.811
anant-raksha-thread-work-rakhi-with-soof-hand-embroidered-potli-14-2026-460-1-14_1.jpg,1007,thread work,990,833.876,0.842
anant-raksha-thread-work-rakhi-with-soof-hand-embroidered-potli-13-2026-460-1-13_1.jpg,1007,thread work,990,790.768,0.799
anant-raksha-thread-work-rakhi-with-soof-hand-embroidered-potli-12-2026-460-1-12_1.jpg,1007,thread work,990,794.837,0.803
anant-raksha-thread-work-rakhi-with-soof-hand-embroidered-potli-04-2026-460-1-4_1.jpg,1007,thread work,990,746.901,0.754
anant-raksha-thread-work-rakhi-with-soof-hand-embroidered-potli-03-2026-460-1-3_1.jpg,1007,thread work,990,789.366,0.797
anant-raksha-thread-work-rakhi-with-soof-hand-embroidered-potli-15-2026-460-1-15_1.jpg,1007,thread work,990,808.232,0.816
anant-raksha-thread-work-lumba-rakhi-with-soof-hand-embroidered-potli-38-2026-460-1-38_1.jpg,1007,thread work,990,844.077,0.853
panda-handmade-beadwork-kids-rakhi-by-jugni-18-2026-381-1-18_1.jpg,929,bead work,650,860.149,1.323
bird-handmade-beadwork-lumba-rakhi-by-jugni-04-2026-381-1-4_1.jpg,929,bead work,750,895.253,1.194
flower-handmade-beadwork-lumba-rakhi-by-jugni-01-2026-381-1-1_1.jpg,929,bead work,750,1070.094,1.427
handmade-kundan-work-rakhi-17-2026-361-1-17_1.jpg,929,fabart,250,310.522,1.242
handmade-kundan-work-rakhi-assorted-set-of-6-10-2026-361-1-10_1.jpg,929,fabart,950,734.447,0.773
handmade-mirror-beadwork-rakhi-by-jugni-24-2026-381-1-24_1.jpg,929,bead work,650,800.297,1.231
hand-embroidered-thread-work-bhaiya-bhabhi-rakhi-set-35-2026-243-1-35_1.jpg,929,embroidery,950,1898.694,1.999
hand-embroidered-thread-work-bhaiya-bhabhi-rakhi-set-34-2026-243-1-34_1.jpg,929,embroidery,950,1776.254,1.87
hand-embroidered-thread-work-bhaiya-bhabhi-rakhi-set-33-2026-243-1-33_1.jpg,929,embroidery,950,1794.148,1.889
hand-embroidered-thread-work-rakhi-29-2026-243-1-29_1.jpg,929,embroidery,650,1220.717,1.878
hand-embroidered-thread-work-rakhi-28-2026-243-1-28_1.jpg,929,embroidery,650,1137.587,1.75
hand-embroidered-thread-work-rakhi-27-2026-243-1-27_1.jpg,929,embroidery,650,1311.022,2.017
hand-embroidered-thread-work-rakhi-26-2026-243-1-26_1.jpg,929,embroidery,650,1256.374,1.933
hand-embroidered-thread-work-rakhi-23-2026-243-1-23_1.jpg,929,embroidery,650,1213.754,1.867
hand-embroidered-thread-work-rakhi-22-2026-243-1-22_1.jpg,929,embroidery,650,1158.895,1.783
hand-embroidered-thread-work-rakhi-21-2026-243-1-21_1.jpg,929,embroidery,650,1156.582,1.779
hand-embroidered-thread-work-rakhi-19-2026-243-1-19_1.jpg,929,embroidery,650,1093.803,1.683
hand-embroidered-thread-work-rakhi-18-2026-243-1-18_1.jpg,929,embroidery,650,1192.699,1.835
hand-embroidered-thread-work-rakhi-16-2026-243-1-16_1.jpg,929,embroidery,650,1179.495,1.815
hand-embroidered-thread-work-rakhi-10-2026-243-1-10_1.jpg,929,embroidery,650,1183.836,1.821
hand-embroidered-thread-work-rakhi-09-2026-243-1-9_1.jpg,929,embroidery,650,1186.223,1.825
hand-embroidered-thread-work-rakhi-07-2026-243-1-7_1.jpg,929,embroidery,650,1212.18,1.865
handmade-pearl-rakhi-set-of-6-04-2026-244-1-4_1.jpg,929,handmade,850,939.591,1.105
handmade-pearl-rakhi-set-of-6-02-2026-244-1-2_1.jpg,929,handmade,850,842.959,0.992
hand-embroidered-thread-work-rakhi-05-2026-243-1-5_1.jpg,929,embroidery,650,1239.0,1.906
hand-embroidered-thread-work-rakhi-04-2026-243-1-4_1.jpg,929,embroidery,650,1226.864,1.887
hand-embroidered-thread-work-rakhi-03-2026-243-1-3_1.jpg,929,embroidery,650,1187.975,1.828
hand-embroidered-thread-work-rakhi-02-2026-243-1-2_1.jpg,929,embroidery,650,1361.057,2.094
hand-embroidered-thread-work-rakhi-01-2026-243-1-1_1.jpg,929,embroidery,650,1256.277,1.933
handmade-rudraksh-work-rakhi-50-2025-1832-1-50_1.jpg,929,handmade,490,310.705,0.634
handmade-blue-pottery-gs-bead-work-rakhi-lumba-set-28-2026-199-1-28_1.jpg,936,blue art pottery,1290,1529.99,1.186
handmade-blue-pottery-gs-bead-work-rakhi-lumba-set-21-2026-199-1-21_1.jpg,936,blue art pottery,1290,1262.188,0.978
handmade-blue-pottery-gs-bead-work-rakhi-19-2026-199-1-19_1.jpg,929,blue art pottery,490,568.756,1.161
handmade-blue-pottery-gs-bead-work-rakhi-18-2026-199-1-18_1.jpg,929,blue art pottery,490,601.5,1.228
handmade-blue-pottery-gs-bead-work-rakhi-17-2026-199-1-17_1.jpg,929,blue art pottery,490,593.739,1.212
handmade-blue-pottery-gs-bead-work-rakhi-15-2026-199-1-15_1.jpg,929,blue art pottery,490,600.642,1.226
handmade-blue-pottery-gs-bead-work-rakhi-12-2026-199-1-12_1.jpg,929,blue art pottery,490,555.75,1.134
handmade-blue-pottery-gs-bead-work-rakhi-11-2026-199-1-11_1.jpg,929,blue art pottery,490,585.392,1.195
handmade-blue-pottery-gs-bead-work-rakhi-10-2026-199-1-10_1.jpg,929,blue art pottery,490,607.904,1.241
handmade-blue-pottery-gs-bead-work-rakhi-09-2026-199-1-9_1.jpg,929,blue art pottery,490,610.09,1.245
handmade-blue-pottery-gs-bead-work-rakhi-08-2026-199-1-8_1.jpg,929,blue art pottery,490,603.347,1.231
handmade-blue-pottery-gs-bead-work-rakhi-06-2026-199-1-6_1.jpg,929,blue art pottery,490,609.589,1.244
handmade-blue-pottery-gs-bead-work-rakhi-05-2026-199-1-5_1.jpg,929,blue art pottery,490,592.36,1.209
handmade-blue-pottery-gs-bead-work-rakhi-04-2026-199-1-4_1.jpg,929,blue art pottery,490,609.636,1.244
handmade-blue-pottery-gs-bead-work-rakhi-03-2026-199-1-3_1.jpg,929,blue art pottery,490,594.497,1.213
handmade-thread-mirror-work-rakhi-09-2026-056-1-9_1.jpg,976,thread work,550,394.376,0.717
bishnupur-handpainted-terracotta-rakhi-49-2025-1837-1-49_1.jpg,940,hand painted,490,335.13,0.684
bishnupur-handpainted-terracotta-rakhi-44-2025-1837-1-44_1.jpg,940,hand painted,490,329.169,0.672
bishnupur-handpainted-terracotta-rakhi-43-2025-1837-1-43_1.jpg,940,hand painted,490,344.251,0.703
bishnupur-handpainted-terracotta-rakhi-41-2025-1837-1-41_1.jpg,940,hand painted,490,342.777,0.7
bishnupur-handpainted-terracotta-rakhi-40-2025-1837-1-40_1.jpg,940,hand painted,490,313.807,0.64
bishnupur-handpainted-terracotta-rakhi-37-2025-1837-1-37_1.jpg,940,hand painted,490,323.882,0.661
bishnupur-handpainted-terracotta-rakhi-35-2025-1837-1-35_1.jpg,940,hand painted,490,351.372,0.717
bishnupur-handpainted-terracotta-rakhi-28-2025-1837-1-28_1.jpg,940,hand painted,490,321.563,0.656
bishnupur-handpainted-terracotta-rakhi-25-2025-1837-1-25_1.jpg,940,hand painted,490,354.215,0.723
bishnupur-handpainted-terracotta-rakhi-24-2025-1837-1-24_1.jpg,940,hand painted,490,342.282,0.699
bishnupur-handpainted-terracotta-rakhi-23-2025-1837-1-23_1.jpg,940,hand painted,490,340.001,0.694
bishnupur-handpainted-terracotta-rakhi-22-2025-1837-1-22_1.jpg,940,hand painted,490,341.356,0.697
bishnupur-handpainted-terracotta-rakhi-20-2025-1837-1-20_1.jpg,940,hand painted,490,311.393,0.635
bishnupur-handpainted-terracotta-rakhi-19-2025-1837-1-19_1.jpg,940,hand painted,490,321.826,0.657
bishnupur-handpainted-terracotta-rakhi-18-2025-1837-1-18_1.jpg,940,hand painted,490,343.063,0.7
bishnupur-handpainted-terracotta-rakhi-15-2025-1837-1-15_1.jpg,940,hand painted,490,322.685,0.659
bishnupur-handpainted-terracotta-rakhi-11-2025-1837-1-11_1.jpg,940,hand painted,490,324.144,0.662
bishnupur-handpainted-terracotta-rakhi-07-2025-1837-1-7_1.jpg,940,hand painted,490,313.513,0.64
bishnupur-handpainted-terracotta-rakhi-05-2025-1837-1-5_1.jpg,940,hand painted,490,319.538,0.652
bishnupur-handpainted-terracotta-rakhi-04-2025-1837-1-4_1.jpg,940,hand painted,490,323.013,0.659
bishnupur-handpainted-terracotta-rakhi-03-2025-1837-1-3_1.jpg,940,hand painted,490,352.258,0.719
bishnupur-handpainted-terracotta-rakhi-01-2025-1837-1-1_1.jpg,940,hand painted,490,318.93,0.651
handmade-german-silver-rudraksh-work-bhaiya-bhabhi-rakhi-set-198-2025-1832-1-198_1.jpg,929,oxidised metal craft,690,757.932,1.098
handmade-german-silver-bhaiya-bhabhi-rakhi-set-179-2025-1832-1-179_1.jpg,929,oxidised metal craft,850,744.321,0.876
handmade-german-silver-bhaiya-bhabhi-rakhi-set-177-2025-1832-1-177_1.jpg,929,oxidised metal craft,850,722.49,0.85
handmade-german-silver-bhaiya-bhabhi-rakhi-set-176-2025-1832-1-176_1.jpg,929,oxidised metal craft,850,710.364,0.836
handmade-wooden-beads-shell-work-rakhi-set-of-6-164-2025-1832-1-164_1.jpg,929,handmade,850,681.653,0.802
handmade-german-silver-shell-work-rakhi-set-of-6-159-2025-1832-1-159_1.jpg,929,oxidised metal craft,850,833.135,0.98
handmade-beads-shell-work-rakhi-set-of-6-158-2025-1832-1-158_1.jpg,929,fabart,850,821.816,0.967
handmade-beads-shell-work-rakhi-set-of-6-155-2025-1832-1-155_1.jpg,929,bead work,850,777.959,0.915
handmade-beads-shell-work-rakhi-set-of-6-154-2025-1832-1-154_1.jpg,929,handmade,850,771.871,0.908
handmade-beads-shell-work-rakhi-147-2025-1832-1-147_1.jpg,929,handmade,390,475.337,1.219
handmade-jute-shell-work-rakhi-145-2025-1832-1-145_1.jpg,929,handmade,390,435.599,1.117
handmade-beads-shell-work-rakhi-142-2025-1832-1-142_1.jpg,929,handmade,390,408.399,1.047
handmade-shell-work-rakhi-141-2025-1832-1-141_1.jpg,929,handmade,390,387.191,0.993
handmade-beads-shell-work-rakhi-140-2025-1832-1-140_1.jpg,929,handmade,290,430.248,1.484
handmade-beads-shell-work-bhaiya-bhabhi-rakhi-set-127-2025-1832-1-127_1.jpg,929,bead work,690,766.188,1.11
handmade-beads-shell-work-bhaiya-bhabhi-rakhi-set-126-2025-1832-1-126_1.jpg,929,bead work,690,761.698,1.104
handmade-beads-shell-work-bhaiya-bhabhi-rakhi-set-125-2025-1832-1-125_1.jpg,929,bead work,690,742.085,1.075
handmade-beads-shell-work-bhaiya-bhabhi-rakhi-set-124-2025-1832-1-124_1.jpg,929,bead work,690,733.988,1.064
handmade-beads-shell-work-bhaiya-bhabhi-rakhi-set-123-2025-1832-1-123_1.jpg,929,bead work,690,752.587,1.091
handmade-beads-shell-work-bhaiya-bhabhi-rakhi-set-122-2025-1832-1-122_1.jpg,929,bead work,690,749.606,1.086
handmade-beads-shell-work-bhaiya-bhabhi-rakhi-set-120-2025-1832-1-120_1.jpg,929,bead work,690,750.529,1.088
handmade-beads-shell-work-bhaiya-bhabhi-rakhi-set119-2025-1832-1-119_1.jpg,929,bead work,690,742.425,1.076
handmade-beads-shell-work-bhaiya-bhabhi-rakhi-set-118-2025-1832-1-118_1.jpg,929,bead work,690,770.236,1.116
handmade-shell-work-bhaiya-bhabhi-rakhi-set-100-2025-1832-1-100_1.jpg,929,handmade,690,685.471,0.993
handmade-shell-work-bhaiya-bhabhi-rakhi-set-98-2025-1832-1-98_1.jpg,929,handmade,690,682.266,0.989
handmade-german-silver-rudraksh-work-rakhi-set-of-6-89-2025-1832-1-89_1.jpg,929,handmade,850,857.128,1.008
handmade-german-silver-rakhi-77-2025-1832-1-77_1.jpg,929,oxidised metal craft,450,453.951,1.009
handmade-german-silver-rakhi-71-2025-1832-1-71_1.jpg,929,oxidised metal craft,450,425.113,0.945
handmade-german-silver-rakhi-69-2025-1832-1-69_1.jpg,929,oxidised metal craft,450,493.886,1.098
handmade-german-silver-rakhi-67-2025-1832-1-67_1.jpg,929,oxidised metal craft,450,497.644,1.106
handmade-german-silver-rakhi-66-2025-1832-1-66_1.jpg,929,oxidised metal craft,450,510.035,1.133
handmade-german-silver-rakhi-65-2025-1832-1-65_1.jpg,929,oxidised metal craft,450,498.25,1.107
handmade-german-silver-rakhi-64-2025-1832-1-64_1.jpg,929,oxidised metal craft,450,492.424,1.094
handmade-german-silver-rudraksh-work-rakhi-57-2025-1832-1-58_1.jpg,929,oxidised metal craft,450,559.169,1.243
handmade-german-silver-rudraksh-work-rakhi-55-2025-1832-1-55_1.jpg,929,handmade,490,516.719,1.055
handmade-rudraksh-work-rakhi-53-2025-1832-1-53_1.jpg,929,handmade,490,456.513,0.932
handmade-rudraksh-work-rakhi-52-2025-1832-1-52_1.jpg,929,handmade,490,465.798,0.951
handmade-rudraksh-work-rakhi-51-2025-1832-1-51_1.jpg,929,handmade,490,443.121,0.904
handmade-german-silver-rudraksh-work-rakhi-45-2025-1832-1-45_1.jpg,929,handmade,490,520.413,1.062
handmade-rudraksh-work-rakhi-44-2025-1832-1-44_1.jpg,929,handmade,490,466.203,0.951
handmade-german-silver-rudraksh-work-rakhi-43-2025-1832-1-43_1.jpg,929,handmade,490,504.435,1.029
handmade-german-silver-rudraksh-work-rakhi-42-2025-1832-1-43_1.jpg,929,handmade,490,535.408,1.093
handmade-german-silver-rakhi-40-2025-1832-1-40_1.jpg,929,oxidised metal craft,450,496.938,1.104
handmade-german-silver-rakhi-39-2025-1832-1-39_1.jpg,929,oxidised metal craft,450,487.94,1.084
handmade-german-silver-rakhi-37-2025-1832-1-37_1.jpg,929,oxidised metal craft,450,464.883,1.033
handmade-german-silver-rakhi-36-2025-1832-1-36_1.jpg,929,oxidised metal craft,450,488.098,1.085
handmade-german-silver-rakhi-34-2025-1832-1-34_1.jpg,929,oxidised metal craft,450,475.462,1.057
handmade-german-silver-rakhi-28-2025-1832-1-28_1.jpg,929,oxidised metal craft,450,433.155,0.963
handmade-german-silver-rakhi-26-2025-1832-1-26_1.jpg,929,oxidised metal craft,450,428.513,0.952
handmade-german-silver-rakhi-23-2025-1832-1-23_1.jpg,929,oxidised metal craft,450,451.367,1.003
handmade-german-silver-rakhi-21-2025-1832-1-21_1.jpg,929,oxidised metal craft,450,457.029,1.016
handmade-german-silver-rakhi-19-2025-1832-1-19_1.jpg,929,oxidised metal craft,450,442.43,0.983
handmade-german-silver-rakhi-17-2025-1832-1-17_1.jpg,929,oxidised metal craft,450,419.142,0.931
handmade-german-silver-rakhi-16-2025-1832-1-16_1.jpg,929,oxidised metal craft,450,448.051,0.996
handmade-german-silver-rakhi-12-2025-1832-1-12_1.jpg,929,oxidised metal craft,450,458.786,1.02
handmade-german-silver-rakhi-10-2025-1832-1-10_1.jpg,929,oxidised metal craft,450,461.983,1.027
handmade-german-silver-rakhi-05-2025-1832-1-5_1.jpg,929,oxidised metal craft,450,483.556,1.075
handmade-german-silver-rakhi-02-2025-1832-1-2_1.jpg,929,oxidised metal craft,450,466.603,1.037
handmade-german-silver-rakhi-01-2025-1832-1-1_1.jpg,929,oxidised metal craft,450,513.311,1.141
handmade-shell-work-bhaiya-bhabhi-rakhi-set-97-2025-1832-1-97_1.jpg,929,handmade,690,663.913,0.962
handmade-german-silver-bhaiya-bhabhi-rakhi-set-166-2025-1832-1-166_1.jpg,929,oxidised metal craft,850,797.398,0.938
handmade-beads-shell-work-rakhi-139-2025-1832-1-139_1.jpg,929,handmade,390,432.97,1.11
handmade-rudraksh-work-rakhi-set-of-6-87-2025-1832-1-87_1.jpg,929,handmade,850,800.638,0.942
tribal-dokra-craft-brass-rakhi-by-miharu-56-706420-56_1.jpg,963,dokra craft,1090,952.692,0.874
handmade-rudraksh-work-rakhi-35-2025-375-1-35_1.jpg,983,handmade,290,399.599,1.378
handmade-rudraksh-work-rakhi-32-2025-375-1-32_1.jpg,983,handmade,290,403.116,1.39
handmade-rudraksh-work-rakhi-31-2025-375-1-31_1.jpg,983,handmade,290,383.933,1.324
handmade-rudraksh-work-rakhi-25-2025-375-1-25_1.jpg,983,handmade,290,402.468,1.388
handmade-rudraksh-work-rakhi-21-2025-375-1-21_1.jpg,983,handmade,290,382.766,1.32
handmade-rudraksh-work-rakhi-20-2025-375-1-20_1.jpg,983,handmade,290,390.652,1.347
handmade-rudraksh-work-rakhi-18-2025-375-1-18_1.jpg,983,handmade,290,400.872,1.382
handmade-rudraksh-work-rakhi-13-2025-375-1-13_1.jpg,983,handmade,290,350.602,1.209
handmade-rudraksh-work-rakhi-10-2025-375-1-10_1.jpg,983,handmade,290,375.6,1.295
handmade-rudraksh-work-rakhi-07-2025-375-1-7_1.jpg,983,handmade,290,381.144,1.314
handmade-rudraksh-work-rakhi-06-2025-375-1-6_1.jpg,983,handmade,290,400.703,1.382
handmade-rudraksh-work-rakhi-04-2025-375-1-4_1.jpg,983,handmade,290,386.635,1.333
handmade-rudraksh-work-rakhi-01-2025-375-1-1_1.jpg,983,handmade,290,377.149,1.301
handmade-beadwork-tutti-frutti-rakhi-lumba-set-13-2025-242-1-13_1.jpg,998,bead work,650,434.285,0.668
handmade-beadwork-tutti-frutti-rakhi-lumba-set-11-2025-242-1-11_1.jpg,998,bead work,650,429.065,0.66
handmade-thread-beadwork-rakhi-by-jugni-20-803794-20_1.jpg,1015,bead work,750,327.103,0.436
handmade-gs-stone-work-jute-rakhi-set-of-2-96-2024-1659-1-96_1.jpg,1017,jute weaving,590,412.533,0.699
handmade-gs-stone-work-jute-rakhi-set-of-2-91-2024-1659-1-91_1.jpg,1017,jute weaving,590,416.364,0.706
handmade-gs-stone-work-jute-rakhi-set-of-2-74-2024-1659-1-74_1.jpg,1017,jute weaving,590,464.625,0.787
handmade-gs-stone-work-jute-rakhi-set-of-2-26-2024-1659-1-26_1.jpg,1017,jute weaving,590,411.668,0.698
handmade-gs-stone-work-jute-rakhi-set-of-2-01-2024-1659-1-1_1.jpg,1017,jute weaving,590,392.295,0.665
2024-521-1-12-handcrafted-embroidery-bead-work-fabart-rakhi-lumba-set-12_1.jpg,1021,fabart,590,887.74,1.505
724862-22-handmade-thread-beadwork-rakhi-by-jugni-08_1.jpg,929,bead work,750,943.801,1.258
724862-21-handmade-thread-beadwork-rakhi-by-jugni-07_1.jpg,929,bead work,750,1344.168,1.792
724862-20-handmade-thread-beadwork-rakhi-by-jugni-06_1.jpg,929,bead work,750,930.176,1.24
724862-19-handmade-thread-beadwork-rakhi-by-jugni-05_1.jpg,929,bead work,750,997.088,1.329
724862-18-handmade-thread-beadwork-rakhi-by-jugni-04_1.jpg,929,bead work,650,982.353,1.511
724862-15-handmade-thread-beadwork-rakhi-by-jugni-01_1.jpg,929,bead work,750,933.123,1.244
2024-315-1-6-handmade-pine-needles-beadwork-rakhi-by-daya-patki-06_1.jpg,1022,bamboo craft,350,315.72,0.902
2024-315-1-5-handmade-pine-needles-beadwork-rakhi-by-daya-patki-05_1.jpg,1022,bamboo craft,350,390.947,1.117
2024-315-1-2-handmade-pine-needles-beadwork-rakhi-by-daya-patki-02_1.jpg,1022,bamboo craft,350,390.02,1.114
2024-296-1-21-hand-embroidered-felt-work-sheesha-rakhi-21_1.jpg,952,embroidery,490,526.361,1.074
2024-296-1-9-daisy-flower-hand-embroidered-felt-work-rakhi-09_1.jpg,952,embroidery,490,501.315,1.023
2024-296-1-7-daisy-flower-hand-embroidered-felt-work-rakhi-07_1.jpg,952,embroidery,490,486.499,0.993
2024-266-1-7-handmade-kundan-beadwork-reversible-rakhi-07_1.jpg,1023,bead work,290,266.049,0.917
2023-519-1-28-copy-of-handmade-thread-beadwork-rakhi-by-jugni_1.jpg,929,bead work,650,882.88,1.358
2023-519-1-17-handmade-thread-beadwork-rakhi-by-jugni_1.jpg,929,bead work,650,903.041,1.389
2023-519-1-10-handmade-thread-beadwork-rakhi-by-jugni_1.jpg,929,bead work,650,966.941,1.488
2023-519-1-9-handmade-thread-beadwork-rakhi-by-jugni_1.jpg,929,bead work,650,931.904,1.434
2023-519-1-3-handmade-thread-beadwork-rakhi-by-jugni_1.jpg,929,bead work,650,833.767,1.283
2022-095-1-14-tribal-dokra-craft-brass-rakhi-by-miharu_1.jpg,963,dokra craft,1090,1080.784,0.992
2022-095-1-10-tribal-dokra-craft-brass-rakhi-by-miharu_1.jpg,963,dokra craft,1090,1073.607,0.985
2022-095-1-6-tribal-dokra-craft-brass-rakhi-by-miharu_1.jpg,963,dokra craft,1090,1080.763,0.992
2022-095-1-4-tribal-dokra-craft-brass-rakhi-by-miharu_1.jpg,963,dokra craft,1090,990.849,0.909
2022-095-1-3-tribal-dokra-craft-brass-rakhi-by-miharu_1.jpg,963,dokra craft,1090,1065.279,0.977
handcrafted-german-silver-bracelet-kada-size-2-4-05-2025-109-2-5_1.jpg,1029,oxidised metal craft,1390,736.711,0.53
brass-metal-handcrafted-bracelet-adjustable-77-2025-1469-1-77_1.jpg,504,metal work,1190,806.945,0.678
bead-work-handmade-baiga-tribal-bracelet-30-2026-062-1-30_1.jpg,502,baiga tribal jewelry,890,1477.853,1.661
2022-1137-1-3-brass-metal-handcrafted-bangle-adjustable_1.jpg,504,copper brass,490,1596.675,3.259
2022-772-4-27-brass-metal-handcrafted-dokra-bracelet-by-asalkaar-adjustable_1.jpg,504,metal work,1190,1017.082,0.855
handcrafted-german-silver-bracelet-kada-size-2-6-06-2025-109-2-6_1.jpg,1029,oxidised metal craft,1390,805.115,0.579
2023-1542-1-22-hapur-flower-beadwork-bangles-by-aagaz-set-of-6_1.jpg,1041,hapur bead work,990,956.898,0.967
brass-metal-handcrafted-cuff-bracelet-adjustable-69-2025-1469-1-69_1.jpg,504,metal work,1190,756.899,0.636
2023-1542-1-10-hapur-flower-beadwork-bangles-by-aagaz-set-of-6_1.jpg,1041,hapur bead work,990,878.537,0.887
handcrafted-glass-stone-bracelet-09-2025-1051-1-9_1.jpg,1043,stone work,250,494.517,1.978
brass-metal-handcrafted-dokra-bracelet-adjustable-17-2024-1652-1-17_1.jpg,504,metal work,1190,867.48,0.729
2024-852-1-94-channapatna-handcrafted-wooden-bangle-size-2-6-94_1.jpg,1045,channapatna toys craft,350,553.413,1.581
brass-metal-handcrafted-bracelet-adjustable-81-2025-1469-1-81_1.jpg,504,metal work,1190,786.366,0.661
handcrafted-glass-stone-bracelet-04-2025-1051-1-4_1.jpg,1043,stone work,250,433.811,1.735
2022-1137-1-1-brass-metal-handcrafted-bangle-adjustable_1.jpg,504,copper brass,490,1564.031,3.192
fabart-ghungroo-work-handmade-bangle-so2-size-2-4-09-2025-1658-1-17_1.jpg,1047,fabart,790,550.208,0.696
brass-metal-handcrafted-bracelet-adjustable-83-2025-1469-1-83_1.jpg,504,metal work,1190,727.551,0.611
2023-145-1-453-handcrafted-paka-meenakari-bangle-set-of-2_1.jpg,514,meenakari work,1290,1199.901,0.93
bead-work-handmade-baiga-tribal-bracelet-29-2026-062-1-29_1.jpg,502,baiga tribal jewelry,890,1385.908,1.557
2022-1137-1-7-brass-metal-handcrafted-bangle-adjustable_1.jpg,504,copper brass,490,1688.079,3.445
handcrafted-glass-stone-bracelet-05-2025-1051-1-5_1.jpg,1043,stone work,250,412.822,1.651
brass-metal-handcrafted-cuff-bracelet-adjustable-75-2025-1469-1-75_1.jpg,504,metal work,1190,748.876,0.629
handmade-beadwork-bracelet-01-2024-1122-1-1_1.jpg,1049,bead work,250,326.631,1.307
handcrafted-glass-stone-bracelet-03-2025-1051-1-3_1.jpg,1043,stone work,250,430.807,1.723
bead-work-handmade-baiga-tribal-bracelet-40-2026-062-1-40_1.jpg,502,baiga tribal jewelry,890,1504.852,1.691
2022-1137-1-15-brass-metal-handcrafted-bangle-adjustable_1.jpg,504,copper brass,490,1517.732,3.097
bead-work-handmade-baiga-tribal-bracelet-32-2026-062-1-32_1.jpg,502,baiga tribal jewelry,890,1478.449,1.661
brass-metal-handcrafted-bracelet-adjustable-74-2025-1469-1-74_1.jpg,504,metal work,1190,890.515,0.748
2022-1137-1-14-brass-metal-handcrafted-bangle-adjustable_1.jpg,504,copper brass,490,1630.085,3.327
handcrafted-glass-stone-bracelet-02-2025-1051-1-2_1.jpg,1043,stone work,250,434.831,1.739
2022-1137-1-13-brass-metal-handcrafted-bangle-adjustable_1.jpg,504,copper brass,490,1659.536,3.387
thread-mirror-work-handmade-bangle-set-16-2025-1658-1-22_1.jpg,1054,thread work,1190,689.229,0.579
handcrafted-german-silver-bracelet-kada-size-2-6-03-2025-109-2-3_1.jpg,1029,oxidised metal craft,1390,762.253,0.548
2022-772-4-28-brass-metal-handcrafted-dokra-bracelet-by-asalkaar-adjustable_1.jpg,504,metal work,1190,944.151,0.793
handmade-metal-beadwork-bracelet-06-2024-1122-1-6_1.jpg,1049,bead work,250,524.687,2.099
2022-772-4-30-brass-metal-handcrafted-dokra-bracelet-by-asalkaar-adjustable_1.jpg,504,metal work,1190,851.075,0.715
brass-metal-handcrafted-dokra-bracelet-adjustable-09-2024-1652-1-9_1.jpg,504,metal work,1190,1098.848,0.923
bead-work-handmade-baiga-tribal-bracelet-27-2026-062-1-27_1.jpg,502,baiga tribal jewelry,890,1501.911,1.688
brass-metal-handcrafted-dokra-bracelet-adjustable-07-2024-1652-1-7_1.jpg,504,metal work,1190,875.646,0.736
bead-work-handmade-baiga-tribal-bracelet-40-2024-793-1-40_1.jpg,502,baiga tribal jewelry,890,1500.867,1.686
handcrafted-german-silver-bracelet-kada-size-2-6-04-2025-109-2-4_1.jpg,1029,oxidised metal craft,1390,743.277,0.535
brass-metal-handcrafted-bracelet-adjustable-72-2025-1469-1-72_1.jpg,504,metal work,1190,909.378,0.764
2022-895-1-29-bead-work-handmade-baiga-tribal-bracelet_1.jpg,502,baiga tribal jewelry,890,1646.074,1.85
2023-145-1-462-handcrafted-paka-meenakari-bangle-set-of-2_1.jpg,514,meenakari work,1290,1211.085,0.939
handmade-metal-beadwork-bracelet-38-2024-1122-1-38_1.jpg,1049,bead work,250,537.971,2.152
brass-metal-handcrafted-bracelet-adjustable-82-2025-1469-1-82_1.jpg,504,metal work,1190,758.255,0.637
2022-1137-1-5-brass-metal-handcrafted-bangle-adjustable_1.jpg,504,copper brass,490,1905.334,3.888
handcrafted-german-silver-bracelet-kada-size-2-6-08-2025-109-2-8_1.jpg,1029,oxidised metal craft,1390,753.04,0.542
handcrafted-glass-stone-bracelet-07-2025-1051-1-7_1.jpg,1043,stone work,250,453.317,1.813
2022-772-4-32-brass-metal-handcrafted-dokra-bracelet-by-asalkaar-adjustable_1.jpg,504,metal work,1190,879.134,0.739
2022-895-1-32-bead-work-handmade-baiga-tribal-bracelet_1.jpg,502,baiga tribal jewelry,890,1596.95,1.794
brass-metal-handcrafted-dokra-bracelet-adjustable-03-2024-1652-1-3_1.jpg,504,metal work,1190,849.881,0.714
brass-metal-handcrafted-dokra-cuff-bracelet-adjustable-55-2024-1652-1-13_1.jpg,504,metal work,1190,841.29,0.707
bead-work-handmade-baiga-tribal-bracelet-36-2026-062-1-36_1.jpg,502,baiga tribal jewelry,890,1484.126,1.668
2022-772-4-26-brass-metal-handcrafted-dokra-bracelet-by-asalkaar-adjustable_1.jpg,504,metal work,1190,939.154,0.789
handcrafted-glass-stone-bracelet-06-2025-1051-1-6_1.jpg,1043,stone work,250,379.794,1.519
handcrafted-glass-stone-bracelet-01-2025-1051-1-1_1.jpg,1043,stone work,250,408.875,1.635
brass-metal-handcrafted-bracelet-adjustable-67-2025-1469-1-67_1.jpg,504,metal work,1190,730.801,0.614
brass-metal-handcrafted-bracelet-adjustable-80-2025-1469-1-80_1.jpg,504,metal work,1190,787.204,0.662
brass-metal-handcrafted-dokra-bracelet-adjustable-01-2024-1652-1-1_1.jpg,504,metal work,1190,831.171,0.698
fabart-ghungroo-work-handmade-bangle-so2-size-2-4-12-2025-1658-1-18_1.jpg,1047,fabart,790,545.909,0.691
brass-metal-handcrafted-bracelet-adjustable-73-2025-1469-1-73_1.jpg,504,metal work,1190,770.904,0.648
2022-895-1-30-bead-work-handmade-baiga-tribal-bracelet_1.jpg,502,baiga tribal jewelry,890,1617.729,1.818
2022-895-1-31-bead-work-handmade-baiga-tribal-bracelet_1.jpg,502,baiga tribal jewelry,890,1721.441,1.934
2022-772-4-39-brass-metal-handcrafted-dokra-bracelet-by-asalkaar-adjustable-1_1.jpg,504,metal work,1190,1026.94,0.863
handmade-beadwork-bracelet-31-2024-1122-1-31_1.jpg,1049,bead work,250,306.104,1.224
brass-metal-handcrafted-cuff-bracelet-adjustable-76-2025-1469-1-76_1.jpg,504,metal work,1190,738.767,0.621
brass-metal-handcrafted-cuff-bracelet-adjustable-66-2025-1469-1-66_1.jpg,504,metal work,1190,838.585,0.705
bead-work-handmade-baiga-tribal-bracelet-26-2026-062-1-26_1.jpg,502,baiga tribal jewelry,890,1627.989,1.829
handcrafted-german-silver-bracelet-kada-size-07-2025-109-2-7_1.jpg,1029,oxidised metal craft,1390,741.424,0.533
handcrafted-glass-stone-bracelet-10-2025-1051-1-10_1.jpg,1043,stone work,250,418.085,1.672
2023-145-1-459-handcrafted-paka-meenakari-bangle-set-of-2_1.jpg,514,meenakari work,1290,1234.477,0.957
brass-metal-handcrafted-bracelet-adjustable-79-2025-1469-1-79_1.jpg,504,metal work,1190,689.525,0.579
handcrafted-german-silver-bracelet-kada-size-2-4-02-2025-109-2-2_1.jpg,1029,oxidised metal craft,1190,681.427,0.573
bead-work-handmade-baiga-tribal-bracelet-25-2026-062-1-25_1.jpg,502,baiga tribal jewelry,890,1473.761,1.656
handcrafted-glass-stone-bracelet-08-2025-1051-1-8_1.jpg,1043,stone work,250,439.371,1.757
handcrafted-german-silver-bracelet-kada-size-2-4-09-2025-109-2-9_1.jpg,1029,oxidised metal craft,1250,664.568,0.532
brass-metal-handcrafted-bracelet-adjustable-71-2025-1469-1-71_1.jpg,504,metal work,1190,839.386,0.705
2023-1040-1-106-handcrafted-patwa-thread-beadwork-anklet_1.jpg,1067,patwa thread work,450,431.901,0.96
2023-1269-1-192-handcrafted-paka-meenakari-anklets-pair_1.jpg,1068,meenakari work,1450,949.688,0.655
2023-1269-1-184-handcrafted-paka-meenakari-anklets-pair_1.jpg,1068,meenakari work,1450,1019.846,0.703
2023-1040-1-2-handcrafted-patwa-thread-beadwork-anklet_1.jpg,1067,patwa thread work,450,412.25,0.916
2024-565-1-77-handcrafted-patwa-thread-beadwork-anklet-77_1.jpg,1067,patwa thread work,450,351.093,0.78
424288-41-tribal-odisha-dokra-threadwork-anklet_1.jpg,226,bead work,650,1060.982,1.632
2023-1269-1-183-handcrafted-paka-meenakari-anklets-pair_1.jpg,1068,meenakari work,1450,965.876,0.666
562562-4-handmade-flower-anklet-by-jugaad_1.jpg,1070,upcycled,690,361.035,0.523
562562-9-handmade-flower-anklet-by-jugaad_1.jpg,1070,upcycled,690,342.595,0.497
2024-565-1-21-handcrafted-patwa-thread-ghungroo-work-anklet-21_1.jpg,1067,patwa thread work,450,317.248,0.705
handcrafted-beads-thread-work-patwa-anklet-25-2024-1340-1-25_1.jpg,1067,patwa thread work,450,413.455,0.919
2023-1040-1-91-handcrafted-patwa-thread-beadwork-anklet_1.jpg,1067,patwa thread work,450,389.726,0.866
2023-1040-1-63-handcrafted-patwa-thread-beadwork-anklet_1.jpg,1067,patwa thread work,450,322.143,0.716
2023-1040-1-88-handcrafted-patwa-thread-beadwork-anklet_1.jpg,1067,patwa thread work,450,412.526,0.917
2023-1269-1-182-handcrafted-paka-meenakari-anklets-pair_1.jpg,1068,meenakari work,1450,973.818,0.672
2023-1269-1-166-handcrafted-paka-meenakari-anklets-pair_1.jpg,1068,meenakari work,1450,926.669,0.639
2024-565-1-66-handcrafted-patwa-thread-beadwork-anklet-66_1.jpg,1067,patwa thread work,450,276.15,0.614
562562-5-handmade-flower-anklet-by-jugaad_1.jpg,1070,upcycled,690,343.895,0.498
2023-1269-1-173-handcrafted-paka-meenakari-anklets-pair_1.jpg,1068,meenakari work,1450,947.996,0.654
2024-565-1-52-handcrafted-patwa-thread-sequin-work-anklet-52_1.jpg,1067,patwa thread work,450,342.787,0.762
2024-565-1-93-handcrafted-patwa-thread-beadwork-anklet-93_1.jpg,1067,patwa thread work,450,336.094,0.747
2024-565-1-78-handcrafted-patwa-thread-beadwork-anklet-78_1.jpg,1067,patwa thread work,450,365.975,0.813
2023-1269-1-200-handcrafted-paka-meenakari-anklets-pair_1.jpg,1068,meenakari work,1450,965.296,0.666
2023-1269-1-191-handcrafted-paka-meenakari-anklets-pair_1.jpg,1068,meenakari work,1450,916.849,0.632
2023-1269-1-206-handcrafted-paka-meenakari-anklets-pair_1.jpg,1068,meenakari work,1450,998.691,0.689
2023-1269-1-169-handcrafted-paka-meenakari-anklets-pair_1.jpg,1068,meenakari work,1450,968.73,0.668
2023-1040-1-90-handcrafted-patwa-thread-beadwork-anklet_1.jpg,1067,patwa thread work,450,320.227,0.712
2023-1269-1-174-handcrafted-paka-meenakari-anklets-pair_1.jpg,1068,meenakari work,1450,972.053,0.67
2023-1269-1-190-handcrafted-paka-meenakari-anklets-pair_1.jpg,1068,meenakari work,1450,955.504,0.659
2023-1040-1-92-handcrafted-patwa-thread-beadwork-anklet_1.jpg,1067,patwa thread work,450,373.026,0.829
2022-830-1-22-handcrafted-patwa-thread-beadwork-anklet_1.jpg,1067,patwa thread work,450,430.366,0.956
2023-1040-1-77-handcrafted-patwa-thread-ghungroo-work-anklet_1.jpg,1067,patwa thread work,450,285.411,0.634
2024-565-1-44-handcrafted-patwa-thread-ghungroo-work-anklet-44_1.jpg,1067,patwa thread work,450,293.079,0.651
handcrafted-patwa-thread-ghungroo-work-anklet-19-2025-446-1-8_1.jpg,1067,patwa thread work,450,278.814,0.62
2024-565-1-90-handcrafted-patwa-thread-beadwork-anklet-90_1.jpg,1067,patwa thread work,450,333.709,0.742
2023-1269-1-170-handcrafted-paka-meenakari-anklets-pair_1.jpg,1068,meenakari work,1450,999.355,0.689
2023-1040-1-1-handcrafted-patwa-thread-beadwork-anklet_1.jpg,1067,patwa thread work,450,421.171,0.936
2023-1269-1-176-handcrafted-paka-meenakari-anklets-pair_1.jpg,1068,meenakari work,1450,920.18,0.635
2023-1269-1-171-handcrafted-paka-meenakari-anklets-pair_1.jpg,1068,meenakari work,1450,979.578,0.676
562562-1-handmade-flower-anklet-by-jugaad_1.jpg,1070,upcycled,690,361.363,0.524
562562-2-handmade-flower-anklet-by-jugaad_1.jpg,1070,upcycled,690,366.14,0.531
2024-565-1-53-handcrafted-patwa-thread-sequin-work-anklet-53_1.jpg,1067,patwa thread work,450,311.296,0.692
562562-3-handmade-flower-anklet-by-jugaad_1.jpg,1070,upcycled,690,385.437,0.559
2023-1269-1-199-handcrafted-paka-meenakari-anklets-pair_1.jpg,1068,meenakari work,1450,975.363,0.673
2023-1040-1-9-handcrafted-patwa-thread-beadwork-anklet_1.jpg,1067,patwa thread work,450,329.798,0.733
2023-1269-1-194-handcrafted-paka-meenakari-anklets-pair_1.jpg,1068,meenakari work,1450,956.905,0.66
2023-1269-1-196-handcrafted-paka-meenakari-anklets-pair_1.jpg,1068,meenakari work,1450,967.708,0.667
2023-1269-1-165-handcrafted-paka-meenakari-anklets-pair_1.jpg,1068,meenakari work,1450,1019.162,0.703
562562-8-handmade-flower-anklet-by-jugaad_1.jpg,1070,upcycled,690,385.155,0.558
565174-1-brass-base-oxidised-antique-silver-finish-nose-clip-on_1.jpg,1080,oxidised metal craft,190,217.145,1.143
565174-36-brass-base-oxidised-antique-gold-finish-maharashtrian-nose-clip-on_1.jpg,1080,oxidised metal craft,290,362.202,1.249
565174-34-brass-base-oxidised-antique-gold-finish-maharashtrian-nose-clip-on_1.jpg,1080,oxidised metal craft,350,346.669,0.99
565174-35-brass-base-oxidised-antique-gold-finish-maharashtrian-nose-clip-on_1.jpg,1080,oxidised metal craft,350,361.262,1.032
565174-39-brass-base-oxidised-antique-gold-finish-maharashtrian-nose-clip-on_1.jpg,1080,oxidised metal craft,290,334.474,1.153
565174-3-brass-base-oxidised-antique-silver-finish-nose-clip-on_1.jpg,1080,oxidised metal craft,190,245.667,1.293
565174-30-brass-base-oxidised-antique-gold-finish-maharashtrian-nose-clip-on_1.jpg,1080,oxidised metal craft,350,331.454,0.947
565174-33-brass-base-oxidised-antique-gold-finish-maharashtrian-nose-clip-on_1.jpg,1080,oxidised metal craft,350,330.724,0.945
565174-28-brass-base-oxidised-antique-gold-finish-maharashtrian-nose-clip-on_1.jpg,1080,oxidised metal craft,350,333.379,0.953
565174-31-brass-base-oxidised-antique-gold-finish-maharashtrian-nose-clip-on_1.jpg,1080,oxidised metal craft,350,330.664,0.945
565174-45-brass-base-oxidised-antique-silver-finish-maharashtrian-nose-clip-on_1.jpg,1080,oxidised metal craft,190,349.183,1.838
565174-37-brass-base-oxidised-antique-gold-finish-maharashtrian-nose-clip-on_1.jpg,1080,oxidised metal craft,290,349.341,1.205
antique-silver-finish-oxidised-stone-work-nosepin-set-of-5-05-2025-629-1-5_1.jpg,1082,oxidised metal craft,290,343.714,1.185
antique-silver-finish-oxidised-stone-work-nosepin-set-of-5-02-2025-629-1-2_1.jpg,1082,oxidised metal craft,290,361.308,1.246
565174-27-brass-base-oxidised-antique-gold-finish-maharashtrian-nose-clip-on_1.jpg,1080,oxidised metal craft,350,360.172,1.029
2022-857-1-28-flower-madhubani-handpainted-wooden-ring_1.jpg,1086,wood carving,650,688.857,1.06
brass-metal-handcrafted-dokra-ring-10-2024-1749-1-10_1.jpg,504,metal work,790,404.709,0.512
brass-metal-handcrafted-ring-09-2025-1469-1-9_1.jpg,504,metal work,790,539.036,0.682
brass-metal-handcrafted-dokra-ring-05-2024-1749-1-5_1.jpg,504,metal work,790,422.743,0.535
brass-metal-handcrafted-dokra-ring-06-2024-1749-1-6_1.jpg,504,metal work,590,428.35,0.726
2021-880-1-49-madhubani-handpainted-wooden-ring_1.jpg,1086,wood carving,680,945.502,1.39
2021-880-1-58-machhli-jal-ki-rani-madhubani-handpainted-wooden-ring_1.jpg,757,wood carving,540,889.488,1.647
brass-metal-handcrafted-dokra-ring-02-2024-1749-1-2_1.jpg,504,metal work,790,501.125,0.634
brass-metal-handcrafted-dokra-ring-03-2024-1749-1-3_1.jpg,504,metal work,590,433.537,0.735
brass-metal-handcrafted-ring-14-2025-1469-1-14_1.jpg,504,metal work,790,565.784,0.716
brass-metal-handcrafted-dokra-ring-11-2024-1749-1-11_1.jpg,504,metal work,790,411.742,0.521
2021-880-1-52-madhubani-handpainted-wooden-ring_1.jpg,757,wood carving,530,953.274,1.799
brass-metal-handcrafted-dokra-ring-08-2024-1749-1-8_1.jpg,504,metal work,590,481.182,0.816
brass-metal-handcrafted-ring-10-2025-1469-1-10_1.jpg,504,metal work,790,518.246,0.656
2021-880-1-48-madhubani-handpainted-wooden-ring_1.jpg,1093,wood carving,480,715.061,1.49
srikalahasti-handpainted-kalamkari-sling-bag-by-dwarka-plus-19-2026-658-1-20_1.jpg,1100,srikalahasti penwork kalamkari,1490,1755.006,1.178
528323-2-handcrafted-quilted-sanganeri-block-printed-shoulder-bag_1.jpg,1109,sanganeri block printing,1100,1334.314,1.213
srikalahasti-handpainted-kalamkari-ikat-patch-shoulder-bag-by-dwarka-plus-60-2026-658-1-60_1.jpg,1100,srikalahasti penwork kalamkari,2190,3339.98,1.525
srikalahasti-handpainted-kalamkari-ikat-patch-shoulder-bag-by-dwarka-plus-59-2026-658-1-59_1.jpg,1100,srikalahasti penwork kalamkari,2190,3171.92,1.448
srikalahasti-handpainted-kalamkari-ikat-patch-shoulder-bag-by-dwarka-plus-58-2026-658-1-58_1.jpg,1100,srikalahasti penwork kalamkari,2190,3230.836,1.475
srikalahasti-handpainted-kalamkari-ikat-patch-shoulder-bag-by-dwarka-plus-57-2026-658-1-57_1.jpg,1100,srikalahasti penwork kalamkari,2190,3228.181,1.474
srikalahasti-handpainted-kalamkari-ikat-patch-shoulder-bag-by-dwarka-plus-56-2026-658-1-56_1.jpg,1100,srikalahasti penwork kalamkari,2190,3416.159,1.56
srikalahasti-handpainted-kalamkari-ikat-patch-shoulder-bag-by-dwarka-plus-54-2026-658-1-54_1.jpg,1100,srikalahasti penwork kalamkari,2190,3456.875,1.578
srikalahasti-handpainted-kalamkari-ikat-patch-shoulder-bag-by-dwarka-plus-53-2026-658-1-53_1.jpg,1100,srikalahasti penwork kalamkari,2190,3443.098,1.572
srikalahasti-handpainted-kalamkari-ikat-patch-shoulder-bag-by-dwarka-plus-52-2026-658-1-52_1.jpg,1100,srikalahasti penwork kalamkari,2190,3577.63,1.634
srikalahasti-handpainted-kalamkari-ikat-patch-shoulder-bag-by-dwarka-plus-51-2026-658-1-51_1.jpg,1100,srikalahasti penwork kalamkari,2190,3288.636,1.502
srikalahasti-handpainted-kalamkari-ikat-patch-shoulder-bag-by-dwarka-plus-50-2026-658-1-50_1.jpg,1100,srikalahasti penwork kalamkari,2190,3362.471,1.535
srikalahasti-handpainted-kalamkari-ikat-patch-shoulder-bag-by-dwarka-plus-49-2026-658-1-49_1.jpg,1100,srikalahasti penwork kalamkari,2190,3212.595,1.467
srikalahasti-handpainted-kalamkari-ikat-patch-shoulder-bag-by-dwarka-plus-48-2026-658-1-48_1.jpg,1100,srikalahasti penwork kalamkari,2190,3210.668,1.466
srikalahasti-handpainted-kalamkari-ikat-patch-shoulder-bag-by-dwarka-plus-47-2026-658-1-47_1.jpg,1100,srikalahasti penwork kalamkari,2190,3265.239,1.491
srikalahasti-handpainted-kalamkari-ikat-patch-shoulder-bag-by-dwarka-plus-46-2026-658-1-46_1.jpg,1100,srikalahasti penwork kalamkari,2190,3388.347,1.547
srikalahasti-handpainted-kalamkari-ikat-patch-shoulder-bag-by-dwarka-plus-45-2026-658-1-45_1.jpg,1100,srikalahasti penwork kalamkari,2190,3106.387,1.418
srikalahasti-handpainted-kalamkari-ikat-patch-shoulder-bag-by-dwarka-plus-44-2026-658-1-44_1.jpg,1100,srikalahasti penwork kalamkari,2190,3190.602,1.457
srikalahasti-handpainted-kalamkari-ikat-patch-shoulder-bag-by-dwarka-plus-43-2026-658-1-43_1.jpg,1100,srikalahasti penwork kalamkari,2190,3153.254,1.44
srikalahasti-handpainted-kalamkari-ikat-patch-shoulder-bag-by-dwarka-plus-42-2026-658-1-42_1.jpg,1100,srikalahasti penwork kalamkari,2190,3175.191,1.45
srikalahasti-handpainted-kalamkari-sling-bag-by-dwarka-plus-40-2026-658-1-40_1.jpg,1100,srikalahasti penwork kalamkari,1290,1572.287,1.219
srikalahasti-handpainted-kalamkari-sling-bag-by-dwarka-plus-39-2026-658-1-39_1.jpg,1100,srikalahasti penwork kalamkari,1290,1560.207,1.209
srikalahasti-handpainted-kalamkari-sling-bag-by-dwarka-plus-37-2026-658-1-37_1.jpg,1100,srikalahasti penwork kalamkari,1290,1549.927,1.201
srikalahasti-handpainted-kalamkari-sling-bag-by-dwarka-plus-36-2026-658-1-36_1.jpg,1100,srikalahasti penwork kalamkari,1290,1574.009,1.22
srikalahasti-handpainted-kalamkari-sling-bag-by-dwarka-plus-35-2026-658-1-35_1.jpg,1100,srikalahasti penwork kalamkari,1290,1580.031,1.225
srikalahasti-handpainted-kalamkari-sling-bag-by-dwarka-plus-34-2026-658-1-34_1.jpg,1100,srikalahasti penwork kalamkari,1290,1622.414,1.258
srikalahasti-handpainted-kalamkari-sling-bag-by-dwarka-plus-33-2026-658-1-33_1.jpg,1100,srikalahasti penwork kalamkari,1290,1618.819,1.255
srikalahasti-handpainted-kalamkari-sling-bag-by-dwarka-plus-32-2026-658-1-32_1.jpg,1100,srikalahasti penwork kalamkari,1290,1678.164,1.301
srikalahasti-handpainted-kalamkari-sling-bag-by-dwarka-plus-31-2026-658-1-31_1.jpg,1100,srikalahasti penwork kalamkari,1290,1603.445,1.243
srikalahasti-handpainted-kalamkari-sling-bag-by-dwarka-plus-30-2026-658-1-30_1.jpg,1100,srikalahasti penwork kalamkari,1290,1707.189,1.323
srikalahasti-handpainted-kalamkari-sling-bag-by-dwarka-plus-29-2026-658-1-29_1.jpg,1100,srikalahasti penwork kalamkari,1290,1626.159,1.261
srikalahasti-handpainted-kalamkari-sling-bag-by-dwarka-plus-28-2026-658-1-28_1.jpg,1100,srikalahasti penwork kalamkari,1290,1679.552,1.302
srikalahasti-handpainted-kalamkari-sling-bag-by-dwarka-plus-27-2026-658-1-27_1.jpg,1100,srikalahasti penwork kalamkari,1290,1642.261,1.273
srikalahasti-handpainted-kalamkari-sling-bag-by-dwarka-plus-26-2026-658-1-26_1.jpg,1100,srikalahasti penwork kalamkari,1290,1593.2,1.235
srikalahasti-handpainted-kalamkari-sling-bag-by-dwarka-plus-25-2026-658-1-25_1.jpg,1100,srikalahasti penwork kalamkari,1290,1601.255,1.241
srikalahasti-handpainted-kalamkari-sling-bag-by-dwarka-plus-24-2026-658-1-24_1.jpg,1100,srikalahasti penwork kalamkari,1290,1554.827,1.205
srikalahasti-handpainted-kalamkari-sling-bag-by-dwarka-plus-23-2026-658-1-23_1.jpg,1100,srikalahasti penwork kalamkari,1290,1690.067,1.31
srikalahasti-handpainted-kalamkari-sling-bag-by-dwarka-plus-22-2026-658-1-22_1.jpg,1100,srikalahasti penwork kalamkari,1290,1630.263,1.264
srikalahasti-handpainted-kalamkari-sling-bag-by-dwarka-plus-20-2026-658-1-20_1.jpg,1100,srikalahasti penwork kalamkari,1490,1905.801,1.279
srikalahasti-handpainted-kalamkari-sling-bag-by-dwarka-plus-18-2026-658-1-18_1.jpg,1100,srikalahasti penwork kalamkari,1490,1798.869,1.207
srikalahasti-handpainted-kalamkari-sling-bag-by-dwarka-plus-17-2026-658-1-17_1.jpg,1100,srikalahasti penwork kalamkari,1490,1832.282,1.23
srikalahasti-handpainted-kalamkari-sling-bag-by-dwarka-plus-16-2026-658-1-16_1.jpg,1100,srikalahasti penwork kalamkari,1490,1914.536,1.285
srikalahasti-handpainted-kalamkari-sling-bag-by-dwarka-plus-15-2026-658-1-15_1.jpg,1100,srikalahasti penwork kalamkari,1490,1925.485,1.292
srikalahasti-handpainted-kalamkari-sling-bag-by-dwarka-plus-14-2026-658-1-14_1.jpg,1100,srikalahasti penwork kalamkari,1490,2028.657,1.362
srikalahasti-handpainted-kalamkari-sling-bag-by-dwarka-plus-13-2026-658-1-13_1.jpg,1100,srikalahasti penwork kalamkari,1490,1855.915,1.246
srikalahasti-handpainted-kalamkari-sling-bag-by-dwarka-plus-12-2026-658-1-12_1.jpg,1100,srikalahasti penwork kalamkari,1490,1789.416,1.201
srikalahasti-handpainted-kalamkari-sling-bag-by-dwarka-plus-11-2026-658-1-11_1.jpg,1100,srikalahasti penwork kalamkari,1490,2091.518,1.404
srikalahasti-handpainted-kalamkari-sling-bag-by-dwarka-plus-10-2026-658-1-10_1.jpg,1100,srikalahasti penwork kalamkari,1490,1926.661,1.293
srikalahasti-handpainted-kalamkari-sling-bag-by-dwarka-plus-09-2026-658-1-9_1.jpg,1100,srikalahasti penwork kalamkari,1490,1971.293,1.323
srikalahasti-handpainted-kalamkari-sling-bag-by-dwarka-plus-08-2026-658-1-8_1.jpg,1100,srikalahasti penwork kalamkari,1490,1964.424,1.318
srikalahasti-handpainted-kalamkari-sling-bag-by-dwarka-plus-07-2026-658-1-7_1.jpg,1100,srikalahasti penwork kalamkari,1490,1809.88,1.215
srikalahasti-handpainted-kalamkari-sling-bag-by-dwarka-plus-06-2026-658-1-6_1.jpg,1100,srikalahasti penwork kalamkari,1490,2040.662,1.37
srikalahasti-handpainted-kalamkari-sling-bag-by-dwarka-plus-05-2026-658-1-5_1.jpg,1100,srikalahasti penwork kalamkari,1490,2071.924,1.391
srikalahasti-handpainted-kalamkari-sling-bag-by-dwarka-plus-04-2026-658-1-4_1.jpg,1100,srikalahasti penwork kalamkari,1490,1866.254,1.253
srikalahasti-handpainted-kalamkari-sling-bag-by-dwarka-plus-03-2026-658-1-3_1.jpg,1100,srikalahasti penwork kalamkari,1490,1875.348,1.259
srikalahasti-handpainted-kalamkari-sling-bag-by-dwarka-plus-02-2026-658-1-2_1.jpg,1100,srikalahasti penwork kalamkari,1490,2000.458,1.343
srikalahasti-handpainted-kalamkari-ikat-patch-shoulder-bag-by-dwarka-plus-41-2026-658-1-41_1.jpg,1100,srikalahasti penwork kalamkari,2190,3354.979,1.532
srikalahasti-handpainted-kalamkari-sling-bag-by-dwarka-plus-21-2026-658-1-21_1.jpg,1100,srikalahasti penwork kalamkari,1290,1589.019,1.232
srikalahasti-handpainted-kalamkari-sling-bag-by-dwarka-plus-01-2026-658-1-1_1.jpg,1100,srikalahasti penwork kalamkari,1490,1927.331,1.294
handcrafted-eco-friendly-shopping-jhola-bag-33-2025-1906-1-33_1.jpg,1125,kalamkari block printing,1590,836.189,0.526
handcrafted-eco-friendly-shopping-jhola-bag-32-2025-1906-1-32_1.jpg,1125,kalamkari block printing,1590,869.735,0.547
handcrafted-eco-friendly-shopping-jhola-bag-30-2025-1906-1-30_1.jpg,1125,bandhani tie dye,1590,902.172,0.567
handcrafted-eco-friendly-shopping-jhola-bag-29-2025-1906-1-29_1.jpg,1125,bandhani tie dye,1590,851.597,0.536
handcrafted-eco-friendly-shopping-jhola-bag-28-2025-1906-1-28_1.jpg,1125,bandhani tie dye,1590,880.569,0.554
handcrafted-eco-friendly-shopping-jhola-bag-27-2025-1906-1-27_1.jpg,1125,bandhani tie dye,1590,935.813,0.589
handcrafted-eco-friendly-shopping-jhola-bag-25-2025-1906-1-25_1.jpg,1125,pochampally ikat weaving,1590,834.939,0.525
handcrafted-eco-friendly-shopping-jhola-bag-24-2025-1906-1-24_1.jpg,1125,pochampally ikat weaving,1590,845.093,0.532
handcrafted-eco-friendly-shopping-jhola-bag-23-2025-1906-1-23_1.jpg,1125,pochampally ikat weaving,1590,762.792,0.48
handcrafted-eco-friendly-shopping-jhola-bag-22-2025-1906-1-22_1.jpg,1125,pochampally ikat weaving,1590,888.242,0.559
handcrafted-eco-friendly-shopping-jhola-bag-20-2025-1906-1-20_1.jpg,1125,pochampally ikat weaving,1590,802.103,0.504
handcrafted-eco-friendly-shopping-jhola-bag-19-2025-1906-1-19_1.jpg,1125,pochampally ikat weaving,1590,749.233,0.471
handcrafted-eco-friendly-shopping-jhola-bag-18-2025-1906-1-18_1.jpg,1125,pochampally ikat weaving,1590,797.571,0.502
handcrafted-eco-friendly-shopping-jhola-bag-17-2025-1906-1-17_1.jpg,1125,pochampally ikat weaving,1590,778.081,0.489
handcrafted-eco-friendly-shopping-jhola-bag-15-2025-1906-1-15_1.jpg,1125,pochampally ikat weaving,1590,812.378,0.511
handcrafted-eco-friendly-shopping-jhola-bag-14-2025-1906-1-14_1.jpg,1125,pochampally ikat weaving,1590,749.288,0.471
handcrafted-eco-friendly-shopping-jhola-bag-13-2025-1906-1-13_1.jpg,1125,pochampally ikat weaving,1590,767.75,0.483
handcrafted-eco-friendly-shopping-jhola-bag-12-2025-1906-1-12_1.jpg,1125,pochampally ikat weaving,1590,771.605,0.485
handcrafted-eco-friendly-shopping-jhola-bag-11-2025-1906-1-11_1.jpg,1125,pochampally ikat weaving,1590,805.221,0.506
handcrafted-eco-friendly-shopping-jhola-bag-10-2025-1906-1-10_1.jpg,1125,pochampally ikat weaving,1590,768.841,0.484
handcrafted-eco-friendly-shopping-jhola-bag-09-2025-1906-1-9_1.jpg,1125,pochampally ikat weaving,1590,818.503,0.515
handcrafted-eco-friendly-shopping-jhola-bag-08-2025-1906-1-8_1.jpg,1125,pochampally ikat weaving,1590,815.154,0.513
handcrafted-eco-friendly-shopping-jhola-bag-07-2025-1906-1-7_1.jpg,1125,pochampally ikat weaving,1590,921.447,0.58
handcrafted-eco-friendly-shopping-jhola-bag-06-2025-1906-1-6_1.jpg,1125,pochampally ikat weaving,1590,787.374,0.495
handcrafted-eco-friendly-shopping-jhola-bag-05-2025-1906-1-5_1.jpg,1125,pochampally ikat weaving,1590,766.28,0.482
handcrafted-eco-friendly-shopping-jhola-bag-04-2025-1906-1-4_1.jpg,1125,pochampally ikat weaving,1590,890.998,0.56
handcrafted-eco-friendly-shopping-jhola-bag-03-2025-1906-1-3_1.jpg,1125,pochampally ikat weaving,1590,885.647,0.557
handcrafted-eco-friendly-shopping-jhola-bag-02-2025-1906-1-2_1.jpg,1125,pochampally ikat weaving,1590,834.853,0.525
handcrafted-eco-friendly-shopping-jhola-bag-31-2025-1906-1-31_1.jpg,1125,kalamkari block printing,1590,834.345,0.525
handcrafted-eco-friendly-shopping-jhola-bag-01-2025-1906-1-1_1.jpg,1125,pochampally ikat weaving,1590,794.181,0.499
handcrafted-eco-friendly-shopping-jhola-bag-26-2025-1906-1-27_1.jpg,1125,bandhani tie dye,1590,812.835,0.511
handcrafted-fabric-jhola-bag-29-2025-1888-1-29_1.jpg,1125,jacquard weaving,1590,725.1,0.456
handcrafted-fabric-jhola-bag-28-2025-1888-1-28_1.jpg,1125,jacquard weaving,1590,694.01,0.436
handcrafted-fabric-jhola-bag-27-2025-1888-1-27_1.jpg,1125,jacquard weaving,1590,723.109,0.455
handcrafted-fabric-jhola-bag-26-2025-1888-1-26_1.jpg,1125,jacquard weaving,1590,734.821,0.462
handcrafted-fabric-jhola-bag-24-2025-1888-1-24_1.jpg,1125,ajrakh block printing,1590,771.143,0.485
handcrafted-fabric-jhola-bag-23-2025-1888-1-23_1.jpg,1125,ajrakh block printing,1590,748.129,0.471
handcrafted-fabric-jhola-bag-22-2025-1888-1-22_1.jpg,1125,ajrakh block printing,1590,730.185,0.459
handcrafted-fabric-jhola-bag-21-2025-1888-1-21_1.jpg,1125,ajrakh block printing,1590,707.697,0.445
handcrafted-fabric-jhola-bag-20-2025-1888-1-20_1.jpg,1125,ajrakh block printing,1590,735.593,0.463
handcrafted-fabric-jhola-bag-19-2025-1888-1-19_1.jpg,1125,ajrakh block printing,1590,709.564,0.446
handcrafted-fabric-jhola-bag-18-2025-1888-1-18_1.jpg,1125,ajrakh block printing,1590,767.28,0.483
handcrafted-fabric-jhola-bag-17-2025-1888-1-17_1.jpg,1125,ajrakh block printing,1590,731.492,0.46
handcrafted-fabric-jhola-bag-15-2025-1888-1-15_1.jpg,1125,ajrakh block printing,1590,764.363,0.481
handcrafted-fabric-jhola-bag-14-2025-1888-1-14_1.jpg,1125,ajrakh block printing,1590,722.208,0.454
handcrafted-fabric-jhola-bag-13-2025-1888-1-13_1.jpg,1125,ajrakh block printing,1590,689.01,0.433
handcrafted-fabric-jhola-bag-12-2025-1888-1-12_1.jpg,1125,ajrakh block printing,1590,671.855,0.423
handcrafted-fabric-jhola-bag-11-2025-1888-1-11_1.jpg,1125,ajrakh block printing,1590,760.969,0.479
handcrafted-fabric-jhola-bag-10-2025-1888-1-10_1.jpg,1125,ajrakh block printing,1590,732.247,0.461
handcrafted-fabric-jhola-bag-09-2025-1888-1-9_1.jpg,1125,ajrakh block printing,1590,793.67,0.499
handcrafted-fabric-jhola-bag-08-2025-1888-1-8_1.jpg,1125,ajrakh block printing,1590,725.787,0.456
handcrafted-fabric-jhola-bag-07-2025-1888-1-7_1.jpg,1125,ajrakh block printing,1590,775.547,0.488
handcrafted-fabric-jhola-bag-06-2025-1888-1-6_1.jpg,1125,ajrakh block printing,1590,791.713,0.498
handcrafted-fabric-jhola-bag-05-2025-1888-1-5_1.jpg,1125,ajrakh block printing,1590,744.755,0.468
handcrafted-fabric-jhola-bag-04-2025-1888-1-4_1.jpg,1125,ajrakh block printing,1590,771.168,0.485
handcrafted-fabric-jhola-bag-02-2025-1888-1-2_1.jpg,1125,ajrakh block printing,1590,809.2,0.509
handcrafted-fabric-jhola-bag-26-2025-1882-1-26_1.jpg,1125,kalamkari screen printing,1590,664.366,0.418
handcrafted-fabric-jhola-bag-25-2025-1882-1-25_1.jpg,1125,kalamkari screen printing,1590,708.555,0.446
handcrafted-fabric-jhola-bag-24-2025-1882-1-24_1.jpg,1125,kalamkari screen printing,1590,700.286,0.44
handcrafted-fabric-jhola-bag-23-2025-1882-1-23_1.jpg,1125,kalamkari screen printing,1590,695.837,0.438
handcrafted-fabric-jhola-bag-22-2025-1882-1-22_1.jpg,1125,kalamkari screen printing,1590,669.531,0.421
handcrafted-fabric-jhola-bag-21-2025-1882-1-21_1.jpg,1125,kalamkari screen printing,1590,678.904,0.427
handcrafted-fabric-jhola-bag-20-2025-1882-1-20_1.jpg,1125,kalamkari screen printing,1590,722.223,0.454
handcrafted-fabric-jhola-bag-19-2025-1882-1-19_1.jpg,1125,kalamkari screen printing,1590,698.858,0.44
handcrafted-fabric-jhola-bag-18-2025-1882-1-18_1.jpg,1125,kalamkari screen printing,1590,699.573,0.44
handcrafted-fabric-jhola-bag-17-2025-1882-1-17_1.jpg,1125,kalamkari screen printing,1590,663.929,0.418
handcrafted-fabric-jhola-bag-16-2025-1882-1-16_1.jpg,1125,kalamkari screen printing,1590,687.709,0.433
handcrafted-fabric-jhola-bag-15-2025-1882-1-15_1.jpg,1125,kalamkari screen printing,1590,689.242,0.433
handcrafted-fabric-jhola-bag-14-2025-1882-1-14_1.jpg,1125,kalamkari screen printing,1590,663.129,0.417
handcrafted-fabric-jhola-bag-13-2025-1882-1-13_1.jpg,1125,kalamkari screen printing,1590,674.367,0.424
handcrafted-fabric-jhola-bag-12-2025-1882-1-12_1.jpg,1125,kalamkari screen printing,1590,721.89,0.454
handcrafted-fabric-jhola-bag-11-2025-1882-1-11_1.jpg,1125,kalamkari screen printing,1590,677.799,0.426
handcrafted-fabric-jhola-bag-10-2025-1882-1-10_1.jpg,1125,kalamkari screen printing,1590,687.735,0.433
handcrafted-fabric-jhola-bag-09-2025-1882-1-9_1.jpg,1125,kalamkari screen printing,1590,714.445,0.449
handcrafted-fabric-jhola-bag-08-2025-1882-1-8_1.jpg,1125,kalamkari screen printing,1590,708.724,0.446
handcrafted-fabric-jhola-bag-07-2025-1882-1-7_1.jpg,1125,kalamkari screen printing,1590,750.159,0.472
handcrafted-fabric-jhola-bag-06-2025-1882-1-6_1.jpg,1125,kalamkari screen printing,1590,699.719,0.44
handcrafted-fabric-jhola-bag-05-2025-1882-1-5_1.jpg,1125,kalamkari screen printing,1590,697.553,0.439
handcrafted-fabric-jhola-bag-04-2025-1882-1-4_1.jpg,1125,kalamkari screen printing,1590,720.436,0.453
handcrafted-fabric-jhola-bag-03-2025-1882-1-3_1.jpg,1125,kalamkari screen printing,1590,738.703,0.465
handcrafted-fabric-jhola-bag-02-2025-1882-1-2_1.jpg,1125,kalamkari screen printing,1590,735.134,0.462
handcrafted-fabric-jhola-bag-30-2025-1888-1-30_1.jpg,1125,pochampally ikat weaving,1590,819.207,0.515
handcrafted-fabric-jhola-bag-01-2025-1888-1-1_1.jpg,1125,ajrakh block printing,1590,770.183,0.484
handcrafted-fabric-jhola-bag-01-2025-1882-1-1_1.jpg,1125,kalamkari screen printing,1590,685.433,0.431
zardozi-hand-embroidered-clutch-10-2026-482-1-10_1.jpg,1130,embroidery,2490,1388.872,0.558
zardozi-hand-embroidered-clutch-09-2026-482-1-9_1.jpg,1130,embroidery,2490,1339.772,0.538
zardozi-hand-embroidered-clutch-08-2026-482-1-8_1.jpg,1130,embroidery,2490,1391.945,0.559
zardozi-hand-embroidered-clutch-06-2026-482-1-6_1.jpg,1130,embroidery,2490,1310.376,0.526
zardozi-hand-embroidered-clutch-04-2026-482-1-4_1.jpg,1130,embroidery,2490,1376.644,0.553
zardozi-hand-embroidered-clutch-03-2026-482-1-13_1.jpg,1130,embroidery,2490,1305.491,0.524
zardozi-hand-embroidered-clutch-02-2026-482-1-2_1.jpg,1130,embroidery,2490,1334.643,0.536
zardozi-hand-embroidered-clutch-01-2026-482-1-1_1.jpg,1130,embroidery,2490,1925.903,0.773
handcrafted-fabric-jhola-bag-21-2026-284-1-21_1.jpg,1125,bandhani tie dye,1590,861.609,0.542
handcrafted-fabric-jhola-bag-20-2026-284-1-20_1.jpg,1125,bandhani tie dye,1590,781.244,0.491
handcrafted-fabric-jhola-bag-18-2026-284-1-18_1.jpg,1125,ajrakh block printing,1590,811.367,0.51
handcrafted-fabric-jhola-bag-17-2026-284-1-17_1.jpg,1125,ajrakh block printing,1590,751.727,0.473
handcrafted-fabric-jhola-bag-16-2026-284-1-16_1.jpg,1125,ajrakh block printing,1590,790.607,0.497
handcrafted-fabric-jhola-bag-15-2026-284-1-15_1.jpg,1125,ajrakh block printing,1590,776.084,0.488
handcrafted-fabric-jhola-bag-14-2026-284-1-14_1.jpg,1125,ajrakh block printing,1590,798.57,0.502
handcrafted-fabric-jhola-bag-13-2026-284-1-13_1.jpg,1125,ajrakh block printing,1590,771.125,0.485
handcrafted-fabric-jhola-bag-12-2026-284-1-12_1.jpg,1125,ajrakh block printing,1590,791.094,0.498
handcrafted-fabric-jhola-bag-11-2026-284-1-11_1.jpg,1125,ajrakh block printing,1590,761.335,0.479
handcrafted-fabric-jhola-bag-10-2026-284-1-10_1.jpg,1125,ajrakh block printing,1590,759.059,0.477
handcrafted-fabric-jhola-bag-09-2026-284-1-9_1.jpg,1125,ajrakh block printing,1590,769.488,0.484
handcrafted-fabric-jhola-bag-08-2026-284-1-8_1.jpg,1125,ajrakh block printing,1590,764.425,0.481
handcrafted-fabric-jhola-bag-06-2026-284-1-6_1.jpg,1125,ajrakh block printing,1590,685.944,0.431
handcrafted-fabric-jhola-bag-05-2026-284-1-5_1.jpg,1125,ajrakh block printing,1590,922.488,0.58
handcrafted-fabric-jhola-bag-03-2026-284-1-3_1.jpg,1125,ajrakh block printing,1590,818.824,0.515
handcrafted-fabric-jhola-bag-01-2026-284-1-1_1.jpg,1125,ajrakh block printing,1590,828.284,0.521
handcrafted-fabric-jhola-bag-19-2026-284-1-19_1.jpg,1125,bandhani tie dye,1590,806.921,0.507
handcrafted-fabric-shoulder-bag-24-2026-263-1-24_1.jpg,1125,bandhani tie dye,1590,678.792,0.427
handcrafted-fabric-shoulder-bag-23-2026-263-1-23_1.jpg,1125,bandhani tie dye,1590,732.372,0.461
handcrafted-fabric-shoulder-bag-22-2026-263-1-22_1.jpg,1125,bandhani tie dye,1590,814.495,0.512
handcrafted-fabric-shoulder-bag-21-2026-263-1-21_1.jpg,1125,bandhani tie dye,1590,785.743,0.494
handcrafted-fabric-shoulder-bag-20-2026-263-1-20_1.jpg,1125,bandhani tie dye,1590,716.933,0.451
handcrafted-fabric-shoulder-bag-19-2026-263-1-19_1.jpg,1125,bandhani tie dye,1590,750.306,0.472
handcrafted-fabric-shoulder-bag-18-2026-263-1-18_1.jpg,1125,bandhani tie dye,1590,768.305,0.483
handcrafted-fabric-shoulder-bag-16-2026-263-1-16_1.jpg,1125,bandhani tie dye,1590,710.895,0.447
handcrafted-fabric-shoulder-bag-15-2026-263-1-15_1.jpg,1125,bandhani tie dye,1590,729.394,0.459
handcrafted-fabric-shoulder-bag-14-2026-263-1-14_1.jpg,1125,bandhani tie dye,1590,767.841,0.483
handcrafted-fabric-shoulder-bag-13-2026-263-1-13_1.jpg,1125,bandhani tie dye,1590,688.705,0.433
handcrafted-fabric-shoulder-bag-12-2026-263-1-12_1.jpg,1125,bandhani tie dye,1590,781.687,0.492
handcrafted-fabric-shoulder-bag-11-2026-263-1-11_1.jpg,1125,bandhani tie dye,1590,768.156,0.483
handcrafted-fabric-shoulder-bag-10-2026-263-1-10_1.jpg,1125,bandhani tie dye,1590,767.187,0.483
handcrafted-fabric-shoulder-bag-09-2026-263-1-9_1.jpg,1125,bandhani tie dye,1590,760.126,0.478
handcrafted-fabric-shoulder-bag-08-2026-263-1-8_1.jpg,1125,bandhani tie dye,1590,900.077,0.566
handcrafted-fabric-shoulder-bag-07-2026-263-1-7_1.jpg,1125,bandhani tie dye,1590,723.304,0.455
handcrafted-fabric-shoulder-bag-06-2026-263-1-6_1.jpg,1125,bandhani tie dye,1590,760.798,0.478
handcrafted-fabric-shoulder-bag-05-2026-263-1-5_1.jpg,1125,bandhani tie dye,1590,782.123,0.492
handcrafted-fabric-shoulder-bag-04-2026-263-1-4_1.jpg,1125,bandhani tie dye,1590,819.918,0.516
handcrafted-fabric-shoulder-bag-03-2026-263-1-3_1.jpg,1125,bandhani tie dye,1590,754.012,0.474
handcrafted-fabric-shoulder-bag-02-2026-263-1-2_1.jpg,1125,bandhani tie dye,1590,749.819,0.472
handcrafted-fabric-shoulder-bag-01-2026-263-1-1_1.jpg,1125,bandhani tie dye,1590,705.943,0.444
handcrafted-natural-water-hyacinth-hand-embroidered-sling-bag-27-2026-245-1-27_1.jpg,1131,assamese,2690,3181.234,1.183
handcrafted-natural-water-hyacinth-hand-embroidered-sling-bag-26-2026-245-1-26_1.jpg,1131,assamese,2690,3339.538,1.241
handcrafted-natural-water-hyacinth-hand-embroidered-sling-bag-25-2026-245-1-25_1.jpg,1131,assamese,2690,3263.448,1.213
handcrafted-natural-water-hyacinth-hand-embroidered-sling-bag-24-2026-245-1-24_1.jpg,1131,assamese,2690,3254.482,1.21
handcrafted-natural-water-hyacinth-hand-embroidered-sling-bag-23-2026-245-1-23_1.jpg,1131,assamese,2690,3319.045,1.234
handcrafted-natural-water-hyacinth-hand-embroidered-sling-bag-22-2026-245-1-22_1.jpg,1131,assamese,2690,3649.13,1.357
handcrafted-natural-water-hyacinth-hand-embroidered-sling-bag-21-2026-245-1-21_1.jpg,1131,assamese,2690,3044.616,1.132
handcrafted-natural-water-hyacinth-hand-embroidered-sling-bag-20-2026-245-1-20_1.jpg,1131,assamese,2690,3244.615,1.206
handcrafted-natural-water-hyacinth-hand-embroidered-sling-bag-19-2026-245-1-19_1.jpg,1131,assamese,2690,3148.295,1.17
handcrafted-natural-water-hyacinth-hand-embroidered-sling-bag-18-2026-245-1-18_1.jpg,1131,assamese,2690,3304.702,1.229
handcrafted-natural-water-hyacinth-hand-embroidered-sling-bag-17-2026-245-1-17_1.jpg,1131,assamese,2690,3221.721,1.198
handcrafted-natural-water-hyacinth-hand-embroidered-sling-bag-16-2026-245-1-16_1.jpg,1131,assamese,2690,3326.759,1.237
handcrafted-natural-water-hyacinth-hand-embroidered-sling-bag-15-2026-245-1-15_1.jpg,1131,assamese,2690,3171.666,1.179
handcrafted-natural-water-hyacinth-hand-embroidered-sling-bag-14-2026-245-1-14_1.jpg,1131,assamese,2690,3027.417,1.125
handcrafted-natural-water-hyacinth-hand-embroidered-sling-bag-13-2026-245-1-13_1.jpg,1131,assamese,2690,2844.619,1.057
handcrafted-natural-water-hyacinth-hand-embroidered-sling-bag-12-2026-245-1-12_1.jpg,1131,assamese,2690,2990.898,1.112
handcrafted-natural-water-hyacinth-hand-embroidered-sling-bag-10-2026-245-1-10-copy_1.jpg,1131,assamese,2690,3265.764,1.214
handcrafted-natural-water-hyacinth-hand-embroidered-sling-bag-10-2026-245-1-10_1.jpg,1131,assamese,2690,3475.313,1.292
handcrafted-natural-water-hyacinth-hand-embroidered-sling-bag-09-2026-245-1-9_1.jpg,1131,assamese,2690,3229.87,1.201
handcrafted-natural-water-hyacinth-hand-embroidered-sling-bag-07-2026-245-1-7_1.jpg,1131,assamese,2690,3287.531,1.222
handcrafted-natural-water-hyacinth-hand-embroidered-sling-bag-06-2026-245-1-6_1.jpg,1131,assamese,2690,3455.631,1.285
handcrafted-natural-water-hyacinth-hand-embroidered-sling-bag-05-2026-245-1-5_1.jpg,1131,assamese,2690,3331.717,1.239
handcrafted-natural-water-hyacinth-hand-embroidered-sling-bag-04-2026-245-1-4_1.jpg,1131,assamese,2690,3451.229,1.283
handcrafted-natural-water-hyacinth-hand-embroidered-sling-bag-03-2026-245-1-3_1.jpg,1131,assamese,2690,3335.272,1.24
handcrafted-natural-water-hyacinth-hand-embroidered-sling-bag-02-2026-245-1-2_1.jpg,1131,assamese,2690,3447.691,1.282
handcrafted-natural-water-hyacinth-hand-embroidered-sling-bag-01-2026-245-1-1_1.jpg,1131,assamese,2690,3663.502,1.362
madhubani-handpainted-shoulder-bag-14-2026-180-1-14_1.jpg,1133,madhubani folk art,1190,1595.962,1.341
madhubani-handpainted-shoulder-bag-13-2026-180-1-13_1.jpg,1133,madhubani folk art,1190,1588.009,1.334
madhubani-handpainted-shoulder-bag-12-2026-180-1-12_1.jpg,1133,madhubani folk art,990,1588.932,1.605
madhubani-handpainted-shoulder-bag-11-2026-180-1-11_1.jpg,1133,madhubani folk art,990,1582.384,1.598
madhubani-handpainted-shoulder-bag-10-2026-180-1-10_1.jpg,1133,madhubani folk art,990,1708.675,1.726
madhubani-handpainted-shoulder-bag-09-2026-180-1-9_1.jpg,1133,madhubani folk art,990,1692.633,1.71
handpainted-shoulder-bag-07-2026-180-1-7_1.jpg,1134,hand painted,990,768.188,0.776
handpainted-shoulder-bag-06-2026-180-1-6_1.jpg,1134,hand painted,990,809.722,0.818
handpainted-shoulder-bag-05-2026-180-1-5_1.jpg,1134,hand painted,990,741.526,0.749
handpainted-shoulder-bag-04-2026-180-1-4_1.jpg,1134,hand painted,950,761.366,0.801
handpainted-shoulder-bag-03-2026-180-1-3_1.jpg,1134,hand painted,950,731.864,0.77
madhubani-handpainted-shoulder-bag-08-2026-180-1-8_1.jpg,1133,madhubani folk art,990,1456.636,1.471
handpainted-shoulder-bag-02-2026-180-1-2_1.jpg,1134,hand painted,950,741.37,0.78
handpainted-kalamkari-natural-dyed-ghicha-silk-jewellery-box-30-2026-018-1-30_1.jpg,1138,srikalahasti penwork kalamkari,4290,3924.731,0.915
handpainted-kalamkari-natural-dyed-ghicha-silk-jewellery-box-29-2026-018-1-29_1.jpg,1138,srikalahasti penwork kalamkari,4290,3825.713,0.892
handpainted-kalamkari-natural-dyed-ghicha-silk-jewellery-box-28-2026-018-1-28_1.jpg,1138,srikalahasti penwork kalamkari,4290,3826.5,0.892
handpainted-kalamkari-natural-dyed-ghicha-silk-jewellery-box-27-2026-018-1-27_1.jpg,1138,srikalahasti penwork kalamkari,4290,3765.159,0.878
handpainted-kalamkari-natural-dyed-ghicha-silk-jewellery-box-26-2026-018-1-26_1.jpg,1138,srikalahasti penwork kalamkari,4290,3858.709,0.899
handpainted-kalamkari-natural-dyed-ghicha-silk-jewellery-box-24-2026-018-1-24_1.jpg,1138,srikalahasti penwork kalamkari,4290,3557.549,0.829
handpainted-kalamkari-natural-dyed-ghicha-silk-jewellery-box-23-2026-018-1-23_1.jpg,1138,srikalahasti penwork kalamkari,4290,3681.079,0.858
handpainted-kalamkari-natural-dyed-ghicha-silk-jewellery-box-22-2026-018-1-22_1.jpg,1138,srikalahasti penwork kalamkari,4290,3623.088,0.845
handpainted-kalamkari-natural-dyed-ghicha-silk-jewellery-box-21-2026-018-1-21_1.jpg,1138,srikalahasti penwork kalamkari,4290,3493.566,0.814
handpainted-kalamkari-natural-dyed-ghicha-silk-jewellery-box-20-2026-018-1-20_1.jpg,1138,srikalahasti penwork kalamkari,4290,3554.073,0.828
handpainted-kalamkari-natural-dyed-ghicha-silk-jewellery-box-19-2026-018-1-19_1.jpg,1138,srikalahasti penwork kalamkari,4290,3501.005,0.816
handpainted-kalamkari-natural-dyed-ghicha-silk-jewellery-box-18-2026-018-1-18_1.jpg,1138,srikalahasti penwork kalamkari,4290,3572.718,0.833
handpainted-kalamkari-natural-dyed-ghicha-silk-jewellery-box-17-2026-018-1-17_1.jpg,1138,srikalahasti penwork kalamkari,4290,3576.09,0.834
handpainted-kalamkari-natural-dyed-ghicha-silk-jewellery-box-16-2026-018-1-16_1.jpg,1138,srikalahasti penwork kalamkari,4290,3577.966,0.834
handpainted-kalamkari-natural-dyed-ghicha-silk-jewellery-box-15-2026-018-1-15_1.jpg,1138,srikalahasti penwork kalamkari,4290,3581.995,0.835
handpainted-kalamkari-natural-dyed-ghicha-silk-jewellery-box-14-2026-018-1-14_1.jpg,1138,srikalahasti penwork kalamkari,4290,3663.863,0.854
handpainted-kalamkari-natural-dyed-ghicha-silk-jewellery-box-12-2026-018-1-12_1.jpg,1138,srikalahasti penwork kalamkari,4290,3645.228,0.85
handpainted-kalamkari-natural-dyed-ghicha-silk-jewellery-box-06-2026-018-1-6_1.jpg,1138,srikalahasti penwork kalamkari,4290,3658.897,0.853
handpainted-kalamkari-natural-dyed-ghicha-silk-jewellery-box-11-2026-018-1-11_1.jpg,1138,srikalahasti penwork kalamkari,4290,3711.42,0.865
handpainted-kalamkari-natural-dyed-ghicha-silk-jewellery-box-10-2026-018-1-10_1.jpg,1138,srikalahasti penwork kalamkari,4290,3689.392,0.86
handpainted-kalamkari-natural-dyed-ghicha-silk-jewellery-box-09-2026-018-1-9_1.jpg,1138,srikalahasti penwork kalamkari,4290,3570.483,0.832
handpainted-kalamkari-natural-dyed-ghicha-silk-jewellery-box-08-2026-018-1-8_1.jpg,1138,srikalahasti penwork kalamkari,4290,3531.603,0.823
handpainted-kalamkari-natural-dyed-ghicha-silk-jewellery-box-07-2026-018-1-7_1.jpg,1138,srikalahasti penwork kalamkari,4290,3554.432,0.829
handpainted-kalamkari-natural-dyed-ghicha-silk-jewellery-box-05-2026-018-1-5_1.jpg,1138,srikalahasti penwork kalamkari,4290,3632.323,0.847
handpainted-kalamkari-natural-dyed-ghicha-silk-jewellery-box-04-2026-018-1-4_1.jpg,1138,srikalahasti penwork kalamkari,4290,3652.792,0.851
handpainted-kalamkari-natural-dyed-ghicha-silk-jewellery-box-03-2026-018-1-3_1.jpg,1138,srikalahasti penwork kalamkari,4290,3513.879,0.819
handpainted-kalamkari-natural-dyed-ghicha-silk-jewellery-box-02-2026-018-1-2_1.jpg,1138,srikalahasti penwork kalamkari,4290,3525.999,0.822
handpainted-kalamkari-natural-dyed-ghicha-silk-jewellery-box-01-2026-018-1-1_1.jpg,1138,srikalahasti penwork kalamkari,4290,3627.507,0.846
handcrafted-quilted-kalamkari-block-printed-fabric-tote-bag-by-chhoti-si-asha-171-2025-1759-1-171_1.jpg,1142,kalamkari block printing,2190,1555.512,0.71
handcrafted-quilted-kalamkari-block-printed-fabric-tote-bag-by-chhoti-si-asha-169-2025-1759-1-169_1.jpg,1142,kalamkari block printing,2190,1612.477,0.736
handcrafted-quilted-kalamkari-block-printed-fabric-tote-bag-by-chhoti-si-asha-166-2025-1759-1-166_1.jpg,1142,kalamkari block printing,2190,1579.075,0.721
handcrafted-quilted-kalamkari-block-printed-fabric-tote-bag-by-chhoti-si-asha-164-2025-1759-1-164_1.jpg,1142,kalamkari block printing,2190,1674.062,0.764
handcrafted-quilted-kalamkari-block-printed-fabric-tote-bag-by-chhoti-si-asha-163-2025-1759-1-163_1.jpg,1142,kalamkari block printing,2190,1731.235,0.791
handcrafted-quilted-kalamkari-block-printed-fabric-tote-bag-by-chhoti-si-asha-160-2025-1759-1-160_1.jpg,1142,kalamkari block printing,2190,1516.351,0.692
handcrafted-quilted-kalamkari-block-printed-fabric-tote-bag-by-chhoti-si-asha-159-2025-1759-1-159_1.jpg,1142,kalamkari block printing,2190,1713.305,0.782
handcrafted-quilted-kalamkari-block-printed-fabric-tote-bag-by-chhoti-si-asha-157-2025-1759-1-157_1.jpg,1142,kalamkari block printing,2190,1635.876,0.747
handcrafted-quilted-sanganeri-block-printed-fabric-tote-bag-by-chhoti-si-asha-149-2025-1759-1-149_1.jpg,1142,sanganeri block printing,2190,1654.416,0.755
handcrafted-quilted-sanganeri-block-printed-fabric-tote-bag-by-chhoti-si-asha-148-2025-1759-1-148_1.jpg,1142,sanganeri block printing,2190,1760.114,0.804
handcrafted-quilted-sanganeri-block-printed-fabric-tote-bag-by-chhoti-si-asha-147-2025-1759-1-147_1.jpg,1142,sanganeri block printing,2190,1655.205,0.756
handcrafted-quilted-sanganeri-block-printed-fabric-tote-bag-by-chhoti-si-asha-146-2025-1759-1-146_1.jpg,1142,sanganeri block printing,2190,1617.208,0.738
handcrafted-quilted-sanganeri-block-printed-fabric-tote-bag-by-chhoti-si-asha-145-2025-1759-1-145_1.jpg,1142,sanganeri block printing,2190,1750.261,0.799
handcrafted-quilted-sanganeri-block-printed-fabric-tote-bag-by-chhoti-si-asha-144-2025-1759-1-144_1.jpg,1142,sanganeri block printing,2190,1667.726,0.762
handcrafted-quilted-sanganeri-block-printed-fabric-tote-bag-by-chhoti-si-asha-142-2025-1759-1-142_1.jpg,1142,sanganeri block printing,2190,1632.805,0.746
handcrafted-quilted-sanganeri-block-printed-fabric-tote-bag-by-chhoti-si-asha-140-2025-1759-1-140_1.jpg,1142,sanganeri block printing,2190,1653.707,0.755
handcrafted-quilted-ajrakh-block-printed-fabric-tote-bag-by-chhoti-si-asha-136-2025-1759-1-136_1.jpg,1142,ajrakh block printing,2190,1701.69,0.777
handcrafted-quilted-kalamkari-block-printed-fabric-tote-bag-by-chhoti-si-asha-156-2025-1759-1-156_1.jpg,1142,kalamkari block printing,2190,1627.727,0.743
handcrafted-fabric-jhola-bag-41-2025-1640-1-41_1.jpg,1125,plain solid,1590,862.22,0.542
handcrafted-fabric-jhola-bag-40-2025-1640-1-40_1.jpg,1125,bandhani tie dye,1590,908.056,0.571
handcrafted-fabric-jhola-bag-38-2025-1640-1-38_1.jpg,1125,pochampally ikat weaving,1590,880.764,0.554
handcrafted-fabric-jhola-bag-37-2025-1640-1-37_1.jpg,1125,pochampally ikat weaving,1590,878.294,0.552
handcrafted-fabric-jhola-bag-36-2025-1640-1-36_1.jpg,1125,pochampally ikat weaving,1590,856.745,0.539
handcrafted-fabric-jhola-bag-35-2025-1640-1-35_1.jpg,1125,pochampally ikat weaving,1590,841.148,0.529
handcrafted-fabric-jhola-bag-34-2025-1640-1-34_1.jpg,1125,kalamkari block printing,1590,833.054,0.524
handcrafted-fabric-jhola-bag-33-2025-1640-1-33_1.jpg,1125,kalamkari block printing,1590,882.795,0.555
handcrafted-fabric-jhola-bag-32-2025-1640-1-32_1.jpg,1125,kalamkari block printing,1590,824.717,0.519
handcrafted-fabric-jhola-bag-30-2025-1640-1-30_1.jpg,1125,kalamkari block printing,1590,852.611,0.536
handcrafted-fabric-jhola-bag-29-2025-1640-1-29_1.jpg,1125,kalamkari block printing,1590,863.855,0.543
handcrafted-fabric-jhola-bag-27-2025-1640-1-27_1.jpg,1125,kalamkari block printing,1590,821.839,0.517
handcrafted-fabric-jhola-bag-26-2025-1640-1-26_1.jpg,1125,kalamkari block printing,1590,884.491,0.556
handcrafted-fabric-jhola-bag-25-2025-1640-1-25_1.jpg,1125,kalamkari block printing,1590,890.083,0.56
handcrafted-fabric-jhola-bag-24-2025-1640-1-24_1.jpg,1125,kalamkari block printing,1590,882.31,0.555
handcrafted-fabric-jhola-bag-23-2025-1640-1-23_1.jpg,1125,kalamkari block printing,1590,831.992,0.523
handcrafted-fabric-jhola-bag-22-2025-1640-1-22_1.jpg,1125,kalamkari block printing,1590,935.769,0.589
handcrafted-fabric-jhola-bag-21-2025-1640-1-21_1.jpg,1125,kalamkari block printing,1590,895.57,0.563
handcrafted-fabric-jhola-bag-20-2025-1640-1-20_1.jpg,1125,kalamkari block printing,1590,880.334,0.554
handcrafted-fabric-jhola-bag-18-2025-1640-1-18_1.jpg,1125,kalamkari block printing,1590,913.013,0.574
handcrafted-fabric-jhola-bag-17-2025-1640-1-17_1.jpg,1125,kalamkari block printing,1590,877.045,0.552
handcrafted-fabric-jhola-bag-16-2025-1640-1-16_1.jpg,1125,kalamkari block printing,1590,871.656,0.548
handcrafted-fabric-jhola-bag-15-2025-1640-1-15_1.jpg,1125,kalamkari block printing,1590,860.755,0.541
handcrafted-fabric-jhola-bag-14-2025-1640-1-14_1.jpg,1125,kalamkari block printing,1590,874.21,0.55
handcrafted-fabric-jhola-bag-13-2025-1640-1-13_1.jpg,1125,kalamkari block printing,1590,787.87,0.496
handcrafted-fabric-jhola-bag-11-2025-1640-1-11_1.jpg,1125,kalamkari block printing,1590,882.022,0.555
handcrafted-fabric-jhola-bag-10-2025-1640-1-10_1.jpg,1125,kalamkari block printing,1590,783.792,0.493
handcrafted-fabric-jhola-bag-09-2025-1640-1-9_1.jpg,1125,kalamkari block printing,1590,904.209,0.569
handcrafted-fabric-jhola-bag-08-2025-1640-1-8_1.jpg,1125,kalamkari block printing,1590,858.236,0.54
handcrafted-fabric-jhola-bag-07-2025-1640-1-7_1.jpg,1125,kalamkari block printing,1590,899.334,0.566
handcrafted-fabric-jhola-bag-06-2025-1640-1-6_1.jpg,1125,kalamkari block printing,1590,900.826,0.567
handcrafted-fabric-jhola-bag-05-2025-1640-1-5_1.jpg,1125,kalamkari block printing,1590,920.882,0.579
handcrafted-fabric-jhola-bag-04-2025-1640-1-4_1.jpg,1125,kalamkari block printing,1590,916.385,0.576
handcrafted-fabric-jhola-bag-03-2025-1640-1-3_1.jpg,1125,kalamkari block printing,1590,881.391,0.554
handcrafted-fabric-jhola-bag-02-2025-1640-1-2_1.jpg,1125,kalamkari screen printing,1590,895.238,0.563
handcrafted-fabric-jhola-bag-01-2025-1640-1-1_1.jpg,1125,kalamkari block printing,1590,852.133,0.536
handcrafted-fabric-jhola-bag-69-2025-1551-1-69_1.jpg,1125,kalamkari screen printing,1590,756.625,0.476
handcrafted-fabric-jhola-bag-68-2025-1551-1-68_1.jpg,1125,kalamkari screen printing,1590,716.93,0.451
handcrafted-fabric-jhola-bag-67-2025-1551-1-67_1.jpg,1125,kalamkari screen printing,1590,775.457,0.488
handcrafted-fabric-jhola-bag-66-2025-1551-1-66_1.jpg,1125,kalamkari screen printing,1590,703.106,0.442
handcrafted-fabric-jhola-bag-64-2025-1551-1-64_1.jpg,1125,kalamkari block printing,1590,732.126,0.46
handcrafted-fabric-jhola-bag-63-2025-1551-1-63_1.jpg,1125,kalamkari block printing,1590,731.837,0.46
handcrafted-fabric-jhola-bag-62-2025-1551-1-62_1.jpg,1125,kalamkari block printing,1590,732.27,0.461
handcrafted-fabric-jhola-bag-60-2025-1551-1-60_1.jpg,1125,kalamkari block printing,1590,791.877,0.498
handcrafted-fabric-jhola-bag-59-2025-1551-1-59_1.jpg,1125,kalamkari block printing,1590,761.8,0.479
handcrafted-fabric-jhola-bag-58-2025-1551-1-58_1.jpg,1125,kalamkari block printing,1590,745.331,0.469
handcrafted-fabric-jhola-bag-57-2025-1551-1-57_1.jpg,1125,kalamkari block printing,1590,804.969,0.506
handcrafted-fabric-jhola-bag-54-2025-1551-1-54_1.jpg,1125,kalamkari block printing,1590,762.186,0.479
handcrafted-fabric-jhola-bag-53-2025-1551-1-53_1.jpg,1125,kalamkari block printing,1590,719.148,0.452
handcrafted-fabric-jhola-bag-52-2025-1551-1-52_1.jpg,1125,kalamkari block printing,1590,768.199,0.483
handcrafted-fabric-jhola-bag-51-2025-1551-1-51_1.jpg,1125,kalamkari block printing,1590,717.477,0.451
handcrafted-fabric-jhola-bag-50-2025-1551-1-50_1.jpg,1125,kalamkari block printing,1590,754.973,0.475
handcrafted-fabric-jhola-bag-49-2025-1551-1-49_1.jpg,1125,kalamkari block printing,1590,817.452,0.514
handcrafted-fabric-jhola-bag-48-2025-1551-1-48_1.jpg,1125,kalamkari block printing,1590,737.944,0.464
handcrafted-fabric-jhola-bag-47-2025-1551-1-47_1.jpg,1125,kalamkari block printing,1590,720.067,0.453
handcrafted-fabric-jhola-bag-46-2025-1551-1-47_1.jpg,1125,kalamkari block printing,1590,788.15,0.496
handcrafted-fabric-jhola-bag-45-2025-1551-1-45_1.jpg,1125,bagru block printing,1590,720.115,0.453
handcrafted-fabric-jhola-bag-44-2025-1551-1-44_1.jpg,1125,bagru block printing,1590,749.271,0.471
handcrafted-fabric-jhola-bag-43-2025-1551-1-43_1.jpg,1125,bagru block printing,1590,703.839,0.443
handcrafted-fabric-jhola-bag-42-2025-1551-1-42_1.jpg,1125,bagru block printing,1590,802.678,0.505
handcrafted-fabric-jhola-bag-41-2025-1551-1-41_1.jpg,1125,bagru block printing,1590,686.997,0.432
handcrafted-fabric-jhola-bag-40-2025-1551-1-40_1.jpg,1125,bagru block printing,1590,725.977,0.457
handcrafted-fabric-jhola-bag-39-2025-1551-1-39_1.jpg,1125,bagru block printing,1590,658.72,0.414
handcrafted-fabric-jhola-bag-38-2025-1551-1-38_1.jpg,1125,bagru block printing,1590,701.284,0.441
handcrafted-fabric-jhola-bag-37-2025-1551-1-37_1.jpg,1125,bagru block printing,1590,737.003,0.464
handcrafted-fabric-jhola-bag-36-2025-1551-1-36_1.jpg,1125,bagru block printing,1590,693.091,0.436
handcrafted-fabric-jhola-bag-35-2025-1551-1-35_1.jpg,1125,bagru block printing,1590,766.409,0.482
handcrafted-fabric-jhola-bag-34-2025-1551-1-34_1.jpg,1125,bagru block printing,1590,754.642,0.475
handcrafted-fabric-jhola-bag-33-2025-1551-1-33_1.jpg,1125,bagru block printing,1590,635.054,0.399
handcrafted-fabric-jhola-bag-32-2025-1551-1-32_1.jpg,1125,bagru block printing,1590,694.381,0.437
handcrafted-fabric-jhola-bag-31-2025-1551-1-31_1.jpg,1125,bagru block printing,1590,770.927,0.485
handcrafted-fabric-jhola-bag-30-2025-1551-1-30_1.jpg,1125,bagru block printing,1590,780.561,0.491
handcrafted-fabric-jhola-bag-28-2025-1551-1-28_1.jpg,1125,bagh block printing,1590,770.183,0.484
handcrafted-fabric-jhola-bag-27-2025-1551-1-27_1.jpg,1125,bagh block printing,1590,743.784,0.468
handcrafted-fabric-jhola-bag-25-2025-1551-1-25_1.jpg,1125,bagh block printing,1590,781.221,0.491
handcrafted-fabric-jhola-bag-24-2025-1551-1-24_1.jpg,1125,bagh block printing,1590,755.664,0.475
handcrafted-fabric-jhola-bag-23-2025-1551-1-23_1.jpg,1125,bagh block printing,1590,766.605,0.482
handcrafted-fabric-jhola-bag-22-2025-1551-1-22_1.jpg,1125,bagh block printing,1590,815.414,0.513
handcrafted-fabric-jhola-bag-21-2025-1551-1-21_1.jpg,1125,bagh block printing,1590,733.603,0.461
handcrafted-fabric-jhola-bag-18-2025-1551-1-18_1.jpg,1125,sanganeri block printing,1590,716.153,0.45
handcrafted-fabric-jhola-bag-17-2025-1551-1-17_1.jpg,1125,sanganeri block printing,1590,765.67,0.482
handcrafted-fabric-jhola-bag-16-2025-1551-1-16_1.jpg,1125,sanganeri block printing,1590,837.254,0.527
handcrafted-fabric-jhola-bag-15-2025-1551-1-15_1.jpg,1125,sanganeri block printing,1590,736.004,0.463
handcrafted-fabric-jhola-bag-14-2025-1551-1-14_1.jpg,1125,sanganeri block printing,1590,757.919,0.477
handcrafted-fabric-jhola-bag-13-2025-1551-1-13_1.jpg,1125,sanganeri block printing,1590,660.767,0.416
handcrafted-fabric-jhola-bag-11-2025-1551-1-11_1.jpg,1125,sanganeri block printing,1590,717.373,0.451
handcrafted-fabric-jhola-bag-09-2025-1551-1-9_1.jpg,1125,bandhani tie dye,1590,775.679,0.488
handcrafted-fabric-jhola-bag-08-2025-1551-1-8_1.jpg,1125,bandhani tie dye,1590,745.138,0.469
handcrafted-fabric-jhola-bag-07-2025-1551-1-7_1.jpg,1125,jacquard weaving,1590,712.781,0.448
handcrafted-fabric-jhola-bag-06-2025-1551-1-6_1.jpg,1125,jacquard weaving,1590,693.601,0.436
handcrafted-fabric-jhola-bag-05-2025-1551-1-5_1.jpg,1125,jacquard weaving,1590,730.647,0.46
handcrafted-fabric-jhola-bag-04-2025-1551-1-4_1.jpg,1125,jacquard weaving,1590,721.77,0.454
handcrafted-fabric-jhola-bag-03-2025-1551-1-3_1.jpg,1125,jacquard weaving,1590,679.633,0.427
handcrafted-fabric-jhola-bag-02-2025-1551-1-2_1.jpg,1125,jacquard weaving,1590,786.508,0.495
handcrafted-fabric-jhola-bag-01-2025-1551-1-1_1.jpg,1125,jacquard weaving,1590,761.499,0.479
handcrafted-fabric-jhola-bag-93-2025-1514-1-93_1.jpg,1125,bagh block printing,1590,763.593,0.48
handcrafted-fabric-jhola-bag-92-2025-1514-1-92_1.jpg,1125,bagh block printing,1590,827.801,0.521
handcrafted-fabric-jhola-bag-91-2025-1514-1-91_1.jpg,1125,kalamkari block printing,1590,706.458,0.444
handcrafted-fabric-jhola-bag-90-2025-1514-1-90_1.jpg,1125,kalamkari block printing,1590,739.953,0.465
handcrafted-fabric-jhola-bag-88-2025-1514-1-88_1.jpg,1125,kalamkari block printing,1590,721.275,0.454
handcrafted-fabric-jhola-bag-87-2025-1514-1-87_1.jpg,1125,kalamkari block printing,1590,696.852,0.438
handcrafted-fabric-jhola-bag-86-2025-1514-1-86_1.jpg,1125,kalamkari block printing,1590,720.564,0.453
handcrafted-fabric-jhola-bag-85-2025-1514-1-85_1.jpg,1125,kalamkari block printing,1590,754.348,0.474
handcrafted-fabric-jhola-bag-84-2025-1514-1-84_1.jpg,1125,kalamkari block printing,1590,772.147,0.486
handcrafted-fabric-jhola-bag-83-2025-1514-1-83_1.jpg,1125,kalamkari block printing,1590,740.317,0.466
handcrafted-fabric-jhola-bag-82-2025-1514-1-82_1.jpg,1125,kalamkari block printing,1590,744.44,0.468
handcrafted-fabric-jhola-bag-80-2025-1514-1-80_1.jpg,1125,kalamkari block printing,1590,770.506,0.485
handcrafted-fabric-jhola-bag-79-2025-1514-1-79_1.jpg,1125,kalamkari block printing,1590,781.682,0.492
handcrafted-fabric-jhola-bag-78-2025-1514-1-78_1.jpg,1125,kalamkari block printing,1590,768.754,0.483
handcrafted-fabric-jhola-bag-77-2025-1514-1-77_1.jpg,1125,kalamkari block printing,1590,721.437,0.454
handcrafted-fabric-jhola-bag-75-2025-1514-1-75_1.jpg,1125,kalamkari block printing,1590,773.879,0.487
handcrafted-fabric-jhola-bag-74-2025-1514-1-74_1.jpg,1125,kalamkari block printing,1590,802.125,0.504
handcrafted-fabric-jhola-bag-73-2025-1514-1-73_1.jpg,1125,kalamkari block printing,1590,757.548,0.476
handcrafted-fabric-jhola-bag-72-2025-1514-1-72_1.jpg,1125,kalamkari block printing,1590,775.328,0.488
handcrafted-fabric-jhola-bag-70-2025-1514-1-70_1.jpg,1125,kalamkari block printing,1590,782.57,0.492
handcrafted-fabric-jhola-bag-69-2025-1514-1-69_1.jpg,1125,handmade,1590,765.743,0.482
handcrafted-fabric-jhola-bag-68-2025-1514-1-68_1.jpg,1125,kalamkari block printing,1590,733.282,0.461
handcrafted-fabric-jhola-bag-67-2025-1514-1-67_1.jpg,1125,kalamkari block printing,1590,767.687,0.483
handcrafted-fabric-jhola-bag-65-2025-1514-1-65_1.jpg,1125,jacquard weaving,1590,785.26,0.494
handcrafted-fabric-jhola-bag-64-2025-1514-1-64_1.jpg,1125,bagru block printing,1590,715.393,0.45
handcrafted-fabric-jhola-bag-62-2025-1514-1-62_1.jpg,1125,bagru block printing,1590,799.5,0.503
handcrafted-fabric-jhola-bag-61-2025-1514-1-61_1.jpg,1125,bagru block printing,1590,734.023,0.462
handcrafted-fabric-jhola-bag-60-2025-1514-1-60_1.jpg,1125,bagru block printing,1590,730.376,0.459
handcrafted-fabric-jhola-bag-59-2025-1514-1-59_1.jpg,1125,bagru block printing,1590,749.58,0.471
handcrafted-fabric-jhola-bag-58-2025-1514-1-58_1.jpg,1125,bagru block printing,1590,767.499,0.483
handcrafted-fabric-jhola-bag-56-2025-1514-1-56_1.jpg,1125,bagru block printing,1590,734.738,0.462
handcrafted-fabric-jhola-bag-55-2025-1514-1-55_1.jpg,1125,bagru block printing,1590,718.247,0.452
handcrafted-fabric-jhola-bag-52-2025-1514-1-52_1.jpg,1125,bagru block printing,1590,768.832,0.484
handcrafted-fabric-jhola-bag-51-2025-1514-1-51_1.jpg,1125,bagru block printing,1590,819.254,0.515
handcrafted-fabric-jhola-bag-49-2025-1514-1-49_1.jpg,1125,bagru block printing,1590,714.404,0.449
handcrafted-fabric-jhola-bag-48-2025-1514-1-48_1.jpg,1125,bagru block printing,1590,715.811,0.45
handcrafted-fabric-jhola-bag-47-2025-1514-1-47_1.jpg,1125,bagru block printing,1590,706.076,0.444
handcrafted-fabric-jhola-bag-46-2025-1514-1-46_1.jpg,1125,bagru block printing,1590,701.13,0.441
handcrafted-fabric-jhola-bag-45-2025-1514-1-45_1.jpg,1125,bagru block printing,1590,710.405,0.447
handcrafted-fabric-jhola-bag-44-2025-1514-1-44_1.jpg,1125,pochampally ikat weaving,1590,784.774,0.494
handcrafted-fabric-jhola-bag-43-2025-1514-1-43_1.jpg,1125,pochampally ikat weaving,1590,757.729,0.477
handcrafted-fabric-jhola-bag-42-2025-1514-1-42_1.jpg,1125,pochampally ikat weaving,1590,811.378,0.51
handcrafted-fabric-jhola-bag-41-2025-1514-1-41_1.jpg,1125,pochampally ikat weaving,1590,784.233,0.493
handcrafted-fabric-jhola-bag-37-2025-1514-1-37_1.jpg,1125,pochampally ikat weaving,1590,760.46,0.478
handcrafted-fabric-jhola-bag-36-2025-1514-1-36_1.jpg,1125,pochampally ikat weaving,1590,805.62,0.507
handcrafted-fabric-jhola-bag-35-2025-1514-1-35_1.jpg,1125,pochampally ikat weaving,1590,769.341,0.484
handcrafted-fabric-jhola-bag-33-2025-1514-1-33_1.jpg,1125,pochampally ikat weaving,1590,776.854,0.489
handcrafted-fabric-jhola-bag-32-2025-1514-1-32_1.jpg,1125,pochampally ikat weaving,1590,753.677,0.474
handcrafted-fabric-jhola-bag-31-2025-1514-1-31_1.jpg,1125,pochampally ikat weaving,1590,735.098,0.462
handcrafted-fabric-jhola-bag-28-2025-1514-1-28_1.jpg,1125,pochampally ikat weaving,1590,772.753,0.486
handcrafted-fabric-jhola-bag-27-2025-1514-1-27_1.jpg,1125,pochampally ikat weaving,1590,724.534,0.456
handcrafted-fabric-jhola-bag-26-2025-1514-1-26_1.jpg,1125,pochampally ikat weaving,1590,744.067,0.468
handcrafted-fabric-jhola-bag-24-2025-1514-1-24_1.jpg,1125,pochampally ikat weaving,1590,824.721,0.519
handcrafted-fabric-jhola-bag-23-2025-1514-1-23_1.jpg,1125,pochampally ikat weaving,1590,765.025,0.481
handcrafted-fabric-jhola-bag-22-2025-1514-1-22_1.jpg,1125,pochampally ikat weaving,1590,804.627,0.506
handcrafted-fabric-jhola-bag-21-2025-1514-1-21_1.jpg,1125,pochampally ikat weaving,1590,878.303,0.552
handcrafted-fabric-jhola-bag-20-2025-1514-1-20_1.jpg,1125,pochampally ikat weaving,1590,729.599,0.459
handcrafted-fabric-jhola-bag-19-2025-1514-1-19_1.jpg,1125,pochampally ikat weaving,1590,775.219,0.488
handcrafted-fabric-jhola-bag-18-2025-1514-1-18_1.jpg,1125,pochampally ikat weaving,1590,824.192,0.518
handcrafted-fabric-jhola-bag-17-2025-1514-1-17_1.jpg,1125,pochampally ikat weaving,1590,712.309,0.448
handcrafted-fabric-jhola-bag-16-2025-1514-1-16_1.jpg,1125,pochampally ikat weaving,1590,821.151,0.516
handcrafted-fabric-jhola-bag-15-2025-1514-1-15_1.jpg,1125,bandhani tie dye,1590,854.043,0.537
handcrafted-fabric-jhola-bag-14-2025-1514-1-14_1.jpg,1125,bandhani tie dye,1590,811.372,0.51
handcrafted-fabric-jhola-bag-13-2025-1514-1-13_1.jpg,1125,bandhani tie dye,1590,744.891,0.468
handcrafted-fabric-jhola-bag-12-2025-1514-1-12_1.jpg,1125,bandhani tie dye,1590,697.55,0.439
handcrafted-fabric-jhola-bag-11-2025-1514-1-11_1.jpg,1125,bandhani tie dye,1590,804.666,0.506
handcrafted-fabric-jhola-bag-10-2025-1514-1-10_1.jpg,1125,bandhani tie dye,1590,828.249,0.521
handcrafted-fabric-jhola-bag-09-2025-1514-1-10_1.jpg,1125,bandhani tie dye,1590,835.601,0.526
handcrafted-fabric-jhola-bag-08-2025-1514-1-8_1.jpg,1125,bandhani tie dye,1590,750.908,0.472
handcrafted-fabric-jhola-bag-07-2025-1514-1-7_1.jpg,1125,bandhani tie dye,1590,743.616,0.468
handcrafted-fabric-jhola-bag-06-2025-1514-1-6_1.jpg,1125,bandhani tie dye,1590,767.803,0.483
handcrafted-fabric-jhola-bag-05-2025-1514-1-5_1.jpg,1125,bandhani tie dye,1590,736.782,0.463
handcrafted-fabric-jhola-bag-04-2025-1514-1-4_1.jpg,1125,bandhani tie dye,1590,818.814,0.515
handcrafted-fabric-jhola-bag-03-2025-1514-1-3_1.jpg,1125,bandhani tie dye,1590,837.633,0.527
handcrafted-fabric-jhola-bag-02-2025-1514-1-2_1.jpg,1125,bandhani tie dye,1590,820.266,0.516
handcrafted-fabric-jhola-bag-28-2025-1482-1-28_1.jpg,1125,pochampally ikat weaving,1590,778.761,0.49
handcrafted-fabric-jhola-bag-26-2025-1482-1-26_1.jpg,1125,pochampally ikat weaving,1590,776.836,0.489
handcrafted-fabric-jhola-bag-25-2025-1482-1-25_1.jpg,1125,pochampally ikat weaving,1590,819.879,0.516
handcrafted-fabric-jhola-bag-23-2025-1482-1-23_1.jpg,1125,jacquard weaving,1590,757.871,0.477
handcrafted-fabric-jhola-bag-21-2025-1482-1-21_1.jpg,1125,jacquard weaving,1590,678.072,0.426
handcrafted-fabric-jhola-bag-20-2025-1482-1-20_1.jpg,1125,jacquard weaving,1590,729.46,0.459
handcrafted-fabric-jhola-bag-18-2025-1482-1-18_1.jpg,1125,jacquard weaving,1590,717.196,0.451
handcrafted-fabric-jhola-bag-17-2025-1482-1-17_1.jpg,1125,jacquard weaving,1590,720.094,0.453
handcrafted-fabric-jhola-bag-16-2025-1482-1-16_1.jpg,1125,jacquard weaving,1590,672.493,0.423
handcrafted-fabric-jhola-bag-15-2025-1482-1-15_1.jpg,1125,jacquard weaving,1590,675.332,0.425
handcrafted-fabric-jhola-bag-14-2025-1482-1-14_1.jpg,1125,jacquard weaving,1590,644.735,0.405
handcrafted-fabric-jhola-bag-13-2025-1482-1-13_1.jpg,1125,jacquard weaving,1590,621.48,0.391
handcrafted-fabric-jhola-bag-12-2025-1482-1-12_1.jpg,1125,jacquard weaving,1590,748.52,0.471
handcrafted-fabric-jhola-bag-11-2025-1482-1-11_1.jpg,1125,jacquard weaving,1590,641.632,0.404
handcrafted-fabric-jhola-bag-10-2025-1482-1-10_1.jpg,1125,jacquard weaving,1590,695.633,0.438
handcrafted-fabric-jhola-bag-09-2025-1482-1-9_1.jpg,1125,jacquard weaving,1590,665.399,0.418
handcrafted-fabric-jhola-bag-08-2025-1482-1-8_1.jpg,1125,jacquard weaving,1590,742.984,0.467
handcrafted-fabric-jhola-bag-07-2025-1482-1-7_1.jpg,1125,jacquard weaving,1590,635.833,0.4
handcrafted-fabric-jhola-bag-06-2025-1482-1-6_1.jpg,1125,jacquard weaving,1590,705.928,0.444
handcrafted-fabric-jhola-bag-05-2025-1482-1-5_1.jpg,1125,jacquard weaving,1590,743.374,0.468
handcrafted-fabric-jhola-bag-04-2025-1482-1-4_1.jpg,1125,jacquard weaving,1590,670.857,0.422
handcrafted-fabric-jhola-bag-03-2025-1482-1-3_1.jpg,1125,jacquard weaving,1590,714.054,0.449
handcrafted-fabric-jhola-bag-02-2025-1482-1-2_1.jpg,1125,jacquard weaving,1590,744.195,0.468
handcrafted-fabric-jhola-bag-31-2025-1482-1-31_1.jpg,1125,kalamkari block printing,950,755.494,0.795
handcrafted-fabric-jhola-bag-29-2025-1482-1-29_1.jpg,1125,bagru block printing,950,715.721,0.753
handcrafted-fabric-jhola-bag-24-2025-1482-1-24_1.jpg,1125,pochampally ikat weaving,1590,804.38,0.506
handcrafted-fabric-jhola-bag-01-2025-1514-1-1_1.jpg,1125,bandhani tie dye,1590,753.604,0.474
handcrafted-fabric-jhola-bag-01-2025-1482-1-1_1.jpg,1125,jacquard weaving,1590,711.42,0.447
handcrafted-fabric-jhola-bag-40-2025-1380-1-40_1.jpg,1125,kalamkari screen printing,1590,604.11,0.38
handcrafted-fabric-jhola-bag-35-2025-1380-1-35_1.jpg,1125,kalamkari screen printing,1590,751.345,0.473
handcrafted-fabric-jhola-bag-34-2025-1380-1-34_1.jpg,1125,kalamkari screen printing,1590,636.232,0.4
handcrafted-fabric-jhola-bag-32-2025-1380-1-32_1.jpg,1125,kalamkari screen printing,1590,707.027,0.445
handcrafted-fabric-jhola-bag-29-2025-1380-1-29_1.jpg,1125,pochampally ikat weaving,1590,768.386,0.483
handcrafted-fabric-jhola-bag-28-2025-1380-1-28_1.jpg,1125,pochampally ikat weaving,1590,781.458,0.491
handcrafted-fabric-jhola-bag-27-2025-1380-1-27_1.jpg,1125,pochampally ikat weaving,1590,578.426,0.364
handcrafted-fabric-jhola-bag-25-2025-1380-1-25_1.jpg,1125,pochampally ikat weaving,1590,637.788,0.401
handcrafted-fabric-jhola-bag-24-2025-1380-1-24_1.jpg,1125,pochampally ikat weaving,1590,709.62,0.446
handcrafted-fabric-jhola-bag-23-2025-1380-1-23_1.jpg,1125,pochampally ikat weaving,1590,676.083,0.425
handcrafted-fabric-jhola-bag-22-2025-1380-1-22_1.jpg,1125,pochampally ikat weaving,1590,636.652,0.4
handcrafted-fabric-jhola-bag-21-2025-1380-1-21_1.jpg,1125,pochampally ikat weaving,1590,652.071,0.41
handcrafted-fabric-jhola-bag-20-2025-1380-1-20_1.jpg,1125,pochampally ikat weaving,1590,618.644,0.389
handcrafted-fabric-jhola-bag-16-2025-1380-1-16_1.jpg,1125,bandhani tie dye,1590,638.58,0.402
handcrafted-fabric-jhola-bag-15-2025-1380-1-15_1.jpg,1125,bandhani tie dye,1590,655.716,0.412
handcrafted-fabric-jhola-bag-13-2025-1380-1-13_1.jpg,1125,bandhani tie dye,1590,713.957,0.449
handcrafted-fabric-jhola-bag-12-2025-1380-1-12_1.jpg,1125,bandhani tie dye,1590,688.077,0.433
handcrafted-fabric-jhola-bag-10-2025-1380-1-10_1.jpg,1125,bandhani tie dye,1590,569.885,0.358
handcrafted-fabric-jhola-bag-09-2025-1380-1-9_1.jpg,1125,bandhani tie dye,1590,800.269,0.503
handcrafted-fabric-jhola-bag-08-2025-1380-1-8_1.jpg,1125,bandhani tie dye,1590,594.494,0.374
handcrafted-fabric-jhola-bag-07-2025-1380-1-7_1.jpg,1125,bandhani tie dye,1590,593.217,0.373
handcrafted-fabric-jhola-bag-06-2025-1380-1-6_1.jpg,1125,bandhani tie dye,1590,612.18,0.385
handcrafted-fabric-jhola-bag-05-2025-1380-1-5_1.jpg,1125,bandhani tie dye,1590,571.881,0.36
handcrafted-fabric-jhola-bag-04-2025-1380-1-4_1.jpg,1125,bandhani tie dye,1590,756.965,0.476
handcrafted-fabric-jhola-bag-03-2025-1380-1-3_1.jpg,1125,bandhani tie dye,1590,599.175,0.377
handcrafted-fabric-jhola-bag-19-2025-1380-1-19_1.jpg,1125,pochampally ikat weaving,1590,589.755,0.371
handcrafted-fabric-jhola-bag-02-2025-1380-1-2_1.jpg,1125,bandhani tie dye,1590,768.953,0.484
handcrafted-fabric-jhola-bag-49-2025-1217-1-49_1.jpg,1125,kalamkari block printing,1590,749.985,0.472
handcrafted-fabric-jhola-bag-44-2025-1217-1-44_1.jpg,1125,kalamkari block printing,1590,693.353,0.436
handcrafted-fabric-jhola-bag-42-2025-1217-1-42_1.jpg,1125,kalamkari block printing,1590,749.297,0.471
handcrafted-fabric-jhola-bag-40-2025-1217-1-40_1.jpg,1125,kalamkari block printing,1590,728.374,0.458
handcrafted-fabric-jhola-bag-39-2025-1217-1-39_1.jpg,1125,kalamkari block printing,1590,782.629,0.492
handcrafted-fabric-jhola-bag-37-2025-1217-1-37_1.jpg,1125,bagh block printing,1590,794.633,0.5
handcrafted-fabric-jhola-bag-36-2025-1217-1-36_1.jpg,1125,bagh block printing,1590,728.675,0.458
handcrafted-fabric-jhola-bag-35-2025-1217-1-35_1.jpg,1125,bagh block printing,1590,740.315,0.466
handcrafted-fabric-jhola-bag-34-2025-1217-1-34_1.jpg,1125,bagh block printing,1590,834.058,0.525
handcrafted-fabric-jhola-bag-32-2025-1217-1-32_1.jpg,1125,bagh block printing,1590,777.823,0.489
handcrafted-fabric-jhola-bag-31-2025-1217-1-31_1.jpg,1125,bagh block printing,1590,759.039,0.477
handcrafted-fabric-jhola-bag-30-2025-1217-1-30_1.jpg,1125,bagh block printing,1590,741.12,0.466
handcrafted-fabric-jhola-bag-29-2025-1217-1-29_1.jpg,1125,bagh block printing,1590,775.705,0.488
handcrafted-fabric-jhola-bag-27-2025-1217-1-27_1.jpg,1125,bagh block printing,1590,759.894,0.478
handcrafted-fabric-jhola-bag-26-2025-1217-1-26_1.jpg,1125,bagh block printing,1590,738.306,0.464
handcrafted-fabric-jhola-bag-25-2025-1217-1-25_1.jpg,1125,bagh block printing,1590,791.563,0.498
handcrafted-fabric-jhola-bag-23-2025-1217-1-23_1.jpg,1125,bagh block printing,1590,694.004,0.436
handcrafted-fabric-jhola-bag-22-2025-1217-1-22_1.jpg,1125,bagh block printing,1590,776.383,0.488
handcrafted-fabric-jhola-bag-21-2025-1217-1-21_1.jpg,1125,bagh block printing,1590,707.161,0.445
handcrafted-fabric-jhola-bag-20-2025-1217-1-20_1.jpg,1125,bagh block printing,1590,788.821,0.496
handcrafted-fabric-jhola-bag-18-2025-1217-1-18_1.jpg,1125,jacquard weaving,1590,664.956,0.418
handcrafted-fabric-jhola-bag-17-2025-1217-1-17_1.jpg,1125,jacquard weaving,1590,647.475,0.407
handcrafted-fabric-jhola-bag-16-2025-1217-1-16_1.jpg,1125,jacquard weaving,1590,680.774,0.428
handcrafted-fabric-jhola-bag-15-2025-1217-1-15_1.jpg,1125,jacquard weaving,1590,752.018,0.473
handcrafted-fabric-jhola-bag-13-2025-1217-1-13_1.jpg,1125,jacquard weaving,1590,619.688,0.39
handcrafted-fabric-jhola-bag-12-2025-1217-1-12_1.jpg,1125,jacquard weaving,1590,766.623,0.482
handcrafted-fabric-jhola-bag-10-2025-1217-1-10_1.jpg,1125,jacquard weaving,1590,757.196,0.476
handcrafted-fabric-jhola-bag-09-2025-1217-1-9_1.jpg,1125,jacquard weaving,1590,814.188,0.512
handcrafted-fabric-jhola-bag-05-2025-1217-1-5_1.jpg,1125,bandhani tie dye,1590,775.07,0.487
handcrafted-fabric-jhola-bag-04-2025-1217-1-4_1.jpg,1125,bandhani tie dye,1590,759.871,0.478
handcrafted-fabric-jhola-bag-03-2025-1217-1-3_1.jpg,1125,bandhani tie dye,1590,782.995,0.492
handcrafted-fabric-jhola-bag-18-2025-1380-1-18_1.jpg,1125,pochampally ikat weaving,1590,630.545,0.397
handcrafted-fabric-jhola-bag-01-2025-1380-1-1_1.jpg,1125,bandhani tie dye,1590,722.959,0.455
handcrafted-fabric-jhola-bag-38-2025-1217-1-38_1.jpg,1125,kalamkari screen printing,1590,748.223,0.471
handcrafted-fabric-jhola-bag-19-2025-1217-1-19_1.jpg,1125,bagh block printing,1590,752.163,0.473
handcrafted-fabric-jhola-bag-08-2025-1217-1-8_1.jpg,1125,jacquard weaving,1590,724.303,0.456
handcrafted-fabric-jhola-bag-06-2025-1217-1-6_1.jpg,1125,sanganeri block printing,1590,740.207,0.466
handcrafted-fabric-jhola-bag-02-2025-1217-1-2_1.jpg,1125,bandhani tie dye,1590,743.174,0.467
handcrafted-fabric-jhola-bag-86-2025-1282-1-86_1.jpg,1125,kalamkari screen printing,1590,760.162,0.478
handcrafted-fabric-jhola-bag-83-2025-1282-1-83_1.jpg,1125,kalamkari screen printing,1590,729.202,0.459
handcrafted-fabric-jhola-bag-72-2025-1282-1-72_1.jpg,1125,kalamkari screen printing,1590,751.363,0.473
handcrafted-fabric-jhola-bag-71-2025-1282-1-71_1.jpg,1125,kalamkari screen printing,1590,754.29,0.474
handcrafted-fabric-jhola-bag-70-2025-1282-1-70_1.jpg,1125,kalamkari screen printing,1590,700.398,0.441
handcrafted-fabric-jhola-bag-66-2025-1282-1-66_1.jpg,1125,kalamkari screen printing,1590,751.615,0.473
handcrafted-fabric-jhola-bag-64-2025-1282-1-64_1.jpg,1125,kalamkari screen printing,1590,715.636,0.45
handcrafted-fabric-jhola-bag-63-2025-1282-1-63_1.jpg,1125,kalamkari screen printing,1590,754.985,0.475
handcrafted-fabric-jhola-bag-62-2025-1282-1-62_1.jpg,1125,kalamkari screen printing,1590,720.808,0.453
handcrafted-fabric-jhola-bag-61-2025-1282-1-61_1.jpg,1125,kalamkari screen printing,1590,742.857,0.467
handcrafted-fabric-jhola-bag-60-2025-1282-1-60_1.jpg,1125,kalamkari screen printing,1590,704.246,0.443
handcrafted-fabric-jhola-bag-59-2025-1282-1-59_1.jpg,1125,kalamkari screen printing,1590,725.11,0.456
handcrafted-fabric-jhola-bag-58-2025-1282-1-58_1.jpg,1125,kalamkari screen printing,1590,708.267,0.445
handcrafted-fabric-jhola-bag-57-2025-1282-1-57_1.jpg,1125,kalamkari screen printing,1590,757.962,0.477
handcrafted-fabric-jhola-bag-56-2025-1282-1-56_1.jpg,1125,kalamkari screen printing,1590,749.713,0.472
handcrafted-fabric-jhola-bag-55-2025-1282-1-55_1.jpg,1125,kalamkari block printing,1590,737.355,0.464
handcrafted-fabric-jhola-bag-52-2025-1282-1-52_1.jpg,1125,sanganeri block printing,1590,740.298,0.466
handcrafted-fabric-jhola-bag-49-2025-1282-1-49_1.jpg,1125,sanganeri block printing,1590,728.276,0.458
handcrafted-fabric-jhola-bag-47-2025-1282-1-47_1.jpg,1125,sanganeri block printing,1590,720.777,0.453
handcrafted-fabric-jhola-bag-44-2025-1282-1-44_1.jpg,1125,sanganeri block printing,1590,678.493,0.427
handcrafted-fabric-jhola-bag-43-2025-1282-1-43_1.jpg,1125,sanganeri block printing,1590,722.256,0.454
handcrafted-fabric-jhola-bag-39-2025-1282-1-39_1.jpg,1125,sanganeri block printing,1590,747.894,0.47
handcrafted-fabric-jhola-bag-36-2025-1282-1-36_1.jpg,1125,sanganeri block printing,1590,748.554,0.471
handcrafted-fabric-jhola-bag-35-2025-1282-1-35_1.jpg,1125,sanganeri block printing,1590,737.338,0.464
handcrafted-fabric-jhola-bag-34-2025-1282-1-34_1.jpg,1125,sanganeri block printing,1590,691.546,0.435
handcrafted-fabric-jhola-bag-33-2025-1282-1-33_1.jpg,1125,sanganeri block printing,1590,729.602,0.459
handcrafted-fabric-jhola-bag-31-2025-1282-1-31_1.jpg,1125,sanganeri block printing,1590,761.421,0.479
handcrafted-fabric-jhola-bag-29-2025-1282-1-29_1.jpg,1125,sanganeri block printing,1590,741.447,0.466
handcrafted-fabric-jhola-bag-27-2025-1282-1-27_1.jpg,1125,sanganeri block printing,1590,760.504,0.478
handcrafted-fabric-jhola-bag-26-2025-1282-1-26_1.jpg,1125,sanganeri block printing,1590,771.403,0.485
handcrafted-fabric-jhola-bag-20-2025-1282-1-20_1.jpg,1125,bagh block printing,1590,775.739,0.488
handcrafted-fabric-jhola-bag-17-2025-1282-1-17_1.jpg,1125,bagh block printing,1590,750.572,0.472
handcrafted-fabric-jhola-bag-15-2025-1282-1-15_1.jpg,1125,bagh block printing,1590,751.813,0.473
handcrafted-fabric-jhola-bag-13-2025-1282-1-13_1.jpg,1125,bagh block printing,1590,659.674,0.415
handcrafted-fabric-jhola-bag-12-2025-1282-1-12_1.jpg,1125,bagh block printing,1590,753.907,0.474
handcrafted-fabric-jhola-bag-09-2025-1282-1-9_1.jpg,1125,jacquard weaving,1590,792.864,0.499
handcrafted-fabric-jhola-bag-07-2025-1282-1-7_1.jpg,1125,jacquard weaving,1590,815.853,0.513
handcrafted-fabric-jhola-bag-06-2025-1282-1-6_1.jpg,1125,bandhani tie dye,1590,701.784,0.441
handcrafted-fabric-jhola-bag-05-2025-1282-1-5_1.jpg,1125,bandhani tie dye,1590,784.248,0.493
handcrafted-fabric-jhola-bag-04-2025-1282-1-4_1.jpg,1125,bandhani tie dye,1590,777.913,0.489
handcrafted-fabric-jhola-bag-03-2025-1282-1-3_1.jpg,1125,ajrakh block printing,1590,714.843,0.45
handcrafted-fabric-jhola-bag-02-2025-1282-1-2_1.jpg,1125,ajrakh block printing,1590,740.481,0.466
handcrafted-fabric-jhola-bag-25-2025-1282-1-25_1.jpg,1125,sanganeri block printing,1590,785.207,0.494
handcrafted-fabric-jhola-bag-11-2025-1282-1-11_1.jpg,1125,bagh block printing,1590,688.586,0.433
handcrafted-fabric-jhola-bag-58-2025-1239-1-58_1.jpg,1125,bandhani tie dye,950,700.957,0.738
handcrafted-fabric-jhola-bag-57-2025-1239-1-57_1.jpg,1125,bandhani tie dye,950,790.633,0.832
handcrafted-fabric-jhola-bag-54-2025-1239-1-54_1.jpg,1125,bandhani tie dye,950,753.185,0.793
handcrafted-fabric-jhola-bag-52-2025-1239-1-52_1.jpg,1125,bandhani tie dye,950,804.147,0.846
handcrafted-fabric-jhola-bag-46-2025-1239-1-46_1.jpg,1125,bandhani tie dye,950,684.363,0.72
handcrafted-fabric-jhola-bag-45-2025-1239-1-45_1.jpg,1125,bandhani tie dye,950,800.154,0.842
handcrafted-fabric-jhola-bag-41-2025-1239-1-41_1.jpg,1125,bagh block printing,950,726.148,0.764
handcrafted-fabric-jhola-bag-39-2025-1239-1-39_1.jpg,1125,kalamkari screen printing,950,737.771,0.777
handcrafted-fabric-jhola-bag-38-2025-1239-1-38_1.jpg,1125,kalamkari screen printing,950,709.601,0.747
handcrafted-fabric-jhola-bag-33-2025-1239-1-33_1.jpg,1125,kalamkari screen printing,950,712.938,0.75
handcrafted-fabric-jhola-bag-26-2025-1239-1-26_1.jpg,1125,sanganeri block printing,950,714.943,0.753
handcrafted-fabric-jhola-bag-24-2025-1239-1-24_1.jpg,1125,sanganeri block printing,950,848.352,0.893
handcrafted-fabric-jhola-bag-23-2025-1239-1-23_1.jpg,1125,sanganeri block printing,950,729.42,0.768
handcrafted-fabric-jhola-bag-22-2025-1239-1-22_1.jpg,1125,sanganeri block printing,950,784.234,0.826
handcrafted-fabric-jhola-bag-21-2025-1239-1-21_1.jpg,1125,sanganeri block printing,950,752.029,0.792
handcrafted-fabric-jhola-bag-20-2025-1239-1-20_1.jpg,1125,sanganeri block printing,950,756.445,0.796
handcrafted-fabric-jhola-bag-12-2025-1239-1-12_1.jpg,1125,sanganeri block printing,950,723.871,0.762
handcrafted-fabric-jhola-bag-03-2025-1239-1-3_1.jpg,1125,pochampally ikat weaving,1590,762.587,0.48
handcrafted-fabric-jhola-bag-02-2025-1239-1-2_1.jpg,1125,pochampally ikat weaving,1590,821.493,0.517
handcrafted-fabric-jhola-bag-44-2025-1239-1-44_1.jpg,1125,bandhani tie dye,950,841.235,0.886
handcrafted-fabric-jhola-bag-01-2025-1239-1-1_1.jpg,1125,pochampally ikat weaving,1590,828.967,0.521
handcrafted-fabric-jhola-bag-129-2025-1025-1-129_1.jpg,1125,bagh block printing,950,584.832,0.616
handcrafted-fabric-jhola-bag-123-2025-1025-1-123_1.jpg,1125,bagh block printing,950,533.396,0.561
handcrafted-fabric-jhola-bag-117-2025-1025-1-117_1.jpg,1125,bagh block printing,950,637.312,0.671
handcrafted-fabric-jhola-bag-116-2025-1025-1-116_1.jpg,1125,bagh block printing,950,625.883,0.659
handcrafted-fabric-jhola-bag-113-2025-1025-1-113_1.jpg,1125,bagh block printing,950,622.829,0.656
handcrafted-fabric-jhola-bag-112-2025-1025-1-112_1.jpg,1125,bagh block printing,950,602.276,0.634
handcrafted-fabric-jhola-bag-110-2025-1025-1-110_1.jpg,1125,bagh block printing,950,639.797,0.673
handcrafted-fabric-jhola-bag-108-2025-1025-1-108_1.jpg,1125,bagh block printing,950,588.911,0.62
handcrafted-fabric-jhola-bag-104-2025-1025-1-104_1.jpg,1125,bagh block printing,950,639.402,0.673
handcrafted-fabric-jhola-bag-102-2025-1025-1-102_1.jpg,1125,bagh block printing,950,603.56,0.635
handcrafted-fabric-jhola-bag-100-2025-1025-1-100_1.jpg,1125,bagh block printing,950,616.815,0.649
handcrafted-fabric-jhola-bag-99-2025-1025-1-99_1.jpg,1125,bagh block printing,950,592.846,0.624
handcrafted-fabric-jhola-bag-98-2025-1025-1-98_1.jpg,1125,bagh block printing,950,577.31,0.608
handcrafted-fabric-jhola-bag-97-2025-1025-1-97_1.jpg,1125,bagh block printing,950,639.433,0.673
handcrafted-fabric-jhola-bag-93-2025-1025-1-93_1.jpg,1125,pochampally ikat weaving,1590,652.517,0.41
handcrafted-fabric-jhola-bag-91-2025-1025-1-91_1.jpg,1125,pochampally ikat weaving,1590,639.717,0.402
handcrafted-fabric-jhola-bag-90-2025-1025-1-90_1.jpg,1125,pochampally ikat weaving,1590,622.273,0.391
handcrafted-fabric-jhola-bag-89-2025-1025-1-89_1.jpg,1125,pochampally ikat weaving,1590,613.455,0.386
handcrafted-fabric-jhola-bag-88-2025-1025-1-88_1.jpg,1125,pochampally ikat weaving,1590,644.342,0.405
handcrafted-fabric-jhola-bag-86-2025-1025-1-86_1.jpg,1125,pochampally ikat weaving,1590,621.951,0.391
handcrafted-fabric-jhola-bag-83-2025-1025-1-83_1.jpg,1125,pochampally ikat weaving,1590,621.068,0.391
handcrafted-fabric-jhola-bag-79-2025-1025-1-79_1.jpg,1125,kalamkari screen printing,950,651.017,0.685
handcrafted-fabric-jhola-bag-78-2025-1025-1-78_1.jpg,1125,kalamkari screen printing,950,575.993,0.606
handcrafted-fabric-jhola-bag-77-2025-1025-1-77_1.jpg,1125,kalamkari screen printing,950,606.042,0.638
handcrafted-fabric-jhola-bag-76-2025-1025-1-76_1.jpg,1125,kalamkari screen printing,950,585.688,0.617
handcrafted-fabric-jhola-bag-75-2025-1025-1-75_1.jpg,1125,kalamkari screen printing,950,610.428,0.643
handcrafted-fabric-jhola-bag-69-2025-1025-1-69_1.jpg,1125,kalamkari screen printing,950,585.739,0.617
handcrafted-fabric-jhola-bag-64-2025-1025-1-64_1.jpg,1125,kalamkari screen printing,950,609.812,0.642
handcrafted-fabric-jhola-bag-63-2025-1025-1-63_1.jpg,1125,kalamkari screen printing,950,563.545,0.593
handcrafted-fabric-jhola-bag-62-2025-1025-1-62_1.jpg,1125,kalamkari screen printing,950,605.923,0.638
handcrafted-fabric-jhola-bag-57-2025-1025-1-57_1.jpg,1125,kalamkari screen printing,950,578.997,0.609
handcrafted-fabric-jhola-bag-53-2025-1025-1-53_1.jpg,1125,sanganeri block printing,950,590.859,0.622
handcrafted-fabric-jhola-bag-51-2025-1025-1-51_1.jpg,1125,sanganeri block printing,950,555.647,0.585
handcrafted-fabric-jhola-bag-48-2025-1025-1-48_1.jpg,1125,sanganeri block printing,950,548.343,0.577
handcrafted-fabric-jhola-bag-44-2025-1025-1-44_1.jpg,1125,batik block printing,950,577.207,0.608
handcrafted-fabric-jhola-bag-37-2025-1025-1-37_1.jpg,1125,batik block printing,950,630.627,0.664
handcrafted-fabric-jhola-bag-34-2025-1025-1-34_1.jpg,1125,batik block printing,950,652.488,0.687
handcrafted-fabric-jhola-bag-30-2025-1025-1-30_1.jpg,1125,batik block printing,950,595.96,0.627
handcrafted-fabric-jhola-bag-28-2025-1025-1-28_1.jpg,1125,batik block printing,950,582.577,0.613
handcrafted-fabric-jhola-bag-23-2025-1025-1-23_1.jpg,1125,batik block printing,950,600.111,0.632
handcrafted-fabric-jhola-bag-21-2025-1025-1-21_1.jpg,1125,batik block printing,950,587.532,0.618
handcrafted-fabric-jhola-bag-18-2025-1025-1-18_1.jpg,1125,batik block printing,950,601.264,0.633
handcrafted-fabric-jhola-bag-17-2025-1025-1-17_1.jpg,1125,batik block printing,950,585.896,0.617
handcrafted-fabric-jhola-bag-16-2025-1025-1-16_1.jpg,1125,batik block printing,950,591.77,0.623
handcrafted-fabric-jhola-bag-13-2025-1025-1-13_1.jpg,1125,batik block printing,950,548.571,0.577
handcrafted-fabric-jhola-bag-12-2025-1025-1-12_1.jpg,1125,batik block printing,950,520.099,0.547
handcrafted-fabric-jhola-bag-11-2025-1025-1-11_1.jpg,1125,batik block printing,950,598.513,0.63
handcrafted-fabric-jhola-bag-06-2025-1025-1-6_1.jpg,1125,batik block printing,950,592.93,0.624
handcrafted-fabric-jhola-bag-03-2025-1025-1-3_1.jpg,1125,batik block printing,950,608.54,0.641
handcrafted-cotton-jhola-bag-39-2025-946-1-39_1.jpg,1125,sanganeri block printing,950,881.914,0.928
handcrafted-cotton-jhola-bag-37-2025-946-1-37_1.jpg,1125,sanganeri block printing,950,823.194,0.867
handcrafted-cotton-jhola-bag-36-2025-946-1-36_1.jpg,1125,sanganeri block printing,950,818.527,0.862
handcrafted-cotton-jhola-bag-35-2025-946-1-35_1.jpg,1125,sanganeri block printing,950,855.958,0.901
handcrafted-patchwork-cotton-jhola-bag-32-2025-946-1-32_1.jpg,1125,patchwork,1250,964.687,0.772
handcrafted-cotton-jhola-bag-13-2025-946-1-13_1.jpg,1125,kalamkari block printing,950,736.998,0.776
handcrafted-cotton-jhola-bag-10-2025-946-1-10_1.jpg,1125,ajrakh block printing,1590,765.234,0.481
handcrafted-cotton-jhola-bag-06-2025-946-1-6_1.jpg,1125,ajrakh block printing,1590,774.784,0.487
handcrafted-cotton-jhola-bag-04-2025-946-1-4_1.jpg,1125,ajrakh block printing,1590,844.014,0.531
handcrafted-cotton-jhola-bag-02-2025-946-1-2_1.jpg,1125,ajrakh block printing,1590,876.138,0.551
handcrafted-cotton-jhola-bag-01-2025-946-1-1_1.jpg,1125,ajrakh block printing,1590,791.219,0.498
handcrafted-cotton-jhola-bag-11-2025-913-1-11_1.jpg,1125,sanganeri block printing,950,790.042,0.832
handcrafted-cotton-jhola-bag-10-2025-913-1-10_1.jpg,1125,pochampally ikat weaving,1590,831.823,0.523
handcrafted-cotton-jhola-bag-06-2025-913-1-6_1.jpg,1125,bandhani tie dye,950,792.159,0.834
handcrafted-cotton-jhola-bag-05-2025-913-1-5_1.jpg,1125,bandhani tie dye,950,742.358,0.781
handcrafted-cotton-jhola-bag-04-2025-913-1-4_1.jpg,1125,bandhani tie dye,950,833.95,0.878
handcrafted-cotton-jhola-bag-03-2025-913-1-3_1.jpg,1125,bandhani tie dye,950,856.942,0.902
handcrafted-cotton-jhola-bag-02-2025-913-1-2_1.jpg,1125,bandhani tie dye,950,861.592,0.907
handcrafted-quilted-cotton-hand-bag-01-2024-1389-1-1_1.jpg,1171,bandhani tie dye,850,591.62,0.696
handcrafted-quilted-cotton-hand-bag-02-2024-1389-1-2_1.jpg,1171,bandhani tie dye,850,578.418,0.68
handcrafted-quilted-cotton-hand-bag-04-2024-1389-1-4_1.jpg,1171,bandhani tie dye,850,553.159,0.651
handcrafted-quilted-cotton-hand-bag-03-2024-1389-1-3_1.jpg,1171,bandhani tie dye,850,600.57,0.707
handcrafted-quilted-cotton-hand-bag-05-2024-1389-1-5_1.jpg,1171,bandhani tie dye,850,600.85,0.707
handcrafted-quilted-cotton-hand-bag-06-2024-1389-1-6_1.jpg,1171,bandhani tie dye,850,577.37,0.679
handcrafted-quilted-cotton-hand-bag-07-2024-1389-1-7_1.jpg,1171,bandhani tie dye,850,574.444,0.676
handcrafted-quilted-cotton-hand-bag-01-2024-1404-1-1_1.jpg,1171,bagh block printing,850,573.742,0.675
handcrafted-quilted-cotton-hand-bag-02-2024-1404-1-2_1.jpg,1171,bandhani tie dye,850,583.725,0.687
handcrafted-quilted-cotton-hand-bag-04-2024-1404-1-4_1.jpg,1171,bagh block printing,850,508.21,0.598
handcrafted-quilted-cotton-hand-bag-06-2024-1404-1-6_1.jpg,1171,bagh block printing,850,561.575,0.661
handcrafted-quilted-cotton-hand-bag-09-2024-1404-1-9_1.jpg,1171,bagh block printing,850,573.903,0.675
handcrafted-quilted-cotton-hand-bag-10-2024-1404-1-10_1.jpg,1171,pipad block printing,850,567.392,0.668
handcrafted-quilted-cotton-hand-bag-07-2024-1404-1-7_1.jpg,1171,bindaas block printing,850,584.99,0.688
handcrafted-quilted-cotton-hand-bag-01-2024-1450-1-1_1.jpg,1171,sanganeri block printing,850,544.064,0.64
handcrafted-quilted-cotton-hand-bag-02-2024-1450-1-2_1.jpg,1171,sanganeri block printing,850,475.341,0.559
handcrafted-quilted-cotton-hand-bag-06-2024-1450-1-6_1.jpg,1171,sanganeri block printing,850,518.965,0.611
handcrafted-quilted-cotton-hand-bag-07-2024-1450-1-7_1.jpg,1171,sanganeri block printing,850,484.73,0.57
handcrafted-quilted-cotton-hand-bag-09-2024-1450-1-9_1.jpg,1171,bagh block printing,850,507.066,0.597
handcrafted-quilted-cotton-hand-bag-10-2024-1450-1-10_1.jpg,1171,bagru block printing,850,502.045,0.591
handcrafted-quilted-cotton-hand-bag-11-2024-1450-1-11_1.jpg,1171,sanganeri block printing,850,572.626,0.674
handcrafted-quilted-cotton-hand-bag-12-2024-1450-1-12_1.jpg,1171,pipad block printing,850,522.214,0.614
handcrafted-quilted-cotton-hand-bag-14-2024-1450-1-14_1.jpg,1171,sanganeri block printing,850,527.411,0.62
handcrafted-quilted-cotton-hand-bag-15-2024-1450-1-15_1.jpg,1171,other,850,466.315,0.549
handcrafted-quilted-cotton-hand-bag-17-2024-1450-1-17_1.jpg,1171,sanganeri block printing,850,540.322,0.636
handcrafted-quilted-cotton-hand-bag-19-2024-1450-1-19_1.jpg,1171,sanganeri block printing,850,492.311,0.579
handcrafted-quilted-cotton-hand-bag-21-2024-1450-1-21_1.jpg,1171,sanganeri block printing,850,533.865,0.628
handcrafted-quilted-cotton-hand-bag-25-2024-1450-1-25_1.jpg,1171,bagru block printing,850,535.935,0.631
handcrafted-quilted-cotton-hand-bag-26-2024-1450-1-26_1.jpg,1171,bandhani tie dye,850,566.229,0.666
handcrafted-quilted-cotton-hand-bag-31-2024-1450-1-31_1.jpg,1171,bagru block printing,850,555.534,0.654
handcrafted-quilted-cotton-hand-bag-32-2024-1450-1-32_1.jpg,1171,jaipur printing,850,496.728,0.584
handcrafted-quilted-cotton-hand-bag-33-2024-1450-1-33_1.jpg,1171,kalamkari block printing,850,528.763,0.622
handcrafted-quilted-cotton-hand-bag-37-2024-1450-1-37_1.jpg,1171,jacquard weaving,850,564.692,0.664
handcrafted-quilted-cotton-hand-bag-39-2024-1450-1-39_1.jpg,1171,plain solid,850,432.979,0.509
handcrafted-quilted-cotton-hand-bag-40-2024-1450-1-40_1.jpg,1171,bandhani tie dye,850,539.985,0.635
handcrafted-quilted-cotton-hand-bag-23-2024-1450-1-23_1.jpg,1171,sanganeri block printing,850,452.457,0.532
handcrafted-quilted-cotton-hand-bag-41-2024-1450-1-41_1.jpg,1171,jaipur printing,850,455.497,0.536
handcrafted-quilted-cotton-hand-bag-43-2024-1450-1-43_1.jpg,1171,bagru block printing,850,493.959,0.581
handcrafted-quilted-cotton-hand-bag-45-2024-1450-1-45_1.jpg,1171,bagh block printing,850,516.7,0.608
handcrafted-quilted-cotton-hand-bag-48-2024-1450-1-48_1.jpg,1171,bagru block printing,850,520.473,0.612
handcrafted-quilted-cotton-hand-bag-50-2024-1450-1-50_1.jpg,1171,sanganeri block printing,850,542.018,0.638
handcrafted-quilted-cotton-hand-bag-56-2024-1450-1-56_1.jpg,1171,sanganeri block printing,850,517.012,0.608
handcrafted-quilted-cotton-hand-bag-63-2024-1450-1-63_1.jpg,1171,other,850,458.876,0.54
handcrafted-quilted-cotton-hand-bag-64-2024-1450-1-64_1.jpg,1171,sanganeri block printing,850,503.444,0.592
handcrafted-quilted-cotton-hand-bag-66-2024-1450-1-66_1.jpg,1171,bagru block printing,850,527.235,0.62
handcrafted-quilted-cotton-hand-bag-91-2024-1450-1-91_1.jpg,1171,pipad block printing,850,466.031,0.548
handcrafted-quilted-cotton-hand-bag-92-2024-1450-1-92_1.jpg,1171,pipad block printing,850,510.568,0.601
handcrafted-quilted-cotton-hand-bag-93-2024-1450-1-93_1.jpg,1171,bindaas block printing,850,547.092,0.644
handcrafted-quilted-cotton-hand-bag-94-2024-1450-1-94_1.jpg,1171,bindaas block printing,850,556.641,0.655
handcrafted-quilted-cotton-hand-bag-98-2024-1450-1-98_1.jpg,1171,bindaas block printing,850,559.801,0.659
handcrafted-quilted-cotton-hand-bag-72-2024-1450-1-72_1.jpg,1171,kalamkari block printing,850,508.357,0.598
handcrafted-quilted-cotton-hand-bag-74-2024-1450-1-74_1.jpg,1171,sanganeri block printing,850,487.173,0.573
handcrafted-quilted-cotton-hand-bag-77-2024-1450-1-77_1.jpg,1171,kalamkari block printing,850,548.393,0.645
handcrafted-quilted-cotton-hand-bag-78-2024-1450-1-78_1.jpg,1171,sanganeri block printing,850,514.123,0.605
handcrafted-quilted-cotton-hand-bag-82-2024-1450-1-82_1.jpg,1171,kalamkari block printing,850,501.989,0.591
handcrafted-quilted-cotton-hand-bag-83-2024-1450-1-83_1.jpg,1171,kalamkari block printing,850,460.298,0.542
handcrafted-quilted-cotton-hand-bag-84-2024-1450-1-84_1.jpg,1171,ajrakh block printing,850,483.065,0.568
handcrafted-quilted-cotton-hand-bag-85-2024-1450-1-85_1.jpg,1171,ajrakh block printing,850,499.57,0.588
handcrafted-quilted-cotton-hand-bag-86-2024-1450-1-86_1.jpg,1171,ajrakh block printing,850,515.403,0.606
handcrafted-quilted-cotton-hand-bag-87-2024-1450-1-87_1.jpg,1171,kalamkari block printing,850,483.907,0.569
handcrafted-quilted-cotton-hand-bag-89-2024-1450-1-89_1.jpg,1171,kalamkari block printing,850,496.048,0.584
handcrafted-quilted-cotton-hand-bag-01-2024-1469-1-1_1.jpg,1171,bagh block printing,850,531.311,0.625
handcrafted-quilted-cotton-hand-bag-02-2024-1469-1-2_1.jpg,1171,bindaas block printing,850,547.213,0.644
handcrafted-quilted-cotton-hand-bag-03-2024-1469-1-3_1.jpg,1171,bagh block printing,850,552.882,0.65
handcrafted-quilted-cotton-hand-bag-04-2024-1469-1-4_1.jpg,1171,sanganeri block printing,850,513.26,0.604
handcrafted-quilted-cotton-hand-bag-06-2024-1469-1-6_1.jpg,1171,bagh block printing,850,549.428,0.646
handcrafted-quilted-cotton-hand-bag-07-2024-1469-1-7_1.jpg,1171,bindaas block printing,850,575.367,0.677
handcrafted-quilted-cotton-hand-bag-09-2024-1469-1-9_1.jpg,1171,jaipur printing,850,502.239,0.591
handcrafted-quilted-cotton-hand-bag-10-2024-1469-1-10_1.jpg,1171,bindaas block printing,850,532.198,0.626
handcrafted-quilted-cotton-hand-bag-12-2024-1469-1-12_1.jpg,1171,sanganeri block printing,850,545.837,0.642
handcrafted-quilted-cotton-hand-bag-14-2024-1469-1-14_1.jpg,1171,bindaas block printing,850,583.637,0.687
handcrafted-quilted-cotton-hand-bag-15-2024-1469-1-15_1.jpg,1171,bagh block printing,850,494.13,0.581
handcrafted-quilted-cotton-hand-bag-16-2024-1469-1-16_1.jpg,1171,akola block printing,850,498.575,0.587
handcrafted-quilted-cotton-hand-bag-17-2024-1469-1-17_1.jpg,1171,bindaas block printing,850,565.482,0.665
handcrafted-quilted-cotton-hand-bag-18-2024-1469-1-18_1.jpg,1171,bagru block printing,850,515.74,0.607
handcrafted-quilted-cotton-hand-bag-19-2024-1469-1-19_1.jpg,1171,bindaas block printing,850,597.184,0.703
handcrafted-quilted-cotton-hand-bag-20-2024-1469-1-20_1.jpg,1171,sanganeri block printing,850,503.319,0.592
handcrafted-quilted-cotton-handbag-02-2024-1499-1-2_1.jpg,1171,akola block printing,850,779.828,0.917
handcrafted-quilted-cotton-handbag-04-2024-1499-1-4_1.jpg,1171,bindaas block printing,850,808.743,0.951
handcrafted-quilted-cotton-handbag-05-2024-1499-1-5_1.jpg,1171,batik block printing,850,686.293,0.807
handcrafted-quilted-cotton-handbag-06-2024-1499-1-6_1.jpg,1171,akola block printing,850,787.373,0.926
handcrafted-quilted-cotton-handbag-07-2024-1499-1-7_1.jpg,1171,sanganeri block printing,850,762.318,0.897
handcrafted-quilted-cotton-handbag-10-2024-1499-1-10_1.jpg,1171,pipad block printing,850,768.536,0.904
handcrafted-quilted-cotton-handbag-12-2024-1499-1-12_1.jpg,1171,bagru block printing,850,768.333,0.904
handcrafted-quilted-cotton-handbag-13-2024-1499-1-13_1.jpg,1171,bagru block printing,850,740.659,0.871
handcrafted-quilted-cotton-handbag-14-2024-1499-1-14_1.jpg,1171,bagru block printing,850,732.45,0.862
kala-raksha-jat-hand-embroidered-cotton-coin-purse-53-2024-1159-1-53_1.jpg,1180,kutch embroidery,990,931.49,0.941
handcrafted-cotton-frill-jhola-bag-78-2024-1072-1-78_1.jpg,1185,plain solid,950,811.299,0.854
handcrafted-cotton-frill-jhola-bag-75-2024-1072-1-75_1.jpg,1185,kalamkari screen printing,950,719.528,0.757
handcrafted-cotton-frill-jhola-bag-62-2024-1072-1-62_1.jpg,1185,hand block printing,950,825.514,0.869
handcrafted-cotton-frill-jhola-bag-61-2024-1072-1-61_1.jpg,1185,kalamkari screen printing,950,724.283,0.762
handcrafted-cotton-frill-jhola-bag-55-2024-1072-1-55_1.jpg,1185,batik block printing,950,812.616,0.855
handcrafted-cotton-frill-jhola-bag-49-2024-1072-1-49_1.jpg,1185,jacquard weaving,950,832.666,0.876
handcrafted-cotton-frill-jhola-bag-48-2024-1072-1-48_1.jpg,1185,bagh block printing,950,771.118,0.812
handcrafted-cotton-frill-jhola-bag-46-2024-1072-1-46_1.jpg,1185,kalamkari screen printing,950,765.123,0.805
handcrafted-cotton-frill-jhola-bag-25-2024-1072-1-25_1.jpg,1185,ajrakh block printing,1590,781.001,0.491
handcrafted-cotton-frill-jhola-bag-17-2024-1072-1-17_1.jpg,1185,bagh block printing,950,848.013,0.893
handcrafted-cotton-frill-jhola-bag-15-2024-1072-1-15_1.jpg,1185,jacquard weaving,950,787.877,0.829
handcrafted-cotton-frill-jhola-bag-14-2024-1072-1-14_1.jpg,1185,bagru block printing,950,777.524,0.818
handcrafted-cotton-frill-jhola-bag-11-2024-1072-1-11_1.jpg,1185,kalamkari screen printing,950,738.37,0.777
handcrafted-cotton-frill-jhola-bag-10-2024-1072-1-10_1.jpg,1185,jacquard weaving,950,801.677,0.844
handcrafted-cotton-frill-jhola-bag-08-2024-1072-1-8_1.jpg,1185,batik block printing,950,840.824,0.885
handcrafted-cotton-frill-jhola-bag-07-2024-1072-1-7_1.jpg,1185,kalamkari screen printing,950,766.721,0.807
handcrafted-cotton-frill-jhola-bag-06-2024-1072-1-6_1.jpg,1185,plain solid,950,762.86,0.803
handcrafted-cotton-frill-jhola-bag-04-2024-1072-1-4_1.jpg,1185,pochampally ikat weaving,950,750.762,0.79
handcrafted-cotton-frill-jhola-bag-02-2024-1072-1-2_1.jpg,1185,kalamkari screen printing,950,768.907,0.809
handcrafted-cotton-frill-jhola-bag-01-2024-1072-1-1_1.jpg,1185,kalamkari screen printing,950,779.406,0.82
handmade-cotton-shopping-hand-bag-28-2024-974-1-28_1.jpg,1186,ajrakh block printing,750,514.28,0.686
handmade-cotton-shopping-hand-bag-27-2024-974-1-27_1.jpg,1186,handmade,750,612.206,0.816
handmade-cotton-shopping-hand-bag-26-2024-974-1-26_1.jpg,1186,handmade,750,698.576,0.931
handmade-cotton-shopping-hand-bag-25-2024-974-1-25_1.jpg,1186,handmade,750,575.476,0.767
handmade-cotton-shopping-hand-bag-23-2024-974-1-23_1.jpg,1186,handmade,750,594.251,0.792
handmade-cotton-shopping-hand-bag-20-2024-974-1-20_1.jpg,1186,jacquard weaving,750,588.346,0.784
handmade-cotton-shopping-hand-bag-19-2024-974-1-19_1.jpg,1186,handmade,750,638.854,0.852
handmade-cotton-shopping-hand-bag-17-2024-974-1-17_1.jpg,1186,jacquard weaving,750,633.693,0.845
handmade-cotton-shopping-hand-bag-16-2024-974-1-16_1.jpg,1186,kalamkari block printing,750,607.747,0.81
handmade-cotton-shopping-hand-bag-15-2024-974-1-15_1.jpg,1186,pochampally ikat weaving,750,617.291,0.823
handmade-cotton-shopping-hand-bag-14-2024-974-1-14_1.jpg,1186,ajrakh block printing,750,611.197,0.815
handmade-cotton-shopping-hand-bag-12-2024-974-1-12_1.jpg,1186,handmade,750,606.044,0.808
handmade-cotton-shopping-hand-bag-11-2024-974-1-11_1.jpg,1186,sanganeri block printing,750,579.956,0.773
handmade-cotton-shopping-hand-bag-09-2024-974-1-9_1.jpg,1186,handmade,750,613.61,0.818
handmade-cotton-shopping-hand-bag-08-2024-974-1-8_1.jpg,1186,handmade,750,607.263,0.81
handmade-cotton-shopping-hand-bag-07-2024-974-1-7_1.jpg,1186,bagh block printing,750,650.235,0.867
handmade-cotton-shopping-hand-bag-06-2024-974-1-6_1.jpg,1186,handmade,750,559.365,0.746
handmade-cotton-shopping-hand-bag-05-2024-974-1-5_1.jpg,1186,kalamkari block printing,750,598.271,0.798
handmade-cotton-shopping-hand-bag-04-2024-974-1-4_1.jpg,1186,handmade,750,610.952,0.815
handmade-cotton-shopping-hand-bag-03-2024-974-1-3_1.jpg,1186,handmade,750,605.709,0.808
handmade-cotton-shopping-hand-bag-02-2024-974-1-2_1.jpg,1186,running stitch,750,512.754,0.684
handcrafted-cotton-frill-jhola-bag-60-2024-972-1-60_1.jpg,1185,batik block printing,950,847.656,0.892
handcrafted-cotton-frill-jhola-bag-47-2024-972-1-47_1.jpg,1185,batik block printing,950,889.406,0.936
handcrafted-cotton-frill-jhola-bag-37-2024-972-1-37_1.jpg,1185,batik block printing,950,940.908,0.99
handcrafted-cotton-frill-jhola-bag-25-2024-972-1-25_1.jpg,1185,bandhani tie dye,950,918.012,0.966
handcrafted-cotton-frill-jhola-bag-17-2024-972-1-17_1.jpg,1185,batik block printing,950,885.638,0.932
handcrafted-cotton-frill-jhola-bag-16-2024-972-1-16_1.jpg,1185,batik block printing,950,816.67,0.86
handcrafted-cotton-frill-jhola-bag-15-2024-972-1-15_1.jpg,1185,batik block printing,950,874.519,0.921
handcrafted-cotton-frill-jhola-bag-14-2024-972-1-14_1.jpg,1185,batik block printing,950,867.507,0.913
handcrafted-cotton-frill-jhola-bag-12-2024-972-1-12_1.jpg,1185,other,950,822.849,0.866
handcrafted-cotton-frill-jhola-bag-11-2024-972-1-11_1.jpg,1185,batik block printing,950,877.34,0.924
handcrafted-cotton-frill-jhola-bag-10-2024-972-1-10_1.jpg,1185,sanganeri block printing,950,866.363,0.912
handcrafted-cotton-frill-jhola-bag-09-2024-972-1-9_1.jpg,1185,bagh block printing,950,919.202,0.968
handcrafted-cotton-frill-jhola-bag-08-2024-972-1-8_1.jpg,1185,batik block printing,950,887.281,0.934
handcrafted-cotton-frill-jhola-bag-07-2024-972-1-7_1.jpg,1185,batik block printing,950,887.16,0.934
handcrafted-cotton-frill-jhola-bag-06-2024-972-1-6_1.jpg,1185,sanganeri block printing,950,806.329,0.849
handcrafted-cotton-frill-jhola-bag-04-2024-972-1-4_1.jpg,1185,shibori tie dye,950,976.114,1.027
handcrafted-cotton-frill-jhola-bag-03-2024-972-1-3_1.jpg,1185,plain solid,950,879.957,0.926
handmade-cotton-shopping-hand-bag-01-2024-974-1-1_1.jpg,1186,handmade,750,567.734,0.757
handcrafted-cotton-frill-jhola-bag-01-2024-972-1-1_1.jpg,1185,plain solid,950,946.759,0.997
2024-925-1-45-handcrafted-cotton-frill-jhola-bag-45_1.jpg,1185,batik block printing,950,870.546,0.916
2024-925-1-37-handcrafted-cotton-frill-jhola-bag-37_1.jpg,1185,kalamkari block printing,950,787.134,0.829
2024-925-1-31-handcrafted-cotton-frill-jhola-bag-31_1.jpg,1185,batik block printing,950,822.216,0.865
2024-925-1-30-handcrafted-cotton-frill-jhola-bag-30_1.jpg,1185,bagru block printing,950,859.832,0.905
2024-925-1-29-handcrafted-cotton-frill-jhola-bag-29_1.jpg,1185,batik block printing,950,858.862,0.904
2024-925-1-16-handcrafted-cotton-frill-jhola-bag-16_1.jpg,1185,batik block printing,950,911.869,0.96
2024-925-1-15-handcrafted-cotton-frill-jhola-bag-15_1.jpg,1185,bagru block printing,950,926.92,0.976
2024-925-1-3-handcrafted-cotton-frill-jhola-bag-03_1.jpg,1185,batik block printing,950,805.949,0.848
2024-924-1-10-handmade-cotton-shopping-hand-bag-10_1.jpg,1186,handmade,750,635.321,0.847
2024-924-1-9-handmade-cotton-shopping-hand-bag-09_1.jpg,1186,plain solid,750,580.078,0.773
2024-924-1-8-handmade-cotton-shopping-hand-bag-08_1.jpg,1186,handmade,750,647.734,0.864
2024-924-1-7-handmade-cotton-shopping-hand-bag-7_1.jpg,1186,bagru block printing,750,538.493,0.718
2024-924-1-6-handmade-cotton-shopping-hand-bag-06_1.jpg,1186,handmade,750,680.223,0.907
2024-924-1-5-handmade-cotton-shopping-hand-bag-05_1.jpg,1186,handmade,750,700.73,0.934
2024-924-1-4-handmade-cotton-shopping-hand-bag-04_1.jpg,1186,handmade,750,604.938,0.807
2024-924-1-3-handmade-cotton-shopping-hand-bag-03_1.jpg,1186,sanganeri block printing,750,694.92,0.927
2024-924-1-2-handmade-cotton-shopping-hand-bag-02_1.jpg,1186,ajrakh block printing,750,636.819,0.849
handmade-cotton-shopping-hand-bag-01_1.jpg,1186,ajrakh block printing,750,557.378,0.743
2024-317-1-80-handcrafted-quilted-cotton-hand-bag-80_1.jpg,1171,jacquard weaving,850,607.666,0.715
2024-317-1-79-handcrafted-quilted-cotton-hand-bag-79_1.jpg,1171,shibori tie dye,850,568.818,0.669
2024-317-1-78-handcrafted-quilted-cotton-hand-bag-78_1.jpg,1171,shibori tie dye,850,574.151,0.675
2024-317-1-76-handcrafted-quilted-cotton-hand-bag-76_1.jpg,1171,shibori tie dye,850,556.076,0.654
2024-317-1-73-handcrafted-quilted-cotton-hand-bag-73_1.jpg,1171,ajrakh block printing,850,578.618,0.681
2024-317-1-71-handcrafted-quilted-cotton-hand-bag-71_1.jpg,1171,ajrakh block printing,850,658.271,0.774
2024-317-1-65-handcrafted-quilted-cotton-hand-bag-65_1.jpg,1171,ajrakh block printing,850,543.705,0.64
2024-317-1-64-handcrafted-quilted-cotton-hand-bag-64_1.jpg,1171,ajrakh block printing,850,513.631,0.604
2024-317-1-63-handcrafted-quilted-cotton-hand-bag-63_1.jpg,1171,pochampally ikat weaving,850,557.469,0.656
2024-317-1-61-handcrafted-quilted-cotton-hand-bag-61_1.jpg,1171,pochampally ikat weaving,850,527.148,0.62
2024-317-1-60-handcrafted-quilted-cotton-hand-bag-60_1.jpg,1171,pochampally ikat weaving,850,591.963,0.696
2024-317-1-55-handcrafted-quilted-cotton-hand-bag-55_1.jpg,1171,sanganeri block printing,850,550.256,0.647
2024-317-1-52-handcrafted-quilted-cotton-hand-bag-52_1.jpg,1171,sanganeri block printing,850,538.079,0.633
2024-317-1-51-handcrafted-quilted-cotton-hand-bag-51_1.jpg,1171,sanganeri block printing,850,540.516,0.636
2024-317-1-50-handcrafted-quilted-cotton-hand-bag-50_1.jpg,1171,sanganeri block printing,850,493.433,0.581
2024-317-1-47-handcrafted-quilted-cotton-hand-bag-47_1.jpg,1171,sanganeri block printing,850,598.065,0.704
2024-317-1-46-handcrafted-quilted-cotton-hand-bag-46_1.jpg,1171,sanganeri block printing,850,543.76,0.64
2024-317-1-45-handcrafted-quilted-cotton-hand-bag-45_1.jpg,1171,sanganeri block printing,850,587.578,0.691
2024-317-1-44-handcrafted-quilted-cotton-hand-bag-44_1.jpg,1171,sanganeri block printing,850,544.017,0.64
2024-317-1-42-handcrafted-quilted-cotton-hand-bag-42_1.jpg,1171,sanganeri block printing,850,595.602,0.701
2024-317-1-37-handcrafted-quilted-cotton-hand-bag-37_1.jpg,1171,sanganeri block printing,850,595.761,0.701
2024-317-1-36-handcrafted-quilted-cotton-hand-bag-36_1.jpg,1171,sanganeri block printing,850,546.449,0.643
2024-317-1-35-handcrafted-quilted-cotton-hand-bag-35_1.jpg,1171,sanganeri block printing,850,548.516,0.645
2024-317-1-33-handcrafted-quilted-cotton-hand-bag-33_1.jpg,1171,sanganeri block printing,850,567.122,0.667
2024-317-1-32-handcrafted-quilted-cotton-hand-bag-32_1.jpg,1171,ajrakh block printing,850,554.449,0.652
2024-317-1-27-handcrafted-quilted-cotton-hand-bag-27_1.jpg,1171,kalamkari block printing,850,561.59,0.661
2024-317-1-26-handcrafted-quilted-cotton-hand-bag-26_1.jpg,1171,kalamkari block printing,850,524.677,0.617
2024-317-1-25-handcrafted-quilted-cotton-hand-bag-25_1.jpg,1171,kalamkari block printing,850,542.629,0.638
2024-317-1-24-handcrafted-quilted-cotton-hand-bag-24_1.jpg,1171,bagru block printing,850,536.414,0.631
2024-317-1-22-handcrafted-quilted-cotton-hand-bag-22_1.jpg,1171,kalamkari block printing,850,547.983,0.645
2024-317-1-21-handcrafted-quilted-cotton-hand-bag-21_1.jpg,1171,kalamkari block printing,850,579.281,0.682
2024-317-1-20-handcrafted-quilted-cotton-hand-bag-20_1.jpg,1171,kalamkari block printing,850,585.58,0.689
2024-317-1-19-handcrafted-quilted-cotton-hand-bag-19_1.jpg,1171,kalamkari block printing,850,530.482,0.624
2024-317-1-18-handcrafted-quilted-cotton-hand-bag-18_1.jpg,1171,kalamkari block printing,850,608.237,0.716
2024-317-1-16-handcrafted-quilted-cotton-hand-bag-16_1.jpg,1171,kalamkari block printing,850,588.524,0.692
2024-317-1-14-handcrafted-quilted-cotton-hand-bag-14_1.jpg,1171,kalamkari block printing,850,567.808,0.668
2024-317-1-13-handcrafted-quilted-cotton-hand-bag-13_1.jpg,1171,kalamkari block printing,850,476.465,0.561
2024-317-1-12-handcrafted-quilted-cotton-hand-bag-12_1.jpg,1171,kalamkari block printing,850,497.99,0.586
2024-317-1-11-handcrafted-quilted-cotton-hand-bag-11_1.jpg,1171,kalamkari block printing,850,560.317,0.659
2024-317-1-10-handcrafted-quilted-cotton-hand-bag-10_1.jpg,1171,kalamkari block printing,850,513.732,0.604
2024-317-1-9-handcrafted-quilted-cotton-hand-bag-09_1.jpg,1171,kalamkari block printing,850,523.337,0.616
2024-317-1-8-handcrafted-quilted-cotton-hand-bag-08_1.jpg,1171,kalamkari block printing,850,603.535,0.71
2024-317-1-6-handcrafted-quilted-cotton-hand-bag-06_1.jpg,1171,kalamkari block printing,850,539.228,0.634
2024-317-1-3-handcrafted-quilted-cotton-hand-bag-03_1.jpg,1171,kalamkari block printing,850,533.489,0.628
2024-317-1-1-handcrafted-quilted-cotton-hand-bag-01_1.jpg,1171,kalamkari block printing,850,613.27,0.721
2024-272-1-25-handcrafted-quilted-cotton-hand-bag-25_1.jpg,1171,kalamkari block printing,850,648.292,0.763
2024-272-1-24-handcrafted-quilted-cotton-hand-bag-24_1.jpg,1171,kalamkari block printing,850,563.197,0.663
2024-272-1-23-handcrafted-quilted-cotton-hand-bag-23_1.jpg,1171,ajrakh block printing,850,589.687,0.694
2024-272-1-22-handcrafted-quilted-cotton-hand-bag-22_1.jpg,1171,kalamkari block printing,850,581.937,0.685
2024-272-1-19-handcrafted-quilted-cotton-hand-bag-19_1.jpg,1171,kalamkari block printing,850,535.523,0.63
2024-272-1-18-handcrafted-quilted-cotton-hand-bag-18_1.jpg,1171,kalamkari block printing,850,537.99,0.633
2024-272-1-17-handcrafted-quilted-cotton-hand-bag-17_1.jpg,1171,ajrakh block printing,850,551.077,0.648
2024-272-1-15-handcrafted-quilted-cotton-hand-bag-15_1.jpg,1171,kalamkari block printing,850,576.259,0.678
2024-272-1-13-handcrafted-quilted-cotton-hand-bag-13_1.jpg,1171,kalamkari block printing,850,593.151,0.698
2024-272-1-8-handcrafted-quilted-cotton-hand-bag-08_1.jpg,1171,ajrakh block printing,850,544.148,0.64
2024-272-1-9-handcrafted-quilted-cotton-hand-bag-09_1.jpg,1171,ajrakh block printing,850,602.87,0.709
2024-272-1-5-handcrafted-quilted-cotton-hand-bag-05_1.jpg,1171,ajrakh block printing,850,581.017,0.684
2024-272-1-4-handcrafted-quilted-cotton-hand-bag-04_1.jpg,1171,ajrakh block printing,850,568.139,0.668
2024-272-1-2-handcrafted-quilted-cotton-hand-bag-02_1.jpg,1171,ajrakh block printing,850,535.206,0.63
2024-109-1-21-handmade-bagru-block-printed-cotton-shopping-bag-21_1.jpg,1202,bagru block printing,590,590.444,1.001
2024-109-1-18-handmade-ajrakh-block-printed-cotton-shopping-bag-18_1.jpg,1202,ajrakh block printing,590,594.225,1.007
2024-109-1-17-handmade-indigo-block-printed-cotton-shopping-bag-17_1.jpg,1202,bagru block printing,590,688.283,1.167
2024-109-1-14-handmade-ajrakh-block-printed-cotton-shopping-bag-14_1.jpg,1202,ajrakh block printing,590,596.942,1.012
2024-109-1-8-handmade-bagru-block-printed-cotton-shopping-bag-08_1.jpg,1202,bagru block printing,590,611.093,1.036
2024-109-1-12-handmade-ajrakh-block-printed-cotton-shopping-bag-12_1.jpg,1202,ajrakh block printing,590,538.287,0.912
2024-109-1-1-handmade-ajrakh-block-printed-cotton-shopping-bag-11_1.jpg,1202,ajrakh block printing,590,590.622,1.001
2024-109-1-7-handmade-ajrakh-block-printed-cotton-shopping-bag-07_1.jpg,1202,ajrakh block printing,590,525.002,0.89
2024-109-1-6-handmade-ajrakh-block-printed-cotton-shopping-bag-06_1.jpg,1202,ajrakh block printing,590,578.234,0.98
2024-109-1-2-handmade-ajrakh-block-printed-cotton-shopping-bag-02_1.jpg,1202,ajrakh block printing,590,573.507,0.972
2024-109-1-13-handmade-indigo-block-printed-cotton-shopping-bag-13_1.jpg,1202,bagru block printing,590,526.739,0.893
2024-109-1-20-handmade-bindaas-block-printed-cotton-shopping-bag-20_1.jpg,1202,bindaas block printing,590,606.972,1.029
2024-109-1-19-handmade-bagh-block-printed-cotton-shopping-bag-19_1.jpg,1202,bagh block printing,590,641.78,1.088
2024-109-1-9-handmade-nui-shibori-tie-dye-cotton-shopping-bag-09_1.jpg,1202,shibori tie dye,590,500.779,0.849
2024-109-1-4-handmade-akola-block-printed-cotton-shopping-bag-04_1.jpg,1202,akola block printing,590,638.143,1.082
2024-109-1-3-handmade-bagru-block-printed-cotton-shopping-bag-03_1.jpg,1202,bagru block printing,590,535.871,0.908
2024-109-1-1-handmade-ajrakh-block-printed-cotton-shopping-bag-01_1.jpg,1202,ajrakh block printing,590,533.186,0.904
2024-036-1-24-hand-batik-printed-quilted-cotton-sling-bag-24_1.jpg,1171,batik block printing,390,735.864,1.887
2024-036-1-12-hand-batik-printed-quilted-cotton-sling-bag-12_1.jpg,1171,batik block printing,390,644.386,1.652
2024-036-1-1-hand-batik-printed-quilted-cotton-sling-bag-01_1.jpg,1171,batik block printing,390,703.841,1.805
2023-1564-1-11-jugaad-handmade-running-stitch-cotton-flap-sling-bag_1.jpg,1207,hand block printing,1100,940.749,0.855
2023-1496-1-22-handmade-shibori-tie-dye-cotton-shopping-bag_1.jpg,1202,shibori tie dye,590,574.606,0.974
2023-1496-1-19-handmade-shibori-tie-dye-cotton-shopping-bag_1.jpg,1202,shibori tie dye,590,589.166,0.999
2023-1496-1-17-handmade-sanganeri-block-printed-cotton-shopping-bag_1.jpg,1202,sanganeri block printing,590,672.354,1.14
2023-1496-1-8-handmade-pipad-block-printed-cotton-shopping-bag_1.jpg,1202,pipad block printing,590,695.303,1.178
2023-1496-1-7-handmade-ajrakh-block-printed-cotton-shopping-bag_1.jpg,1202,ajrakh block printing,590,613.892,1.04
2023-1496-1-5-handmade-jacquard-cotton-shopping-bag_1.jpg,1202,jacquard weaving,590,572.47,0.97
2023-1496-1-4-handmade-ajrakh-block-printed-cotton-shopping-bag_1.jpg,1202,ajrakh block printing,590,620.887,1.052
2023-1496-1-6-handmade-pipad-block-printed-cotton-shopping-bag_1.jpg,1202,pipad block printing,590,601.992,1.02
2023-1496-1-15-handmade-shibori-tie-dye-cotton-shopping-bag_1.jpg,1202,shibori tie dye,590,656.932,1.113
2023-1496-1-11-handmade-jaipur-printed-cotton-shopping-bag_1.jpg,1202,jaipur printing,590,632.866,1.073
2023-1496-1-2-handmade-bagh-block-printed-cotton-shopping-bag_1.jpg,1202,bagh block printing,590,847.73,1.437
2023-1496-1-1-handmade-jacquard-cotton-shopping-bag_1.jpg,1202,jacquard weaving,590,562.646,0.954
2023-1222-2-45-handmade-gamcha-fabric-embroiderd-canvas-cotton-sling-bag_1.jpg,1209,fabart,2250,1098.468,0.488
2023-1222-2-42-handmade-gamcha-fabric-embroiderd-canvas-cotton-sling-bag_1.jpg,1209,fabart,2250,1083.779,0.482
2023-1222-2-40-handmade-gamcha-fabric-kantha-work-canvas-cotton-sling-bag_1.jpg,1209,fabart,2690,1149.381,0.427
2023-1222-2-37-handmade-gamcha-fabric-kantha-work-canvas-cotton-sling-bag_1.jpg,1209,fabart,2690,1265.074,0.47
2023-1222-2-34-handmade-gamcha-fabric-kantha-work-tote-bag_1.jpg,1210,fabart,2950,1318.23,0.447
2023-1222-2-33-handmade-gamcha-fabric-kantha-work-tote-bag_1.jpg,1210,fabart,2950,1280.744,0.434
2023-1222-2-31-handmade-gamcha-fabric-kantha-work-tote-bag_1.jpg,1210,fabart,2950,1247.107,0.423
2023-1222-2-29-handmade-gamcha-fabric-kantha-work-tote-bag_1.jpg,1210,fabart,2950,1382.152,0.469
2023-1222-2-27-handmade-gamcha-fabric-kantha-work-tote-bag_1.jpg,1210,fabart,2950,1207.797,0.409
2023-1222-2-25-handmade-gamcha-fabric-kantha-work-tote-bag_1.jpg,1210,fabart,2950,1361.712,0.462
2023-1222-2-24-handmade-gamcha-fabric-kantha-work-tote-bag_1.jpg,1210,fabart,2950,1328.504,0.45
2023-1222-2-23-handmade-gamcha-fabric-kantha-work-tote-bag_1.jpg,1210,fabart,2950,1371.432,0.465
2023-1222-2-20-handmade-gamcha-fabric-kantha-work-tote-bag_1.jpg,1210,fabart,2950,1244.169,0.422
2023-1222-2-18-handmade-gamcha-fabric-kantha-work-tote-bag_1.jpg,1210,fabart,2950,1324.555,0.449
2023-1222-2-17-handmade-gamcha-fabric-kantha-work-tote-bag_1.jpg,1210,fabart,2950,1328.438,0.45
2023-1222-2-16-handmade-gamcha-fabric-kantha-work-tote-bag_1.jpg,1210,fabart,2950,1205.781,0.409
2023-1222-2-15-handmade-gamcha-fabric-kantha-work-tote-bag_1.jpg,1210,fabart,2950,1255.102,0.425
2023-1222-2-13-handmade-gamcha-fabric-kantha-work-tote-bag_1.jpg,1210,fabart,2950,1249.484,0.424
2023-1222-2-12-handmade-gamcha-fabric-kantha-work-tote-bag_1.jpg,1210,fabart,2950,1293.624,0.439
2023-1222-2-36-handmade-gamcha-fabric-kantha-work-canvas-cotton-sling-bag_1.jpg,1209,fabart,2690,1187.103,0.441
2023-1222-2-11-handmade-gamcha-fabric-kantha-work-tote-bag_1.jpg,1210,fabart,2950,1310.201,0.444
2023-1201-1-37-handmade-organic-water-hyacinth-sling-bag-from-assam_1.jpg,1131,assamese,2690,2774.785,1.032
2023-1201-1-35-handmade-organic-water-hyacinth-sling-bag-from-assam_1.jpg,1131,assamese,2690,2667.967,0.992
2023-1201-1-33-handmade-organic-water-hyacinth-sling-bag-from-assam_1.jpg,1131,assamese,2690,2819.61,1.048
2023-1070-3-56-handcrafted-jacquard-weave-leather-wallet_1.jpg,1216,shantiniketan leather craft,2190,1295.516,0.592
2023-1070-3-54-handcrafted-jacquard-weave-leather-wallet_1.jpg,1216,shantiniketan leather craft,2190,1307.371,0.597
2023-1070-3-53-handcrafted-jacquard-weave-leather-wallet_1.jpg,1216,shantiniketan leather craft,2190,1407.407,0.643
2023-1070-3-52-handcrafted-jacquard-weave-leather-wallet_1.jpg,1216,shantiniketan leather craft,2190,1323.5,0.604
2023-1070-3-51-handcrafted-jacquard-weave-leather-wallet_1.jpg,1216,shantiniketan leather craft,2190,1310.422,0.598
2023-1070-3-50-handcrafted-jacquard-weave-leather-wallet_1.jpg,1216,shantiniketan leather craft,2190,1350.966,0.617
2023-1070-3-49-handcrafted-jacquard-weave-leather-wallet_1.jpg,1216,shantiniketan leather craft,2190,1354.085,0.618
2023-1070-3-48-handcrafted-jacquard-weave-leather-wallet_1.jpg,1216,shantiniketan leather craft,2190,1316.653,0.601
2023-1070-3-47-handcrafted-jacquard-weave-leather-wallet_1.jpg,1216,shantiniketan leather craft,2190,1318.824,0.602
2023-1070-3-46-handcrafted-jacquard-weave-leather-wallet_1.jpg,1216,shantiniketan leather craft,2190,1263.952,0.577
2023-1070-3-45-handcrafted-jacquard-weave-leather-wallet_1.jpg,1216,shantiniketan leather craft,2190,1374.079,0.627
2023-1070-3-44-handcrafted-jacquard-weave-leather-wallet_1.jpg,1216,shantiniketan leather craft,2190,1339.399,0.612
2023-1070-3-43-handcrafted-jacquard-weave-leather-wallet_1.jpg,1216,shantiniketan leather craft,2190,1333.931,0.609
2023-1070-3-42-handcrafted-jacquard-weave-leather-wallet_1.jpg,1216,shantiniketan leather craft,2190,1362.352,0.622
2023-1070-3-41-handcrafted-jacquard-weave-leather-wallet_1.jpg,1216,shantiniketan leather craft,2190,1289.203,0.589
2023-1070-3-40-handcrafted-jacquard-weave-leather-wallet_1.jpg,1216,shantiniketan leather craft,2190,1191.187,0.544
2023-1070-3-39-handcrafted-jacquard-weave-leather-wallet_1.jpg,1216,shantiniketan leather craft,2190,1346.628,0.615
2023-1070-3-38-handcrafted-jacquard-weave-leather-wallet_1.jpg,1216,shantiniketan leather craft,2190,1322.074,0.604
2023-1070-3-37-handcrafted-jacquard-weave-leather-wallet_1.jpg,1216,shantiniketan leather craft,2190,1328.825,0.607
2023-1070-3-36-handcrafted-jacquard-weave-leather-wallet_1.jpg,1216,shantiniketan leather craft,2190,1364.186,0.623
2023-1070-3-35-handcrafted-jacquard-weave-leather-wallet_1.jpg,1216,shantiniketan leather craft,2190,1231.672,0.562
2023-1070-3-32-handcrafted-ikat-weave-leather-wallet_1.jpg,1216,shantiniketan leather craft,1590,1335.322,0.84
2023-1070-3-28-handcrafted-ikat-weave-leather-wallet_1.jpg,1216,shantiniketan leather craft,1590,1496.189,0.941
2023-1070-3-25-handcrafted-ikat-weave-leather-wallet_1.jpg,1216,shantiniketan leather craft,1590,1458.526,0.917
2023-1070-3-24-handcrafted-ikat-weave-leather-wallet_1.jpg,1216,shantiniketan leather craft,1590,1390.15,0.874
2023-1070-3-23-handcrafted-ikat-weave-leather-wallet_1.jpg,1216,shantiniketan leather craft,1590,1511.368,0.951
2023-1070-3-22-handcrafted-ikat-weave-leather-wallet_1.jpg,1216,shantiniketan leather craft,1590,1457.949,0.917
2023-1070-3-21-handcrafted-ikat-weave-leather-wallet_1.jpg,1216,shantiniketan leather craft,1590,1497.868,0.942
2023-1070-3-20-handcrafted-ikat-weave-leather-wallet_1.jpg,1216,shantiniketan leather craft,1590,1461.269,0.919
2023-1070-3-18-handcrafted-ikat-weave-leather-wallet_1.jpg,1216,shantiniketan leather craft,1590,1483.821,0.933
2023-1070-3-17-handcrafted-ikat-weave-leather-wallet_1.jpg,1216,shantiniketan leather craft,1590,1374.861,0.865
2023-1070-3-16-handcrafted-ikat-weave-leather-wallet_1.jpg,1216,shantiniketan leather craft,1590,1420.881,0.894
2023-1070-3-15-handcrafted-ikat-weave-leather-wallet_1.jpg,1216,shantiniketan leather craft,1590,1373.866,0.864
2023-1070-3-13-handcrafted-ikat-weave-leather-wallet_1.jpg,1216,shantiniketan leather craft,1590,1427.792,0.898
2023-1070-3-11-handcrafted-ikat-weave-leather-wallet_1.jpg,1216,shantiniketan leather craft,1590,1393.672,0.877
2023-1070-3-10-handcrafted-ikat-weave-leather-wallet_1.jpg,1216,shantiniketan leather craft,1590,1624.759,1.022
2023-1070-3-9-handcrafted-ikat-weave-leather-wallet_1.jpg,1216,shantiniketan leather craft,1590,1489.633,0.937
2023-1070-3-8-handcrafted-ikat-weave-leather-wallet_1.jpg,1216,shantiniketan leather craft,1590,1334.705,0.839
2023-1070-3-7-handcrafted-ikat-weave-leather-wallet_1.jpg,1216,shantiniketan leather craft,1590,1457.656,0.917
2023-1070-3-6-handcrafted-ikat-weave-leather-wallet_1.jpg,1216,shantiniketan leather craft,1590,1424.007,0.896
2023-1070-3-5-handcrafted-ikat-weave-leather-wallet_1.jpg,1216,shantiniketan leather craft,1590,1456.497,0.916
2023-1070-3-4-handcrafted-ikat-weave-leather-wallet_1.jpg,1216,shantiniketan leather craft,1590,1433.355,0.901
2023-1070-3-3-handcrafted-ikat-weave-leather-wallet_1.jpg,1216,shantiniketan leather craft,1590,1423.8,0.895
2023-1070-3-34-handcrafted-jacquard-weave-leather-wallet_1.jpg,1216,shantiniketan leather craft,2190,1403.471,0.641
2023-1070-3-1-handcrafted-ikat-weave-leather-wallet_1.jpg,1216,shantiniketan leather craft,1590,1391.094,0.875
2023-511-1-39-handcrafted-natural-water-reed-embroidered-sling-bag_1.jpg,1131,manipuri weaving,2690,2191.37,0.815
2023-511-1-38-handcrafted-natural-water-reed-embroidered-sling-bag_1.jpg,1131,manipuri weaving,2690,2082.687,0.774
2023-511-1-35-handcrafted-natural-water-reed-embroidered-sling-bag_1.jpg,1131,manipuri weaving,2690,2105.699,0.783
2023-511-1-32-handcrafted-natural-water-reed-embroidered-sling-bag_1.jpg,1131,manipuri weaving,2690,2134.588,0.794
2023-511-1-31-handcrafted-natural-water-reed-embroidered-sling-bag_1.jpg,1131,manipuri weaving,2690,2214.414,0.823
2023-511-1-24-handcrafted-natural-water-reed-embroidered-sling-bag_1.jpg,1131,manipuri weaving,2690,1664.637,0.619
2023-511-1-16-handcrafted-natural-water-reed-embroidered-sling-bag_1.jpg,1131,manipuri weaving,2690,1739.181,0.647
2023-511-1-15-handcrafted-natural-water-reed-embroidered-sling-bag_1.jpg,1131,manipuri weaving,2690,1717.098,0.638
2023-511-1-14-handcrafted-natural-water-reed-embroidered-sling-bag_1.jpg,1131,manipuri weaving,2690,1602.878,0.596
2023-511-1-12-handcrafted-natural-water-reed-embroidered-sling-bag_1.jpg,1131,manipuri weaving,2690,1688.163,0.628
2023-511-1-27-handcrafted-natural-water-reed-embroidered-sling-bag_1.jpg,1131,manipuri weaving,2690,2238.742,0.832
2023-511-1-18-handcrafted-natural-water-reed-embroidered-sling-bag_1.jpg,1131,manipuri weaving,2690,1655.229,0.615
2023-511-1-11-handcrafted-natural-water-reed-embroidered-sling-bag_1.jpg,1131,manipuri weaving,2690,1633.022,0.607
2023-179-1-13-fabric-embellished-embroidered-party-hand-bag_1.jpg,1261,banaras weaving,1790,2260.678,1.263
2023-100-1-86-handcrafted-printed-tussar-silk-clutch_1.jpg,1264,screen printing,1190,781.847,0.657
2023-062-1-8-handcrafted-kutch-embroidery-cotton-leather-wallet_1.jpg,1266,kutch leather craft,890,920.885,1.035
2022-1221-1-63-kutch-embroidery-mashru-silk-sling-bag_1.jpg,1274,kutch embroidery,1450,1599.423,1.103
2022-1017-1-7-handcrafted-suede-leather-fringe-sling-bag_1.jpg,1281,other,1590,1897.141,1.193
2022-1017-1-5-handcrafted-suede-leather-fringe-sling-bag_1.jpg,1281,other,1590,2009.362,1.264
2022-1017-1-4-handcrafted-suede-leather-fringe-sling-bag_1.jpg,1281,other,1590,2131.738,1.341
567793-6-handwoven-upcycled-cotton-laptop-bag-11-x-16-in_1.jpg,1286,upcycled,1490,2489.855,1.671
567793-5-handwoven-upcycled-cotton-laptop-bag-11-x-16-in_1.jpg,1286,upcycled,1490,2280.133,1.53
567793-3-handwoven-upcycled-cotton-laptop-bag-11-x-16-in_1.jpg,1286,upcycled,1490,2368.771,1.59
567793-1-handwoven-upcycled-cotton-laptop-bag_1.jpg,1286,upcycled,1490,2357.471,1.582
2022-772-2-30-bengal-kantha-work-handcrafted-hexagon-jewelry-box-set-of-3_1.jpg,1292,bengal kantha work,1850,1793.282,0.969
2022-772-2-28-bengal-kantha-work-handcrafted-hexagon-jewelry-box-set-of-3_1.jpg,1292,bengal kantha work,1850,2082.443,1.126
2022-772-2-27-bengal-kantha-work-handcrafted-hexagon-jewelry-box-set-of-3_1.jpg,1292,bengal kantha work,1850,1849.652,1.0
2022-772-2-26-bengal-kantha-work-handcrafted-hexagon-jewelry-box-set-of-3_1.jpg,1292,bengal kantha work,1850,1834.762,0.992
2022-772-2-25-bengal-kantha-work-handcrafted-hexagon-jewelry-box-set-of-3_1.jpg,1292,bengal kantha work,1850,2172.881,1.175
2022-772-2-24-bengal-kantha-work-handcrafted-hexagon-jewelry-box-set-of-3_1.jpg,1292,bengal kantha work,1850,1851.582,1.001
2022-772-2-23-bengal-kantha-work-handcrafted-hexagon-jewelry-box-set-of-3_1.jpg,1292,bengal kantha work,1850,2020.103,1.092
2022-772-2-22-bengal-kantha-work-handcrafted-hexagon-jewelry-box-set-of-3_1.jpg,1292,bengal kantha work,1850,1729.692,0.935
2022-772-2-21-bengal-kantha-work-handcrafted-hexagon-jewelry-box-set-of-3_1.jpg,1292,bengal kantha work,1850,1745.42,0.943
552223-86-handcrafted-kutch-rabari-embroidery-leather-shoulder-bag_1.jpg,1293,kutch leather craft,7990,1618.824,0.203
2022-772-2-20-bengal-kantha-work-handcrafted-hexagon-jewelry-box-set-of-3_1.jpg,1292,bengal kantha work,1850,1623.315,0.877
559578-28-gamcha-fabric-hand-embroidered-sling-bag_1.jpg,1294,fabart,1150,1301.975,1.132
559578-23-gamcha-fabric-hand-embroidered-sling-bag_1.jpg,1294,fabart,1150,1229.209,1.069
559578-19-gamcha-fabric-hand-embroidered-sling-bag_1.jpg,1294,fabart,1150,1215.002,1.057
557316-28-handcrafted-audio-tape-clutch-wallet_1.jpg,1298,upcycled,790,1698.353,2.15
557316-27-handcrafted-audio-tape-clutch-wallet_1.jpg,1298,upcycled,790,1666.784,2.11
557316-26-handcrafted-audio-tape-clutch-wallet_1.jpg,1298,upcycled,790,1602.908,2.029
557316-25-handcrafted-audio-tape-clutch-wallet_1.jpg,1298,upcycled,790,1586.47,2.008
557316-24-handcrafted-audio-tape-clutch-wallet_1.jpg,1298,upcycled,790,1637.877,2.073
557316-23-handcrafted-audio-tape-clutch-wallet_1.jpg,1298,upcycled,790,1651.023,2.09
557316-22-handcrafted-audio-tape-clutch-wallet_1.jpg,1298,upcycled,790,1614.477,2.044
557316-21-handcrafted-audio-tape-clutch-wallet_1.jpg,1298,upcycled,790,1684.529,2.132
552223-85-handcrafted-kutch-rabari-embroidery-leather-shoulder-bag_1.jpg,1293,kutch leather craft,7990,1598.303,0.2
552223-79-handcrafted-kutch-leather-shoulder-bag_1.jpg,1305,kutch leather craft,5590,1471.899,0.263
2022-358-1-24-kala-raksha-jat-hand-embroidered-cotton-coin-pouch_1.jpg,1180,kutch embroidery,990,1131.967,1.143
528323-108-handcrafted-quilted-sanganeri-block-printed-shoulder-bag_1.jpg,1109,sanganeri block printing,1100,1195.786,1.087
528323-109-handcrafted-quilted-sanganeri-block-printed-shoulder-bag_1.jpg,1109,sanganeri block printing,1100,1241.426,1.129
528323-106-handcrafted-quilted-sanganeri-block-printed-shoulder-bag_1.jpg,1109,sanganeri block printing,1100,1114.33,1.013
528323-107-handcrafted-quilted-sanganeri-block-printed-shoulder-bag_1.jpg,1109,sanganeri block printing,1100,1200.467,1.091
528323-96-handcrafted-quilted-sanganeri-block-printed-shoulder-bag_1.jpg,1109,sanganeri block printing,1100,1277.784,1.162
528323-92-handcrafted-quilted-shibori-tie-dye-cotton-shoulder-bag_1.jpg,1313,shibori tie dye,1100,996.32,0.906
528323-86-handcrafted-quilted-sanganeri-block-printed-shoulder-bag_1.jpg,1109,sanganeri block printing,1100,1202.419,1.093
528323-85-handcrafted-quilted-sanganeri-block-printed-shoulder-bag_1.jpg,1109,sanganeri block printing,1100,1117.301,1.016
528323-81-handcrafted-quilted-sanganeri-block-printed-shoulder-bag_1.jpg,1109,sanganeri block printing,1100,1191.466,1.083
528323-80-handcrafted-quilted-sanganeri-block-printed-shoulder-bag_1.jpg,1109,sanganeri block printing,1100,1193.443,1.085
528323-76-handcrafted-quilted-sanganeri-block-printed-shoulder-bag_1.jpg,1109,sanganeri block printing,1100,1273.56,1.158
528323-75-handcrafted-quilted-sanganeri-block-printed-shoulder-bag_1.jpg,1109,sanganeri block printing,1100,1202.145,1.093
528323-71-handcrafted-quilted-sanganeri-block-printed-shoulder-bag_1.jpg,1109,sanganeri block printing,1100,1180.527,1.073
528323-73-handcrafted-quilted-sanganeri-block-printed-shoulder-bag_1.jpg,1109,sanganeri block printing,1100,1201.796,1.093
528323-72-handcrafted-quilted-shibori-tie-dye-cotton-shoulder-bag_1.jpg,1313,shibori tie dye,1100,976.379,0.888
528323-70-handcrafted-quilted-sanganeri-block-printed-shoulder-bag_1.jpg,1109,sanganeri block printing,1100,1215.509,1.105
528323-69-handcrafted-quilted-sanganeri-block-printed-shoulder-bag_1.jpg,1109,sanganeri block printing,1100,1134.374,1.031
528323-65-handcrafted-quilted-sanganeri-block-printed-shoulder-bag_1.jpg,1109,sanganeri block printing,1100,1273.559,1.158
528323-64-handcrafted-quilted-sanganeri-block-printed-shoulder-bag_1.jpg,1109,sanganeri block printing,1100,1127.089,1.025
528323-63-handcrafted-quilted-sanganeri-block-printed-shoulder-bag_1.jpg,1109,sanganeri block printing,1100,1248.561,1.135
528323-61-handcrafted-quilted-sanganeri-block-printed-shoulder-bag_1.jpg,1109,sanganeri block printing,1100,1261.989,1.147
528323-60-handcrafted-quilted-sanganeri-block-printed-shoulder-bag_1.jpg,1109,sanganeri block printing,1100,1155.207,1.05
528323-58-handcrafted-quilted-sanganeri-block-printed-shoulder-bag_1.jpg,1109,sanganeri block printing,1100,1227.05,1.116
528323-57-handcrafted-quilted-sanganeri-block-printed-shoulder-bag_1.jpg,1109,sanganeri block printing,1100,1240.39,1.128
528323-54-handcrafted-quilted-sanganeri-block-printed-shoulder-bag_1.jpg,1109,sanganeri block printing,1100,1210.175,1.1
528323-52-handcrafted-quilted-sanganeri-block-printed-shoulder-bag_1.jpg,1109,sanganeri block printing,1100,1162.88,1.057
528323-53-handcrafted-quilted-sanganeri-block-printed-shoulder-bag_1.jpg,1109,sanganeri block printing,1100,1139.806,1.036
528323-51-handcrafted-quilted-sanganeri-block-printed-shoulder-bag_1.jpg,1109,sanganeri block printing,1100,1265.801,1.151
528323-48-handcrafted-quilted-sanganeri-block-printed-shoulder-bag_1.jpg,1109,sanganeri block printing,1100,1198.866,1.09
528323-47-handcrafted-quilted-sanganeri-block-printed-shoulder-bag_1.jpg,1109,sanganeri block printing,1100,1206.048,1.096
528323-44-handcrafted-quilted-sanganeri-block-printed-shoulder-bag_1.jpg,1109,sanganeri block printing,1100,1227.582,1.116
528323-38-handcrafted-quilted-sanganeri-block-printed-shoulder-bag_1.jpg,1109,sanganeri block printing,1100,1219.781,1.109
528323-33-handcrafted-quilted-sanganeri-block-printed-shoulder-bag_1.jpg,1109,sanganeri block printing,1100,1221.195,1.11
528323-34-handcrafted-quilted-sanganeri-block-printed-shoulder-bag_1.jpg,1109,sanganeri block printing,1100,1210.998,1.101
528323-31-handcrafted-quilted-sanganeri-block-printed-shoulder-bag_1.jpg,1109,sanganeri block printing,1100,1220.053,1.109
528323-29-handcrafted-quilted-sanganeri-block-printed-shoulder-bag_1.jpg,1109,sanganeri block printing,1100,1309.822,1.191
528323-28-handcrafted-quilted-sanganeri-block-printed-shoulder-bag_1.jpg,1109,sanganeri block printing,1100,1376.99,1.252
528323-27-handcrafted-quilted-sanganeri-block-printed-shoulder-bag_1.jpg,1109,sanganeri block printing,1100,1209.982,1.1
528323-23-handcrafted-quilted-sanganeri-block-printed-shoulder-bag_1.jpg,1109,sanganeri block printing,1100,1121.363,1.019
528323-24-handcrafted-quilted-sanganeri-block-printed-shoulder-bag_1.jpg,1109,sanganeri block printing,1100,1156.231,1.051
528323-22-handcrafted-quilted-sanganeri-block-printed-shoulder-bag_1.jpg,1109,sanganeri block printing,1100,1193.189,1.085
528323-19-handcrafted-quilted-sanganeri-block-printed-shoulder-bag_1.jpg,1109,sanganeri block printing,1100,1297.029,1.179
528323-20-handcrafted-quilted-sanganeri-block-printed-shoulder-bag_1.jpg,1109,sanganeri block printing,1100,1245.849,1.133
528323-17-handcrafted-quilted-sanganeri-block-printed-shoulder-bag_1.jpg,1109,sanganeri block printing,1100,1176.096,1.069
528323-18-handcrafted-quilted-sanganeri-block-printed-shoulder-bag_1.jpg,1109,sanganeri block printing,1100,1251.261,1.138
528323-15-handcrafted-quilted-sanganeri-block-printed-shoulder-bag_1.jpg,1109,sanganeri block printing,1100,1247.636,1.134
528323-13-handcrafted-quilted-sanganeri-block-printed-shoulder-bag_1.jpg,1109,sanganeri block printing,1100,1219.407,1.109
528323-12-handcrafted-quilted-sanganeri-block-printed-shoulder-bag_1.jpg,1109,sanganeri block printing,1100,1209.361,1.099
528323-11-handcrafted-quilted-sanganeri-block-printed-shoulder-bag_1.jpg,1109,sanganeri block printing,1100,1246.419,1.133
528323-8-handcrafted-quilted-sanganeri-block-printed-shoulder-bag_1.jpg,1109,sanganeri block printing,1100,1177.668,1.071
528323-10-handcrafted-quilted-sanganeri-block-printed-shoulder-bag_1.jpg,1109,sanganeri block printing,1100,1264.042,1.149
528323-5-handcrafted-quilted-sanganeri-block-printed-shoulder-bag_1.jpg,1109,sanganeri block printing,1100,1201.504,1.092
528323-7-handcrafted-quilted-sanganeri-block-printed-shoulder-bag_1.jpg,1109,sanganeri block printing,1100,1360.913,1.237
528323-6-handcrafted-quilted-sanganeri-block-printed-shoulder-bag_1.jpg,1109,sanganeri block printing,1100,1261.23,1.147
528323-3-handcrafted-quilted-sanganeri-block-printed-shoulder-bag_1.jpg,1109,sanganeri block printing,1100,1250.402,1.137
2022-312-1-79-handcrafted-kutch-leather-wallet_1.jpg,1315,kutch leather craft,850,1109.825,1.306
2022-312-1-78-handcrafted-kutch-leather-wallet_1.jpg,1315,kutch leather craft,850,1117.668,1.315
2022-312-1-75-handcrafted-kutch-leather-wallet_1.jpg,1315,kutch leather craft,850,1119.006,1.316
2021-1259-1-31-handcrafted-cotton-running-sticth-shoulder-bag_1.jpg,1320,screen printing,1150,1317.804,1.146
2021-1126-1-16-handmade-cotton-hand-bag-with-keychain_1.jpg,1325,handmade,1250,1008.329,0.807
461264-48-tribal-hand-embroidered-jute-office-sling-bag_1.jpg,1330,jute weaving,2490,1229.097,0.494
2021-763-2-5-upcycled-handmade-denim-hand-bag_1.jpg,1331,recycled,1190,728.699,0.612
2021-763-2-4-upcycled-handmade-denim-hand-bag_1.jpg,1331,recycled,1190,822.681,0.691
2021-763-2-12-upcycled-handmade-denim-hand-bag_1.jpg,1331,recycled,1290,926.347,0.718
2021-888-1-13-kutch-printed-cotton-sling-bag_1.jpg,1335,screen printing,1190,909.858,0.765
2021-888-1-11-kutch-printed-cotton-sling-bag_1.jpg,1335,screen printing,1190,983.607,0.827
2021-888-1-9-kutch-printed-cotton-sling-bag_1.jpg,1335,screen printing,1190,893.897,0.751
447285-23-hand-block-print-cotton-hand-bag_1.jpg,1339,hand block printing,1990,1428.367,0.718
447285-20-hand-block-print-cotton-shoulder-bag_1.jpg,1341,hand block printing,2290,1783.704,0.779
447285-22-hand-block-print-cotton-hand-bag_1.jpg,1339,handmade,1990,1465.26,0.736
2021-801-1-35-gamcha-fabric-hand-embroidered-sling-bag_1.jpg,1294,fabart,990,1509.935,1.525
2021-620-1-38-upcycled-weave-handmade-sling-bag_1.jpg,1346,recycled,1950,1799.29,0.923
2021-620-1-159-upcycled-weave-handmade-fanny-pack-bag_1.jpg,1347,recycled,1290,1679.366,1.302
2021-620-1-158-upcycled-weave-handmade-fanny-pack-bag_1.jpg,1347,recycled,1290,1747.3,1.354
2021-620-1-157-upcycled-weave-handmade-fanny-pack-bag_1.jpg,1347,recycled,1290,1728.512,1.34
2021-620-1-156-upcycled-weave-handmade-fanny-pack-bag_1.jpg,1347,recycled,1290,1523.381,1.181
2021-620-1-153-upcycled-weave-handmade-fanny-pack-bag_1.jpg,1347,recycled,1290,1499.091,1.162
2021-620-1-151-upcycled-weave-handmade-fanny-pack-bag_1.jpg,1347,recycled,1290,1726.599,1.338
2021-620-1-150-upcycled-weave-handmade-fanny-pack-bag_1.jpg,1347,recycled,1290,1634.857,1.267
2021-620-1-36-upcycled-weave-handmade-sling-bag_1.jpg,1346,recycled,1950,1473.387,0.756
2021-620-1-34-upcycled-weave-handmade-sling-bag_1.jpg,1346,recycled,1950,1491.757,0.765
2021-620-1-32-upcycled-weave-handmade-sling-bag_1.jpg,1346,recycled,1950,1517.687,0.778
2021-620-1-28-upcycled-weave-handmade-sling-bag_1.jpg,1346,recycled,1790,1580.807,0.883
2021-620-1-27-upcycled-weave-handmade-sling-bag_1.jpg,1346,recycled,1790,1529.863,0.855
2021-620-1-26-upcycled-weave-handmade-sling-bag_1.jpg,1346,recycled,1790,1570.737,0.878
2021-620-1-25-upcycled-weave-handmade-sling-bag_1.jpg,1346,recycled,1790,1675.018,0.936
2021-620-1-149-upcycled-weave-handmade-fanny-pack-bag_1.jpg,1347,recycled,1050,1391.971,1.326
2021-620-1-31-upcycled-weave-handmade-sling-bag_1.jpg,1346,recycled,1950,1440.175,0.739
419738-102-kutchi-embroidery-handmade-clutch-wallet_1.jpg,1351,kutch embroidery,550,848.88,1.543
srikalahasti-handpainted-kalamkari-ikat-patch-shoulder-bag-by-dwarka-plus-55-2026-658-1-55_1.jpg,1100,srikalahasti penwork kalamkari,2190,3141.289,1.434
handcrafted-fabric-jhola-bag-03-2025-1888-1-3_1.jpg,1125,ajrakh block printing,1590,704.132,0.443
handcrafted-fabric-jhola-bag-39-2025-1514-1-39_1.jpg,1125,pochampally ikat weaving,1590,745.986,0.469
handcrafted-fabric-jhola-bag-53-2025-1217-1-53_1.jpg,1125,kalamkari block printing,1590,709.593,0.446
handcrafted-fabric-jhola-bag-52-2025-1217-1-52_1.jpg,1125,kalamkari block printing,1590,717.838,0.451
handcrafted-fabric-jhola-bag-50-2025-1217-1-50_1.jpg,1125,kalamkari block printing,1590,697.446,0.439
handcrafted-fabric-jhola-bag-47-2025-1217-1-47_1.jpg,1125,kalamkari block printing,1590,716.734,0.451
handcrafted-fabric-jhola-bag-46-2025-1217-1-46_1.jpg,1125,kalamkari block printing,1590,750.376,0.472
handcrafted-fabric-jhola-bag-17-2025-1239-1-17_1.jpg,1125,sanganeri block printing,950,719.075,0.757
handcrafted-fabric-jhola-bag-70-2025-1025-1-70_1.jpg,1125,kalamkari screen printing,950,591.44,0.623
handcrafted-fabric-jhola-bag-26-2025-1025-1-26_1.jpg,1125,batik block printing,950,609.422,0.641
handcrafted-fabric-jhola-bag-24-2025-1025-1-24_1.jpg,1125,batik block printing,950,660.94,0.696
handcrafted-cotton-jhola-bag-38-2025-946-1-38_1.jpg,1125,sanganeri block printing,950,793.675,0.835
2024-317-1-7-handcrafted-quilted-cotton-hand-bag-07_1.jpg,1171,kalamkari block printing,850,531.05,0.625
567793-7-handwoven-upcycled-cotton-laptop-bag-11-x-16-in_1.jpg,1286,upcycled,1490,2211.177,1.484
2021-1089-1-3-marudhara-hand-block-printed-kantha-work-laptop-bag_1.jpg,1363,other,1350,1393.254,1.032
447285-24-hand-block-print-cotton-hand-bag_1.jpg,1339,handmade,1990,1586.659,0.797
handpainted-handmade-paper-diary-10-2025-239-1-10_1.jpg,1384,handmade stationery,690,553.016,0.801
handpainted-handmade-paper-diary-17-2025-239-1-17_1.jpg,1384,handmade stationery,690,622.154,0.902
2020-795-2-18-sukriti-handmade-classic-notebook-with-pencil-large_1.jpg,1387,handmade stationery,790,792.707,1.003
2021-044-1-30-digital-printed-handmade-notebook_1.jpg,1388,digital printing,550,719.502,1.308
2022-1189-1-104-floral-printed-handmade-classic-notebook-with-pencil-small_1.jpg,1387,digital printing,690,845.221,1.225
2021-044-1-11-digital-printed-handmade-notebook_1.jpg,1388,digital printing,550,794.714,1.445
handpainted-handmade-paper-diary-16-2025-239-1-16_1.jpg,1384,handmade stationery,690,556.666,0.807
handpainted-handmade-paper-notebook-24-2025-239-1-24_1.jpg,1401,handmade stationery,790,963.705,1.22
2020-795-2-2-sukriti-handmade-classic-notebook-with-pencil-small_1.jpg,1387,handmade stationery,690,476.321,0.69
2021-044-1-6-digital-printed-handmade-notebook_1.jpg,1388,digital printing,550,713.514,1.297
2022-1189-1-109-floral-printed-handmade-classic-notebook-with-pencil-large_1.jpg,1387,digital printing,790,1514.169,1.917
handpainted-handmade-paper-notebook-26-2025-239-1-26_1.jpg,1401,handmade stationery,790,954.686,1.208
2021-044-1-16-digital-printed-handmade-notebook_1.jpg,1388,digital printing,550,666.563,1.212
2020-795-2-3-sukriti-handmade-classic-notebook-with-pencil-small_1.jpg,1387,handmade stationery,690,483.184,0.7
2021-044-1-9-digital-printed-handmade-notebook_1.jpg,1403,digital printing,550,1296.039,2.356
2020-795-2-5-sukriti-handmade-classic-notebook-with-pencil-small_1.jpg,1387,handmade stationery,690,501.158,0.726
2020-795-2-20-sukriti-handmade-classic-notebook-with-pencil-large_1.jpg,1387,handmade stationery,790,715.876,0.906
handpainted-handmade-paper-diary-09-2025-239-1-9_1.jpg,1384,handmade stationery,690,607.965,0.881
2020-795-2-16-handmade-classic-notebook-with-pencil-large_1.jpg,1387,handmade stationery,790,679.861,0.861
2020-795-2-17-sukriti-handmade-classic-notebook-with-pencil-large_1.jpg,1387,handmade stationery,790,782.476,0.99
2020-795-2-9-sukriti-handmade-classic-notebook-with-pencil-large_1.jpg,1387,handmade stationery,790,774.585,0.98
2020-795-2-1-sukriti-handmade-classic-notebook-with-pencil-small_1.jpg,1387,handmade stationery,690,411.455,0.596
564547-34-rajasthani-men-handmade-puppet-kathputli_1.jpg,6,wood carving,1390,945.347,0.68
564547-15-rajasthani-dancing-couple-handmade-puppet-kathputli-small-4-pc-assorted_1.jpg,6,wood carving,290,1537.222,5.301
kutch-hand-block-ajrakh-print-natural-dyed-cotton-hakoba-fabric-30-2026-738-1-30_1.jpg,1431,ajrakh block printing,790,792.437,1.003
kutch-hand-block-ajrakh-print-natural-dyed-cotton-hakoba-fabric-29-2026-738-1-29_1.jpg,1431,ajrakh block printing,790,751.882,0.952
kutch-hand-block-ajrakh-print-natural-dyed-cotton-hakoba-fabric-28-2026-738-1-28_1.jpg,1431,ajrakh block printing,790,750.765,0.95
kutch-hand-block-ajrakh-print-natural-dyed-cotton-hakoba-fabric-27-2026-738-1-27_1.jpg,1431,ajrakh block printing,790,711.381,0.9
akola-hand-block-print-slub-cotton-fabric-12-2026-138-1-12_1.jpg,1443,akola block printing,620,399.751,0.645
pure-handwoven-merino-wool-fabric-in-akola-block-prints-27-2026-590-2-27_1.jpg,1450,akola block printing,2890,2566.139,0.888
pure-handwoven-merino-wool-fabric-in-akola-block-prints-26-2026-590-2-26_1.jpg,1450,akola block printing,2890,2827.688,0.978
pure-handwoven-merino-wool-fabric-in-akola-block-prints-25-2026-590-2-25_1.jpg,1450,akola block printing,2890,2559.271,0.886
pure-handwoven-merino-wool-fabric-in-akola-block-prints-24-2026-590-2-24_1.jpg,1450,akola block printing,2890,2665.089,0.922
bindaas-hand-block-art-print-natural-dyed-cotton-fabric-23-2026-581-1-23_1.jpg,1451,bindaas block printing,520,532.014,1.023
bindaas-hand-block-art-print-natural-dyed-cotton-fabric-21-2026-581-1-21_1.jpg,1451,bindaas block printing,520,497.054,0.956
bindaas-hand-block-art-print-natural-dyed-cotton-fabric-19-2026-581-1-19_1.jpg,1451,bindaas block printing,520,513.867,0.988
bindaas-hand-block-art-print-natural-dyed-cotton-fabric-14-2026-581-1-14_1.jpg,1451,bindaas block printing,520,623.827,1.2
natural-dyed-cotton-hand-block-pipad-print-fabric-01-2025-1287-1-1_1.jpg,1452,pipad block printing,450,497.802,1.106
natural-dyed-cotton-hand-block-pipad-print-fabric-04-2025-1087-1-4_1.jpg,1452,pipad block printing,450,501.263,1.114
jahota-hand-block-print-natural-dyed-pure-mul-cotton-fabric-02-2026-009-1-2_1.jpg,1454,other,490,476.381,0.972
2023-637-1-13-jahota-block-printed-cotton-fabric_1.jpg,1455,other,450,572.429,1.272
khun-weave-silk-cotton-fabric-08-2026-293-1-8_1.jpg,1460,khun weaving,490,507.977,1.037
bindaas-hand-block-art-print-natural-dyed-cotton-fabric-13-2026-581-1-13_1.jpg,1451,bindaas block printing,520,622.799,1.198
bindaas-hand-block-art-print-natural-dyed-cotton-fabric-11-2026-581-1-11_1.jpg,1451,bindaas block printing,520,538.98,1.036
bindaas-hand-block-art-print-natural-dyed-cotton-fabric-10-2026-581-1-10_1.jpg,1451,bindaas block printing,520,544.202,1.047
bindaas-hand-block-art-print-natural-dyed-cotton-fabric-08-2026-581-1-8_1.jpg,1451,bindaas block printing,520,532.623,1.024
kota-doria-cotton-plain-fabric-01-2025-1760-1-1_1.jpg,1465,kota doria weaving,290,464.295,1.601
ajrakh-hand-block-print-natural-dyed-pure-mul-cotton-fabric-08-2026-487-1-8_1.jpg,1431,ajrakh block printing,690,690.734,1.001
ajrakh-hand-block-print-natural-dyed-pure-mul-cotton-fabric-07-2026-487-1-7_1.jpg,1431,ajrakh block printing,690,711.91,1.032
pochampally-central-asian-ikat-pure-cotton-fabric-06-2026-697-3-6_1.jpg,1468,pochampally ikat weaving,1790,858.117,0.479
pochampally-central-asian-ikat-pure-cotton-fabric-07-2026-600-1-7_1.jpg,1468,pochampally ikat weaving,1290,864.03,0.67
pochampally-central-asian-ikat-pure-cotton-fabric-05-2026-600-1-5_1.jpg,1468,pochampally ikat weaving,1290,952.742,0.739
pochampally-central-asian-ikat-pure-cotton-fabric-04-2026-600-1-4_1.jpg,1468,pochampally ikat weaving,1290,874.443,0.678
dharwad-cotton-plain-fabric-with-zari-border-23-2026-481-1-23_1.jpg,1470,dharwad weaving,490,627.797,1.281
dharwad-cotton-plain-fabric-with-zari-border-22-2026-481-1-22_1.jpg,1470,dharwad weaving,490,617.007,1.259
dharwad-cotton-plain-fabric-with-thread-border-19-2026-481-1-19_1.jpg,1470,dharwad weaving,490,573.608,1.171
dharwad-cotton-plain-fabric-with-thread-border-17-2026-481-1-17_1.jpg,1470,dharwad weaving,490,589.4,1.203
jhiri-pure-handloom-plain-cotton-fabric-26-2026-120-1-26_1.jpg,1471,plain solid,520,568.956,1.094
jhiri-pure-handloom-plain-cotton-fabric-25-2026-120-1-25_1.jpg,1471,plain solid,520,513.582,0.988
jhiri-pure-handloom-plain-cotton-fabric-24-2026-120-1-24_1.jpg,1471,plain solid,520,539.404,1.037
jhiri-pure-handloom-plain-cotton-fabric-23-2026-120-1-23_1.jpg,1471,plain solid,520,554.61,1.067
pure-handwoven-mashru-fabric-width-22-in-04-2026-745-1-4_1.jpg,1475,mashru weaving,990,1415.717,1.43
prewashed-fine-cotton-handloom-plain-fabric-24-2026-294-1-24_1.jpg,1485,bijnor weaving,520,1088.586,2.093
prewashed-fine-cotton-handloom-plain-fabric-55-2026-294-1-55_1.jpg,1485,bijnor weaving,520,1018.424,1.959
prewashed-fine-cotton-handloom-plain-fabric-54-2026-294-1-54_1.jpg,1485,bijnor weaving,520,1027.135,1.975
kutch-hand-block-ajrakh-print-natural-dyed-mashru-silk-fabric-09-2026-778-1-9_1.jpg,1431,ajrakh block printing,750,918.607,1.225
kutch-hand-block-ajrakh-print-natural-dyed-mashru-silk-fabric-08-2026-778-1-8_1.jpg,1431,ajrakh block printing,750,651.128,0.868
kutch-hand-block-ajrakh-print-natural-dyed-mashru-silk-fabric-06-2026-778-1-6_1.jpg,1431,ajrakh block printing,750,732.985,0.977
kutch-hand-block-ajrakh-print-natural-dyed-mashru-silk-fabric-05-2026-778-1-5_1.jpg,1431,ajrakh block printing,750,705.682,0.941
kutch-hand-block-ajrakh-print-natural-dyed-mashru-silk-fabric-04-2026-778-1-4_1.jpg,1431,ajrakh block printing,750,724.702,0.966
kutch-hand-block-ajrakh-print-natural-dyed-mashru-silk-fabric-03-2026-778-1-3_1.jpg,1431,ajrakh block printing,750,689.702,0.92
kutch-hand-block-ajrakh-print-natural-dyed-mashru-silk-fabric-02-2026-778-1-2_1.jpg,1431,ajrakh block printing,750,768.456,1.025
kutch-hand-block-ajrakh-print-natural-dyed-mashru-silk-fabric-07-2026-778-1-7_1.jpg,1431,ajrakh block printing,750,732.429,0.977
kutch-hand-block-ajrakh-print-natural-dyed-mashru-silk-fabric-13-2026-778-1-13_1.jpg,1431,ajrakh block printing,750,699.451,0.933
kutch-hand-block-ajrakh-print-natural-dyed-mashru-silk-fabric-11-2026-778-1-11_1.jpg,1431,ajrakh block printing,750,693.373,0.924
ajrakh-hand-block-print-natural-dyed-pure-mul-cotton-fabric-03-2026-487-1-3_1.jpg,1431,ajrakh block printing,690,690.424,1.001
rasa-lobhi-champa-motif-floral-hand-block-printed-cotton-fabric-04-2026-587-1-4_1.jpg,1490,sanganeri block printing,790,658.092,0.833
rasa-lobhi-champa-motif-floral-hand-block-printed-cotton-fabric-02-2026-587-1-2_1.jpg,1490,sanganeri block printing,790,667.762,0.845
kutch-hand-block-batik-print-pure-cotton-fabric-06-2026-536-1-6_1.jpg,1491,batik block printing,480,503.404,1.049
ajrakh-hand-block-print-natural-dyed-pure-mul-cotton-fabric-06-2026-487-1-6_1.jpg,1431,ajrakh block printing,690,707.204,1.025
rasa-lobhi-champa-motif-floral-hand-block-printed-cotton-fabric-07-2026-587-1-7_1.jpg,1490,sanganeri block printing,790,553.845,0.701
akola-hand-block-print-slub-cotton-fabric-02-2026-475-1-5_1.jpg,1443,akola block printing,620,435.515,0.702
rasa-lobhi-champa-motif-floral-hand-block-printed-cotton-fabric-13-2026-587-1-13_1.jpg,1490,sanganeri block printing,790,573.294,0.726
kutch-hand-block-batik-print-pure-cotton-fabric-65-2026-536-1-65_1.jpg,1491,batik block printing,480,529.399,1.103
ajrakh-hand-block-print-natural-dyed-pure-mul-cotton-fabric-02-2026-487-1-2_1.jpg,1431,ajrakh block printing,690,717.442,1.04
kutch-hand-block-batik-print-pure-cotton-fabric-67-2026-536-1-67_1.jpg,1491,batik block printing,480,537.733,1.12
natural-dyed-hand-block-print-ajrakh-cotton-hakoba-fabric-23-2026-506-1-23_1.jpg,1431,ajrakh block printing,790,1140.902,1.444
natural-dyed-hand-block-print-ajrakh-cotton-hakoba-fabric-17-2026-506-1-17_1.jpg,1431,ajrakh block printing,790,932.338,1.18
kutch-hand-block-batik-print-pure-cotton-fabric-68-2026-536-1-68_1.jpg,1491,batik block printing,480,526.259,1.096
kutch-hand-block-batik-print-pure-cotton-fabric-02-2026-536-1-3_1.jpg,1491,batik block printing,480,549.253,1.144
akola-hand-block-print-slub-cotton-fabric-01-2026-475-1-4_1.jpg,1443,akola block printing,620,400.713,0.646
ajrakh-hand-block-print-natural-dyed-pure-mul-cotton-fabric-01-2026-487-1-1_1.jpg,1431,ajrakh block printing,690,716.872,1.039
kutch-hand-block-batik-print-pure-cotton-fabric-60-2026-536-1-60_1.jpg,1491,batik block printing,480,498.342,1.038
kutch-hand-block-batik-print-pure-cotton-fabric-23-2026-536-1-23_1.jpg,1491,batik block printing,480,566.748,1.181
kutch-hand-block-batik-print-pure-cotton-fabric-69-2026-536-1-69_1.jpg,1491,batik block printing,480,511.875,1.066
kutch-hand-block-batik-print-pure-cotton-fabric-59-2026-536-1-59_1.jpg,1491,batik block printing,480,520.037,1.083
kutch-hand-block-batik-print-pure-cotton-fabric-54-2026-536-1-54_1.jpg,1491,batik block printing,480,494.337,1.03
kutch-hand-block-batik-print-pure-cotton-fabric-39-2026-536-1-39_1.jpg,1491,batik block printing,480,571.886,1.191
rasa-lobhi-champa-motif-floral-hand-block-printed-cotton-fabric-01-2026-587-1-1_1.jpg,1490,sanganeri block printing,790,552.349,0.699
kutch-hand-block-batik-print-pure-cotton-fabric-56-2026-536-1-56_1.jpg,1491,batik block printing,480,544.1,1.134
kutch-hand-block-batik-print-pure-cotton-fabric-01-2026-536-1-1_1.jpg,1491,batik block printing,480,524.546,1.093
rasa-lobhi-champa-motif-floral-hand-block-printed-cotton-fabric-10-2026-587-1-10_1.jpg,1490,sanganeri block printing,790,560.887,0.71
kutch-hand-block-batik-print-pure-cotton-fabric-38-2026-536-1-38_1.jpg,1491,batik block printing,480,522.059,1.088
kutch-hand-block-batik-print-pure-cotton-fabric-64-2026-536-1-64_1.jpg,1491,batik block printing,480,509.427,1.061
kutch-hand-block-batik-print-pure-cotton-fabric-42-2026-536-1-42_1.jpg,1491,batik block printing,480,536.764,1.118
natural-dyed-hand-block-print-ajrakh-cotton-hakoba-fabric-28-2026-506-1-28_1.jpg,1431,ajrakh block printing,790,988.886,1.252
ajrakh-hand-block-print-natural-dyed-pure-mul-cotton-fabric-05-2026-487-1-5_1.jpg,1431,ajrakh block printing,690,725.989,1.052
ajrakh-hand-block-print-natural-dyed-pure-mul-cotton-fabric-04-2026-487-1-4_1.jpg,1431,ajrakh block printing,690,740.696,1.073
kutch-hand-block-batik-print-pure-cotton-fabric-21-2026-536-1-21_1.jpg,1491,batik block printing,480,532.294,1.109
kutch-hand-block-batik-print-pure-cotton-fabric-14-2026-536-1-14_1.jpg,1491,batik block printing,480,500.725,1.043
natural-dyed-hand-block-print-ajrakh-cotton-hakoba-fabric-08-2026-506-1-8_1.jpg,1431,ajrakh block printing,790,1011.36,1.28
kutch-hand-block-ajrakh-print-natural-dyed-cotton-hakoba-fabric-26-2026-738-1-26_1.jpg,1431,ajrakh block printing,790,767.455,0.971
kutch-hand-block-batik-print-pure-cotton-fabric-20-2026-536-1-20_1.jpg,1491,batik block printing,480,531.565,1.107
rasa-lobhi-champa-motif-floral-hand-block-printed-cotton-fabric-14-2026-587-1-14_1.jpg,1490,sanganeri block printing,790,644.756,0.816
kutch-hand-block-batik-print-pure-cotton-fabric-17-2026-536-1-17_1.jpg,1491,batik block printing,480,519.642,1.083
handspun-handloom-mulberry-silk-plain-fabric-09-2026-661-1-9_1.jpg,1499,plain solid,2190,1698.579,0.776
natural-dyed-hand-block-print-ajrakh-cotton-hakoba-fabric-26-2026-506-1-26_1.jpg,1431,ajrakh block printing,790,1110.742,1.406
kutch-hand-block-ajrakh-print-natural-dyed-cotton-hakoba-fabric-20-2026-738-1-20_1.jpg,1431,ajrakh block printing,790,706.73,0.895
pochampally-central-asian-ikat-pure-cotton-fabric-01-2026-483-1-1_1.jpg,1468,pochampally ikat weaving,1790,1185.313,0.662
natural-dyed-hand-block-print-ajrakh-cotton-hakoba-fabric-25-2026-506-1-25_1.jpg,1431,ajrakh block printing,790,1103.446,1.397
natural-dyed-hand-block-print-ajrakh-cotton-hakoba-fabric-14-2026-506-1-14_1.jpg,1431,ajrakh block printing,790,963.427,1.22
pochampally-central-asian-ikat-pure-cotton-fabric-06-2026-483-1-6_1.jpg,1468,pochampally ikat weaving,1790,1312.533,0.733
kutch-hand-block-batik-print-pure-cotton-fabric-28-2026-536-1-28_1.jpg,1491,batik block printing,480,517.634,1.078
kutch-hand-block-batik-print-pure-cotton-fabric-40-2026-536-1-40_1.jpg,1491,batik block printing,480,524.856,1.093
kutch-hand-block-batik-print-pure-cotton-fabric-09-2026-536-1-9_1.jpg,1491,batik block printing,480,525.362,1.095
natural-dyed-hand-block-print-ajrakh-cotton-hakoba-fabric-29-2026-506-1-29_1.jpg,1431,ajrakh block printing,790,1022.272,1.294
pure-handwoven-merino-wool-fabric-in-akola-block-prints-22-2026-590-2-22_1.jpg,1450,akola block printing,2890,2667.409,0.923
rasa-lobhi-champa-motif-floral-hand-block-printed-cotton-fabric-11-11-2026-587-1-11_1.jpg,1490,sanganeri block printing,790,635.843,0.805
kutch-hand-block-batik-print-pure-cotton-fabric-46-2026-536-1-46_1.jpg,1491,batik block printing,480,487.212,1.015
kutch-hand-block-batik-print-pure-cotton-fabric-26-2026-536-1-26_1.jpg,1491,batik block printing,480,520.177,1.084
kutch-hand-block-batik-print-pure-cotton-fabric-22-2026-536-1-22_1.jpg,1491,batik block printing,480,527.579,1.099
natural-dyed-hand-block-print-ajrakh-cotton-hakoba-fabric-32-2026-506-1-32_1.jpg,1431,ajrakh block printing,790,956.573,1.211
kutch-hand-block-ajrakh-print-natural-dyed-cotton-hakoba-fabric-14-2026-738-1-14_1.jpg,1431,ajrakh block printing,790,884.562,1.12
kutch-hand-block-batik-print-pure-cotton-fabric-43-2026-536-1-43_1.jpg,1491,batik block printing,480,488.608,1.018
kutch-hand-block-batik-print-pure-cotton-fabric-13-2026-536-1-13_1.jpg,1491,batik block printing,480,533.664,1.112
handspun-handloom-mulberry-silk-plain-fabric-08-2026-661-1-8_1.jpg,1499,plain solid,2190,1804.968,0.824
kutch-hand-block-batik-print-pure-cotton-fabric-48-2026-536-1-48_1.jpg,1491,batik block printing,480,546.447,1.138
kutch-hand-block-batik-print-pure-cotton-fabric-11-2026-536-1-11_1.jpg,1491,batik block printing,480,511.109,1.065
natural-dyed-hand-block-print-ajrakh-cotton-hakoba-fabric-20-2026-506-1-20_1.jpg,1431,ajrakh block printing,790,1139.815,1.443
kutch-hand-block-ajrakh-print-natural-dyed-cotton-hakoba-fabric-21-2026-738-1-21_1.jpg,1431,ajrakh block printing,790,754.169,0.955
pochampally-ikat-cotton-fabric-with-kalamkari-border-07-2026-498-1-7_1.jpg,1503,pochampally ikat weaving,1250,815.888,0.653
kutch-hand-block-batik-print-pure-cotton-fabric-15-2026-536-1-15_1.jpg,1491,batik block printing,480,522.401,1.088
natural-dyed-hand-block-print-ajrakh-cotton-hakoba-fabric-33-2026-506-1-33_1.jpg,1431,ajrakh block printing,790,1086.158,1.375
kutch-hand-block-ajrakh-print-natural-dyed-cotton-hakoba-fabric-18-2026-738-1-18_1.jpg,1431,ajrakh block printing,790,723.957,0.916
kutch-hand-block-ajrakh-print-natural-dyed-cotton-hakoba-fabric-15-2026-738-1-15_1.jpg,1431,ajrakh block printing,790,849.006,1.075
kutch-hand-block-ajrakh-print-natural-dyed-cotton-hakoba-fabric-09-2026-738-1-9_1.jpg,1431,ajrakh block printing,790,757.989,0.959
kutch-hand-block-batik-print-pure-cotton-fabric-66-2026-536-1-66_1.jpg,1491,batik block printing,480,528.14,1.1
kutch-hand-block-batik-print-pure-cotton-fabric-44-2026-536-1-44_1.jpg,1491,batik block printing,480,513.156,1.069
kutch-hand-block-batik-print-pure-cotton-fabric-18-2026-536-1-18_1.jpg,1491,batik block printing,480,546.95,1.139
kutch-hand-block-batik-print-pure-cotton-fabric-08-2026-536-1-8_1.jpg,1491,batik block printing,480,487.216,1.015
natural-dyed-hand-block-print-ajrakh-cotton-hakoba-fabric-06-2026-506-1-6_1.jpg,1431,ajrakh block printing,790,1135.177,1.437
pochampally-central-asian-ikat-pure-cotton-fabric-05-2026-483-1-5_1.jpg,1468,pochampally ikat weaving,1790,1324.884,0.74
kutch-hand-block-batik-print-pure-cotton-fabric-62-2026-536-1-62_1.jpg,1491,batik block printing,480,517.611,1.078
kutch-hand-block-batik-print-pure-cotton-fabric-47-2026-536-1-47_1.jpg,1491,batik block printing,480,551.518,1.149
kutch-hand-block-batik-print-pure-cotton-fabric-35-2026-536-1-35_1.jpg,1491,batik block printing,480,507.29,1.057
kutch-hand-block-batik-print-pure-cotton-fabric-24-2026-536-1-24_1.jpg,1491,batik block printing,480,509.093,1.061
natural-dyed-hand-block-print-ajrakh-cotton-hakoba-fabric-09-2026-506-1-9_1.jpg,1431,ajrakh block printing,790,1074.682,1.36
pochampally-ikat-cotton-fabric-with-kalamkari-border-08-2026-498-1-8_1.jpg,1503,pochampally ikat weaving,1250,877.917,0.702
pochampally-ikat-cotton-fabric-with-kalamkari-border-06-2026-498-1-6_1.jpg,1503,pochampally ikat weaving,1250,880.651,0.705
rasa-lobhi-champa-motif-floral-hand-block-printed-cotton-fabric-06-2026-587-1-6_1.jpg,1490,sanganeri block printing,790,605.858,0.767
pochampally-central-asian-ikat-pure-cotton-fabric-07-2026-483-1-7_1.jpg,1468,pochampally ikat weaving,1790,1243.121,0.694
kutch-hand-block-batik-print-pure-cotton-fabric-29-2026-536-1-29_1.jpg,1491,batik block printing,480,518.147,1.079
kutch-hand-block-batik-print-pure-cotton-fabric-19-2026-536-1-19_1.jpg,1491,batik block printing,480,537.665,1.12
natural-dyed-hand-block-print-ajrakh-cotton-hakoba-fabric-27-2026-506-1-27_1.jpg,1431,ajrakh block printing,790,1000.276,1.266
pochampally-ikat-cotton-fabric-with-kalamkari-border-02-2026-498-1-2_1.jpg,1503,pochampally ikat weaving,1250,840.909,0.673
pochampally-central-asian-ikat-pure-cotton-fabric-03-2026-483-1-3_1.jpg,1468,pochampally ikat weaving,1790,1234.107,0.689
kutch-hand-block-batik-print-pure-cotton-fabric-25-2026-536-1-25_1.jpg,1491,batik block printing,480,531.125,1.107
kutch-hand-block-batik-print-pure-cotton-fabric-03-2026-536-1-3_1.jpg,1491,batik block printing,480,531.538,1.107
natural-dyed-hand-block-print-ajrakh-cotton-hakoba-fabric-30-2026-506-1-21_1.jpg,1431,ajrakh block printing,790,1150.06,1.456
kutch-hand-block-ajrakh-print-natural-dyed-cotton-hakoba-fabric-24-2026-738-1-24_1.jpg,1431,ajrakh block printing,790,686.088,0.868
kutch-hand-block-ajrakh-print-natural-dyed-cotton-hakoba-fabric-22-2026-738-1-22_1.jpg,1431,ajrakh block printing,790,729.229,0.923
pure-handwoven-merino-wool-fabric-in-akola-block-prints-11-2026-590-2-11_1.jpg,1450,akola block printing,2890,2803.484,0.97
rasa-lobhi-champa-motif-floral-hand-block-printed-cotton-fabric-12-2026-587-1-12_1.jpg,1490,sanganeri block printing,790,608.565,0.77
rasa-lobhi-champa-motif-floral-hand-block-printed-cotton-fabric-03-2026-587-1-3_1.jpg,1490,sanganeri block printing,790,619.583,0.784
kutch-hand-block-ajrakh-print-natural-dyed-cotton-hakoba-fabric-06-2026-738-1-6_1.jpg,1431,ajrakh block printing,790,852.901,1.08
pochampally-central-asian-ikat-pure-cotton-fabric-01-2026-600-1-1_1.jpg,1468,pochampally ikat weaving,1290,907.155,0.703
pure-handwoven-merino-wool-fabric-in-akola-block-prints-21-2026-590-2-21_1.jpg,1450,akola block printing,2890,2638.227,0.913
pochampally-ikat-cotton-fabric-with-kalamkari-border-01-2026-498-1-1_1.jpg,1503,pochampally ikat weaving,1250,897.28,0.718
kutch-hand-block-batik-print-pure-cotton-fabric-49-2026-536-1-49_1.jpg,1491,batik block printing,480,511.888,1.066
kutch-hand-block-batik-print-pure-cotton-fabric-05-2026-536-1-5_1.jpg,1491,batik block printing,480,513.065,1.069
natural-dyed-hand-block-print-ajrakh-cotton-hakoba-fabric-22-2026-506-1-22_1.jpg,1431,ajrakh block printing,790,1062.969,1.346
kutch-hand-block-ajrakh-print-natural-dyed-cotton-hakoba-fabric-19-2026-738-1-19_1.jpg,1431,ajrakh block printing,790,762.581,0.965
kutch-hand-block-ajrakh-print-natural-dyed-cotton-hakoba-fabric-04-2026-738-1-4_1.jpg,1431,ajrakh block printing,790,698.685,0.884
pochampally-central-asian-ikat-pure-cotton-fabric-03-2026-600-1-3_1.jpg,1468,pochampally ikat weaving,1290,879.141,0.682
ajrakh-hand-block-prints-pure-handloom-chanderi-silk-fabric-of-kutch-10-2026-709-1-10_1.jpg,1431,ajrakh block printing,1250,971.509,0.777
pure-handwoven-merino-wool-fabric-in-akola-block-prints-17-2026-590-2-17_1.jpg,1450,akola block printing,2890,3046.568,1.054
rasa-lobhi-champa-motif-floral-hand-block-printed-cotton-fabric-09-2026-587-1-9_1.jpg,1490,sanganeri block printing,790,619.245,0.784
pochampally-central-asian-ikat-pure-cotton-fabric-04-2026-483-1-4_1.jpg,1468,pochampally ikat weaving,1790,1177.324,0.658
kutch-hand-block-batik-print-pure-cotton-fabric-55-2026-536-1-55_1.jpg,1491,batik block printing,480,539.639,1.124
kutch-hand-block-batik-print-pure-cotton-fabric-52-2026-536-1-52_1.jpg,1491,batik block printing,480,540.421,1.126
kutch-hand-block-batik-print-pure-cotton-fabric-50-2026-536-1-50_1.jpg,1491,batik block printing,480,524.735,1.093
kutch-hand-block-batik-print-pure-cotton-fabric-16-2026-536-1-16_1.jpg,1491,batik block printing,480,521.702,1.087
natural-dyed-hand-block-print-ajrakh-cotton-hakoba-fabric-02-2026-506-1-2_1.jpg,1431,ajrakh block printing,790,955.863,1.21
kutch-hand-block-batik-print-pure-cotton-fabric-57-2026-536-1-57_1.jpg,1491,batik block printing,480,528.749,1.102
kutch-hand-block-batik-print-pure-cotton-fabric-34-2026-536-1-34_1.jpg,1491,batik block printing,480,527.642,1.099
kutch-hand-block-batik-print-pure-cotton-fabric-10-2026-536-1-10_1.jpg,1491,batik block printing,480,516.002,1.075
kutch-hand-block-batik-print-pure-cotton-fabric-07-2026-536-1-7_1.jpg,1491,batik block printing,480,519.581,1.082
kutch-hand-block-batik-print-pure-cotton-fabric-04-2026-536-1-4_1.jpg,1491,batik block printing,480,519.829,1.083
natural-dyed-hand-block-print-ajrakh-cotton-hakoba-fabric-18-2026-506-1-18_1.jpg,1431,ajrakh block printing,790,1098.573,1.391
natural-dyed-hand-block-print-ajrakh-cotton-hakoba-fabric-03-2026-506-1-3_1.jpg,1431,ajrakh block printing,790,1287.539,1.63
kutch-hand-block-ajrakh-print-natural-dyed-cotton-hakoba-fabric-05-2026-738-1-5_1.jpg,1431,ajrakh block printing,790,702.195,0.889
ajrakh-hand-block-prints-pure-handloom-chanderi-silk-fabric-of-kutch-07-2026-709-1-7_1.jpg,1431,ajrakh block printing,1250,1114.969,0.892
pochampally-ikat-cotton-fabric-with-kalamkari-border-04-2026-498-1-4_1.jpg,1503,pochampally ikat weaving,1250,841.282,0.673
pure-handwoven-merino-wool-fabric-in-akola-block-prints-20-2026-590-2-20_1.jpg,1450,akola block printing,2890,2351.816,0.814
kutch-hand-block-batik-print-pure-cotton-fabric-37-2026-536-1-37_1.jpg,1491,batik block printing,480,496.693,1.035
ajrakh-hand-block-prints-pure-handloom-chanderi-silk-fabric-of-kutch-06-2026-709-1-6_1.jpg,1431,ajrakh block printing,1250,937.855,0.75
pure-handwoven-merino-wool-fabric-in-akola-block-prints-14-2026-590-2-14_1.jpg,1450,akola block printing,2890,2662.503,0.921
kutch-hand-block-batik-print-pure-cotton-fabric-53-2026-536-1-53_1.jpg,1491,batik block printing,480,552.726,1.152
kutch-hand-block-batik-print-pure-cotton-fabric-30-2026-536-1-30_1.jpg,1491,batik block printing,480,548.309,1.142
pure-handwoven-mashru-fabric-width-22-in-03-2026-745-1-3_1.jpg,1475,mashru weaving,990,1412.49,1.427
pochampally-central-asian-ikat-pure-cotton-fabric-02-2026-600-1-2_1.jpg,1468,pochampally ikat weaving,1290,885.968,0.687
kutch-hand-block-ajrakh-print-natural-dyed-cotton-hakoba-fabric-25-2026-738-1-25_1.jpg,1431,ajrakh block printing,790,709.562,0.898
kutch-hand-block-ajrakh-print-natural-dyed-cotton-hakoba-fabric-17-2026-738-1-17_1.jpg,1431,ajrakh block printing,790,742.559,0.94
kutch-hand-block-ajrakh-print-natural-dyed-cotton-hakoba-fabric-16-2026-738-1-16_1.jpg,1431,ajrakh block printing,790,869.161,1.1
kutch-hand-block-ajrakh-print-natural-dyed-cotton-hakoba-fabric-13-2026-738-1-13_1.jpg,1431,ajrakh block printing,790,860.963,1.09
kutch-hand-block-ajrakh-print-natural-dyed-cotton-hakoba-fabric-12-2026-738-1-12_1.jpg,1431,ajrakh block printing,790,809.946,1.025
kutch-hand-block-ajrakh-print-natural-dyed-cotton-hakoba-fabric-11-2026-738-1-11_1.jpg,1431,ajrakh block printing,790,717.0,0.908
kutch-hand-block-ajrakh-print-natural-dyed-cotton-hakoba-fabric-10-2026-738-1-10_1.jpg,1431,ajrakh block printing,790,699.896,0.886
kutch-hand-block-ajrakh-print-natural-dyed-cotton-hakoba-fabric-08-2026-738-1-8_1.jpg,1431,ajrakh block printing,790,868.97,1.1
kutch-hand-block-ajrakh-print-natural-dyed-cotton-hakoba-fabric-07-2026-738-1-7_1.jpg,1431,ajrakh block printing,790,794.537,1.006
kutch-hand-block-ajrakh-print-natural-dyed-cotton-hakoba-fabric-03-2026-738-1-3_1.jpg,1431,ajrakh block printing,790,836.364,1.059
kutch-hand-block-ajrakh-print-natural-dyed-cotton-hakoba-fabric-01-2026-738-1-1_1.jpg,1431,ajrakh block printing,790,805.772,1.02
handspun-handloom-mulberry-silk-plain-fabric-10-2026-661-1-10_1.jpg,1499,plain solid,2190,1814.706,0.829
ajrakh-hand-block-prints-pure-handloom-chanderi-silk-fabric-of-kutch-09-2026-709-1-9_1.jpg,1431,ajrakh block printing,1250,1044.87,0.836
ajrakh-hand-block-prints-pure-handloom-chanderi-silk-fabric-of-kutch-08-2026-709-1-8_1.jpg,1431,ajrakh block printing,1250,1034.696,0.828
ajrakh-hand-block-prints-pure-handloom-chanderi-silk-fabric-of-kutch-05-2026-709-1-5_1.jpg,1431,ajrakh block printing,1250,1027.612,0.822
ajrakh-hand-block-prints-pure-handloom-chanderi-silk-fabric-of-kutch-04-2026-709-1-4_1.jpg,1431,ajrakh block printing,1250,1043.737,0.835
ajrakh-hand-block-prints-pure-handloom-chanderi-silk-fabric-of-kutch-03-2026-709-1-3_1.jpg,1431,ajrakh block printing,1250,1067.867,0.854
ajrakh-hand-block-prints-pure-handloom-chanderi-silk-fabric-of-kutch-02-2026-709-1-2_1.jpg,1431,ajrakh block printing,1250,1135.185,0.908
ajrakh-hand-block-prints-pure-handloom-chanderi-silk-fabric-of-kutch-01-2026-709-1-1_1.jpg,1431,ajrakh block printing,1250,1185.358,0.948
pochampally-ikat-cotton-fabric-with-kalamkari-border-03-2026-498-1-3_1.jpg,1503,pochampally ikat weaving,1250,835.546,0.668
pure-handwoven-merino-wool-fabric-in-akola-block-prints-23-2026-590-2-23_1.jpg,1450,akola block printing,2890,2405.59,0.832
pure-handwoven-merino-wool-fabric-in-akola-block-prints-18-2026-590-2-18_1.jpg,1450,akola block printing,2890,2783.722,0.963
pure-handwoven-merino-wool-fabric-in-akola-block-prints-16-2026-590-2-16_1.jpg,1450,akola block printing,2890,2854.36,0.988
pure-handwoven-merino-wool-fabric-in-akola-block-prints-15-2026-590-2-15_1.jpg,1450,akola block printing,2890,2574.226,0.891
pure-handwoven-merino-wool-fabric-in-akola-block-prints-13-2026-590-2-13_1.jpg,1450,akola block printing,2890,2731.038,0.945
rasa-lobhi-champa-motif-floral-hand-block-printed-cotton-fabric-08-2026-587-1-8_1.jpg,1490,sanganeri block printing,790,589.658,0.746
bindaas-hand-block-art-print-natural-dyed-cotton-fabric-01-2026-581-1-1_1.jpg,1451,bindaas block printing,520,535.638,1.03
kutch-hand-block-batik-print-pure-cotton-fabric-63-2026-536-1-63_1.jpg,1491,batik block printing,480,532.795,1.11
kutch-hand-block-batik-print-pure-cotton-fabric-58-2026-536-1-58_1.jpg,1491,batik block printing,480,493.869,1.029
kutch-hand-block-batik-print-pure-cotton-fabric-51-2026-536-1-51_1.jpg,1491,batik block printing,480,521.058,1.086
kutch-hand-block-batik-print-pure-cotton-fabric-45-2026-536-1-45_1.jpg,1491,batik block printing,480,514.213,1.071
kutch-hand-block-batik-print-pure-cotton-fabric-41-2026-536-1-41_1.jpg,1491,batik block printing,480,534.123,1.113
kutch-hand-block-batik-print-pure-cotton-fabric-36-2026-536-1-36_1.jpg,1491,batik block printing,480,527.617,1.099
kutch-hand-block-batik-print-pure-cotton-fabric-31-2026-536-1-31_1.jpg,1491,batik block printing,480,508.792,1.06
kutch-hand-block-batik-print-pure-cotton-fabric-27-2026-536-1-27_1.jpg,1491,batik block printing,480,485.518,1.011
kutch-hand-block-batik-print-pure-cotton-fabric-12-2026-536-1-12_1.jpg,1491,batik block printing,480,520.59,1.085
natural-dyed-hand-block-print-ajrakh-cotton-hakoba-fabric-16-2026-506-1-16_1.jpg,1431,ajrakh block printing,790,1018.364,1.289
kutch-hand-block-ajrakh-print-natural-dyed-mashru-silk-fabric-01-2026-778-1-1_1.jpg,1431,ajrakh block printing,750,731.209,0.975
pure-handwoven-mashru-fabric-width-22-in-02-2026-745-1-2_1.jpg,1475,mashru weaving,990,1356.706,1.37
kutch-hand-block-ajrakh-print-natural-dyed-cotton-hakoba-fabric-23-2026-738-1-23_1.jpg,1431,ajrakh block printing,790,748.276,0.947
kutch-hand-block-ajrakh-print-natural-dyed-cotton-hakoba-fabric-02-2026-738-1-2_1.jpg,1431,ajrakh block printing,790,866.058,1.096
pure-handwoven-mashru-fabric-width-22-in-01-2026-745-1-1_1.jpg,1475,mashru weaving,990,1316.636,1.33
ajrakh-hand-block-prints-pure-handloom-chanderi-silk-fabric-of-kutch-11-2026-709-1-11_1.jpg,1431,ajrakh block printing,1250,1035.559,0.828
pochampally-ikat-cotton-fabric-with-kalamkari-border-10-2026-498-1-10_1.jpg,1503,pochampally ikat weaving,1250,841.662,0.673
pochampally-ikat-cotton-fabric-with-kalamkari-border-09-2026-498-1-9_1.jpg,1503,pochampally ikat weaving,1250,858.471,0.687
pochampally-ikat-cotton-fabric-with-kalamkari-border-05-2026-498-1-5_1.jpg,1503,pochampally ikat weaving,1250,856.996,0.686
pure-handwoven-merino-wool-fabric-in-akola-block-prints-28-2026-590-2-28_1.jpg,1450,akola block printing,2890,2594.668,0.898
pure-handwoven-merino-wool-fabric-in-akola-block-prints-19-2026-590-2-19_1.jpg,1450,akola block printing,2890,2607.317,0.902
pure-handwoven-merino-wool-fabric-in-akola-block-prints-12-2026-590-2-12_1.jpg,1450,akola block printing,2890,2445.503,0.846
pure-handwoven-merino-wool-fabric-in-akola-block-prints-10-2026-590-2-10_1.jpg,1450,akola block printing,2890,3143.508,1.088
pure-handwoven-merino-wool-fabric-in-akola-block-prints-09-2026-590-2-9_1.jpg,1450,akola block printing,2890,2448.473,0.847
pure-handwoven-merino-wool-fabric-in-akola-block-prints-08-2026-590-2-8_1.jpg,1450,akola block printing,2890,2583.722,0.894
pure-handwoven-merino-wool-fabric-in-akola-block-prints-06-2026-590-2-6_1.jpg,1450,akola block printing,2890,2408.719,0.833
pure-handwoven-merino-wool-fabric-in-akola-block-prints-05-2026-590-2-5_1.jpg,1450,akola block printing,2890,2768.543,0.958
pure-handwoven-merino-wool-fabric-in-akola-block-prints-04-2026-590-2-4_1.jpg,1450,akola block printing,2890,2420.244,0.837
pure-handwoven-merino-wool-fabric-in-akola-block-prints-03-2026-590-2-3_1.jpg,1450,akola block printing,2890,2671.612,0.924
pure-handwoven-merino-wool-fabric-in-akola-block-prints-02-2026-590-2-2_1.jpg,1450,akola block printing,2890,2647.165,0.916
pure-handwoven-merino-wool-fabric-in-akola-block-prints-01-2026-590-2-1_1.jpg,1450,akola block printing,2890,2779.516,0.962
ajrakh-hand-block-print-natural-dyed-cotton-hakoba-fabric-42-2026-647-1-42_1.jpg,1431,ajrakh block printing,790,790.324,1.0
ajrakh-hand-block-print-natural-dyed-cotton-hakoba-fabric-41-2026-647-1-41_1.jpg,1431,ajrakh block printing,790,671.069,0.849
ajrakh-hand-block-print-natural-dyed-cotton-hakoba-fabric-40-2026-647-1-40_1.jpg,1431,ajrakh block printing,790,738.141,0.934
ajrakh-hand-block-print-natural-dyed-cotton-hakoba-fabric-39-2026-647-1-39_1.jpg,1431,ajrakh block printing,790,677.908,0.858
ajrakh-hand-block-print-natural-dyed-cotton-hakoba-fabric-38-2026-647-1-38_1.jpg,1431,ajrakh block printing,790,743.572,0.941
ajrakh-hand-block-print-natural-dyed-cotton-hakoba-fabric-37-2026-647-1-37_1.jpg,1431,ajrakh block printing,790,764.976,0.968
ajrakh-hand-block-print-natural-dyed-cotton-hakoba-fabric-36-2026-647-1-36_1.jpg,1431,ajrakh block printing,790,678.08,0.858
ajrakh-hand-block-print-natural-dyed-cotton-hakoba-fabric-35-2026-647-1-35_1.jpg,1431,ajrakh block printing,790,857.442,1.085
ajrakh-hand-block-print-natural-dyed-cotton-hakoba-fabric-34-2026-647-1-34_1.jpg,1431,ajrakh block printing,790,722.147,0.914
ajrakh-hand-block-print-natural-dyed-cotton-hakoba-fabric-31-2026-647-1-31_1.jpg,1431,ajrakh block printing,790,678.54,0.859
ajrakh-hand-block-print-natural-dyed-cotton-hakoba-fabric-29-2026-647-1-29_1.jpg,1431,ajrakh block printing,790,836.423,1.059
ajrakh-hand-block-print-natural-dyed-cotton-hakoba-fabric-26-2026-647-1-26_1.jpg,1431,ajrakh block printing,790,811.382,1.027
ajrakh-hand-block-print-natural-dyed-cotton-hakoba-fabric-23-2026-647-1-23_1.jpg,1431,ajrakh block printing,790,704.175,0.891
ajrakh-hand-block-print-natural-dyed-cotton-hakoba-fabric-22-2026-647-1-22_1.jpg,1431,ajrakh block printing,790,710.93,0.9
ajrakh-hand-block-print-natural-dyed-cotton-hakoba-fabric-19-2026-647-1-19_1.jpg,1431,ajrakh block printing,790,778.499,0.985
ajrakh-hand-block-print-natural-dyed-cotton-hakoba-fabric-17-2026-647-1-17_1.jpg,1431,ajrakh block printing,790,774.369,0.98
ajrakh-hand-block-print-natural-dyed-cotton-hakoba-fabric-15-2026-647-1-15_1.jpg,1431,ajrakh block printing,790,839.988,1.063
ajrakh-hand-block-print-natural-dyed-cotton-hakoba-fabric-14-2026-647-1-14_1.jpg,1431,ajrakh block printing,790,866.446,1.097
ajrakh-hand-block-print-natural-dyed-cotton-hakoba-fabric-13-2026-647-1-13_1.jpg,1431,ajrakh block printing,790,843.631,1.068
ajrakh-hand-block-print-natural-dyed-cotton-hakoba-fabric-12-2026-647-1-12_1.jpg,1431,ajrakh block printing,790,718.497,0.909
ajrakh-hand-block-print-natural-dyed-cotton-hakoba-fabric-08-2026-647-1-8_1.jpg,1431,ajrakh block printing,790,588.173,0.745
ajrakh-hand-block-print-natural-dyed-cotton-hakoba-fabric-07-2026-647-1-7_1.jpg,1431,ajrakh block printing,790,813.572,1.03
ajrakh-hand-block-print-natural-dyed-cotton-hakoba-fabric-06-2026-647-1-6_1.jpg,1431,ajrakh block printing,790,630.678,0.798
ajrakh-hand-block-print-natural-dyed-cotton-hakoba-fabric-05-2026-647-1-5_1.jpg,1431,ajrakh block printing,790,664.564,0.841
ajrakh-hand-block-print-natural-dyed-cotton-hakoba-fabric-04-2026-647-1-4_1.jpg,1431,ajrakh block printing,790,722.55,0.915
ajrakh-hand-block-print-natural-dyed-cotton-hakoba-fabric-03-2026-647-1-3_1.jpg,1431,ajrakh block printing,790,809.637,1.025
ajrakh-hand-block-print-natural-dyed-cotton-hakoba-fabric-02-2026-647-1-2_1.jpg,1431,ajrakh block printing,790,782.714,0.991
pochampally-central-asian-ikat-pure-cotton-fabric-19-2026-441-1-19_1.jpg,1468,pochampally ikat weaving,1290,1037.813,0.805
pochampally-central-asian-ikat-pure-cotton-fabric-17-2026-441-1-17_1.jpg,1468,pochampally ikat weaving,1290,1075.742,0.834
pochampally-central-asian-ikat-pure-cotton-fabric-14-2026-441-1-14_1.jpg,1468,pochampally ikat weaving,1290,1082.08,0.839
pochampally-central-asian-ikat-pure-cotton-fabric-12-2026-441-1-12_1.jpg,1468,pochampally ikat weaving,1290,1070.882,0.83
pochampally-central-asian-ikat-pure-cotton-fabric-11-2026-441-1-11_1.jpg,1468,pochampally ikat weaving,1290,1129.013,0.875
pochampally-central-asian-ikat-pure-cotton-fabric-10-2026-441-1-10_1.jpg,1468,pochampally ikat weaving,1290,1045.034,0.81
pochampally-central-asian-ikat-pure-cotton-fabric-08-2026-441-1-8_1.jpg,1468,pochampally ikat weaving,1290,1041.214,0.807
pochampally-central-asian-ikat-pure-cotton-fabric-07-2026-441-1-7_1.jpg,1468,pochampally ikat weaving,1290,1103.853,0.856
pochampally-central-asian-ikat-pure-cotton-fabric-06-2026-441-1-6_1.jpg,1468,pochampally ikat weaving,1290,1043.146,0.809
pochampally-central-asian-ikat-pure-cotton-fabric-05-2026-441-1-5_1.jpg,1468,pochampally ikat weaving,1290,1118.135,0.867
pochampally-central-asian-ikat-pure-cotton-fabric-04-2026-441-1-4_1.jpg,1468,pochampally ikat weaving,1290,1036.147,0.803
ajrakh-hand-block-print-natural-dyed-cotton-hakoba-fabric-01-2026-647-1-1_1.jpg,1431,ajrakh block printing,790,674.946,0.854
rasa-lobhi-champa-motif-floral-hand-block-printed-cotton-fabric-05-2026-587-1-5_1.jpg,1490,sanganeri block printing,790,570.61,0.722
pochampally-central-asian-ikat-pure-cotton-fabric-08-2026-483-1-8_1.jpg,1468,pochampally ikat weaving,1790,1173.723,0.656
pochampally-central-asian-ikat-pure-cotton-fabric-02-2026-483-1-2_1.jpg,1468,pochampally ikat weaving,1790,1296.88,0.725
bindaas-hand-block-art-print-natural-dyed-cotton-fabric-18-2026-581-1-18_1.jpg,1451,bindaas block printing,520,485.285,0.933
bindaas-hand-block-art-print-natural-dyed-cotton-fabric-17-2026-581-1-17_1.jpg,1451,bindaas block printing,520,583.248,1.122
bindaas-hand-block-art-print-natural-dyed-cotton-fabric-16-2026-581-1-16_1.jpg,1451,bindaas block printing,520,533.851,1.027
bindaas-hand-block-art-print-natural-dyed-cotton-fabric-07-2026-581-1-7_1.jpg,1451,bindaas block printing,520,592.594,1.14
bindaas-hand-block-art-print-natural-dyed-cotton-fabric-06-2026-581-1-6_1.jpg,1451,bindaas block printing,520,529.166,1.018
bindaas-hand-block-art-print-natural-dyed-cotton-fabric-05-2026-581-1-5_1.jpg,1451,bindaas block printing,520,556.868,1.071
bindaas-hand-block-art-print-natural-dyed-cotton-fabric-04-2026-581-1-4_1.jpg,1451,bindaas block printing,520,560.266,1.077
dharwad-cotton-plain-fabric-with-zari-border-21-2026-481-1-21_1.jpg,1470,dharwad weaving,490,633.038,1.292
dharwad-cotton-plain-fabric-with-thread-border-16-2026-481-1-16_1.jpg,1470,dharwad weaving,490,586.474,1.197
dharwad-cotton-plain-fabric-with-thread-border-15-2026-481-1-15_1.jpg,1470,dharwad weaving,490,600.045,1.225
dharwad-cotton-plain-fabric-with-thread-border-14-2026-481-1-14_1.jpg,1470,dharwad weaving,490,621.447,1.268
dharwad-cotton-plain-fabric-with-thread-border-13-2026-481-1-13_1.jpg,1470,dharwad weaving,490,610.068,1.245
dharwad-cotton-plain-fabric-with-thread-border-12-2026-481-1-12_1.jpg,1470,dharwad weaving,490,648.391,1.323
dharwad-cotton-plain-fabric-with-thread-border-11-2026-481-1-11_1.jpg,1470,dharwad weaving,490,633.595,1.293
dharwad-cotton-plain-fabric-with-thread-border-10-2026-481-1-10_1.jpg,1470,dharwad weaving,490,595.369,1.215
dharwad-cotton-plain-fabric-with-thread-border-09-2026-481-1-9_1.jpg,1470,dharwad weaving,490,633.994,1.294
dharwad-cotton-buti-plain-fabric-with-thread-border-05-2026-481-1-5_1.jpg,1470,dharwad weaving,490,783.612,1.599
dharwad-cotton-buti-plain-fabric-with-thread-border-03-2026-481-1-3_1.jpg,1470,dharwad weaving,490,730.064,1.49
dharwad-cotton-buti-plain-fabric-with-thread-border-02-2026-481-1-2_1.jpg,1470,dharwad weaving,490,730.375,1.491
dharwad-cotton-plain-fabric-with-thread-border-08-2026-481-1-8_1.jpg,1470,dharwad weaving,490,632.194,1.29
dharwad-cotton-plain-fabric-with-zari-border-20-2026-481-1-20_1.jpg,1470,dharwad weaving,490,622.437,1.27
kutch-hand-block-batik-print-pure-cotton-fabric-61-2026-536-1-61_1.jpg,1491,batik block printing,480,506.997,1.056
kutch-hand-block-batik-print-pure-cotton-fabric-33-2026-536-1-33_1.jpg,1491,batik block printing,480,529.817,1.104
kutch-hand-block-batik-print-pure-cotton-fabric-32-2026-536-1-32_1.jpg,1491,batik block printing,480,527.966,1.1
natural-dyed-hand-block-print-ajrakh-cotton-hakoba-fabric-70-2026-506-1-70_1.jpg,1431,ajrakh block printing,790,1148.042,1.453
natural-dyed-hand-block-print-ajrakh-cotton-hakoba-fabric-66-2026-506-1-66_1.jpg,1431,ajrakh block printing,790,927.133,1.174
natural-dyed-hand-block-print-ajrakh-cotton-hakoba-fabric-63-2026-506-1-63_1.jpg,1431,ajrakh block printing,790,970.168,1.228
natural-dyed-hand-block-print-ajrakh-cotton-hakoba-fabric-62-2026-506-1-62_1.jpg,1431,ajrakh block printing,790,1073.338,1.359
natural-dyed-hand-block-print-ajrakh-cotton-hakoba-fabric-60-2026-506-1-60_1.jpg,1431,ajrakh block printing,790,1107.696,1.402
natural-dyed-hand-block-print-ajrakh-cotton-hakoba-fabric-59-2026-506-1-59_1.jpg,1431,ajrakh block printing,790,1186.693,1.502
natural-dyed-hand-block-print-ajrakh-cotton-hakoba-fabric-58-2026-506-1-58_1.jpg,1431,ajrakh block printing,790,941.402,1.192
natural-dyed-hand-block-print-ajrakh-cotton-hakoba-fabric-56-2026-506-1-56_1.jpg,1431,ajrakh block printing,790,1038.359,1.314
natural-dyed-hand-block-print-ajrakh-cotton-hakoba-fabric-55-2026-506-1-55_1.jpg,1431,ajrakh block printing,790,1053.741,1.334
natural-dyed-hand-block-print-ajrakh-cotton-hakoba-fabric-53-2026-506-1-53_1.jpg,1431,ajrakh block printing,790,1036.392,1.312
natural-dyed-hand-block-print-ajrakh-cotton-hakoba-fabric-51-2026-506-1-51_1.jpg,1431,ajrakh block printing,790,877.02,1.11
natural-dyed-hand-block-print-ajrakh-cotton-hakoba-fabric-48-2026-506-1-48_1.jpg,1431,ajrakh block printing,790,1078.691,1.365
natural-dyed-hand-block-print-ajrakh-cotton-hakoba-fabric-47-2026-506-1-47_1.jpg,1431,ajrakh block printing,790,1051.32,1.331
natural-dyed-hand-block-print-ajrakh-cotton-hakoba-fabric-46-2026-506-1-46_1.jpg,1431,ajrakh block printing,790,954.547,1.208
natural-dyed-hand-block-print-ajrakh-cotton-hakoba-fabric-44-2026-506-1-44_1.jpg,1431,ajrakh block printing,790,1203.352,1.523
natural-dyed-hand-block-print-ajrakh-cotton-hakoba-fabric-43-2026-506-1-43_1.jpg,1431,ajrakh block printing,790,1026.864,1.3
natural-dyed-hand-block-print-ajrakh-cotton-hakoba-fabric-42-2026-506-1-42_1.jpg,1431,ajrakh block printing,790,1027.462,1.301
natural-dyed-hand-block-print-ajrakh-cotton-hakoba-fabric-41-2026-506-1-41_1.jpg,1431,ajrakh block printing,790,927.694,1.174
natural-dyed-hand-block-print-ajrakh-cotton-hakoba-fabric-40-2026-506-1-40_1.jpg,1431,ajrakh block printing,790,1053.468,1.334
natural-dyed-hand-block-print-ajrakh-cotton-hakoba-fabric-39-2026-506-1-39_1.jpg,1431,ajrakh block printing,790,1108.426,1.403
natural-dyed-hand-block-print-ajrakh-cotton-hakoba-fabric-38-2026-506-1-38_1.jpg,1431,ajrakh block printing,790,853.72,1.081
natural-dyed-hand-block-print-ajrakh-cotton-hakoba-fabric-37-2026-506-1-37_1.jpg,1431,ajrakh block printing,790,902.032,1.142
natural-dyed-hand-block-print-ajrakh-cotton-hakoba-fabric-36-2026-506-1-36_1.jpg,1431,ajrakh block printing,790,1008.462,1.277
natural-dyed-hand-block-print-ajrakh-cotton-hakoba-fabric-31-2026-506-1-31_1.jpg,1431,ajrakh block printing,790,1109.542,1.404
natural-dyed-hand-block-print-ajrakh-cotton-hakoba-fabric-24-2026-506-1-24_1.jpg,1431,ajrakh block printing,790,1099.337,1.392
natural-dyed-hand-block-print-ajrakh-cotton-hakoba-fabric-21-2026-506-1-21_1.jpg,1431,ajrakh block printing,790,1079.088,1.366
natural-dyed-hand-block-print-ajrakh-cotton-hakoba-fabric-19-2026-506-1-19_1.jpg,1431,ajrakh block printing,790,968.917,1.226
natural-dyed-hand-block-print-ajrakh-cotton-hakoba-fabric-15-2026-506-1-15_1.jpg,1431,ajrakh block printing,790,974.003,1.233
natural-dyed-hand-block-print-ajrakh-cotton-hakoba-fabric-13-2026-506-1-13_1.jpg,1431,ajrakh block printing,790,977.53,1.237
natural-dyed-hand-block-print-ajrakh-cotton-hakoba-fabric-12-2026-506-1-12_1.jpg,1431,ajrakh block printing,790,918.971,1.163
natural-dyed-hand-block-print-ajrakh-cotton-hakoba-fabric-11-2026-506-1-11_1.jpg,1431,ajrakh block printing,790,1040.96,1.318
natural-dyed-hand-block-print-ajrakh-cotton-hakoba-fabric-07-2026-506-1-7_1.jpg,1431,ajrakh block printing,790,906.547,1.148
natural-dyed-hand-block-print-ajrakh-cotton-hakoba-fabric-05-2026-506-1-5_1.jpg,1431,ajrakh block printing,790,955.58,1.21
natural-dyed-hand-block-print-ajrakh-cotton-hakoba-fabric-04-2026-506-1-4_1.jpg,1431,ajrakh block printing,790,786.37,0.995
natural-dyed-hand-block-print-ajrakh-cotton-hakoba-fabric-01-2026-506-1-1_1.jpg,1431,ajrakh block printing,790,1045.453,1.323
natural-dyed-ajrakh-hand-block-print-cotton-hakoba-fabric-147-2026-463-1-147_1.jpg,1431,ajrakh block printing,790,1059.848,1.342
natural-dyed-ajrakh-hand-block-print-cotton-hakoba-fabric-146-2026-463-1-146_1.jpg,1431,ajrakh block printing,790,843.96,1.068
natural-dyed-ajrakh-hand-block-print-cotton-hakoba-fabric-144-2026-463-1-144_1.jpg,1431,ajrakh block printing,790,889.407,1.126
natural-dyed-ajrakh-hand-block-print-cotton-hakoba-fabric-141-2026-463-1-141_1.jpg,1431,ajrakh block printing,790,899.364,1.138
natural-dyed-ajrakh-hand-block-print-cotton-hakoba-fabric-140-2026-463-1-140_1.jpg,1431,ajrakh block printing,790,820.407,1.038
natural-dyed-ajrakh-hand-block-print-cotton-hakoba-fabric-139-2026-463-1-139_1.jpg,1431,ajrakh block printing,790,705.868,0.894
natural-dyed-ajrakh-hand-block-print-cotton-hakoba-fabric-137-2026-463-1-137_1.jpg,1431,ajrakh block printing,790,768.319,0.973
natural-dyed-ajrakh-hand-block-print-cotton-hakoba-fabric-134-2026-463-1-134_1.jpg,1431,ajrakh block printing,790,777.888,0.985
natural-dyed-ajrakh-hand-block-print-cotton-hakoba-fabric-133-2026-463-1-133_1.jpg,1431,ajrakh block printing,790,858.067,1.086
natural-dyed-ajrakh-hand-block-print-cotton-hakoba-fabric-132-2026-463-1-132_1.jpg,1431,ajrakh block printing,790,865.626,1.096
natural-dyed-ajrakh-hand-block-print-cotton-hakoba-fabric-131-2026-463-1-131_1.jpg,1431,ajrakh block printing,790,779.443,0.987
natural-dyed-ajrakh-hand-block-print-cotton-hakoba-fabric-129-2026-463-1-129_1.jpg,1431,ajrakh block printing,790,848.909,1.075
natural-dyed-ajrakh-hand-block-print-cotton-hakoba-fabric-127-2026-463-1-127_1.jpg,1431,ajrakh block printing,790,811.427,1.027
natural-dyed-ajrakh-hand-block-print-cotton-hakoba-fabric-124-2026-463-1-124_1.jpg,1431,ajrakh block printing,790,855.751,1.083
natural-dyed-ajrakh-hand-block-print-cotton-hakoba-fabric-111-2026-463-1-111_1.jpg,1431,ajrakh block printing,790,912.728,1.155
natural-dyed-ajrakh-hand-block-print-cotton-hakoba-fabric-110-2026-463-1-110_1.jpg,1431,ajrakh block printing,790,972.38,1.231
natural-dyed-ajrakh-hand-block-print-cotton-hakoba-fabric-108-2026-463-1-108_1.jpg,1431,ajrakh block printing,790,739.303,0.936
natural-dyed-ajrakh-hand-block-print-cotton-hakoba-fabric-107-2026-463-1-107_1.jpg,1431,ajrakh block printing,790,764.766,0.968
natural-dyed-ajrakh-hand-block-print-cotton-hakoba-fabric-105-2026-463-1-105_1.jpg,1431,ajrakh block printing,790,934.31,1.183
natural-dyed-ajrakh-hand-block-print-cotton-hakoba-fabric-101-2026-463-1-101_1.jpg,1431,ajrakh block printing,790,852.254,1.079
natural-dyed-ajrakh-hand-block-print-cotton-hakoba-fabric-100-2026-463-1-100_1.jpg,1431,ajrakh block printing,790,822.535,1.041
natural-dyed-ajrakh-hand-block-print-cotton-hakoba-fabric-98-2026-463-1-98_1.jpg,1431,ajrakh block printing,790,736.399,0.932
natural-dyed-ajrakh-hand-block-print-cotton-hakoba-fabric-96-2026-463-1-96_1.jpg,1431,ajrakh block printing,790,802.004,1.015
natural-dyed-ajrakh-hand-block-print-cotton-hakoba-fabric-94-2026-463-1-94_1.jpg,1431,ajrakh block printing,790,848.133,1.074
natural-dyed-ajrakh-hand-block-print-cotton-hakoba-fabric-90-2026-463-1-90_1.jpg,1431,ajrakh block printing,790,783.601,0.992
natural-dyed-ajrakh-hand-block-print-cotton-hakoba-fabric-88-2026-463-1-88_1.jpg,1431,ajrakh block printing,790,850.37,1.076
natural-dyed-ajrakh-hand-block-print-cotton-hakoba-fabric-87-2026-463-1-87_1.jpg,1431,ajrakh block printing,790,783.848,0.992
natural-dyed-ajrakh-hand-block-print-cotton-hakoba-fabric-72-2026-463-1-72_1.jpg,1431,ajrakh block printing,790,740.671,0.938
natural-dyed-ajrakh-hand-block-print-cotton-hakoba-fabric-71-2026-463-1-71_1.jpg,1431,ajrakh block printing,790,707.707,0.896
natural-dyed-ajrakh-hand-block-print-cotton-hakoba-fabric-68-2026-463-1-68_1.jpg,1431,ajrakh block printing,790,714.015,0.904
natural-dyed-ajrakh-hand-block-print-cotton-hakoba-fabric-67-2026-463-1-67_1.jpg,1431,ajrakh block printing,790,685.932,0.868
natural-dyed-ajrakh-hand-block-print-cotton-hakoba-fabric-63-2026-463-1-63_1.jpg,1431,ajrakh block printing,790,967.111,1.224
natural-dyed-ajrakh-hand-block-print-cotton-hakoba-fabric-62-2026-463-1-62_1.jpg,1431,ajrakh block printing,790,836.216,1.059
natural-dyed-ajrakh-hand-block-print-cotton-hakoba-fabric-57-2026-463-1-57_1.jpg,1431,ajrakh block printing,790,719.419,0.911
natural-dyed-ajrakh-hand-block-print-cotton-hakoba-fabric-56-2026-463-1-56_1.jpg,1431,ajrakh block printing,790,718.759,0.91
natural-dyed-ajrakh-hand-block-print-cotton-hakoba-fabric-55-2026-463-1-55_1.jpg,1431,ajrakh block printing,790,764.427,0.968
natural-dyed-ajrakh-hand-block-print-cotton-hakoba-fabric-54-2026-463-1-54_1.jpg,1431,ajrakh block printing,790,963.542,1.22
natural-dyed-ajrakh-hand-block-print-cotton-hakoba-fabric-51-2026-463-1-51_1.jpg,1431,ajrakh block printing,790,730.903,0.925
natural-dyed-ajrakh-hand-block-print-cotton-hakoba-fabric-48-2026-463-1-48_1.jpg,1431,ajrakh block printing,790,1005.791,1.273
natural-dyed-ajrakh-hand-block-print-cotton-hakoba-fabric-46-2026-463-1-46_1.jpg,1431,ajrakh block printing,790,682.422,0.864
natural-dyed-ajrakh-hand-block-print-cotton-hakoba-fabric-41-2026-463-1-41_1.jpg,1431,ajrakh block printing,790,778.8,0.986
natural-dyed-ajrakh-hand-block-print-cotton-hakoba-fabric-40-2026-463-1-40_1.jpg,1431,ajrakh block printing,790,648.248,0.821
natural-dyed-ajrakh-hand-block-print-cotton-hakoba-fabric-39-2026-463-1-39_1.jpg,1431,ajrakh block printing,790,786.603,0.996
natural-dyed-ajrakh-hand-block-print-cotton-hakoba-fabric-38-2026-463-1-38_1.jpg,1431,ajrakh block printing,790,742.605,0.94
natural-dyed-ajrakh-hand-block-print-cotton-hakoba-fabric-36-2026-463-1-36_1.jpg,1431,ajrakh block printing,790,888.377,1.125
natural-dyed-ajrakh-hand-block-print-cotton-hakoba-fabric-35-2026-463-1-35_1.jpg,1431,ajrakh block printing,790,735.98,0.932
natural-dyed-ajrakh-hand-block-print-cotton-hakoba-fabric-33-2026-463-1-33_1.jpg,1431,ajrakh block printing,790,806.705,1.021
natural-dyed-ajrakh-hand-block-print-cotton-hakoba-fabric-32-2026-463-1-32_1.jpg,1431,ajrakh block printing,790,821.861,1.04
natural-dyed-ajrakh-hand-block-print-cotton-hakoba-fabric-31-2026-463-1-31_1.jpg,1431,ajrakh block printing,790,789.546,0.999
natural-dyed-ajrakh-hand-block-print-cotton-hakoba-fabric-29-2026-463-1-29_1.jpg,1431,ajrakh block printing,790,789.79,1.0
natural-dyed-ajrakh-hand-block-print-cotton-hakoba-fabric-28-2026-463-1-28_1.jpg,1431,ajrakh block printing,790,650.885,0.824
natural-dyed-ajrakh-hand-block-print-cotton-hakoba-fabric-27-2026-463-1-27_1.jpg,1431,ajrakh block printing,790,657.534,0.832
natural-dyed-ajrakh-hand-block-print-cotton-hakoba-fabric-26-2026-463-1-26_1.jpg,1431,ajrakh block printing,790,951.791,1.205
leheriya-tie-dye-cotton-fabric-05-2026-414-3-5_1.jpg,1509,lehariya tie dye,490,492.559,1.005
leheriya-tie-dye-cotton-fabric-04-2026-414-3-4_1.jpg,1509,lehariya tie dye,490,525.0,1.071
leheriya-tie-dye-cotton-fabric-03-2026-414-3-3_1.jpg,1509,lehariya tie dye,490,507.601,1.036
leheriya-tie-dye-cotton-fabric-02-2026-414-3-2_1.jpg,1509,lehariya tie dye,490,511.459,1.044
natural-dyed-ajrakh-hand-block-print-cotton-hakoba-fabric-25-2026-463-1-25_1.jpg,1431,ajrakh block printing,790,849.725,1.076
natural-dyed-ajrakh-hand-block-print-cotton-hakoba-fabric-24-2026-463-1-24_1.jpg,1431,ajrakh block printing,790,899.346,1.138
natural-dyed-ajrakh-hand-block-print-cotton-hakoba-fabric-23-2026-463-1-23_1.jpg,1431,ajrakh block printing,790,966.894,1.224
natural-dyed-ajrakh-hand-block-print-cotton-hakoba-fabric-19-2026-463-1-19_1.jpg,1431,ajrakh block printing,790,798.973,1.011
natural-dyed-ajrakh-hand-block-print-cotton-hakoba-fabric-16-2026-463-1-16_1.jpg,1431,ajrakh block printing,790,775.165,0.981
natural-dyed-ajrakh-hand-block-print-cotton-hakoba-fabric-15-2026-463-1-15_1.jpg,1431,ajrakh block printing,790,820.59,1.039
natural-dyed-ajrakh-hand-block-print-cotton-hakoba-fabric-06-2026-463-1-6_1.jpg,1431,ajrakh block printing,790,819.095,1.037
natural-dyed-ajrakh-hand-block-print-cotton-hakoba-fabric-03-2026-463-1-3_1.jpg,1431,ajrakh block printing,790,720.966,0.913
natural-dyed-ajrakh-hand-block-print-cotton-hakoba-fabric-02-2026-463-1-2_1.jpg,1431,ajrakh block printing,790,826.377,1.046
ajrakh-hand-block-print-natural-dyed-cotton-hakoba-fabric-68-2026-466-1-68_1.jpg,1431,ajrakh block printing,790,988.846,1.252
ajrakh-hand-block-print-natural-dyed-cotton-hakoba-fabric-67-2026-466-1-67_1.jpg,1431,ajrakh block printing,790,805.775,1.02
ajrakh-hand-block-print-natural-dyed-cotton-hakoba-fabric-66-2026-466-1-66_1.jpg,1431,ajrakh block printing,790,657.335,0.832
ajrakh-hand-block-print-natural-dyed-cotton-hakoba-fabric-64-2026-466-1-64_1.jpg,1431,ajrakh block printing,790,611.173,0.774
ajrakh-hand-block-print-natural-dyed-cotton-hakoba-fabric-62-2026-466-1-62_1.jpg,1431,ajrakh block printing,790,821.328,1.04
ajrakh-hand-block-print-natural-dyed-cotton-hakoba-fabric-60-2026-466-1-60_1.jpg,1431,ajrakh block printing,790,1020.186,1.291
ajrakh-hand-block-print-natural-dyed-cotton-hakoba-fabric-59-2026-466-1-59_1.jpg,1431,ajrakh block printing,790,780.875,0.988
ajrakh-hand-block-print-natural-dyed-cotton-hakoba-fabric-57-2026-466-1-57_1.jpg,1431,ajrakh block printing,790,669.598,0.848
ajrakh-hand-block-print-natural-dyed-cotton-hakoba-fabric-55-2026-466-1-55_1.jpg,1431,ajrakh block printing,790,784.317,0.993
ajrakh-hand-block-print-natural-dyed-cotton-hakoba-fabric-53-2026-466-1-53_1.jpg,1431,ajrakh block printing,790,751.56,0.951
ajrakh-hand-block-print-natural-dyed-cotton-hakoba-fabric-52-2026-466-1-52_1.jpg,1431,ajrakh block printing,790,671.527,0.85
ajrakh-hand-block-print-natural-dyed-cotton-hakoba-fabric-44-2026-466-1-44_1.jpg,1431,ajrakh block printing,790,831.75,1.053
ajrakh-hand-block-print-natural-dyed-cotton-hakoba-fabric-43-2026-466-1-43_1.jpg,1431,ajrakh block printing,790,772.895,0.978
ajrakh-hand-block-print-natural-dyed-cotton-hakoba-fabric-41-2026-466-1-41_1.jpg,1431,ajrakh block printing,790,862.977,1.092
ajrakh-hand-block-print-natural-dyed-cotton-hakoba-fabric-40-2026-466-1-40_1.jpg,1431,ajrakh block printing,790,776.963,0.983
ajrakh-hand-block-print-natural-dyed-cotton-hakoba-fabric-39-2026-466-1-39_1.jpg,1431,ajrakh block printing,790,827.793,1.048
ajrakh-hand-block-print-natural-dyed-cotton-hakoba-fabric-38-2026-466-1-38_1.jpg,1431,ajrakh block printing,790,841.763,1.066
ajrakh-hand-block-print-natural-dyed-cotton-hakoba-fabric-34-2026-466-1-34_1.jpg,1431,ajrakh block printing,790,879.348,1.113
ajrakh-hand-block-print-natural-dyed-cotton-hakoba-fabric-33-2026-466-1-33_1.jpg,1431,ajrakh block printing,790,781.929,0.99
ajrakh-hand-block-print-natural-dyed-cotton-hakoba-fabric-31-2026-466-1-31_1.jpg,1431,ajrakh block printing,790,637.576,0.807
ajrakh-hand-block-print-natural-dyed-cotton-hakoba-fabric-30-2026-466-1-30_1.jpg,1431,ajrakh block printing,790,765.527,0.969
ajrakh-hand-block-print-natural-dyed-cotton-hakoba-fabric-29-2026-466-1-29_1.jpg,1431,ajrakh block printing,790,669.202,0.847
ajrakh-hand-block-print-natural-dyed-cotton-hakoba-fabric-28-2026-466-1-28_1.jpg,1431,ajrakh block printing,790,1000.608,1.267
ajrakh-hand-block-print-natural-dyed-cotton-hakoba-fabric-19-2026-466-1-19_1.jpg,1431,ajrakh block printing,790,712.442,0.902
ajrakh-hand-block-print-natural-dyed-cotton-hakoba-fabric-17-2026-466-1-17_1.jpg,1431,ajrakh block printing,790,800.842,1.014
ajrakh-hand-block-print-natural-dyed-cotton-hakoba-fabric-16-2026-466-1-16_1.jpg,1431,ajrakh block printing,790,833.643,1.055
ajrakh-hand-block-print-natural-dyed-cotton-hakoba-fabric-14-2026-466-1-14_1.jpg,1431,ajrakh block printing,790,754.35,0.955
ajrakh-hand-block-print-natural-dyed-cotton-hakoba-fabric-13-2026-466-1-13_1.jpg,1431,ajrakh block printing,790,1049.445,1.328
ajrakh-hand-block-print-natural-dyed-cotton-hakoba-fabric-11-2026-466-1-11_1.jpg,1431,ajrakh block printing,790,1015.974,1.286
ajrakh-hand-block-print-natural-dyed-cotton-hakoba-fabric-09-2026-466-1-9_1.jpg,1431,ajrakh block printing,790,862.801,1.092
ajrakh-hand-block-print-natural-dyed-cotton-hakoba-fabric-07-2026-466-1-7_1.jpg,1431,ajrakh block printing,790,876.706,1.11
natural-dyed-ajrakh-hand-block-print-cotton-hakoba-fabric-01-2026-463-1-1_1.jpg,1431,ajrakh block printing,790,809.505,1.025
ajrakh-hand-block-print-natural-dyed-cotton-hakoba-fabric-118-2026-462-1-118_1.jpg,1431,ajrakh block printing,790,840.676,1.064
ajrakh-hand-block-print-natural-dyed-cotton-hakoba-fabric-117-2026-462-1-117_1.jpg,1431,ajrakh block printing,790,732.482,0.927
ajrakh-hand-block-print-natural-dyed-cotton-hakoba-fabric-115-2026-462-1-115_1.jpg,1431,ajrakh block printing,790,811.561,1.027
ajrakh-hand-block-print-natural-dyed-cotton-hakoba-fabric-113-2026-462-1-113_1.jpg,1431,ajrakh block printing,790,868.437,1.099
ajrakh-hand-block-print-natural-dyed-cotton-hakoba-fabric-112-2026-462-1-112_1.jpg,1431,ajrakh block printing,790,891.428,1.128
ajrakh-hand-block-print-natural-dyed-cotton-hakoba-fabric-111-2026-462-1-111_1.jpg,1431,ajrakh block printing,790,773.599,0.979
ajrakh-hand-block-print-natural-dyed-cotton-hakoba-fabric-110-2026-462-1-110_1.jpg,1431,ajrakh block printing,790,840.42,1.064
ajrakh-hand-block-print-natural-dyed-cotton-hakoba-fabric-109-2026-462-1-109_1.jpg,1431,ajrakh block printing,790,704.484,0.892
ajrakh-hand-block-print-natural-dyed-cotton-hakoba-fabric-108-2026-462-1-108_1.jpg,1431,ajrakh block printing,790,918.86,1.163
ajrakh-hand-block-print-natural-dyed-cotton-hakoba-fabric-107-2026-462-1-107_1.jpg,1431,ajrakh block printing,790,739.704,0.936
ajrakh-hand-block-print-natural-dyed-cotton-hakoba-fabric-106-2026-462-1-106_1.jpg,1431,ajrakh block printing,790,910.978,1.153
ajrakh-hand-block-print-natural-dyed-cotton-hakoba-fabric-104-2026-462-1-104_1.jpg,1431,ajrakh block printing,790,795.502,1.007
ajrakh-hand-block-print-natural-dyed-cotton-hakoba-fabric-103-2026-462-1-103_1.jpg,1431,ajrakh block printing,790,935.561,1.184
ajrakh-hand-block-print-natural-dyed-cotton-hakoba-fabric-101-2026-462-1-101_1.jpg,1431,ajrakh block printing,790,796.327,1.008
ajrakh-hand-block-print-natural-dyed-cotton-hakoba-fabric-100-2026-462-1-100_1.jpg,1431,ajrakh block printing,790,821.81,1.04
ajrakh-hand-block-print-natural-dyed-cotton-hakoba-fabric-99-2026-462-1-99_1.jpg,1431,ajrakh block printing,790,817.837,1.035
ajrakh-hand-block-print-natural-dyed-cotton-hakoba-fabric-98-2026-462-1-98_1.jpg,1431,ajrakh block printing,790,908.312,1.15
ajrakh-hand-block-print-natural-dyed-cotton-hakoba-fabric-97-2026-462-1-97_1.jpg,1431,ajrakh block printing,790,898.896,1.138
ajrakh-hand-block-print-natural-dyed-cotton-hakoba-fabric-96-2026-462-1-96_1.jpg,1431,ajrakh block printing,790,893.586,1.131
ajrakh-hand-block-print-natural-dyed-cotton-hakoba-fabric-95-2026-462-1-95_1.jpg,1431,ajrakh block printing,790,755.199,0.956
ajrakh-hand-block-print-natural-dyed-cotton-hakoba-fabric-94-2026-462-1-94_1.jpg,1431,ajrakh block printing,790,748.26,0.947
ajrakh-hand-block-print-natural-dyed-cotton-hakoba-fabric-93-2026-462-1-93_1.jpg,1431,ajrakh block printing,790,903.766,1.144
ajrakh-hand-block-print-natural-dyed-cotton-hakoba-fabric-92-2026-462-1-92_1.jpg,1431,ajrakh block printing,790,848.915,1.075
ajrakh-hand-block-print-natural-dyed-cotton-hakoba-fabric-89-2026-462-1-89_1.jpg,1431,ajrakh block printing,790,727.181,0.92
ajrakh-hand-block-print-natural-dyed-cotton-hakoba-fabric-88-2026-462-1-88_1.jpg,1431,ajrakh block printing,790,812.474,1.028
ajrakh-hand-block-print-natural-dyed-cotton-hakoba-fabric-87-2026-462-1-87_1.jpg,1431,ajrakh block printing,790,846.72,1.072
ajrakh-hand-block-print-natural-dyed-cotton-hakoba-fabric-86-2026-462-1-86_1.jpg,1431,ajrakh block printing,790,806.834,1.021
ajrakh-hand-block-print-natural-dyed-cotton-hakoba-fabric-84-2026-462-1-84_1.jpg,1431,ajrakh block printing,790,735.664,0.931
ajrakh-hand-block-print-natural-dyed-cotton-hakoba-fabric-82-2026-462-1-82_1.jpg,1431,ajrakh block printing,790,825.295,1.045
ajrakh-hand-block-print-natural-dyed-cotton-hakoba-fabric-80-2026-462-1-80_1.jpg,1431,ajrakh block printing,790,861.907,1.091
ajrakh-hand-block-print-natural-dyed-cotton-hakoba-fabric-79-2026-462-1-79_1.jpg,1431,ajrakh block printing,790,888.951,1.125
ajrakh-hand-block-print-natural-dyed-cotton-hakoba-fabric-77-2026-462-1-77_1.jpg,1431,ajrakh block printing,790,730.49,0.925
ajrakh-hand-block-print-natural-dyed-cotton-hakoba-fabric-74-2026-462-1-74_1.jpg,1431,ajrakh block printing,790,903.695,1.144
ajrakh-hand-block-print-natural-dyed-cotton-hakoba-fabric-72-2026-462-1-72_1.jpg,1431,ajrakh block printing,790,690.72,0.874
ajrakh-hand-block-print-natural-dyed-cotton-hakoba-fabric-71-2026-462-1-71_1.jpg,1431,ajrakh block printing,790,770.637,0.975
ajrakh-hand-block-print-natural-dyed-cotton-hakoba-fabric-70-2026-462-1-70_1.jpg,1431,ajrakh block printing,790,667.323,0.845
ajrakh-hand-block-print-natural-dyed-cotton-hakoba-fabric-69-2026-462-1-69_1.jpg,1431,ajrakh block printing,790,748.162,0.947
ajrakh-hand-block-print-natural-dyed-cotton-hakoba-fabric-68-2026-462-1-68_1.jpg,1431,ajrakh block printing,790,868.307,1.099
ajrakh-hand-block-print-natural-dyed-cotton-hakoba-fabric-60-2026-462-1-60_1.jpg,1431,ajrakh block printing,790,874.385,1.107
ajrakh-hand-block-print-natural-dyed-cotton-hakoba-fabric-59-2026-462-1-59_1.jpg,1431,ajrakh block printing,790,740.113,0.937
ajrakh-hand-block-print-natural-dyed-cotton-hakoba-fabric-58-2026-462-1-58_1.jpg,1431,ajrakh block printing,790,790.379,1.0
ajrakh-hand-block-print-natural-dyed-cotton-hakoba-fabric-46-2026-462-1-46_1.jpg,1431,ajrakh block printing,790,902.894,1.143
ajrakh-hand-block-print-natural-dyed-cotton-hakoba-fabric-45-2026-462-1-45_1.jpg,1431,ajrakh block printing,790,814.305,1.031
ajrakh-hand-block-print-natural-dyed-cotton-hakoba-fabric-44-2026-462-1-44_1.jpg,1431,ajrakh block printing,790,831.788,1.053
ajrakh-hand-block-print-natural-dyed-cotton-hakoba-fabric-42-2026-462-1-42_1.jpg,1431,ajrakh block printing,790,1117.273,1.414
ajrakh-hand-block-print-natural-dyed-cotton-hakoba-fabric-41-2026-462-1-41_1.jpg,1431,ajrakh block printing,790,905.803,1.147
ajrakh-hand-block-print-natural-dyed-cotton-hakoba-fabric-40-2026-462-1-40_1.jpg,1431,ajrakh block printing,790,746.32,0.945
ajrakh-hand-block-print-natural-dyed-cotton-hakoba-fabric-38-2026-462-1-38_1.jpg,1431,ajrakh block printing,790,753.587,0.954
ajrakh-hand-block-print-natural-dyed-cotton-hakoba-fabric-37-2026-462-1-37_1.jpg,1431,ajrakh block printing,790,749.07,0.948
ajrakh-hand-block-print-natural-dyed-cotton-hakoba-fabric-36-2026-462-1-36_1.jpg,1431,ajrakh block printing,790,770.071,0.975
ajrakh-hand-block-print-natural-dyed-cotton-hakoba-fabric-35-2026-462-1-35_1.jpg,1431,ajrakh block printing,790,810.405,1.026
ajrakh-hand-block-print-natural-dyed-cotton-hakoba-fabric-34-2026-462-1-34_1.jpg,1431,ajrakh block printing,790,869.339,1.1
ajrakh-hand-block-print-natural-dyed-cotton-hakoba-fabric-33-2026-462-1-33_1.jpg,1431,ajrakh block printing,790,766.435,0.97
ajrakh-hand-block-print-natural-dyed-cotton-hakoba-fabric-32-2026-462-1-32_1.jpg,1431,ajrakh block printing,790,823.558,1.042
ajrakh-hand-block-print-natural-dyed-cotton-hakoba-fabric-29-2026-462-1-29_1.jpg,1431,ajrakh block printing,790,1058.241,1.34
ajrakh-hand-block-print-natural-dyed-cotton-hakoba-fabric-28-2026-462-1-28_1.jpg,1431,ajrakh block printing,790,789.144,0.999
ajrakh-hand-block-print-natural-dyed-cotton-hakoba-fabric-25-2026-462-1-25_1.jpg,1431,ajrakh block printing,790,926.145,1.172
ajrakh-hand-block-print-natural-dyed-cotton-hakoba-fabric-23-2026-462-1-23_1.jpg,1431,ajrakh block printing,790,764.866,0.968
ajrakh-hand-block-print-natural-dyed-cotton-hakoba-fabric-19-2026-462-1-19_1.jpg,1431,ajrakh block printing,790,711.175,0.9
ajrakh-hand-block-print-natural-dyed-cotton-hakoba-fabric-17-2026-462-1-17_1.jpg,1431,ajrakh block printing,790,773.997,0.98
ajrakh-hand-block-print-natural-dyed-cotton-hakoba-fabric-15-2026-462-1-15_1.jpg,1431,ajrakh block printing,790,666.418,0.844
ajrakh-hand-block-print-natural-dyed-cotton-hakoba-fabric-11-2026-462-1-11_1.jpg,1431,ajrakh block printing,790,710.72,0.9
ajrakh-hand-block-print-natural-dyed-cotton-hakoba-fabric-08-2026-462-1-8_1.jpg,1431,ajrakh block printing,790,622.602,0.788
ajrakh-hand-block-print-natural-dyed-cotton-hakoba-fabric-06-2026-462-1-6_1.jpg,1431,ajrakh block printing,790,740.661,0.938
ajrakh-hand-block-print-natural-dyed-cotton-hakoba-fabric-04-2026-462-1-4_1.jpg,1431,ajrakh block printing,790,726.972,0.92
ajrakh-hand-block-print-natural-dyed-cotton-hakoba-fabric-03-2026-462-1-3_1.jpg,1431,ajrakh block printing,790,778.376,0.985
ajrakh-hand-block-print-natural-dyed-cotton-hakoba-fabric-01-2026-466-1-1_1.jpg,1431,ajrakh block printing,790,891.368,1.128
leheriya-tie-dye-cotton-fabric-01-2026-414-3-1_1.jpg,1509,lehariya tie dye,490,466.84,0.953
ajrakh-hand-block-print-natural-dyed-cotton-fabric-02-2026-387-1-2_1.jpg,1431,ajrakh block printing,690,716.039,1.038
sambalpuri-embroidery-cotton-fabric-16-2026-154-2-16_1.jpg,1514,embroidery,690,409.68,0.594
sambalpuri-embroidery-cotton-fabric-15-2026-154-2-15_1.jpg,1514,embroidery,690,402.018,0.583
kutch-hand-block-ajrakh-print-natural-dyed-cotton-fabric-64-2026-362-1-64_1.jpg,1431,ajrakh block printing,580,789.039,1.36
kutch-hand-block-ajrakh-print-natural-dyed-cotton-fabric-62-2026-362-1-62_1.jpg,1431,ajrakh block printing,580,762.949,1.315
kutch-hand-block-ajrakh-print-natural-dyed-cotton-fabric-61-2026-362-1-61_1.jpg,1431,ajrakh block printing,580,741.442,1.278
kutch-hand-block-ajrakh-print-natural-dyed-cotton-fabric-58-2026-362-1-58_1.jpg,1431,ajrakh block printing,580,793.257,1.368
kutch-hand-block-ajrakh-print-natural-dyed-cotton-fabric-57-2026-362-1-57_1.jpg,1431,ajrakh block printing,580,779.013,1.343
kutch-hand-block-ajrakh-print-natural-dyed-cotton-fabric-56-2026-362-1-56_1.jpg,1431,ajrakh block printing,580,772.658,1.332
kutch-hand-block-ajrakh-print-natural-dyed-cotton-fabric-54-2026-362-1-54_1.jpg,1431,ajrakh block printing,580,794.885,1.37
kutch-hand-block-ajrakh-print-natural-dyed-cotton-fabric-53-2026-362-1-53_1.jpg,1431,ajrakh block printing,580,880.252,1.518
kutch-hand-block-ajrakh-print-natural-dyed-cotton-fabric-52-2026-362-1-52_1.jpg,1431,ajrakh block printing,580,761.799,1.313
kutch-hand-block-ajrakh-print-natural-dyed-cotton-fabric-51-2026-362-1-51_1.jpg,1431,ajrakh block printing,580,784.155,1.352
kutch-hand-block-ajrakh-print-natural-dyed-cotton-fabric-48-2026-362-1-48_1.jpg,1431,ajrakh block printing,580,776.083,1.338
kutch-hand-block-ajrakh-print-natural-dyed-cotton-fabric-45-2026-362-1-45_1.jpg,1431,ajrakh block printing,580,763.962,1.317
kutch-hand-block-ajrakh-print-natural-dyed-cotton-fabric-44-2026-362-1-44_1.jpg,1431,ajrakh block printing,580,779.695,1.344
kutch-hand-block-ajrakh-print-natural-dyed-cotton-fabric-43-2026-362-1-43_1.jpg,1431,ajrakh block printing,580,704.591,1.215
kutch-hand-block-ajrakh-print-natural-dyed-cotton-fabric-41-2026-362-1-41_1.jpg,1431,ajrakh block printing,580,765.32,1.32
kutch-hand-block-ajrakh-print-natural-dyed-cotton-fabric-40-2026-362-1-40_1.jpg,1431,ajrakh block printing,580,738.511,1.273
kutch-hand-block-ajrakh-print-natural-dyed-cotton-fabric-39-2026-362-1-39_1.jpg,1431,ajrakh block printing,580,784.781,1.353
kutch-hand-block-ajrakh-print-natural-dyed-cotton-fabric-38-2026-362-1-38_1.jpg,1431,ajrakh block printing,580,748.892,1.291
kutch-hand-block-ajrakh-print-natural-dyed-cotton-fabric-37-2026-362-1-37_1.jpg,1431,ajrakh block printing,580,765.283,1.319
kutch-hand-block-ajrakh-print-natural-dyed-cotton-fabric-36-2026-362-1-36_1.jpg,1431,ajrakh block printing,580,801.772,1.382
kutch-hand-block-ajrakh-print-natural-dyed-cotton-fabric-35-2026-362-1-35_1.jpg,1431,ajrakh block printing,580,775.295,1.337
kutch-hand-block-ajrakh-print-natural-dyed-cotton-fabric-34-2026-362-1-34_1.jpg,1431,ajrakh block printing,580,783.088,1.35
kutch-hand-block-ajrakh-print-natural-dyed-cotton-fabric-33-2026-362-1-33_1.jpg,1431,ajrakh block printing,580,780.816,1.346
kutch-hand-block-ajrakh-print-natural-dyed-cotton-fabric-30-2026-362-1-30_1.jpg,1431,ajrakh block printing,580,755.125,1.302
kutch-hand-block-ajrakh-print-natural-dyed-cotton-fabric-28-2026-362-1-28_1.jpg,1431,ajrakh block printing,580,731.382,1.261
kutch-hand-block-ajrakh-print-natural-dyed-cotton-fabric-27-2026-362-1-27_1.jpg,1431,ajrakh block printing,580,773.98,1.334
kutch-hand-block-ajrakh-print-natural-dyed-cotton-fabric-26-2026-362-1-26_1.jpg,1431,ajrakh block printing,580,741.198,1.278
kutch-hand-block-ajrakh-print-natural-dyed-cotton-fabric-25-2026-362-1-25_1.jpg,1431,ajrakh block printing,580,764.279,1.318
kutch-hand-block-ajrakh-print-natural-dyed-cotton-fabric-24-2026-362-1-24_1.jpg,1431,ajrakh block printing,580,795.786,1.372
kutch-hand-block-ajrakh-print-natural-dyed-cotton-fabric-23-2026-362-1-23_1.jpg,1431,ajrakh block printing,580,741.92,1.279
kutch-hand-block-ajrakh-print-natural-dyed-cotton-fabric-22-2026-362-1-22_1.jpg,1431,ajrakh block printing,580,767.322,1.323
kutch-hand-block-ajrakh-print-natural-dyed-cotton-fabric-21-2026-362-1-21_1.jpg,1431,ajrakh block printing,580,737.785,1.272
kutch-hand-block-ajrakh-print-natural-dyed-cotton-fabric-20-2026-362-1-20_1.jpg,1431,ajrakh block printing,580,791.769,1.365
kutch-hand-block-ajrakh-print-natural-dyed-cotton-fabric-19-2026-362-1-19_1.jpg,1431,ajrakh block printing,580,765.706,1.32
kutch-hand-block-ajrakh-print-natural-dyed-cotton-fabric-18-2026-362-1-18_1.jpg,1431,ajrakh block printing,580,747.48,1.289
kutch-hand-block-ajrakh-print-natural-dyed-cotton-fabric-16-2026-362-1-16_1.jpg,1431,ajrakh block printing,580,740.647,1.277
kutch-hand-block-ajrakh-print-natural-dyed-cotton-fabric-15-2026-362-1-15_1.jpg,1431,ajrakh block printing,580,751.926,1.296
kutch-hand-block-ajrakh-print-natural-dyed-cotton-fabric-14-2026-362-1-14_1.jpg,1431,ajrakh block printing,580,760.43,1.311
kutch-hand-block-ajrakh-print-natural-dyed-cotton-fabric-13-2026-362-1-13_1.jpg,1431,ajrakh block printing,580,758.408,1.308
kutch-hand-block-ajrakh-print-natural-dyed-cotton-fabric-12-2026-362-1-12_1.jpg,1431,ajrakh block printing,580,764.459,1.318
kutch-hand-block-ajrakh-print-natural-dyed-cotton-fabric-09-2026-362-1-9_1.jpg,1431,ajrakh block printing,580,786.365,1.356
kutch-hand-block-ajrakh-print-natural-dyed-cotton-fabric-08-2026-362-1-9_1.jpg,1431,ajrakh block printing,580,695.281,1.199
kutch-hand-block-ajrakh-print-natural-dyed-cotton-fabric-07-2026-362-1-7_1.jpg,1431,ajrakh block printing,580,777.806,1.341
kutch-hand-block-ajrakh-print-natural-dyed-cotton-fabric-06-2026-362-1-6_1.jpg,1431,ajrakh block printing,580,772.104,1.331
kutch-hand-block-ajrakh-print-natural-dyed-cotton-fabric-05-2026-362-1-5_1.jpg,1431,ajrakh block printing,580,765.326,1.32
kutch-hand-block-ajrakh-print-natural-dyed-cotton-fabric-04-2026-362-1-4_1.jpg,1431,ajrakh block printing,580,801.416,1.382
kutch-hand-block-ajrakh-print-natural-dyed-cotton-fabric-03-2026-362-1-3_1.jpg,1431,ajrakh block printing,580,736.865,1.27
kutch-hand-block-ajrakh-print-natural-dyed-cotton-fabric-02-2026-362-1-2_1.jpg,1431,ajrakh block printing,580,721.752,1.244
sambalpuri-embroidery-cotton-fabric-14-2026-154-2-14_1.jpg,1514,embroidery,690,392.086,0.568
prewashed-fine-cotton-handloom-plain-fabric-58-2026-294-1-58_1.jpg,1485,bijnor weaving,520,1023.618,1.968
prewashed-fine-cotton-handloom-plain-fabric-57-2026-294-1-57_1.jpg,1485,bijnor weaving,520,1005.703,1.934
prewashed-fine-cotton-handloom-plain-fabric-56-2026-294-1-56_1.jpg,1485,bijnor weaving,520,965.788,1.857
prewashed-fine-cotton-handloom-plain-fabric-53-2026-294-1-53_1.jpg,1485,bijnor weaving,520,1081.253,2.079
prewashed-fine-cotton-handloom-plain-fabric-52-2026-294-1-52_1.jpg,1485,bijnor weaving,520,1007.35,1.937
prewashed-fine-cotton-handloom-plain-fabric-51-2026-294-1-51_1.jpg,1485,bijnor weaving,520,1071.874,2.061
prewashed-fine-cotton-handloom-plain-fabric-50-2026-294-1-50_1.jpg,1485,bijnor weaving,520,1024.763,1.971
prewashed-fine-cotton-handloom-plain-fabric-49-2026-294-1-49_1.jpg,1485,bijnor weaving,520,1018.291,1.958
prewashed-fine-cotton-handloom-plain-fabric-48-2026-294-1-48_1.jpg,1485,bijnor weaving,520,1027.91,1.977
prewashed-fine-cotton-handloom-plain-fabric-47-2026-294-1-47_1.jpg,1485,bijnor weaving,520,1022.203,1.966
prewashed-fine-cotton-handloom-plain-fabric-46-2026-294-1-46_1.jpg,1485,bijnor weaving,520,1051.646,2.022
prewashed-fine-cotton-handloom-plain-fabric-45-2026-294-1-45_1.jpg,1485,bijnor weaving,520,994.316,1.912
prewashed-fine-cotton-handloom-plain-fabric-44-2026-294-1-44_1.jpg,1485,bijnor weaving,520,1009.571,1.941
prewashed-fine-cotton-handloom-plain-fabric-43-2026-294-1-43_1.jpg,1485,bijnor weaving,520,1008.527,1.939
prewashed-fine-cotton-handloom-plain-fabric-42-2026-294-1-42_1.jpg,1485,bijnor weaving,520,1111.762,2.138
prewashed-fine-cotton-handloom-plain-fabric-41-2026-294-1-41_1.jpg,1485,bijnor weaving,520,1043.444,2.007
prewashed-fine-cotton-handloom-plain-fabric-40-2026-294-1-40_1.jpg,1485,bijnor weaving,520,1063.496,2.045
prewashed-fine-cotton-handloom-plain-fabric-39-2026-294-1-39_1.jpg,1485,bijnor weaving,520,1050.974,2.021
prewashed-fine-cotton-handloom-plain-fabric-38-2026-294-1-38_1.jpg,1485,bijnor weaving,520,1042.862,2.006
prewashed-fine-cotton-handloom-plain-fabric-37-2026-294-1-37_1.jpg,1485,bijnor weaving,520,1056.943,2.033
prewashed-fine-cotton-handloom-plain-fabric-35-2026-294-1-35_1.jpg,1485,bijnor weaving,520,1054.215,2.027
prewashed-fine-cotton-handloom-plain-fabric-34-2026-294-1-34_1.jpg,1485,bijnor weaving,520,1018.264,1.958
prewashed-fine-cotton-handloom-plain-fabric-33-2026-294-1-33_1.jpg,1485,bijnor weaving,520,1096.607,2.109
prewashed-fine-cotton-handloom-plain-fabric-32-2026-294-1-32_1.jpg,1485,bijnor weaving,520,1041.045,2.002
prewashed-fine-cotton-handloom-plain-fabric-31-2026-294-1-31_1.jpg,1485,bijnor weaving,520,1025.906,1.973
prewashed-fine-cotton-handloom-plain-fabric-30-2026-294-1-30_1.jpg,1485,bijnor weaving,520,1090.285,2.097
prewashed-fine-cotton-handloom-plain-fabric-29-2026-294-1-29_1.jpg,1485,bijnor weaving,520,994.491,1.912
prewashed-fine-cotton-handloom-plain-fabric-28-2026-294-1-28_1.jpg,1485,bijnor weaving,520,1055.912,2.031
prewashed-fine-cotton-handloom-plain-fabric-27-2026-294-1-27_1.jpg,1485,bijnor weaving,520,1020.815,1.963
prewashed-fine-cotton-handloom-plain-fabric-26-2026-294-1-26_1.jpg,1485,bijnor weaving,520,1048.851,2.017
prewashed-fine-cotton-handloom-plain-fabric-23-2026-294-1-23_1.jpg,1485,bijnor weaving,520,1047.22,2.014
prewashed-fine-cotton-handloom-plain-fabric-22-2026-294-1-22_1.jpg,1485,bijnor weaving,520,1058.26,2.035
prewashed-fine-cotton-handloom-plain-fabric-21-2026-294-1-21_1.jpg,1485,bijnor weaving,520,1011.946,1.946
prewashed-fine-cotton-handloom-plain-fabric-20-2026-294-1-20_1.jpg,1485,bijnor weaving,520,995.327,1.914
prewashed-fine-cotton-handloom-plain-fabric-19-2026-294-1-19_1.jpg,1485,bijnor weaving,520,1007.967,1.938
prewashed-fine-cotton-handloom-plain-fabric-18-2026-294-1-18_1.jpg,1485,bijnor weaving,520,1079.029,2.075
prewashed-fine-cotton-handloom-plain-fabric-17-2026-294-1-17_1.jpg,1485,bijnor weaving,520,1075.386,2.068
prewashed-fine-cotton-handloom-plain-fabric-16-2026-294-1-16_1.jpg,1485,bijnor weaving,520,1069.444,2.057
prewashed-fine-cotton-handloom-plain-fabric-15-2026-294-1-15_1.jpg,1485,bijnor weaving,520,1055.528,2.03
prewashed-fine-cotton-handloom-plain-fabric-14-2026-294-1-14_1.jpg,1485,bijnor weaving,520,1016.495,1.955
prewashed-fine-cotton-handloom-plain-fabric-13-2026-294-1-13_1.jpg,1485,bijnor weaving,520,1004.032,1.931
prewashed-fine-cotton-handloom-plain-fabric-12-2026-294-1-12_1.jpg,1485,bijnor weaving,520,1046.457,2.012
prewashed-fine-cotton-handloom-plain-fabric-11-2026-294-1-11_1.jpg,1485,bijnor weaving,520,1038.739,1.998
prewashed-fine-cotton-handloom-plain-fabric-10-2026-294-1-10_1.jpg,1485,bijnor weaving,520,1055.799,2.03
prewashed-fine-cotton-handloom-plain-fabric-09-2026-294-1-9_1.jpg,1485,bijnor weaving,520,1062.141,2.043
prewashed-fine-cotton-handloom-plain-fabric-08-2026-294-1-8_1.jpg,1485,bijnor weaving,520,1080.523,2.078
prewashed-fine-cotton-handloom-plain-fabric-07-2026-294-1-7_1.jpg,1485,bijnor weaving,520,1054.293,2.027
prewashed-fine-cotton-handloom-plain-fabric-06-2026-294-1-6_1.jpg,1485,bijnor weaving,520,1034.477,1.989
prewashed-fine-cotton-handloom-plain-fabric-05-2026-294-1-5_1.jpg,1485,bijnor weaving,520,1036.026,1.992
prewashed-fine-cotton-handloom-plain-fabric-04-2026-294-1-4_1.jpg,1485,bijnor weaving,520,1070.82,2.059
prewashed-fine-cotton-handloom-plain-fabric-03-2026-294-1-3_1.jpg,1485,bijnor weaving,520,1131.366,2.176
prewashed-fine-cotton-handloom-plain-fabric-02-2026-294-1-2_1.jpg,1485,bijnor weaving,520,1079.164,2.075
pochampally-ikat-handloom-cotton-fabric-count-2-60-21-2026-310-1-21_1.jpg,1520,pochampally ikat weaving,890,1263.683,1.42
kota-doria-cotton-plain-fabric-05-2026-251-1-5_1.jpg,1465,kota doria weaving,290,504.814,1.741
kota-doria-cotton-plain-fabric-04-2026-251-1-4_1.jpg,1465,kota doria weaving,290,478.686,1.651
kota-doria-cotton-plain-fabric-03-2026-251-1-3_1.jpg,1465,kota doria weaving,290,479.89,1.655
kota-doria-cotton-plain-fabric-02-2026-251-1-2_1.jpg,1465,kota doria weaving,290,480.476,1.657
prewashed-fine-cotton-handloom-plain-fabric-01-2026-294-1-1_1.jpg,1485,bijnor weaving,520,1015.878,1.954
hakoba-hand-block-ajrakh-print-natural-dyed-cotton-fabric-154-2026-318-1-154_1.jpg,1431,ajrakh block printing,790,753.883,0.954
hakoba-hand-block-ajrakh-print-natural-dyed-cotton-fabric-146-2026-318-1-146_1.jpg,1431,ajrakh block printing,790,847.227,1.072
hakoba-hand-block-ajrakh-print-natural-dyed-cotton-fabric-145-2026-318-1-145_1.jpg,1431,ajrakh block printing,790,894.527,1.132
hakoba-hand-block-ajrakh-print-natural-dyed-cotton-fabric-144-2026-318-1-144_1.jpg,1431,ajrakh block printing,790,755.007,0.956
hakoba-hand-block-ajrakh-print-natural-dyed-cotton-fabric-140-2026-318-1-140_1.jpg,1431,ajrakh block printing,790,945.634,1.197
hakoba-hand-block-ajrakh-print-natural-dyed-cotton-fabric-126-2026-318-1-126_1.jpg,1431,ajrakh block printing,790,893.382,1.131
hakoba-hand-block-ajrakh-print-natural-dyed-cotton-fabric-125-2026-318-1-125_1.jpg,1431,ajrakh block printing,790,816.339,1.033
hakoba-hand-block-ajrakh-print-natural-dyed-cotton-fabric-114-2026-318-1-114_1.jpg,1431,ajrakh block printing,790,807.576,1.022
hakoba-hand-block-ajrakh-print-natural-dyed-cotton-fabric-110-2026-318-1-110_1.jpg,1431,ajrakh block printing,790,655.262,0.829
hakoba-hand-block-ajrakh-print-natural-dyed-cotton-fabric-108-2026-318-1-108_1.jpg,1431,ajrakh block printing,790,969.903,1.228
hakoba-hand-block-ajrakh-print-natural-dyed-cotton-fabric-106-2026-318-1-106_1.jpg,1431,ajrakh block printing,790,720.042,0.911
hakoba-hand-block-ajrakh-print-natural-dyed-cotton-fabric-105-2026-318-1-105_1.jpg,1431,ajrakh block printing,790,759.911,0.962
hakoba-hand-block-ajrakh-print-natural-dyed-cotton-fabric-102-2026-318-1-102_1.jpg,1431,ajrakh block printing,790,789.553,0.999
hakoba-hand-block-ajrakh-print-natural-dyed-cotton-fabric-99-2026-318-1-99_1.jpg,1431,ajrakh block printing,790,688.72,0.872
hakoba-hand-block-ajrakh-print-natural-dyed-cotton-fabric-78-2026-318-1-78_1.jpg,1431,ajrakh block printing,790,743.803,0.942
hakoba-hand-block-ajrakh-print-natural-dyed-cotton-fabric-74-2026-318-1-74_1.jpg,1431,ajrakh block printing,790,874.482,1.107
hakoba-hand-block-ajrakh-print-natural-dyed-cotton-fabric-73-2026-318-1-73_1.jpg,1431,ajrakh block printing,790,857.126,1.085
hakoba-hand-block-ajrakh-print-natural-dyed-cotton-fabric-72-2026-318-1-72_1.jpg,1431,ajrakh block printing,790,832.124,1.053
hakoba-hand-block-ajrakh-print-natural-dyed-cotton-fabric-70-2026-318-1-70_1.jpg,1431,ajrakh block printing,790,761.609,0.964
hakoba-hand-block-ajrakh-print-natural-dyed-cotton-fabric-66-2026-318-1-66_1.jpg,1431,ajrakh block printing,790,693.197,0.877
hakoba-hand-block-ajrakh-print-natural-dyed-cotton-fabric-65-2026-318-1-65_1.jpg,1431,ajrakh block printing,790,690.013,0.873
hakoba-hand-block-ajrakh-print-natural-dyed-cotton-fabric-64-2026-318-1-64_1.jpg,1431,ajrakh block printing,790,746.917,0.945
hakoba-hand-block-ajrakh-print-natural-dyed-cotton-fabric-53-2026-318-1-53_1.jpg,1431,ajrakh block printing,790,764.269,0.967
hakoba-hand-block-ajrakh-print-natural-dyed-cotton-fabric-44-2026-318-1-44_1.jpg,1431,ajrakh block printing,790,707.749,0.896
hakoba-hand-block-ajrakh-print-natural-dyed-cotton-fabric-42-2026-318-1-42_1.jpg,1431,ajrakh block printing,790,656.555,0.831
hakoba-hand-block-ajrakh-print-natural-dyed-cotton-fabric-23-2026-318-1-23_1.jpg,1431,ajrakh block printing,790,823.219,1.042
hakoba-hand-block-ajrakh-print-natural-dyed-cotton-fabric-19-2026-318-1-19_1.jpg,1431,ajrakh block printing,790,674.079,0.853
hakoba-hand-block-ajrakh-print-natural-dyed-cotton-fabric-18-2026-318-1-18_1.jpg,1431,ajrakh block printing,790,848.552,1.074
hakoba-hand-block-ajrakh-print-natural-dyed-cotton-fabric-17-2026-318-1-17_1.jpg,1431,ajrakh block printing,790,765.479,0.969
hakoba-hand-block-ajrakh-print-natural-dyed-cotton-fabric-14-2026-318-1-14_1.jpg,1431,ajrakh block printing,790,1018.259,1.289
hakoba-hand-block-ajrakh-print-natural-dyed-cotton-fabric-10-2026-318-1-10_1.jpg,1431,ajrakh block printing,790,596.078,0.755
hakoba-hand-block-ajrakh-print-natural-dyed-cotton-fabric-08-2026-318-1-8_1.jpg,1431,ajrakh block printing,790,829.204,1.05
hakoba-hand-block-ajrakh-print-natural-dyed-cotton-fabric-05-2026-318-1-5_1.jpg,1431,ajrakh block printing,790,654.856,0.829
hakoba-hand-block-ajrakh-print-natural-dyed-cotton-fabric-03-2026-318-1-3_1.jpg,1431,ajrakh block printing,790,595.448,0.754
hakoba-hand-block-ajrakh-print-natural-dyed-cotton-fabric-01-2026-318-1-1_1.jpg,1431,ajrakh block printing,790,588.895,0.745
khun-weave-silk-cotton-fabric-16-2026-293-1-16_1.jpg,1460,khun weaving,490,447.224,0.913
kota-doria-cotton-plain-fabric-01-2026-251-1-1_1.jpg,1465,kota doria weaving,290,468.063,1.614
kutch-hand-block-ajrakh-print-natural-dyed-cotton-fabric-26-2026-207-1-26_1.jpg,1431,ajrakh block printing,580,762.024,1.314
kutch-hand-block-ajrakh-print-natural-dyed-cotton-fabric-25-2026-207-1-25_1.jpg,1431,ajrakh block printing,580,754.648,1.301
kutch-hand-block-ajrakh-print-natural-dyed-cotton-fabric-24-2026-207-1-24_1.jpg,1431,ajrakh block printing,580,811.541,1.399
kutch-hand-block-ajrakh-print-natural-dyed-cotton-fabric-22-2026-207-1-22_1.jpg,1431,ajrakh block printing,580,838.895,1.446
kutch-hand-block-ajrakh-print-natural-dyed-cotton-fabric-21-2026-207-1-21_1.jpg,1431,ajrakh block printing,580,791.764,1.365
kutch-hand-block-ajrakh-print-natural-dyed-cotton-fabric-20-2026-207-1-20_1.jpg,1431,ajrakh block printing,580,792.16,1.366
kutch-hand-block-ajrakh-print-natural-dyed-cotton-fabric-18-2026-207-1-18_1.jpg,1431,ajrakh block printing,580,760.003,1.31
kutch-hand-block-ajrakh-print-natural-dyed-cotton-fabric-14-2026-207-1-14_1.jpg,1431,ajrakh block printing,580,850.28,1.466
kutch-hand-block-ajrakh-print-natural-dyed-cotton-fabric-13-2026-207-1-13_1.jpg,1431,ajrakh block printing,580,815.315,1.406
kutch-hand-block-ajrakh-print-natural-dyed-cotton-fabric-08-2026-207-1-8_1.jpg,1431,ajrakh block printing,580,745.452,1.285
kutch-hand-block-ajrakh-print-natural-dyed-cotton-fabric-07-2026-207-1-7_1.jpg,1431,ajrakh block printing,580,841.002,1.45
kutch-hand-block-ajrakh-print-natural-dyed-cotton-fabric-03-2026-207-1-3_1.jpg,1431,ajrakh block printing,580,799.677,1.379
hand-block-ajrakh-print-natural-dyed-pure-mul-cotton-fabric-06-2026-216-3-6_1.jpg,1431,ajrakh block printing,690,1014.601,1.47
hand-block-ajrakh-print-natural-dyed-pure-mul-cotton-fabric-11-2026-216-3-11_1.jpg,1431,ajrakh block printing,690,914.054,1.325
hand-block-ajrakh-print-natural-dyed-pure-mul-cotton-fabric-09-2026-216-3-9_1.jpg,1431,ajrakh block printing,690,784.594,1.137
hand-block-ajrakh-print-natural-dyed-pure-mul-cotton-fabric-08-2026-216-3-8_1.jpg,1431,ajrakh block printing,690,784.337,1.137
hand-block-ajrakh-print-natural-dyed-pure-mul-cotton-fabric-07-2026-216-3-7_1.jpg,1431,ajrakh block printing,690,778.348,1.128
hand-block-ajrakh-print-natural-dyed-pure-mul-cotton-fabric-05-2026-216-3-5_1.jpg,1431,ajrakh block printing,690,770.381,1.116
hand-block-ajrakh-print-natural-dyed-pure-mul-cotton-fabric-04-2026-216-3-4_1.jpg,1431,ajrakh block printing,690,849.146,1.231
hand-block-ajrakh-print-natural-dyed-pure-mul-cotton-fabric-03-2026-216-3-3_1.jpg,1431,ajrakh block printing,690,773.081,1.12
hand-block-ajrakh-print-natural-dyed-pure-mul-cotton-fabric-02-2026-216-3-2_1.jpg,1431,ajrakh block printing,690,783.966,1.136
kutch-hand-block-print-natural-dyed-cotton-ajrakh-fabric-28-2026-172-1-28_1.jpg,1431,ajrakh block printing,580,641.805,1.107
kutch-hand-block-print-natural-dyed-cotton-ajrakh-fabric-27-2026-172-1-27_1.jpg,1431,ajrakh block printing,580,636.455,1.097
kutch-hand-block-print-natural-dyed-cotton-ajrakh-fabric-26-2026-172-1-26_1.jpg,1431,ajrakh block printing,580,662.795,1.143
kutch-hand-block-print-natural-dyed-cotton-ajrakh-fabric-25-2026-172-1-25_1.jpg,1431,ajrakh block printing,580,653.067,1.126
kutch-hand-block-print-natural-dyed-cotton-ajrakh-fabric-24-2026-172-1-24_1.jpg,1431,ajrakh block printing,580,670.371,1.156
kutch-hand-block-print-natural-dyed-cotton-ajrakh-fabric-23-2026-172-1-23_1.jpg,1431,ajrakh block printing,580,675.119,1.164
kutch-hand-block-print-natural-dyed-cotton-ajrakh-fabric-22-2026-172-1-22_1.jpg,1431,ajrakh block printing,580,692.926,1.195
kutch-hand-block-print-natural-dyed-cotton-ajrakh-fabric-21-2026-172-1-21_1.jpg,1431,ajrakh block printing,580,619.393,1.068
kutch-hand-block-print-natural-dyed-cotton-ajrakh-fabric-19-2026-172-1-19_1.jpg,1431,ajrakh block printing,580,714.536,1.232
kutch-hand-block-print-natural-dyed-cotton-ajrakh-fabric-18-2026-172-1-18_1.jpg,1431,ajrakh block printing,580,671.623,1.158
kutch-hand-block-print-natural-dyed-cotton-ajrakh-fabric-17-2026-172-1-17_1.jpg,1431,ajrakh block printing,580,655.924,1.131
kutch-hand-block-print-natural-dyed-cotton-ajrakh-fabric-16-2026-172-1-16_1.jpg,1431,ajrakh block printing,580,648.2,1.118
kutch-hand-block-print-natural-dyed-cotton-ajrakh-fabric-15-2026-172-1-15_1.jpg,1431,ajrakh block printing,580,699.716,1.206
kutch-hand-block-print-natural-dyed-cotton-ajrakh-fabric-14-2026-172-1-14_1.jpg,1431,ajrakh block printing,580,646.998,1.116
kutch-hand-block-print-natural-dyed-cotton-ajrakh-fabric-13-2026-172-1-13_1.jpg,1431,ajrakh block printing,580,665.223,1.147
kutch-hand-block-print-natural-dyed-cotton-ajrakh-fabric-12-2026-172-1-12_1.jpg,1431,ajrakh block printing,580,683.694,1.179
kutch-hand-block-print-natural-dyed-cotton-ajrakh-fabric-11-2026-172-1-11_1.jpg,1431,ajrakh block printing,580,691.004,1.191
kutch-hand-block-print-natural-dyed-cotton-ajrakh-fabric-10-2026-172-1-10_1.jpg,1431,ajrakh block printing,580,663.609,1.144
kutch-hand-block-print-natural-dyed-cotton-ajrakh-fabric-09-2026-172-1-9_1.jpg,1431,ajrakh block printing,580,638.383,1.101
kutch-hand-block-print-natural-dyed-cotton-ajrakh-fabric-08-2026-172-1-8_1.jpg,1431,ajrakh block printing,580,638.293,1.101
kutch-hand-block-print-natural-dyed-cotton-ajrakh-fabric-05-2026-172-1-5_1.jpg,1431,ajrakh block printing,580,642.435,1.108
kutch-hand-block-print-natural-dyed-cotton-ajrakh-fabric-03-2026-172-1-3_1.jpg,1431,ajrakh block printing,580,681.02,1.174
leheriya-tie-dye-cotton-fabric-15-2026-190-1-15_1.jpg,1509,lehariya tie dye,490,582.606,1.189
leheriya-tie-dye-cotton-fabric-14-2026-190-1-14_1.jpg,1509,lehariya tie dye,490,555.581,1.134
leheriya-tie-dye-cotton-fabric-13-2026-190-1-13_1.jpg,1509,lehariya tie dye,490,568.206,1.16
leheriya-tie-dye-cotton-fabric-12-2026-190-1-12_1.jpg,1509,lehariya tie dye,490,550.083,1.123
leheriya-tie-dye-cotton-fabric-11-2026-190-1-11_1.jpg,1509,lehariya tie dye,490,586.782,1.198
leheriya-tie-dye-cotton-fabric-09-2026-190-1-9_1.jpg,1509,lehariya tie dye,490,557.854,1.138
leheriya-tie-dye-cotton-fabric-08-2026-190-1-8_1.jpg,1509,lehariya tie dye,490,561.007,1.145
leheriya-tie-dye-cotton-fabric-07-2026-190-1-7_1.jpg,1509,lehariya tie dye,490,565.514,1.154
leheriya-tie-dye-cotton-fabric-06-2026-190-1-6_1.jpg,1509,lehariya tie dye,490,577.753,1.179
leheriya-tie-dye-cotton-fabric-05-2026-190-1-5_1.jpg,1509,lehariya tie dye,490,541.25,1.105
leheriya-tie-dye-cotton-fabric-04-2026-190-1-4_1.jpg,1509,lehariya tie dye,490,557.819,1.138
leheriya-tie-dye-cotton-fabric-03-2026-190-1-3_1.jpg,1509,lehariya tie dye,490,558.345,1.139
leheriya-tie-dye-cotton-fabric-02-2026-190-1-2_1.jpg,1509,lehariya tie dye,490,562.976,1.149
hand-block-ajrakh-print-natural-dyed-pure-mul-cotton-fabric-01-2026-216-3-1_1.jpg,1431,ajrakh block printing,690,755.334,1.095
kutch-hand-block-ajrakh-print-natural-dyed-cotton-fabric-01-2026-207-1-1_1.jpg,1431,ajrakh block printing,580,810.17,1.397
leheriya-tie-dye-cotton-fabric-01-2026-190-1-1_1.jpg,1509,lehariya tie dye,490,560.72,1.144
authentic-kutch-hand-block-batik-print-pure-handwoven-natural-dyed-kala-cotton-fabric-70-2026-213-1-70_1.jpg,1529,batik block printing,1290,1246.521,0.966
authentic-kutch-hand-block-batik-print-pure-handwoven-natural-dyed-kala-cotton-fabric-69-2026-213-1-69_1.jpg,1529,batik block printing,1290,1247.23,0.967
authentic-kutch-hand-block-batik-print-pure-handwoven-natural-dyed-kala-cotton-fabric-61-2026-213-1-61_1.jpg,1529,batik block printing,1290,1197.897,0.929
authentic-kutch-hand-block-batik-print-pure-handwoven-natural-dyed-kala-cotton-fabric-60-2026-213-1-60_1.jpg,1529,batik block printing,1290,1238.957,0.96
authentic-kutch-hand-block-batik-print-pure-handwoven-natural-dyed-kala-cotton-fabric-59-2026-213-1-59_1.jpg,1529,batik block printing,1290,1013.853,0.786
authentic-kutch-hand-block-batik-print-pure-handwoven-natural-dyed-kala-cotton-fabric-57-2026-213-1-57_1.jpg,1529,batik block printing,1290,1307.574,1.014
authentic-kutch-hand-block-batik-print-pure-handwoven-natural-dyed-kala-cotton-fabric-56-2026-213-1-56_1.jpg,1529,batik block printing,1290,1260.608,0.977
authentic-kutch-hand-block-batik-print-pure-handwoven-natural-dyed-kala-cotton-fabric-51-2026-213-1-51_1.jpg,1529,batik block printing,1290,1180.274,0.915
authentic-kutch-hand-block-batik-print-pure-handwoven-natural-dyed-kala-cotton-fabric-50-2026-213-1-50_1.jpg,1529,batik block printing,1290,1211.054,0.939
authentic-kutch-hand-block-batik-print-pure-handwoven-natural-dyed-kala-cotton-fabric-46-2026-213-1-46_1.jpg,1529,batik block printing,1290,1302.407,1.01
authentic-kutch-hand-block-batik-print-pure-handwoven-natural-dyed-kala-cotton-fabric-44-2026-213-1-44_1.jpg,1529,batik block printing,1290,1204.495,0.934
authentic-kutch-hand-block-batik-print-pure-handwoven-natural-dyed-kala-cotton-fabric-43-2026-213-1-43_1.jpg,1529,batik block printing,1290,1302.068,1.009
authentic-kutch-hand-block-batik-print-pure-handwoven-natural-dyed-kala-cotton-fabric-42-2026-213-1-42_1.jpg,1529,batik block printing,1290,1281.371,0.993
authentic-kutch-hand-block-batik-print-pure-handwoven-natural-dyed-kala-cotton-fabric-41-2026-213-1-41_1.jpg,1529,batik block printing,1290,1079.485,0.837
authentic-kutch-hand-block-batik-print-pure-handwoven-natural-dyed-kala-cotton-fabric-36-2026-213-1-36_1.jpg,1529,batik block printing,1290,1125.92,0.873
authentic-kutch-hand-block-batik-print-pure-handwoven-natural-dyed-kala-cotton-fabric-35-2026-213-1-35_1.jpg,1529,batik block printing,1290,1120.772,0.869
authentic-kutch-hand-block-batik-print-pure-handwoven-natural-dyed-kala-cotton-fabric-34-2026-213-1-34_1.jpg,1529,batik block printing,1290,1095.857,0.85
authentic-kutch-hand-block-batik-print-pure-handwoven-natural-dyed-kala-cotton-fabric-33-2026-213-1-33_1.jpg,1529,batik block printing,1290,1100.245,0.853
authentic-kutch-hand-block-batik-print-pure-handwoven-natural-dyed-kala-cotton-fabric-32-2026-213-1-32_1.jpg,1529,batik block printing,1290,1161.288,0.9
authentic-kutch-hand-block-batik-print-pure-handwoven-natural-dyed-kala-cotton-fabric-31-2026-213-1-31_1.jpg,1529,batik block printing,1290,1305.571,1.012
authentic-kutch-hand-block-batik-print-pure-handwoven-natural-dyed-kala-cotton-fabric-30-2026-213-1-30_1.jpg,1529,batik block printing,1290,1072.841,0.832
authentic-kutch-hand-block-batik-print-pure-handwoven-natural-dyed-kala-cotton-fabric-29-2026-213-1-29_1.jpg,1529,batik block printing,1290,1174.819,0.911
authentic-kutch-hand-block-batik-print-pure-handwoven-natural-dyed-kala-cotton-fabric-28-2026-213-1-28_1.jpg,1529,batik block printing,1290,1208.647,0.937
authentic-kutch-hand-block-batik-print-pure-handwoven-natural-dyed-kala-cotton-fabric-27-2026-213-1-27_1.jpg,1529,batik block printing,1290,1142.833,0.886
authentic-kutch-hand-block-batik-print-pure-handwoven-natural-dyed-kala-cotton-fabric-26-2026-213-1-26_1.jpg,1529,batik block printing,1290,1276.039,0.989
authentic-kutch-hand-block-batik-print-pure-handwoven-natural-dyed-kala-cotton-fabric-24-2026-213-1-24_1.jpg,1529,batik block printing,1290,1158.276,0.898
authentic-kutch-hand-block-batik-print-pure-handwoven-natural-dyed-kala-cotton-fabric-22-2026-213-1-22_1.jpg,1529,batik block printing,1290,1217.94,0.944
authentic-kutch-hand-block-batik-print-pure-handwoven-natural-dyed-kala-cotton-fabric-21-2026-213-1-21_1.jpg,1529,batik block printing,1290,1237.908,0.96
authentic-kutch-hand-block-batik-print-pure-handwoven-natural-dyed-kala-cotton-fabric-20-2026-213-1-20_1.jpg,1529,batik block printing,1290,1137.797,0.882
authentic-kutch-hand-block-batik-print-pure-handwoven-natural-dyed-kala-cotton-fabric-19-2026-213-1-19_1.jpg,1529,batik block printing,1290,1140.466,0.884
authentic-kutch-hand-block-batik-print-pure-handwoven-natural-dyed-kala-cotton-fabric-17-2026-213-1-17_1.jpg,1529,batik block printing,1290,1281.973,0.994
authentic-kutch-hand-block-batik-print-pure-handwoven-natural-dyed-kala-cotton-fabric-16-2026-213-1-16_1.jpg,1529,batik block printing,1290,1109.317,0.86
authentic-kutch-hand-block-batik-print-pure-handwoven-natural-dyed-kala-cotton-fabric-15-2026-213-1-15_1.jpg,1529,batik block printing,1290,1200.333,0.93
authentic-kutch-hand-block-batik-print-pure-handwoven-natural-dyed-kala-cotton-fabric-12-2026-213-1-12_1.jpg,1529,batik block printing,1290,1190.518,0.923
authentic-kutch-hand-block-batik-print-pure-handwoven-natural-dyed-kala-cotton-fabric-11-2026-213-1-11_1.jpg,1529,batik block printing,1290,1130.693,0.877
authentic-kutch-hand-block-batik-print-pure-handwoven-natural-dyed-kala-cotton-fabric-10-2026-213-1-10_1.jpg,1529,batik block printing,1290,1218.517,0.945
authentic-kutch-hand-block-batik-print-pure-handwoven-natural-dyed-kala-cotton-fabric-09-2026-213-1-9_1.jpg,1529,batik block printing,1290,1049.656,0.814
authentic-kutch-hand-block-batik-print-pure-handwoven-natural-dyed-kala-cotton-fabric-04-2026-213-1-4_1.jpg,1529,batik block printing,1290,1185.638,0.919
authentic-kutch-hand-block-batik-print-pure-handwoven-natural-dyed-kala-cotton-fabric-02-2026-213-1-2_1.jpg,1529,batik block printing,1290,1172.297,0.909
kota-doria-cotton-plain-fabric-23-2026-160-1-23_1.jpg,1465,kota doria weaving,290,491.346,1.694
kota-doria-cotton-plain-fabric-22-2026-160-1-22_1.jpg,1465,kota doria weaving,290,483.262,1.666
kota-doria-cotton-plain-fabric-21-2026-160-1-21_1.jpg,1465,kota doria weaving,290,496.703,1.713
kota-doria-cotton-plain-fabric-20-2026-160-1-20_1.jpg,1465,kota doria weaving,290,438.135,1.511
kota-doria-cotton-plain-fabric-19-2026-160-1-19_1.jpg,1465,kota doria weaving,290,480.045,1.655
kota-doria-cotton-plain-fabric-17-2026-160-1-17_1.jpg,1465,kota doria weaving,290,450.551,1.554
kota-doria-cotton-plain-fabric-15-2026-160-1-15_1.jpg,1465,kota doria weaving,290,470.816,1.624
kota-doria-cotton-plain-fabric-14-2026-160-1-14_1.jpg,1465,kota doria weaving,290,465.029,1.604
hakoba-hand-block-ajrakh-print-natural-dyed-cotton-fabric-104-2026-149-1-104_1.jpg,1431,ajrakh block printing,790,688.607,0.872
hakoba-hand-block-ajrakh-print-natural-dyed-cotton-fabric-100-2026-149-1-100_1.jpg,1431,ajrakh block printing,790,728.295,0.922
hakoba-hand-block-ajrakh-print-natural-dyed-cotton-fabric-89-2026-149-1-89_1.jpg,1431,ajrakh block printing,790,597.263,0.756
hakoba-hand-block-ajrakh-print-natural-dyed-cotton-fabric-87-2026-149-1-87_1.jpg,1431,ajrakh block printing,790,658.646,0.834
hakoba-hand-block-ajrakh-print-natural-dyed-cotton-fabric-86-2026-149-1-86_1.jpg,1431,ajrakh block printing,790,687.77,0.871
hakoba-hand-block-ajrakh-print-natural-dyed-cotton-fabric-85-2026-149-1-85_1.jpg,1431,ajrakh block printing,790,689.41,0.873
hakoba-hand-block-ajrakh-print-natural-dyed-cotton-fabric-83-2026-149-1-83_1.jpg,1431,ajrakh block printing,790,673.754,0.853
hakoba-hand-block-ajrakh-print-natural-dyed-cotton-fabric-81-2026-149-1-81_1.jpg,1431,ajrakh block printing,790,624.491,0.79
hakoba-hand-block-ajrakh-print-natural-dyed-cotton-fabric-80-2026-149-1-80_1.jpg,1431,ajrakh block printing,790,608.911,0.771
hakoba-hand-block-ajrakh-print-natural-dyed-cotton-fabric-76-2026-149-1-76_1.jpg,1431,ajrakh block printing,790,722.689,0.915
hakoba-hand-block-ajrakh-print-natural-dyed-cotton-fabric-75-2026-149-1-75_1.jpg,1431,ajrakh block printing,790,659.172,0.834
hakoba-hand-block-ajrakh-print-natural-dyed-cotton-fabric-74-2026-149-1-74_1.jpg,1431,ajrakh block printing,790,580.082,0.734
hakoba-hand-block-ajrakh-print-natural-dyed-cotton-fabric-73-2026-149-1-73_1.jpg,1431,ajrakh block printing,790,695.17,0.88
hakoba-hand-block-ajrakh-print-natural-dyed-cotton-fabric-71-2026-149-1-71_1.jpg,1431,ajrakh block printing,790,632.023,0.8
hakoba-hand-block-ajrakh-print-natural-dyed-cotton-fabric-69-2026-149-1-69_1.jpg,1431,ajrakh block printing,790,741.839,0.939
hakoba-hand-block-ajrakh-print-natural-dyed-cotton-fabric-60-2026-149-1-60_1.jpg,1431,ajrakh block printing,790,735.568,0.931
hakoba-hand-block-ajrakh-print-natural-dyed-cotton-fabric-58-2026-149-1-58_1.jpg,1431,ajrakh block printing,790,681.601,0.863
hakoba-hand-block-ajrakh-print-natural-dyed-cotton-fabric-57-2026-149-1-57_1.jpg,1431,ajrakh block printing,790,703.074,0.89
hakoba-hand-block-ajrakh-print-natural-dyed-cotton-fabric-56-2026-149-1-56_1.jpg,1431,ajrakh block printing,790,686.1,0.868
hakoba-hand-block-ajrakh-print-natural-dyed-cotton-fabric-53-2026-149-1-53_1.jpg,1431,ajrakh block printing,790,719.425,0.911
hakoba-hand-block-ajrakh-print-natural-dyed-cotton-fabric-52-2026-149-1-52_1.jpg,1431,ajrakh block printing,790,778.385,0.985
hakoba-hand-block-ajrakh-print-natural-dyed-cotton-fabric-51-2026-149-1-51_1.jpg,1431,ajrakh block printing,790,807.836,1.023
hakoba-hand-block-ajrakh-print-natural-dyed-cotton-fabric-50-2026-149-1-50_1.jpg,1431,ajrakh block printing,790,733.63,0.929
hakoba-hand-block-ajrakh-print-natural-dyed-cotton-fabric-49-2026-149-1-49_1.jpg,1431,ajrakh block printing,790,710.741,0.9
hakoba-hand-block-ajrakh-print-natural-dyed-cotton-fabric-48-2026-149-1-48_1.jpg,1431,ajrakh block printing,790,746.657,0.945
hakoba-hand-block-ajrakh-print-natural-dyed-cotton-fabric-46-2026-149-1-46_1.jpg,1431,ajrakh block printing,790,740.143,0.937
hakoba-hand-block-ajrakh-print-natural-dyed-cotton-fabric-45-2026-149-1-45_1.jpg,1431,ajrakh block printing,790,698.408,0.884
hakoba-hand-block-ajrakh-print-natural-dyed-cotton-fabric-31-2026-149-1-31_1.jpg,1431,ajrakh block printing,790,744.916,0.943
hakoba-hand-block-ajrakh-print-natural-dyed-cotton-fabric-26-2026-149-1-26_1.jpg,1431,ajrakh block printing,790,620.321,0.785
kutch-hand-block-ajrakh-print-natural-dyed-cotton-fabric-52-2026-146-1-52_1.jpg,1431,ajrakh block printing,580,779.465,1.344
kutch-hand-block-ajrakh-print-natural-dyed-cotton-fabric-48-2026-146-1-48_1.jpg,1431,ajrakh block printing,580,769.108,1.326
kutch-hand-block-ajrakh-print-natural-dyed-cotton-fabric-47-2026-146-1-47_1.jpg,1431,ajrakh block printing,580,756.247,1.304
kutch-hand-block-ajrakh-print-natural-dyed-cotton-fabric-44-2026-146-1-44_1.jpg,1431,ajrakh block printing,580,697.985,1.203
kutch-hand-block-ajrakh-print-natural-dyed-cotton-fabric-42-2026-146-1-42_1.jpg,1431,ajrakh block printing,580,717.708,1.237
kutch-hand-block-ajrakh-print-natural-dyed-cotton-fabric-40-2026-146-1-40_1.jpg,1431,ajrakh block printing,580,681.215,1.175
kutch-hand-block-ajrakh-print-natural-dyed-cotton-fabric-39-2026-146-1-39_1.jpg,1431,ajrakh block printing,580,719.377,1.24
kutch-hand-block-ajrakh-print-natural-dyed-cotton-fabric-38-2026-146-1-38_1.jpg,1431,ajrakh block printing,580,714.984,1.233
kutch-hand-block-ajrakh-print-natural-dyed-cotton-fabric-37-2026-146-1-37_1.jpg,1431,ajrakh block printing,580,738.773,1.274
kutch-hand-block-ajrakh-print-natural-dyed-cotton-fabric-36-2026-146-1-36_1.jpg,1431,ajrakh block printing,580,748.33,1.29
kutch-hand-block-ajrakh-print-natural-dyed-cotton-fabric-35-2026-146-1-35_1.jpg,1431,ajrakh block printing,580,743.077,1.281
kutch-hand-block-ajrakh-print-natural-dyed-cotton-fabric-32-2026-146-1-32_1.jpg,1431,ajrakh block printing,580,734.951,1.267
kutch-hand-block-ajrakh-print-natural-dyed-cotton-fabric-28-2026-146-1-28_1.jpg,1431,ajrakh block printing,580,769.93,1.327
kutch-hand-block-ajrakh-print-natural-dyed-cotton-fabric-27-2026-146-1-27_1.jpg,1431,ajrakh block printing,580,751.936,1.296
kutch-hand-block-ajrakh-print-natural-dyed-cotton-fabric-26-2026-146-1-26_1.jpg,1431,ajrakh block printing,580,698.766,1.205
kutch-hand-block-ajrakh-print-natural-dyed-cotton-fabric-25-2026-146-1-25_1.jpg,1431,ajrakh block printing,580,760.406,1.311
kutch-hand-block-ajrakh-print-natural-dyed-cotton-fabric-24-2026-146-1-24_1.jpg,1431,ajrakh block printing,580,739.497,1.275
kutch-hand-block-ajrakh-print-natural-dyed-cotton-fabric-21-2026-146-1-21_1.jpg,1431,ajrakh block printing,580,740.389,1.277
kutch-hand-block-ajrakh-print-natural-dyed-cotton-fabric-20-2026-146-1-20_1.jpg,1431,ajrakh block printing,580,764.562,1.318
kutch-hand-block-ajrakh-print-natural-dyed-cotton-fabric-19-2026-146-1-19_1.jpg,1431,ajrakh block printing,580,746.774,1.288
kutch-hand-block-ajrakh-print-natural-dyed-cotton-fabric-18-2026-146-1-18_1.jpg,1431,ajrakh block printing,580,709.014,1.222
kutch-hand-block-ajrakh-print-natural-dyed-cotton-fabric-17-2026-146-1-17_1.jpg,1431,ajrakh block printing,580,744.581,1.284
kutch-hand-block-ajrakh-print-natural-dyed-cotton-fabric-16-2026-146-1-16_1.jpg,1431,ajrakh block printing,580,719.417,1.24
kutch-hand-block-ajrakh-print-natural-dyed-cotton-fabric-13-2026-146-1-13_1.jpg,1431,ajrakh block printing,580,686.212,1.183
kutch-hand-block-ajrakh-print-natural-dyed-cotton-fabric-12-2026-146-1-12_1.jpg,1431,ajrakh block printing,580,765.121,1.319
kutch-hand-block-ajrakh-print-natural-dyed-cotton-fabric-11-2026-146-1-11_1.jpg,1431,ajrakh block printing,580,734.03,1.266
kutch-hand-block-ajrakh-print-natural-dyed-cotton-fabric-10-2026-146-1-10_1.jpg,1431,ajrakh block printing,580,733.294,1.264
kutch-hand-block-ajrakh-print-natural-dyed-cotton-fabric-09-2026-146-1-9_1.jpg,1431,ajrakh block printing,580,741.514,1.278
kutch-hand-block-ajrakh-print-natural-dyed-cotton-fabric-08-2026-146-1-8_1.jpg,1431,ajrakh block printing,580,696.591,1.201
kutch-hand-block-ajrakh-print-natural-dyed-cotton-fabric-07-2026-146-1-7_1.jpg,1431,ajrakh block printing,580,746.042,1.286
kutch-hand-block-ajrakh-print-natural-dyed-cotton-fabric-05-2026-146-1-5_1.jpg,1431,ajrakh block printing,580,733.332,1.264
kutch-hand-block-ajrakh-print-natural-dyed-cotton-fabric-04-2026-146-1-4_1.jpg,1431,ajrakh block printing,580,716.002,1.234
kutch-hand-block-ajrakh-print-natural-dyed-cotton-fabric-3-2026-146-1-3_1.jpg,1431,ajrakh block printing,580,672.792,1.16
kutch-hand-block-ajrakh-print-natural-dyed-cotton-fabric-02-2026-146-1-2_1.jpg,1431,ajrakh block printing,580,740.536,1.277
pochampally-double-ikat-handloom-cotton-fabric-20-2026-168-1-20_1.jpg,1536,pochampally ikat weaving,2290,1672.26,0.73
pochampally-double-ikat-handloom-cotton-fabric-19-2026-168-1-19_1.jpg,1536,pochampally ikat weaving,1990,1680.308,0.844
pochampally-double-ikat-handloom-cotton-fabric-18-2026-168-1-18_1.jpg,1536,pochampally ikat weaving,1690,1983.062,1.173
pochampally-double-ikat-handloom-cotton-fabric-17-2026-168-1-17_1.jpg,1536,pochampally ikat weaving,1690,1651.714,0.977
pochampally-double-ikat-handloom-cotton-fabric-16-2026-168-1-16_1.jpg,1536,pochampally ikat weaving,1690,1634.501,0.967
pochampally-double-ikat-handloom-cotton-fabric-15-2026-168-1-15_1.jpg,1536,pochampally ikat weaving,1690,1963.054,1.162
kutch-hand-block-ajrakh-print-natural-dyed-cotton-fabric-01-2026-146-1-1_1.jpg,1431,ajrakh block printing,580,759.305,1.309
pochampally-double-ikat-handloom-cotton-fabric-14-2026-168-1-14_1.jpg,1536,pochampally ikat weaving,1690,1689.204,1.0
jhiri-pure-handloom-plain-cotton-fabric-22-2026-120-1-22_1.jpg,1471,plain solid,520,514.507,0.989
jhiri-pure-handloom-plain-cotton-fabric-21-2026-120-1-21_1.jpg,1471,plain solid,520,542.774,1.044
jhiri-pure-handloom-plain-cotton-fabric-20-2026-120-1-21_1.jpg,1471,plain solid,520,523.393,1.007
jhiri-pure-handloom-stripes-cotton-fabric-18-2026-120-1-18_1.jpg,1471,plain solid,550,515.832,0.938
jhiri-pure-handloom-stripes-cotton-fabric-17-2026-120-1-17_1.jpg,1471,plain solid,550,535.922,0.974
jhiri-pure-handloom-stripes-cotton-fabric-16-2026-120-1-16_1.jpg,1471,plain solid,550,530.03,0.964
jhiri-pure-handloom-stripes-cotton-fabric-15-2026-120-1-15_1.jpg,1471,plain solid,550,518.468,0.943
jhiri-pure-handloom-stripes-cotton-fabric-14-2026-120-1-14_1.jpg,1471,plain solid,550,528.678,0.961
jhiri-pure-handloom-stripes-cotton-fabric-13-2026-120-1-13_1.jpg,1471,plain solid,550,521.415,0.948
jhiri-pure-handloom-stripes-cotton-fabric-12-2026-120-1-12_1.jpg,1471,plain solid,550,529.617,0.963
jhiri-pure-handloom-stripes-cotton-fabric-11-2026-120-1-11_1.jpg,1471,plain solid,550,515.373,0.937
jhiri-pure-handloom-stripes-cotton-fabric-10-2026-120-1-10_1.jpg,1471,plain solid,550,528.827,0.962
jhiri-pure-handloom-stripes-cotton-fabric-09-2026-120-1-9_1.jpg,1471,plain solid,550,535.1,0.973
jhiri-pure-handloom-stripes-cotton-fabric-08-2026-120-1-8_1.jpg,1471,plain solid,550,511.217,0.929
jhiri-pure-handloom-stripes-cotton-fabric-07-2026-120-1-7_1.jpg,1471,plain solid,550,534.049,0.971
jhiri-pure-handloom-stripes-cotton-fabric-06-2026-120-1-6_1.jpg,1471,plain solid,550,534.666,0.972
jhiri-pure-handloom-stripes-cotton-fabric-05-2026-120-1-5_1.jpg,1471,plain solid,550,506.913,0.922
jhiri-pure-handloom-stripes-cotton-fabric-04-2026-120-1-4_1.jpg,1471,plain solid,550,510.862,0.929
jhiri-pure-handloom-stripes-cotton-fabric-03-2026-120-1-3_1.jpg,1471,plain solid,550,506.411,0.921
jhiri-pure-handloom-stripes-cotton-fabric-02-2026-120-1-2_1.jpg,1471,plain solid,550,524.128,0.953
akola-hand-block-print-slub-cotton-fabric-28-2026-138-1-28_1.jpg,1443,akola block printing,620,468.506,0.756
akola-hand-block-print-slub-cotton-fabric-24-2026-138-1-24_1.jpg,1443,akola block printing,620,455.282,0.734
akola-hand-block-print-slub-cotton-fabric-22-2026-138-1-22_1.jpg,1443,akola block printing,620,422.346,0.681
akola-hand-block-print-slub-cotton-fabric-20-2026-138-1-20_1.jpg,1443,akola block printing,620,366.023,0.59
akola-hand-block-print-slub-cotton-fabric-19-2026-138-1-19_1.jpg,1443,akola block printing,620,401.226,0.647
akola-hand-block-print-slub-cotton-fabric-18-2026-138-1-18_1.jpg,1443,akola block printing,620,409.293,0.66
akola-hand-block-print-slub-cotton-fabric-17-2026-138-1-17_1.jpg,1443,akola block printing,620,357.472,0.577
akola-hand-block-print-slub-cotton-fabric-16-2026-138-1-16_1.jpg,1443,akola block printing,620,400.308,0.646
akola-hand-block-print-slub-cotton-fabric-15-2026-138-1-15_1.jpg,1443,akola block printing,620,392.788,0.634
akola-hand-block-print-slub-cotton-fabric-21-2026-138-1-21_1.jpg,1443,akola block printing,620,455.351,0.734
akola-hand-block-print-slub-cotton-fabric-11-2026-138-1-11_1.jpg,1443,akola block printing,620,402.891,0.65
akola-hand-block-print-slub-cotton-fabric-10-2026-138-1-10_1.jpg,1443,akola block printing,620,388.344,0.626
akola-hand-block-print-slub-cotton-fabric-09-2026-138-1-9_1.jpg,1443,akola block printing,620,384.754,0.621
akola-hand-block-print-slub-cotton-fabric-08-2026-138-1-8_1.jpg,1443,akola block printing,620,368.69,0.595
akola-hand-block-print-slub-cotton-fabric-05-2026-138-1-5_1.jpg,1443,akola block printing,620,388.006,0.626
akola-hand-block-print-slub-cotton-fabric-04-2026-138-1-4_1.jpg,1443,akola block printing,620,398.762,0.643
akola-hand-block-print-slub-cotton-fabric-02-2026-138-1-2_1.jpg,1443,akola block printing,620,399.535,0.644
akola-hand-block-print-slub-cotton-fabric-01-2026-138-1-1_1.jpg,1443,akola block printing,620,394.168,0.636
sanganeri-hand-block-mughal-butta-print-kota-doria-cotton-fabric-20-2026-131-1-20_1.jpg,1541,sanganeri block printing,590,667.836,1.132
sanganeri-hand-block-mughal-butta-print-kota-doria-cotton-fabric-19-2026-131-1-19_1.jpg,1541,sanganeri block printing,590,667.538,1.131
sanganeri-hand-block-mughal-butta-print-kota-doria-cotton-fabric-18-2026-131-1-18_1.jpg,1541,sanganeri block printing,590,703.792,1.193
sanganeri-hand-block-mughal-butta-print-kota-doria-cotton-fabric-17-2026-131-1-17_1.jpg,1541,sanganeri block printing,590,734.938,1.246
sanganeri-hand-block-mughal-butta-print-kota-doria-cotton-fabric-16-2026-131-1-16_1.jpg,1541,sanganeri block printing,590,771.772,1.308
sanganeri-hand-block-mughal-butta-print-kota-doria-cotton-fabric-15-2026-131-1-15_1.jpg,1541,sanganeri block printing,590,767.176,1.3
sanganeri-hand-block-mughal-butta-print-kota-doria-cotton-fabric-14-2026-131-1-14_1.jpg,1541,sanganeri block printing,590,702.992,1.192
sanganeri-hand-block-mughal-butta-print-kota-doria-cotton-fabric-13-2026-131-1-13_1.jpg,1541,sanganeri block printing,590,748.993,1.269
sanganeri-hand-block-mughal-butta-print-kota-doria-cotton-fabric-12-2026-131-1-12_1.jpg,1541,sanganeri block printing,590,746.464,1.265
sanganeri-hand-block-mughal-butta-print-kota-doria-cotton-fabric-11-2026-131-1-11_1.jpg,1541,sanganeri block printing,590,717.368,1.216
bagh-hand-block-print-natural-dyed-cotton-fabric-11-2026-132-1-11_1.jpg,1543,bagh block printing,490,693.388,1.415
bagh-hand-block-print-natural-dyed-cotton-fabric-10-2026-132-1-10_1.jpg,1543,bagh block printing,490,706.952,1.443
bagh-hand-block-print-natural-dyed-cotton-fabric-09-2026-132-1-9_1.jpg,1543,bagh block printing,490,748.671,1.528
bagh-hand-block-print-natural-dyed-cotton-fabric-08-2026-132-1-8_1.jpg,1543,bagh block printing,490,751.263,1.533
jhiri-pure-handloom-plain-cotton-fabric-19-2026-115-1-19_1.jpg,1471,plain solid,520,540.8,1.04
sanganeri-hand-block-mughal-butta-print-kota-doria-cotton-fabric-10-2026-131-1-10_1.jpg,1541,sanganeri block printing,590,718.881,1.218
bagh-hand-block-print-pure-mul-cotton-natural-dyed-fabric-08-2026-022-1-8_1.jpg,1544,bagh block printing,690,801.148,1.161
bagh-hand-block-indigo-print-pure-mul-cotton-natural-dyed-fabric-09-2026-022-1-9_1.jpg,1544,bagh block printing,690,813.472,1.179
bagh-hand-block-indigo-print-pure-mul-cotton-natural-dyed-fabric-02-2026-022-1-2_1.jpg,1544,bagh block printing,690,797.678,1.156
slub-silk-plain-fabric-02-2026-025-1-2_1.jpg,1546,plain solid,290,411.914,1.42
slub-silk-plain-fabric-14-2026-025-1-14_1.jpg,1546,plain solid,290,426.284,1.47
slub-silk-plain-fabric-13-2026-025-1-13_1.jpg,1546,plain solid,290,414.398,1.429
sanganeri-hand-block-mughal-butta-print-pure-cotton-fabric-21-2026-090-1-21_1.jpg,1547,sanganeri block printing,390,451.005,1.156
hakoba-hand-block-ajrakh-print-natural-dyed-cotton-fabric-102-2026-081-1-102_1.jpg,1431,ajrakh block printing,790,737.691,0.934
hakoba-hand-block-ajrakh-print-natural-dyed-cotton-fabric-98-2026-081-1-98_1.jpg,1431,ajrakh block printing,790,704.859,0.892
hakoba-hand-block-ajrakh-print-natural-dyed-cotton-fabric-96-2026-081-1-96_1.jpg,1431,ajrakh block printing,790,733.907,0.929
hakoba-hand-block-ajrakh-print-natural-dyed-cotton-fabric-91-2026-081-1-91_1.jpg,1431,ajrakh block printing,790,715.482,0.906
hakoba-hand-block-ajrakh-print-natural-dyed-cotton-fabric-89-2026-081-1-89_1.jpg,1431,ajrakh block printing,790,770.508,0.975
hakoba-hand-block-ajrakh-print-natural-dyed-cotton-fabric-87-2026-081-1-87_1.jpg,1431,ajrakh block printing,790,758.429,0.96
hakoba-hand-block-ajrakh-print-natural-dyed-cotton-fabric-84-2026-081-1-84_1.jpg,1431,ajrakh block printing,790,720.381,0.912
hakoba-hand-block-ajrakh-print-natural-dyed-cotton-fabric-83-2026-081-1-83_1.jpg,1431,ajrakh block printing,790,679.546,0.86
hakoba-hand-block-ajrakh-print-natural-dyed-cotton-fabric-81-2026-081-1-81_1.jpg,1431,ajrakh block printing,790,784.388,0.993
hakoba-hand-block-ajrakh-print-natural-dyed-cotton-fabric-78-2026-081-1-78_1.jpg,1431,ajrakh block printing,790,753.004,0.953
hakoba-hand-block-ajrakh-print-natural-dyed-cotton-fabric-23-2026-081-1-23_1.jpg,1431,ajrakh block printing,790,858.018,1.086
hakoba-hand-block-ajrakh-print-natural-dyed-cotton-fabric-17-2026-081-1-17_1.jpg,1431,ajrakh block printing,790,845.34,1.07
hakoba-hand-block-ajrakh-print-natural-dyed-cotton-fabric-04-2026-081-1-4_1.jpg,1431,ajrakh block printing,790,735.134,0.931
kutch-hand-block-print-natural-dyed-cotton-ajrakh-fabric-19-2025-1876-1-19_1.jpg,1431,ajrakh block printing,580,688.272,1.187
kutch-hand-block-print-natural-dyed-cotton-ajrakh-fabric-40-2025-1876-1-40_1.jpg,1431,ajrakh block printing,580,724.78,1.25
hakoba-hand-block-ajrakh-print-natural-dyed-cotton-fabric-01-2026-081-1-2_1.jpg,1431,ajrakh block printing,790,826.489,1.046
kota-doria-cotton-bandhani-tie-dye-fabric-22-2026-060-1-22_1.jpg,1554,bandhani tie dye,620,795.935,1.284
kota-doria-cotton-bandhani-tie-dye-fabric-21-2026-060-1-21_1.jpg,1554,bandhani tie dye,620,824.716,1.33
kota-doria-cotton-bandhani-tie-dye-fabric-20-2026-060-1-20_1.jpg,1554,bandhani tie dye,620,752.015,1.213
kota-doria-cotton-bandhani-tie-dye-fabric-19-2026-060-1-19_1.jpg,1554,bandhani tie dye,620,789.793,1.274
kota-doria-cotton-bandhani-tie-dye-fabric-18-2026-060-1-18_1.jpg,1554,bandhani tie dye,620,747.861,1.206
kota-doria-cotton-bandhani-tie-dye-fabric-17-2026-060-1-17_1.jpg,1554,bandhani tie dye,620,699.477,1.128
kota-doria-cotton-bandhani-tie-dye-fabric-16-2026-060-1-16_1.jpg,1554,bandhani tie dye,620,737.126,1.189
kota-doria-cotton-bandhani-tie-dye-fabric-15-2026-060-1-15_1.jpg,1554,bandhani tie dye,620,756.992,1.221
kota-doria-cotton-bandhani-tie-dye-fabric-14-2026-060-1-14_1.jpg,1554,bandhani tie dye,620,718.92,1.16
kutch-hand-block-print-natural-dyed-cotton-ajrakh-fabric-37-2025-1876-1-37_1.jpg,1431,ajrakh block printing,580,694.216,1.197
kutch-hand-block-print-natural-dyed-cotton-ajrakh-fabric-36-2025-1876-1-36_1.jpg,1431,ajrakh block printing,580,671.701,1.158
leheriya-tie-dye-cotton-fabric-15-2026-031-1-15_1.jpg,1555,lehariya tie dye,590,628.144,1.065
leheriya-tie-dye-cotton-fabric-11-2026-031-1-11_1.jpg,1555,lehariya tie dye,590,604.331,1.024
leheriya-tie-dye-cotton-fabric-10-2026-031-1-10_1.jpg,1555,lehariya tie dye,590,579.332,0.982
leheriya-tie-dye-cotton-fabric-08-2026-031-1-8_1.jpg,1555,lehariya tie dye,590,644.456,1.092
leheriya-tie-dye-cotton-fabric-14-2026-031-1-14_1.jpg,1555,lehariya tie dye,590,658.493,1.116
phulia-jamdani-buti-pure-handloom-cotton-fabric-count-84-84-46-2025-1818-1-46_1.jpg,1559,bengal jamdani weaving,2990,1727.94,0.578
phulia-jamdani-buti-pure-handloom-cotton-fabric-count-84-84-45-2025-1818-1-45_1.jpg,1559,bengal jamdani weaving,2990,1859.962,0.622
phulia-jamdani-buti-pure-handloom-cotton-fabric-count-92-60-38-2025-1818-1-38_1.jpg,1559,bengal jamdani weaving,2690,1964.44,0.73
phulia-jamdani-buti-pure-handloom-cotton-fabric-count-84-92-24-2025-1818-1-24_1.jpg,1559,bengal jamdani weaving,1190,1781.935,1.497
phulia-jamdani-buti-pure-handloom-cotton-fabric-count-84-92-21-2025-1818-1-21_1.jpg,1559,bengal jamdani weaving,1190,1732.238,1.456
phulia-jamdani-buti-pure-handloom-cotton-fabric-count-84-92-13-2025-1818-1-13_1.jpg,1559,bengal jamdani weaving,1190,1699.871,1.428
phulia-jamdani-buti-pure-handloom-cotton-fabric-count-92-60-35-2025-1818-1-35_1.jpg,1559,bengal jamdani weaving,2690,1974.663,0.734
phulia-jamdani-buti-pure-handloom-cotton-fabric-count-92-40-01-2025-1818-1-1_1.jpg,1559,bengal jamdani weaving,1090,1858.585,1.705
bagh-hand-block-print-pure-mul-cotton-natural-dyed-fabric-11-2026-022-1-11_1.jpg,1544,bagh block printing,690,929.209,1.347
bagh-hand-block-print-pure-mul-cotton-natural-dyed-fabric-07-2026-022-1-7_1.jpg,1544,bagh block printing,690,747.985,1.084
bagh-hand-block-print-pure-mul-cotton-natural-dyed-fabric-05-2026-022-1-5_1.jpg,1544,bagh block printing,690,814.527,1.18
bagh-hand-block-indigo-print-pure-mul-cotton-natural-dyed-fabric-01-2026-022-1-1_1.jpg,1544,bagh block printing,690,833.567,1.208
hand-block-ajrakh-print-natural-dyed-pure-mul-cotton-fabric-50-2026-012-1-50_1.jpg,1431,ajrakh block printing,790,672.094,0.851
hand-block-ajrakh-print-natural-dyed-cotton-fabric-43-2026-012-1-43_1.jpg,1431,ajrakh block printing,580,654.822,1.129
hand-block-ajrakh-print-natural-dyed-cotton-fabric-39-2026-012-1-39_1.jpg,1431,ajrakh block printing,580,604.671,1.043
hand-block-ajrakh-print-natural-dyed-cotton-fabric-32-2026-012-1-32_1.jpg,1431,ajrakh block printing,580,657.671,1.134
hand-block-ajrakh-print-natural-dyed-cotton-fabric-24-2026-012-1-24_1.jpg,1431,ajrakh block printing,580,635.337,1.095
hand-block-ajrakh-print-natural-dyed-cotton-fabric-22-2026-012-1-22_1.jpg,1431,ajrakh block printing,580,612.334,1.056
hand-block-ajrakh-print-natural-dyed-cotton-fabric-20-2026-012-1-20_1.jpg,1431,ajrakh block printing,580,649.368,1.12
hand-block-ajrakh-print-natural-dyed-cotton-fabric-06-2026-012-1-6_1.jpg,1431,ajrakh block printing,580,655.188,1.13
hand-block-ajrakh-print-natural-dyed-cotton-fabric-03-2026-012-1-3_1.jpg,1431,ajrakh block printing,580,719.574,1.241
leheriya-tie-dye-chanderi-silk-fabric-12-2025-1870-2-12_1.jpg,1555,lehariya tie dye,1150,916.694,0.797
leheriya-tie-dye-chanderi-silk-fabric-09-2025-1870-2-9_1.jpg,1555,lehariya tie dye,1150,987.087,0.858
leheriya-tie-dye-chanderi-silk-fabric-08-2025-1870-2-8_1.jpg,1555,lehariya tie dye,1150,1038.574,0.903
leheriya-tie-dye-chanderi-silk-fabric-06-2025-1870-2-6_1.jpg,1555,lehariya tie dye,1150,1024.376,0.891
bindaas-hand-block-art-print-natural-dyed-cotton-fabric-17-2026-013-1-17_1.jpg,1451,bindaas block printing,520,529.008,1.017
bindaas-hand-block-art-print-natural-dyed-cotton-fabric-14-2026-013-1-14_1.jpg,1451,bindaas block printing,520,552.315,1.062
bindaas-hand-block-art-print-natural-dyed-cotton-fabric-13-2026-013-1-13_1.jpg,1451,bindaas block printing,520,521.907,1.004
bindaas-hand-block-art-print-natural-dyed-cotton-fabric-12-2026-013-1-12_1.jpg,1451,bindaas block printing,520,491.38,0.945
bindaas-hand-block-art-print-natural-dyed-cotton-fabric-10-2026-013-1-10_1.jpg,1451,bindaas block printing,520,535.567,1.03
bindaas-hand-block-art-print-natural-dyed-cotton-fabric-09-2026-013-1-9_1.jpg,1451,bindaas block printing,520,525.458,1.01
bindaas-hand-block-art-print-natural-dyed-cotton-fabric-06-2026-013-1-6_1.jpg,1451,bindaas block printing,520,525.973,1.011
bindaas-hand-block-art-print-natural-dyed-cotton-fabric-05-2026-013-1-5_1.jpg,1451,bindaas block printing,520,536.299,1.031
bindaas-hand-block-art-print-natural-dyed-cotton-fabric-03-2026-013-1-3_1.jpg,1451,bindaas block printing,520,553.373,1.064
bindaas-hand-block-art-print-natural-dyed-cotton-fabric-02-2026-013-1-2_1.jpg,1451,bindaas block printing,520,555.901,1.069
natural-dyed-cotton-hand-block-ajrakh-print-fabric-01-2026-012-1-1_1.jpg,1431,ajrakh block printing,580,599.569,1.034
cotton-mughal-butta-hand-block-sanganeri-print-fabric-43-2026-002-1-43_1.jpg,1547,sanganeri block printing,450,495.42,1.101
kota-doria-cotton-plain-fabric-28-2025-1760-1-28_1.jpg,1465,kota doria weaving,290,487.628,1.681
kota-doria-cotton-plain-fabric-26-2025-1760-1-26_1.jpg,1465,kota doria weaving,290,453.146,1.563
kota-doria-cotton-plain-fabric-25-2025-1760-1-25_1.jpg,1465,kota doria weaving,290,463.474,1.598
kota-doria-cotton-plain-fabric-24-2025-1760-1-24_1.jpg,1465,kota doria weaving,290,502.32,1.732
kota-doria-cotton-plain-fabric-23-2025-1760-1-23_1.jpg,1465,kota doria weaving,290,471.596,1.626
kota-doria-cotton-plain-fabric-22-2025-1760-1-22_1.jpg,1465,kota doria weaving,290,433.573,1.495
kota-doria-cotton-plain-fabric-21-2025-1760-1-21_1.jpg,1465,kota doria weaving,290,460.1,1.587
kota-doria-cotton-plain-fabric-19-2025-1760-1-19_1.jpg,1465,kota doria weaving,290,492.091,1.697
kota-doria-cotton-plain-fabric-05-2025-1760-1-5_1.jpg,1465,kota doria weaving,290,430.745,1.485
kota-doria-cotton-plain-fabric-15-2025-1760-1-15_1.jpg,1465,kota doria weaving,290,427.355,1.474
kota-doria-cotton-plain-fabric-12-2025-1760-1-12_1.jpg,1465,kota doria weaving,290,471.473,1.626
kota-doria-cotton-plain-fabric-11-2025-1760-1-11_1.jpg,1465,kota doria weaving,290,511.819,1.765
kota-doria-cotton-plain-fabric-10-2025-1760-1-10_1.jpg,1465,kota doria weaving,290,442.093,1.524
kota-doria-cotton-plain-fabric-08-2025-1760-1-8_1.jpg,1465,kota doria weaving,290,471.766,1.627
kota-doria-cotton-plain-fabric-06-2025-1760-1-6_1.jpg,1465,kota doria weaving,290,430.588,1.485
kota-doria-cotton-plain-fabric-04-2025-1760-1-4_1.jpg,1465,kota doria weaving,290,463.554,1.598
pure-handwoven-silk-cotton-brocade-banarasi-fabric-06-2025-1682-1-6_1.jpg,1567,banaras weaving,3290,1638.951,0.498
pure-handwoven-silk-cotton-brocade-banarasi-fabric-05-2025-1682-1-5_1.jpg,1567,banaras weaving,3290,1921.386,0.584
pure-handwoven-silk-cotton-brocade-banarasi-fabric-03-2025-1682-1-3_1.jpg,1567,banaras weaving,3290,1808.151,0.55
pure-handwoven-silk-cotton-brocade-banarasi-fabric-02-2025-1682-1-2_1.jpg,1567,banaras weaving,3290,1673.776,0.509
pure-handwoven-silk-jacquard-weave-banarasi-fabric-07-2025-1682-1-7_1.jpg,1567,banaras weaving,4290,1739.239,0.405
pure-handwoven-silk-cotton-jacquard-weave-banarasi-fabric-04-2025-1682-1-4_1.jpg,1567,banaras weaving,3290,1663.254,0.506
pure-handwoven-silk-cotton-brocade-banarasi-fabric-01-2025-1682-1-1_1.jpg,1567,banaras weaving,3290,1723.109,0.524
natural-dyed-chanderi-silk-kutch-hand-block-ajrakh-print-fabric-07-2025-1549-1-7_1.jpg,1431,ajrakh block printing,1250,982.401,0.786
natural-dyed-chanderi-silk-kutch-hand-block-ajrakh-print-fabric-06-2025-1549-1-6_1.jpg,1431,ajrakh block printing,1250,999.92,0.8
natural-dyed-chanderi-silk-kutch-hand-block-ajrakh-print-fabric-05-2025-1549-1-5_1.jpg,1431,ajrakh block printing,1250,1007.894,0.806
natural-dyed-chanderi-silk-kutch-hand-block-ajrakh-print-fabric-04-2025-1549-1-4_1.jpg,1431,ajrakh block printing,1250,1023.958,0.819
natural-dyed-chanderi-silk-kutch-hand-block-ajrakh-print-fabric-03-2025-1549-1-3_1.jpg,1431,ajrakh block printing,1250,1045.912,0.837
natural-dyed-cotton-kutch-hand-block-ajrakh-print-fabric-07-2025-1524-1-7_1.jpg,1431,ajrakh block printing,580,764.857,1.319
natural-dyed-pure-mul-cotton-hand-block-ajrakh-print-fabric-28-2025-1589-1-28_1.jpg,1431,ajrakh block printing,790,703.894,0.891
natural-dyed-pure-mul-cotton-hand-block-ajrakh-print-fabric-27-2025-1589-1-27_1.jpg,1431,ajrakh block printing,790,679.427,0.86
natural-dyed-pure-mul-cotton-hand-block-ajrakh-print-fabric-24-2025-1589-1-24_1.jpg,1431,ajrakh block printing,790,714.923,0.905
natural-dyed-pure-mul-cotton-hand-block-ajrakh-print-fabric-22-2025-1589-1-22_1.jpg,1431,ajrakh block printing,790,684.554,0.867
natural-dyed-pure-mul-cotton-hand-block-ajrakh-print-fabric-21-2025-1589-1-21_1.jpg,1431,ajrakh block printing,790,712.836,0.902
natural-dyed-pure-mul-cotton-hand-block-ajrakh-print-fabric-12-2025-1589-1-12_1.jpg,1431,ajrakh block printing,790,745.615,0.944
natural-dyed-pure-mul-cotton-hand-block-ajrakh-print-fabric-07-2025-1589-1-7_1.jpg,1431,ajrakh block printing,790,638.714,0.808
natural-dyed-pure-mul-cotton-hand-block-ajrakh-print-fabric-06-2025-1589-1-6_1.jpg,1431,ajrakh block printing,790,701.441,0.888
natural-dyed-pure-mul-cotton-hand-block-ajrakh-print-fabric-05-2025-1589-1-5_1.jpg,1431,ajrakh block printing,790,662.631,0.839
natural-dyed-pure-mul-cotton-hand-block-ajrakh-print-fabric-04-2025-1589-1-4_1.jpg,1431,ajrakh block printing,790,717.586,0.908
kota-doria-cotton-tie-dye-bandhani-fabric-25-2025-1599-1-25_1.jpg,1554,bandhani tie dye,620,679.408,1.096
kota-doria-cotton-tie-dye-bandhani-fabric-23-2025-1599-1-23_1.jpg,1554,bandhani tie dye,620,674.338,1.088
kota-doria-cotton-tie-dye-bandhani-fabric-22-2025-1599-1-22_1.jpg,1554,bandhani tie dye,620,701.988,1.132
kota-doria-cotton-tie-dye-bandhani-fabric-18-2025-1599-1-18_1.jpg,1554,bandhani tie dye,620,697.533,1.125
kota-doria-cotton-tie-dye-bandhani-fabric-17-2025-1599-1-17_1.jpg,1554,bandhani tie dye,620,684.867,1.105
kota-doria-cotton-tie-dye-bandhani-fabric-16-2025-1599-1-16_1.jpg,1554,bandhani tie dye,620,705.6,1.138
kota-doria-cotton-tie-dye-bandhani-fabric-15-2025-1599-1-15_1.jpg,1554,bandhani tie dye,620,641.495,1.035
kota-doria-cotton-tie-dye-bandhani-fabric-14-2025-1599-1-14_1.jpg,1554,bandhani tie dye,620,695.769,1.122
kota-doria-cotton-tie-dye-bandhani-fabric-13-2025-1599-1-13_1.jpg,1554,bandhani tie dye,620,710.841,1.147
kota-doria-cotton-tie-dye-bandhani-fabric-12-2025-1599-1-12_1.jpg,1554,bandhani tie dye,620,743.28,1.199
kota-doria-cotton-tie-dye-bandhani-fabric-11-2025-1599-1-11_1.jpg,1554,bandhani tie dye,620,747.891,1.206
kota-doria-cotton-tie-dye-bandhani-fabric-10-2025-1599-1-10_1.jpg,1554,bandhani tie dye,620,683.671,1.103
kota-doria-cotton-tie-dye-bandhani-fabric-09-2025-1599-1-9_1.jpg,1554,bandhani tie dye,620,698.696,1.127
kota-doria-cotton-tie-dye-bandhani-fabric-07-2025-1599-1-7_1.jpg,1554,bandhani tie dye,620,726.626,1.172
kota-doria-cotton-tie-dye-bandhani-fabric-06-2025-1599-1-6_1.jpg,1554,bandhani tie dye,620,650.517,1.049
kota-doria-cotton-tie-dye-bandhani-fabric-05-2025-1599-1-5_1.jpg,1554,bandhani tie dye,620,716.689,1.156
kota-doria-cotton-tie-dye-bandhani-fabric-04-2025-1599-1-4_1.jpg,1554,bandhani tie dye,620,648.47,1.046
kota-doria-cotton-tie-dye-bandhani-fabric-03-2025-1599-1-3_1.jpg,1554,bandhani tie dye,620,615.12,0.992
kota-doria-cotton-tie-dye-bandhani-fabric-02-2025-1599-1-2_1.jpg,1554,bandhani tie dye,620,716.009,1.155
natural-dyed-cotton-kutch-hand-block-ajrakh-print-fabric-66-2025-1409-1-66_1.jpg,1431,ajrakh block printing,580,746.83,1.288
natural-dyed-cotton-kutch-hand-block-ajrakh-print-fabric-65-2025-1409-1-65_1.jpg,1431,ajrakh block printing,550,736.484,1.339
natural-dyed-cotton-kutch-hand-block-ajrakh-print-fabric-58-2025-1409-1-58_1.jpg,1431,ajrakh block printing,580,734.376,1.266
natural-dyed-cotton-kutch-hand-block-ajrakh-print-fabric-47-2025-1409-1-47_1.jpg,1431,ajrakh block printing,580,727.444,1.254
natural-dyed-cotton-kutch-hand-block-ajrakh-print-fabric-44-2025-1409-1-44_1.jpg,1431,ajrakh block printing,580,709.509,1.223
natural-dyed-cotton-kutch-hand-block-ajrakh-print-fabric-41-2025-1409-1-41_1.jpg,1431,ajrakh block printing,580,698.717,1.205
natural-dyed-cotton-kutch-hand-block-ajrakh-print-fabric-36-2025-1409-1-36_1.jpg,1431,ajrakh block printing,580,749.464,1.292
natural-dyed-cotton-kutch-hand-block-ajrakh-print-fabric-35-2025-1409-1-35_1.jpg,1431,ajrakh block printing,580,763.119,1.316
natural-dyed-cotton-kutch-hand-block-ajrakh-print-fabric-33-2025-1409-1-33_1.jpg,1431,ajrakh block printing,580,659.527,1.137
natural-dyed-cotton-kutch-hand-block-ajrakh-print-fabric-31-2025-1409-1-31_1.jpg,1431,ajrakh block printing,550,722.704,1.314
natural-dyed-cotton-kutch-hand-block-ajrakh-print-fabric-25-2025-1409-1-25_1.jpg,1431,ajrakh block printing,580,714.367,1.232
natural-dyed-cotton-kutch-hand-block-ajrakh-print-fabric-23-2025-1409-1-23_1.jpg,1431,ajrakh block printing,580,652.524,1.125
natural-dyed-cotton-kutch-hand-block-ajrakh-print-fabric-21-2025-1409-1-21_1.jpg,1431,ajrakh block printing,580,715.279,1.233
natural-dyed-cotton-kutch-hand-block-ajrakh-print-fabric-18-2025-1409-1-18_1.jpg,1431,ajrakh block printing,580,668.218,1.152
natural-dyed-cotton-kutch-hand-block-ajrakh-print-fabric-14-2025-1409-1-14_1.jpg,1431,ajrakh block printing,580,713.6,1.23
natural-dyed-cotton-kutch-hand-block-ajrakh-print-fabric-13-2025-1409-1-13_1.jpg,1431,ajrakh block printing,580,660.373,1.139
natural-dyed-cotton-kutch-hand-block-ajrakh-print-fabric-12-2025-1409-1-12_1.jpg,1431,ajrakh block printing,580,725.724,1.251
natural-dyed-cotton-kutch-hand-block-ajrakh-print-fabric-09-2025-1409-1-9_1.jpg,1431,ajrakh block printing,580,688.622,1.187
natural-dyed-cotton-kutch-hand-block-ajrakh-print-fabric-07-2025-1409-1-7_1.jpg,1431,ajrakh block printing,550,703.409,1.279
natural-dyed-cotton-kutch-hand-block-ajrakh-print-fabric-06-2025-1409-1-6_1.jpg,1431,ajrakh block printing,580,688.009,1.186
kota-doria-cotton-tie-dye-bandhani-fabric-01-2025-1599-1-1_1.jpg,1554,bandhani tie dye,620,715.668,1.154
jhiri-pure-handloom-cotton-fabric-27-2025-1540-1-27_1.jpg,1471,plain solid,550,524.074,0.953
jhiri-pure-handloom-cotton-fabric-26-2025-1540-1-26_1.jpg,1471,plain solid,520,505.409,0.972
jhiri-pure-handloom-cotton-fabric-25-2025-1540-1-25_1.jpg,1471,plain solid,520,489.707,0.942
jhiri-pure-handloom-cotton-fabric-23-2025-1540-1-23_1.jpg,1471,plain solid,520,537.143,1.033
jhiri-pure-handloom-cotton-fabric-18-2025-1540-1-18_1.jpg,1471,plain solid,550,500.364,0.91
jhiri-pure-handloom-cotton-fabric-16-2025-1540-1-16_1.jpg,1471,plain solid,550,512.794,0.932
jhiri-pure-handloom-cotton-fabric-14-2025-1540-1-14_1.jpg,1471,plain solid,550,527.254,0.959
jhiri-pure-handloom-cotton-fabric-13-2025-1540-1-13_1.jpg,1471,plain solid,550,508.3,0.924
jhiri-pure-handloom-cotton-fabric-11-2025-1540-1-11_1.jpg,1471,plain solid,550,508.198,0.924
jhiri-pure-handloom-cotton-fabric-10-2025-1540-1-10_1.jpg,1471,plain solid,520,504.595,0.97
jhiri-pure-handloom-cotton-fabric-07-2025-1540-1-7_1.jpg,1471,plain solid,520,507.578,0.976
jhiri-pure-handloom-cotton-fabric-05-2025-1540-1-5_1.jpg,1471,plain solid,520,496.108,0.954
jhiri-pure-handloom-cotton-fabric-04-2025-1540-1-4_1.jpg,1471,plain solid,520,504.482,0.97
jhiri-pure-handloom-cotton-fabric-03-2025-1540-1-3_1.jpg,1471,plain solid,550,509.108,0.926
jhiri-pure-handloom-cotton-fabric-02-2025-1540-1-2_1.jpg,1471,plain solid,520,505.507,0.972
natural-dyed-chanderi-silk-kutch-hand-block-ajrakh-print-fabric-01-2025-1549-1-1_1.jpg,1431,ajrakh block printing,1250,999.252,0.799
jhiri-pure-handloom-cotton-fabric-01-2025-1540-1-1_1.jpg,1471,plain solid,550,489.741,0.89
hand-block-akola-print-slub-cotton-fabric-09-2025-1525-1-9_1.jpg,1443,akola block printing,620,381.894,0.616
hand-block-akola-print-slub-cotton-fabric-05-2025-1525-1-5_1.jpg,1443,akola block printing,620,317.092,0.511
hand-block-print-pure-mul-cotton-natural-dyed-ajrakh-fabric-12-2025-1494-1-12_1.jpg,1431,ajrakh block printing,790,645.308,0.817
hand-block-print-pure-mul-cotton-natural-dyed-ajrakh-fabric-11-2025-1494-1-11_1.jpg,1431,ajrakh block printing,790,669.346,0.847
hand-block-print-pure-mul-cotton-natural-dyed-ajrakh-fabric-09-2025-1494-1-9_1.jpg,1431,ajrakh block printing,790,721.139,0.913
hand-block-print-pure-mul-cotton-natural-dyed-ajrakh-fabric-06-2025-1494-1-6_1.jpg,1431,ajrakh block printing,790,692.625,0.877
hand-block-print-pure-mul-cotton-natural-dyed-ajrakh-fabric-03-2025-1494-1-3_1.jpg,1431,ajrakh block printing,790,698.745,0.884
hand-block-print-pure-mul-cotton-natural-dyed-ajrakh-fabric-02-2025-1494-1-2_1.jpg,1431,ajrakh block printing,790,754.24,0.955
hand-block-print-natural-dyed-chanderi-silk-ajrakh-fabric-23-2025-1443-5-23_1.jpg,1431,ajrakh block printing,1250,1078.05,0.862
hand-block-print-natural-dyed-chanderi-silk-ajrakh-fabric-22-2025-1443-5-22_1.jpg,1431,ajrakh block printing,1250,1017.263,0.814
hand-block-print-natural-dyed-chanderi-silk-ajrakh-fabric-21-2025-1443-5-21_1.jpg,1431,ajrakh block printing,1250,1032.151,0.826
hand-block-print-natural-dyed-chanderi-silk-ajrakh-fabric-19-2025-1443-5-19_1.jpg,1431,ajrakh block printing,1250,1122.127,0.898
hand-block-print-natural-dyed-chanderi-silk-ajrakh-fabric-15-2025-1443-5-15_1.jpg,1431,ajrakh block printing,1250,1040.574,0.832
hand-block-print-natural-dyed-chanderi-silk-ajrakh-fabric-11-2025-1443-5-11_1.jpg,1431,ajrakh block printing,1250,1046.925,0.838
hand-block-print-natural-dyed-chanderi-silk-ajrakh-fabric-03-2025-1443-5-3_1.jpg,1431,ajrakh block printing,1250,1046.793,0.837
natural-dyed-kutch-tie-dye-cotton-bandhani-fabric-01-2025-1458-1-1_1.jpg,1582,bandhani tie dye,690,580.522,0.841
handloom-raw-silk-pochampally-ikat-fabric-02-2025-1389-2-2_1.jpg,1583,pochampally ikat weaving,2690,1827.56,0.679
velvet-natural-dyed-hand-block-print-ajrakh-fabric-26-2025-1452-1-26_1.jpg,1431,ajrakh block printing,1190,759.325,0.638
velvet-natural-dyed-hand-block-print-ajrakh-fabric-24-2025-1452-1-24_1.jpg,1431,ajrakh block printing,1190,822.009,0.691
velvet-natural-dyed-hand-block-print-ajrakh-fabric-22-2025-1452-1-22_1.jpg,1431,ajrakh block printing,1190,867.005,0.729
velvet-natural-dyed-hand-block-print-ajrakh-fabric-21-2025-1452-1-21_1.jpg,1431,ajrakh block printing,1190,758.934,0.638
velvet-natural-dyed-hand-block-print-ajrakh-fabric-20-2025-1452-1-20_1.jpg,1431,ajrakh block printing,1190,811.105,0.682
velvet-natural-dyed-hand-block-print-ajrakh-fabric-17-2025-1452-1-17_1.jpg,1431,ajrakh block printing,1190,768.785,0.646
velvet-natural-dyed-hand-block-print-ajrakh-fabric-15-2025-1452-1-15_1.jpg,1431,ajrakh block printing,1190,775.084,0.651
velvet-natural-dyed-hand-block-print-ajrakh-fabric-12-2025-1452-1-12_1.jpg,1431,ajrakh block printing,1190,745.51,0.626
velvet-natural-dyed-hand-block-print-ajrakh-fabric-10-2025-1452-1-10_1.jpg,1431,ajrakh block printing,1190,815.994,0.686
velvet-natural-dyed-hand-block-print-ajrakh-fabric-06-2025-1452-1-6_1.jpg,1431,ajrakh block printing,1190,816.061,0.686
velvet-natural-dyed-hand-block-print-ajrakh-fabric-03-2025-1452-1-3_1.jpg,1431,ajrakh block printing,1190,796.409,0.669
velvet-natural-dyed-hand-block-print-ajrakh-fabric-02-2025-1452-1-2_1.jpg,1431,ajrakh block printing,1190,817.444,0.687
handloom-raw-silk-pochampally-ikat-fabric-01-2025-1389-2-1_1.jpg,1583,pochampally ikat weaving,2690,1726.815,0.642
natural-dyed-hand-block-print-kota-doria-cotton-ajrakh-fabric-18-2025-1391-1-18_1.jpg,1431,ajrakh block printing,650,711.322,1.094
natural-dyed-hand-block-print-kota-doria-cotton-ajrakh-fabric-17-2025-1391-1-17_1.jpg,1431,ajrakh block printing,650,695.704,1.07
natural-dyed-hand-block-print-kota-doria-cotton-ajrakh-fabric-16-2025-1391-1-16_1.jpg,1431,ajrakh block printing,650,815.164,1.254
natural-dyed-hand-block-print-kota-doria-cotton-ajrakh-fabric-13-2025-1391-1-13_1.jpg,1431,ajrakh block printing,650,807.481,1.242
natural-dyed-hand-block-print-kota-doria-cotton-ajrakh-fabric-09-2025-1391-1-9_1.jpg,1431,ajrakh block printing,650,737.311,1.134
natural-dyed-hand-block-print-kota-doria-cotton-ajrakh-fabric-04-2025-1391-1-4_1.jpg,1431,ajrakh block printing,650,755.139,1.162
natural-dyed-hand-block-print-kota-doria-cotton-ajrakh-fabric-02-2025-1391-1-2_1.jpg,1431,ajrakh block printing,650,744.406,1.145
natural-dyed-hand-block-print-cotton-ajrakh-fabric-35-2025-1348-1-35_1.jpg,1431,ajrakh block printing,580,709.165,1.223
natural-dyed-hand-block-print-cotton-ajrakh-fabric-31-2025-1348-1-31_1.jpg,1431,ajrakh block printing,580,683.857,1.179
natural-dyed-hand-block-print-cotton-ajrakh-fabric-29-2025-1348-1-29_1.jpg,1431,ajrakh block printing,580,703.298,1.213
natural-dyed-hand-block-print-cotton-ajrakh-fabric-28-2025-1348-1-28_1.jpg,1431,ajrakh block printing,580,730.75,1.26
natural-dyed-hand-block-print-cotton-ajrakh-fabric-16-2025-1348-1-16_1.jpg,1431,ajrakh block printing,580,694.622,1.198
natural-dyed-hand-block-print-cotton-ajrakh-fabric-14-2025-1348-1-14_1.jpg,1431,ajrakh block printing,580,703.636,1.213
natural-dyed-hand-block-print-cotton-ajrakh-fabric-13-2025-1348-1-13_1.jpg,1431,ajrakh block printing,580,741.001,1.278
natural-dyed-hand-block-print-cotton-ajrakh-fabric-10-2025-1348-1-10_1.jpg,1431,ajrakh block printing,580,725.267,1.25
natural-dyed-hand-block-print-cotton-ajrakh-fabric-02-2025-1348-1-2_1.jpg,1431,ajrakh block printing,580,667.87,1.151
hakoba-natural-dyed-cotton-hand-block-print-ajrakh-fabric-26-2025-1319-3-26_1.jpg,1431,ajrakh block printing,790,620.73,0.786
hand-block-print-cotton-natural-dyed-ajrakh-fabric-21-2025-1303-1-21_1.jpg,1431,ajrakh block printing,580,757.358,1.306
hand-block-print-cotton-natural-dyed-ajrakh-fabric-17-2025-1303-1-17_1.jpg,1431,ajrakh block printing,580,678.242,1.169
hand-block-print-cotton-natural-dyed-ajrakh-fabric-14-2025-1303-1-14_1.jpg,1431,ajrakh block printing,580,713.777,1.231
hand-block-print-cotton-natural-dyed-ajrakh-fabric-11-2025-1303-1-11_1.jpg,1431,ajrakh block printing,690,788.711,1.143
hand-block-print-cotton-natural-dyed-ajrakh-fabric-08-2025-1303-1-8_1.jpg,1431,ajrakh block printing,690,801.735,1.162
hand-block-print-cotton-natural-dyed-ajrakh-fabric-07-2025-1303-1-7_1.jpg,1431,ajrakh block printing,690,764.075,1.107
hand-block-print-cotton-natural-dyed-ajrakh-fabric-03-2025-1303-1-3_1.jpg,1431,ajrakh block printing,690,707.75,1.026
natural-dyed-cotton-hand-block-pipad-print-fabric-04-2025-1287-1-4_1.jpg,1452,pipad block printing,450,546.281,1.214
natural-dyed-cotton-hand-block-pipad-print-fabric-02-2025-1287-1-2_1.jpg,1452,pipad block printing,450,499.675,1.11
hand-block-print-cotton-natural-dyed-ajrakh-fabric-01-2025-1303-1-1_1.jpg,1431,ajrakh block printing,690,716.451,1.038
velvet-natural-dyed-block-print-ajrakh-fabric-07-2025-1300-1-7_1.jpg,1431,ajrakh block printing,3750,871.701,0.232
velvet-natural-dyed-block-print-ajrakh-fabric-05-2025-1300-1-5_1.jpg,1431,ajrakh block printing,3750,1157.148,0.309
velvet-natural-dyed-block-print-ajrakh-fabric-02-2025-1300-1-2_1.jpg,1431,ajrakh block printing,2890,856.112,0.296
block-print-natural-dyed-dola-silk-jacquard-buti-ajrakh-fabric-19-2025-1127-1-19_1.jpg,1431,ajrakh block printing,750,892.687,1.19
block-print-natural-dyed-dola-silk-jacquard-buti-ajrakh-fabric-17-2025-1127-1-17_1.jpg,1431,ajrakh block printing,750,944.729,1.26
block-print-natural-dyed-dola-silk-jacquard-buti-ajrakh-fabric-13-2025-1127-1-13_1.jpg,1431,ajrakh block printing,750,932.583,1.243
block-print-natural-dyed-dola-silk-jacquard-buti-ajrakh-fabric-09-2025-1127-1-9_1.jpg,1431,ajrakh block printing,750,929.352,1.239
natural-dyed-hand-block-cotton-ajrakh-print-fabric-25-2025-1142-1-25_1.jpg,1431,ajrakh block printing,490,629.183,1.284
natural-dyed-hand-block-cotton-ajrakh-print-fabric-22-2025-1142-1-22_1.jpg,1431,ajrakh block printing,490,672.137,1.372
natural-dyed-hand-block-cotton-ajrakh-print-fabric-21-2025-1142-1-21_1.jpg,1431,ajrakh block printing,490,640.402,1.307
natural-dyed-hand-block-cotton-ajrakh-print-fabric-19-2025-1142-1-19_1.jpg,1431,ajrakh block printing,490,611.211,1.247
natural-dyed-hand-block-cotton-ajrakh-print-fabric-15-2025-1142-1-15_1.jpg,1431,ajrakh block printing,490,611.127,1.247
natural-dyed-hand-block-cotton-ajrakh-print-fabric-12-2025-1142-1-12_1.jpg,1431,ajrakh block printing,490,636.035,1.298
natural-dyed-hand-block-cotton-ajrakh-print-fabric-05-2025-1142-1-5_1.jpg,1431,ajrakh block printing,490,678.844,1.385
modal-silk-natural-dyed-plain-fabric-07-2025-768-2-7_1.jpg,1603,plain solid,590,826.811,1.401
modal-silk-natural-dyed-plain-fabric-05-2025-768-2-5_1.jpg,1603,plain solid,590,751.637,1.274
cotton-central-asian-pochampally-ikat-fabric-26-2025-1026-1-26_1.jpg,1609,pochampally ikat weaving,1650,1822.077,1.104
cotton-central-asian-pochampally-ikat-fabric-20-2025-1026-1-20_1.jpg,1609,pochampally ikat weaving,1650,1706.937,1.035
cotton-central-asian-pochampally-ikat-fabric-17h-2025-1026-1-17_1.jpg,1609,pochampally ikat weaving,1590,2022.947,1.272
modal-silk-natural-dyed-plain-fabric-01-2025-768-2-1_1.jpg,1603,plain solid,590,789.716,1.339
tie-dye-cotton-shibori-fabric-28-2025-950-2-28_1.jpg,1614,shibori tie dye,450,522.21,1.16
tie-dye-cotton-shibori-fabric-27-2025-950-2-27_1.jpg,1614,shibori tie dye,450,522.01,1.16
tie-dye-cotton-shibori-fabric-21-2025-950-2-21_1.jpg,1614,shibori tie dye,450,474.308,1.054
tie-dye-cotton-shibori-fabric-13-2025-950-2-13_1.jpg,1614,shibori tie dye,450,475.938,1.058
tie-dye-cotton-shibori-fabric-08-2025-950-2-8_1.jpg,1614,shibori tie dye,450,441.908,0.982
tie-dye-cotton-shibori-fabric-02-2025-950-2-2_1.jpg,1614,shibori tie dye,450,431.204,0.958
sanganeri-block-print-cotton-fabric-05-2025-950-3-5_1.jpg,1616,sanganeri block printing,350,426.492,1.219
sanganeri-block-print-cotton-fabric-04-2025-950-3-4_1.jpg,1616,sanganeri block printing,350,477.745,1.365
pure-mashru-silk-plain-fabric-width-46-in-07-2025-959-2-7_1.jpg,1619,plain solid,590,928.539,1.574
pure-mashru-silk-plain-fabric-width-46-in-05-2025-959-2-5_1.jpg,1619,plain solid,590,836.077,1.417
handspun-handloom-natural-dyed-cotton-kora-plain-fabric-13-2025-884-1-13_1.jpg,1620,plain solid,950,822.044,0.865
handspun-handloom-natural-dyed-cotton-kora-plain-fabric-11-2025-884-1-11_1.jpg,1620,plain solid,950,788.052,0.83
handspun-handloom-natural-dyed-cotton-kora-plain-fabric-08-2025-884-1-8_1.jpg,1620,plain solid,950,796.545,0.838
slub-silk-plain-fabric-15-2025-867-1-15_1.jpg,1546,plain solid,290,374.432,1.291
slub-silk-plain-fabric-13-2025-867-1-13_1.jpg,1546,plain solid,290,379.199,1.308
slub-silk-plain-fabric-10-2025-867-1-10_1.jpg,1546,plain solid,290,384.646,1.326
slub-silk-plain-fabric-09-2025-867-1-9_1.jpg,1546,plain solid,290,372.591,1.285
bamboo-silk-natural-dyed-pure-handloom-plain-fabric-12-2025-941-1-12_1.jpg,1623,plain solid,1490,1113.663,0.747
bamboo-silk-natural-dyed-pure-handloom-plain-fabric-11-2025-941-1-11_1.jpg,1623,plain solid,1490,1054.848,0.708
bamboo-silk-natural-dyed-pure-handloom-plain-fabric-10-2025-941-1-10_1.jpg,1623,plain solid,1490,1126.459,0.756
bamboo-silk-natural-dyed-pure-handloom-plain-fabric-06-2025-941-1-6_1.jpg,1623,plain solid,1490,1049.617,0.704
bamboo-silk-natural-dyed-pure-handloom-plain-fabric-04-2025-941-1-4_1.jpg,1623,plain solid,1490,1091.756,0.733
bamboo-silk-natural-dyed-pure-handloom-plain-fabric-03-2025-941-1-3_1.jpg,1623,plain solid,1490,1079.465,0.724
bamboo-silk-natural-dyed-pure-handloom-plain-fabric-02-2025-941-1-2_1.jpg,1623,plain solid,1490,1130.043,0.758
bamboo-silk-natural-dyed-pure-handloom-plain-fabric-01-2025-941-1-1_1.jpg,1623,plain solid,1490,1141.271,0.766
handloom-cotton-zari-border-mangalagiri-fabric-09-2025-847-2-9_1.jpg,1628,mangalagiri weaving,790,1003.757,1.271
handloom-cotton-zari-border-mangalagiri-fabric-07-2025-847-2-7_1.jpg,1628,mangalagiri weaving,790,997.297,1.262
handloom-cotton-zari-border-mangalagiri-fabric-03-2025-847-2-3_1.jpg,1628,mangalagiri weaving,790,951.866,1.205
slub-silk-plain-fabric-16-2025-812-1-16_1.jpg,1546,plain solid,290,417.708,1.44
slub-silk-plain-fabric-11-2025-747-1-11_1.jpg,1546,plain solid,290,417.974,1.441
pedana-block-print-handwoven-wool-natural-dyed-kalamkari-fabric-05-2025-832-1-5_1.jpg,1632,kalamkari block printing,2890,1751.572,0.606
pedana-block-print-handwoven-wool-natural-dyed-kalamkari-fabric-04-2025-832-1-4_1.jpg,1632,kalamkari block printing,2890,1744.804,0.604
pedana-block-print-handwoven-wool-natural-dyed-kalamkari-fabric-03-2025-832-1-3_1.jpg,1632,kalamkari block printing,2890,1809.072,0.626
pedana-block-print-handwoven-wool-natural-dyed-kalamkari-fabric-02-2025-832-1-2_1.jpg,1632,kalamkari block printing,2890,1862.68,0.645
handloom-cotton-phulia-jamdani-fabric-04-2025-772-1-4_1.jpg,1634,bengal jamdani weaving,2650,802.082,0.303
handloom-cotton-phulia-jamdani-fabric-03-2025-772-1-3_1.jpg,1634,bengal jamdani weaving,2650,801.029,0.302
jhiri-pure-handloom-cotton-fabric-18-2025-790-1-18_1.jpg,1471,plain solid,550,519.938,0.945
jhiri-pure-handloom-cotton-fabric-17-2025-790-1-17_1.jpg,1471,plain solid,520,499.025,0.96
jhiri-pure-handloom-cotton-fabric-13-2025-790-1-13_1.jpg,1471,plain solid,550,505.657,0.919
jhiri-pure-handloom-cotton-fabric-06-2025-790-1-6_1.jpg,1471,plain solid,520,547.904,1.054
jhiri-pure-handloom-cotton-fabric-04-2025-790-1-4_1.jpg,1471,plain solid,520,471.349,0.906
jhiri-pure-handloom-cotton-fabric-03-2025-790-1-3_1.jpg,1471,plain solid,550,498.632,0.907
pedana-block-print-handwoven-wool-natural-dyed-kalamkari-fabric-01-2025-832-1-1_1.jpg,1632,kalamkari block printing,2890,1742.0,0.603
jhiri-pure-handloom-cotton-fabric-01-2025-790-1-1_1.jpg,1471,plain solid,520,506.667,0.974
natural-dyed-bagru-dabu-print-fabric-39-2025-825-1-39_1.jpg,1635,bagru block printing,420,449.523,1.07
natural-dyed-bagru-dabu-print-fabric-33-2025-825-1-33_1.jpg,1635,bagru block printing,420,446.117,1.062
natural-dyed-bagru-dabu-print-fabric-31-2025-825-1-31_1.jpg,1635,bagru block printing,420,411.94,0.981
natural-dyed-bagru-dabu-print-fabric-26-2025-825-1-26_1.jpg,1635,bagru block printing,420,438.592,1.044
natural-dyed-bagru-dabu-print-fabric-23-2025-825-1-23_1.jpg,1635,bagru block printing,420,434.19,1.034
natural-dyed-block-print-cotton-pedana-kalamkari-fabric-34-2025-750-1-34_1.jpg,1632,kalamkari block printing,390,595.134,1.526
natural-dyed-block-print-cotton-pedana-kalamkari-fabric-03-2025-750-1-3_1.jpg,1632,kalamkari block printing,390,563.975,1.446
natural-dyed-block-print-cotton-pedana-kalamkari-fabric-02-2025-750-1-2_1.jpg,1632,kalamkari block printing,390,576.356,1.478
slub-silk-plain-fabric-08-2025-747-1-8_1.jpg,1546,plain solid,290,387.191,1.335
slub-silk-plain-fabric-16-2025-659-1-14_1.jpg,1546,plain solid,290,408.166,1.407
slub-silk-plain-fabric-14-2025-659-1-12_1.jpg,1546,plain solid,290,407.001,1.403
vidarbha-tussar-x-katia-silk-handloom-fabric-05-2025-525-1-5_1.jpg,1647,plain solid,1750,1493.709,0.854
handwoven-pure-tussar-silk-kantha-work-fabric-01-2025-623-2-1_1.jpg,1651,bengal kantha work,3690,1753.097,0.475
natural-dyed-mashru-silk-ajrakh-print-fabric-02-2025-622-1-2_1.jpg,1431,ajrakh block printing,750,921.334,1.228
semi-silk-brocade-banarasi-fabric-05-2025-498-1-5_1.jpg,1660,banaras weaving,990,1129.021,1.14
handloom-silk-pochampally-ikat-fabric-25-2025-528-1-25_1.jpg,1661,pochampally ikat weaving,2690,2718.188,1.01
slub-silk-plain-fabric-07-2025-501-1-12_1.jpg,1546,plain solid,290,377.441,1.302
slub-silk-plain-fabric-04-2025-501-1-9_1.jpg,1546,plain solid,290,392.081,1.352
handwoven-organic-kala-cotton-fabric-06-2025-502-1-6_1.jpg,1663,kutch kala organic cotton weaving,950,986.541,1.038
handwoven-organic-kala-cotton-fabric-03-2025-502-1-3_1.jpg,1663,kutch kala organic cotton weaving,950,982.704,1.034
plain-slub-silk-fabric-08-2025-461-1-8_1.jpg,1546,plain solid,290,413.518,1.426
plain-slub-silk-fabric-07-2025-461-1-7_1.jpg,1546,plain solid,290,376.207,1.297
plain-slub-silk-fabric-13-2025-433-1-13_1.jpg,1546,plain solid,290,397.59,1.371
plain-slub-silk-fabric-12-2025-433-1-12_1.jpg,1546,plain solid,290,417.577,1.44
handloom-cotton-bengal-jamdani-fabric-16-2025-485-1-16_1.jpg,1665,bengal jamdani weaving,2650,1174.353,0.443
handloom-cotton-bengal-jamdani-fabric-12-2025-485-1-12_1.jpg,1665,bengal jamdani weaving,2650,1120.512,0.423
block-print-cotton-sanganeri-fabric-14-2025-416-1-14_1.jpg,1666,sanganeri block printing,390,406.406,1.042
sambalpuri-ikat-cotton-fabric-21-2025-313-1-21_1.jpg,1670,sambalpuri ikat weaving,750,556.972,0.743
prewashed-cotton-plain-fabric-10-2025-377-1-10_1.jpg,1672,plain solid,280,359.435,1.284
handloom-mangalagiri-cotton-fabric-with-zari-border-07-2025-359-1-7_1.jpg,1628,mangalagiri weaving,790,1030.742,1.305
handloom-mangalagiri-cotton-fabric-with-zari-border-06-2025-359-1-6_1.jpg,1628,mangalagiri weaving,790,1039.784,1.316
hand-batik-print-cotton-fabric-03-2025-328-1-3_1.jpg,1673,batik block printing,480,483.913,1.008
block-print-cotton-sanganeri-fabric-05-2025-292-1-5_1.jpg,1676,sanganeri block printing,390,476.97,1.223
slub-silk-plain-fabric-14-2025-261-1-14_1.jpg,1546,plain solid,290,385.424,1.329
block-print-cotton-bagru-fabric-08-2025-082-1-9_1.jpg,1678,bagru block printing,420,511.357,1.218
handloom-cotton-pochampally-double-ikat-fabric-14-2024-1613-1-14_1.jpg,1689,pochampally ikat weaving,1150,1727.096,1.502
mercerised-cotton-pochampally-ikat-fabric-12-2024-1561-2-12_1.jpg,1691,pochampally ikat weaving,850,786.533,0.925
mercerised-cotton-pochampally-ikat-fabric-05-2024-1561-2-5_1.jpg,1691,pochampally ikat weaving,850,806.524,0.949
mercerised-cotton-pochampally-ikat-fabric-03-2024-1561-2-3_1.jpg,1691,pochampally ikat weaving,850,753.092,0.886
silk-handpainted-srikalahasti-pen-kalamkari-fabric-03-2024-850-2-3_1.jpg,1696,srikalahasti penwork kalamkari,2990,3388.517,1.133
mercerised-cotton-zari-border-dharwad-fabric-08-2024-1335-1-8_1.jpg,1697,dharwad weaving,580,510.487,0.88
vidarbha-pure-tussar-x-ghicha-silk-handloom-fabric-03-2024-1307-1-3_1.jpg,1703,plain solid,1490,1878.46,1.261
vidarbha-pure-tussar-x-ghicha-silk-handloom-fabric-01-2024-1307-1-1_1.jpg,1703,plain solid,1490,1938.88,1.301
traditional-handloom-chanderi-silk-cotton-fabric-06-2024-1091-3-6_1.jpg,1705,chanderi weaving,1090,1336.555,1.226
traditional-handloom-chanderi-silk-cotton-fabric-01-2024-1091-3-1_1.jpg,1705,chanderi weaving,1690,1718.569,1.017
bangalore-silk-srikalahasti-handpainted-pen-kalamkari-fabric-11-2024-959-2-11_1.jpg,1710,srikalahasti penwork kalamkari,2990,3875.423,1.296
2024-838-1-4-bagh-print-handloom-chanderi-silk-fabric-04_1.jpg,1711,bagh block printing,1290,1536.502,1.191
2024-838-1-1-bagh-print-handloom-chanderi-silk-fabric01_1.jpg,1711,bagh block printing,1290,1370.73,1.063
2024-805-1-8-acrylic-fine-wool-fabric-08_1.jpg,1712,plain solid,890,561.499,0.631
2024-805-1-7-acrylic-fine-wool-fabric-07_1.jpg,1712,plain solid,890,611.562,0.687
2024-805-1-4-acrylic-fine-wool-fabric-04_1.jpg,1712,plain solid,890,672.636,0.756
2024-805-1-3-acrylic-fine-wool-fabric-03_1.jpg,1712,plain solid,890,634.507,0.713
2024-805-1-2-acrylic-fine-wool-fabric-02_1.jpg,1712,plain solid,890,638.066,0.717
2024-805-1-1-acrylic-fine-wool-fabric-01_1.jpg,1712,plain solid,890,590.357,0.663
2024-599-1-7-hand-batik-printed-pure-cotton-fabric-07_1.jpg,1719,batik block printing,480,553.914,1.154
2024-490-1-19-godavari-jamdani-pan-zari-buti-handloom-cotton-fabric-19_1.jpg,1720,srikakulam jamdani weaving,1890,1531.452,0.81
2023-1426-1-2-hand-batik-printed-pure-cotton-fabric_1.jpg,1719,batik block printing,480,434.409,0.905
2023-1326-1-142-traditional-maheshwari-silk-handloom-fabric-with-zari-border_1.jpg,1730,maheshwari weaving,750,2443.494,3.258
2023-903-1-8-traditional-chanderi-silk-handloom-tissue-zari-fabric_1.jpg,1737,chanderi weaving,1090,2165.224,1.986
2023-794-1-38-bagh-hand-block-printed-chanderi-silk-handloom-fabric_1.jpg,1711,bagh block printing,1290,1673.896,1.298
2023-794-1-28-bagh-hand-block-printed-chanderi-silk-handloom-fabric_1.jpg,1711,bagh block printing,1290,1641.135,1.272
2023-794-1-27-bagh-hand-block-printed-chanderi-silk-handloom-fabric_1.jpg,1711,bagh block printing,1290,1555.427,1.206
2023-794-1-26-bagh-hand-block-printed-chanderi-silk-handloom-fabric_1.jpg,1711,bagh block printing,1290,1729.136,1.34
2023-794-1-25-bagh-hand-block-printed-chanderi-silk-handloom-fabric_1.jpg,1711,bagh block printing,1290,1898.471,1.472
2023-794-1-23-bagh-hand-block-printed-chanderi-silk-handloom-fabric_1.jpg,1711,bagh block printing,1290,1663.766,1.29
2023-794-1-21-bagh-hand-block-printed-chanderi-silk-handloom-fabric_1.jpg,1711,bagh block printing,1290,1729.104,1.34
2023-794-1-18-bagh-hand-block-printed-chanderi-silk-handloom-fabric_1.jpg,1711,bagh block printing,1290,1621.439,1.257
2023-794-1-17-bagh-hand-block-printed-chanderi-silk-handloom-fabric_1.jpg,1711,bagh block printing,1290,1716.646,1.331
2023-794-1-16-bagh-hand-block-printed-chanderi-silk-handloom-fabric_1.jpg,1711,bagh block printing,1290,1667.845,1.293
2023-794-1-12-bagh-hand-block-printed-chanderi-silk-handloom-fabric_1.jpg,1711,bagh block printing,1290,1712.21,1.327
2023-794-1-11-bagh-hand-block-printed-chanderi-silk-handloom-fabric_1.jpg,1711,bagh block printing,1290,1862.643,1.444
2023-794-1-8-bagh-hand-block-printed-chanderi-silk-handloom-fabric_1.jpg,1711,bagh block printing,1290,1711.462,1.327
2023-794-1-4-bagh-hand-block-printed-chanderi-silk-handloom-fabric_1.jpg,1711,bagh block printing,1290,1713.446,1.328
2023-730-1-1-traditional-chanderi-silk-cotton-handloom-fabric_1.jpg,1737,chanderi weaving,1090,1505.487,1.381
2023-665-1-15-red-blue-chevron-design-jaipur-printed-cotton-fabric_1.jpg,1741,jaipur printing,290,549.985,1.897
2023-637-1-2-bagru-block-printed-cotton-fabric_1.jpg,1678,bagru block printing,420,516.286,1.229
2023-608-1-7-traditional-chanderi-silk-pure-handloom-fabric_1.jpg,1737,chanderi weaving,1090,1840.876,1.689
2023-591-1-48-nui-shibori-tie-dye-cotton-fabric_1.jpg,1744,shibori tie dye,490,487.094,0.994
2023-063-1-7-bindaas-hand-block-printed-cotton-fabric_1.jpg,1451,bindaas block printing,490,553.914,1.13
2023-046-2-15-bagru-block-printed-cotton-fabric_1.jpg,1678,bagru block printing,420,676.223,1.61
2022-1293-1-14-bodoweaves-plain-cotton-handloom-fabric_1.jpg,1751,other,850,865.284,1.018
2022-1293-1-3-bodoweaves-handloom-cotton-fabric_1.jpg,1751,other,950,913.49,0.962
2022-1242-1-1-godavari-jamdani-pure-handloom-cotton-fabric_1.jpg,1720,srikakulam jamdani weaving,1100,1393.242,1.267
2022-970-1-34-pre-washed-plain-dyed-cotton-fabric_1.jpg,1752,plain solid,240,228.229,0.951
2022-970-1-18-pre-washed-plain-dyed-cotton-slub-fabric_1.jpg,1753,plain solid,280,259.614,0.927
2022-964-1-23-plain-slub-silk-fabric_1.jpg,1546,plain solid,290,408.441,1.408
2022-964-1-20-plain-slub-silk-fabric_1.jpg,1546,plain solid,290,360.745,1.244
2022-964-1-16-plain-slub-silk-fabric_1.jpg,1546,plain solid,290,399.71,1.378
2022-964-1-6-plain-slub-silk-fabric_1.jpg,1546,plain solid,290,401.099,1.383
2022-964-1-4-plain-slub-silk-fabric_1.jpg,1546,plain solid,290,400.556,1.381
slub-silk-plain-fabric-10-2022-964-1-1_1.jpg,1546,plain solid,290,376.252,1.297
2022-573-1-9-pre-washed-plain-dyed-pure-cotton-fabric_1.jpg,1761,plain solid,240,235.12,0.98
2022-580-1-57-prewashed-cotton-jacquard-fabric_1.jpg,1762,jacquard weaving,350,394.834,1.128
2022-479-1-40-sambalpuri-ikat-weaving-handloom-cotton-fabric_1.jpg,1763,sambalpuri ikat weaving,990,1912.43,1.932
2022-479-1-38-sambalpuri-ikat-weaving-handloom-cotton-fabric_1.jpg,1763,sambalpuri ikat weaving,990,1829.446,1.848
2022-479-1-37-sambalpuri-ikat-weaving-handloom-cotton-fabric_1.jpg,1763,sambalpuri ikat weaving,990,1790.991,1.809
kota-doria-cotton-plain-fabric-16-2025-1760-1-16_1.jpg,1465,kota doria weaving,290,449.003,1.548
natural-dyed-bagru-dabu-print-fabric-22-2025-825-1-22_1.jpg,1635,bagru block printing,420,447.186,1.065
ajrakh-hand-block-print-natural-dyed-cotton-hakoba-fabric-54-2026-462-1-54_1.jpg,1431,ajrakh block printing,790,920.559,1.165
hakoba-hand-block-ajrakh-print-natural-dyed-cotton-fabric-16-2026-318-1-16_1.jpg,1431,ajrakh block printing,790,806.808,1.021
pedana-block-print-merino-wool-kalamkari-saree-03-2024-1514-1-3_1.jpg,1775,kalamkari block printing,16990,6003.36,0.353
hand-block-print-merino-wool-sanganeri-saree-08-2024-1472-1-8_1.jpg,1777,sanganeri block printing,15590,5639.872,0.362
hand-block-print-merino-wool-sanganeri-saree-05-2025-1342-1-5_1.jpg,1777,sanganeri block printing,15590,5458.774,0.35
kumaun-handwoven-merino-wool-bagh-block-print-saree-01-2024-1391-1-1_1.jpg,1780,bagh block printing,16990,22133.664,1.303
kutch-handwoven-merino-wool-shibori-bandhani-stole-46-2025-1078-2-46_1.jpg,1783,shibori tie dye,6290,7792.946,1.239
merino-wool-plain-3pc-unstitched-dress-material-with-block-print-patch-02-2025-1164-3-2_1.jpg,1788,patchwork,5990,7651.316,1.277
2022-722-1-28-kumaun-hand-knitted-woolen-neck-warmer_1.jpg,1792,hand knitted,990,1491.819,1.507
2023-675-1-50-kumaun-hand-knitted-woolen-gloves-kids_1.jpg,1792,hand knitted,550,943.305,1.715
kutch-handwoven-merino-wool-tie-dye-bandhani-stole-05-2025-1078-2-5_1.jpg,1783,bandhani tie dye,4190,6872.554,1.64
pedana-block-print-merino-wool-kalamkari-saree-01-2024-1514-1-1_1.jpg,1775,kalamkari block printing,16990,7041.151,0.414
kutch-bandhani-handwoven-merino-wool-shawl-with-zari-patta-10-2025-1468-1-10_1.jpg,1783,bandhani tie dye,4990,8377.341,1.679
kutch-handwoven-merino-wool-tie-dye-bandhani-stole-21-2025-1078-2-21_1.jpg,1783,bandhani tie dye,4490,7067.896,1.574
kutch-handwoven-bandhani-tie-dye-merino-wool-shawl-34-2026-329-1-34_1.jpg,1783,bandhani tie dye,3690,10447.199,2.831
handcrafted-patchwork-woollen-stole-09-2024-1429-1-9_1.jpg,1812,patchwork,4490,3484.044,0.776
kutch-handwoven-bandhani-tie-dye-merino-wool-shawl-38-2026-329-1-38_1.jpg,1783,bandhani tie dye,3690,9794.522,2.654
kutch-handwoven-merino-wool-shibori-bandhani-stole-48-2025-1078-2-48_1.jpg,1783,shibori tie dye,6290,8269.103,1.315
kutch-handwoven-merino-wool-tie-dye-bandhani-stole-36-2025-1078-2-36_1.jpg,1783,bandhani tie dye,4490,6273.281,1.397
himalayan-handspun-handwoven-pure-pashmina-wool-stole-07-2025-1086-1-7_1.jpg,1820,plain solid,6850,4807.271,0.702
hand-block-print-merino-wool-sanganeri-saree-05-2024-1472-1-5_1.jpg,1777,sanganeri block printing,15590,5499.864,0.353
kutch-handwoven-bandhani-tie-dye-merino-wool-shawl-31-2026-329-1-31_1.jpg,1783,bandhani tie dye,3690,9220.238,2.499
kutch-mirror-work-handwoven-bandhani-merino-wool-shawl-46-2025-1468-1-46_1.jpg,1783,bandhani tie dye,5690,6056.148,1.064
hand-block-print-merino-wool-sanganeri-saree-02-2025-1342-1-2_1.jpg,1777,sanganeri block printing,15590,5833.975,0.374
kutch-handwoven-merino-wool-tie-dye-bandhani-stole-41-2025-1078-2-41_1.jpg,1783,bandhani tie dye,4890,6917.289,1.415
kutch-handwoven-bandhani-tie-dye-merino-wool-shawl-33-2026-329-1-33_1.jpg,1783,bandhani tie dye,3690,9343.221,2.532
kutch-handwoven-merino-wool-tie-dye-bandhani-stole-06-2025-1078-2-6_1.jpg,1783,bandhani tie dye,4190,6500.584,1.551
hand-block-print-merino-wool-sanganeri-saree-02-2024-1472-1-2_1.jpg,1777,sanganeri block printing,15590,5419.031,0.348
kutch-handwoven-bandhani-merino-wool-shawl-20-2025-1468-1-20_1.jpg,1783,bandhani tie dye,2890,5859.893,2.028
handwoven-sozni-hand-embroidered-merino-wool-kashmiri-stole-26-2025-1387-2-26_1.jpg,1823,kashida embroidery,8590,8268.604,0.963
kutch-handwoven-bandhani-tie-dye-merino-wool-shawl-32-2026-329-1-32_1.jpg,1783,bandhani tie dye,3690,9763.542,2.646
handwoven-merino-wool-bagh-block-print-saree-05-2024-1391-1-5_1.jpg,1780,bagh block printing,16990,21605.98,1.272
hand-block-print-merino-wool-sanganeri-saree-01-2025-1342-1-1_1.jpg,1777,sanganeri block printing,15590,5103.908,0.327
kutch-handwoven-merino-wool-tie-dye-bandhani-stole-35-2025-1078-2-35_1.jpg,1783,bandhani tie dye,4490,6777.213,1.509
kutch-mirror-work-handwoven-bandhani-bagida-woolen-shawl-11-2025-1078-1-11_1.jpg,1783,bandhani tie dye,4290,4676.433,1.09
kutch-handwoven-bandhani-tie-dye-merino-wool-shawl-29-2026-329-1-29_1.jpg,1783,bandhani tie dye,3690,9807.467,2.658
kutch-bandhani-handwoven-merino-wool-shawl-with-zari-patta-16-2025-1468-1-16_1.jpg,1783,bandhani tie dye,4990,8131.167,1.629
kutch-handwoven-mirror-work-bandhani-tie-dye-bagida-merino-wool-shawl-20-2026-329-1-20_1.jpg,1783,bandhani tie dye,4290,10600.197,2.471
kashmiri-pashmina-handspun-handwoven-pure-woolen-shawl-04-2025-1038-1-4_1.jpg,1820,other,24500,2468.399,0.101
kutch-mirror-work-handwoven-bandhani-merino-wool-shawl-45-2025-1468-1-45_1.jpg,1783,bandhani tie dye,5690,6222.257,1.094
kutch-bandhani-handwoven-merino-wool-shawl-with-zari-patta-11-2025-1468-1-11_1.jpg,1783,bandhani tie dye,4990,9122.327,1.828
himalayan-handspun-handwoven-pure-pashmina-wool-stole-02-2025-1086-1-2_1.jpg,1820,plain solid,6850,5306.295,0.775
2024-946-1-36-kutch-handwoven-bandhani-shibori-woolen-stole-36_1.jpg,1827,bandhani tie dye,6290,5232.232,0.832
kutch-handwoven-mirror-work-bandhani-tie-dye-bagida-merino-wool-shawl-22-2026-329-1-22_1.jpg,1783,bandhani tie dye,4290,10991.263,2.562
kutch-handwoven-mirror-work-bandhani-tie-dye-bagida-merino-wool-shawl-19-2026-329-1-19_1.jpg,1783,bandhani tie dye,4290,10849.09,2.529
kutch-mirror-work-handwoven-bandhani-bagida-merino-wool-shawl-02-2025-1468-1-2_1.jpg,1783,bandhani tie dye,4290,6393.897,1.49
kutch-handwoven-merino-wool-shibori-bandhani-stole-51-2025-1078-2-51_1.jpg,1783,shibori tie dye,6290,8333.816,1.325
kutch-handwoven-bandhani-tie-dye-merino-wool-shawl-26-2026-329-1-26_1.jpg,1783,bandhani tie dye,3190,9717.842,3.046
kutch-handwoven-bagida-merino-wool-tie-dye-bandhani-stole-32-2025-1078-2-32_1.jpg,1783,bandhani tie dye,4490,8000.484,1.782
kutch-handwoven-bandhani-tie-dye-merino-wool-shawl-35-2026-329-1-35_1.jpg,1783,bandhani tie dye,3690,9448.955,2.561
kutch-handwoven-merino-wool-shibori-bandhani-stole-50-2025-1078-2-50_1.jpg,1783,shibori tie dye,6290,8818.54,1.402
kutch-handwoven-bagida-merino-wool-tie-dye-bandhani-stole-27-2025-1078-2-27_1.jpg,1783,bandhani tie dye,4490,7860.999,1.751
kutch-handwoven-merino-wool-tie-dye-bandhani-stole-22-2025-1078-2-22_1.jpg,1783,bandhani tie dye,4490,7386.509,1.645
kutch-handwoven-merino-wool-shawl-64-2025-1468-1-64_1.jpg,1783,kutch weaving,6890,5754.227,0.835
2023-1316-1-122-jaipur-printed-wool-blouse-piece_1.jpg,1830,jaipur printing,450,2146.161,4.769
2024-946-1-28-kutch-handwoven-bandhani-shibori-woolen-stole-28_1.jpg,1827,bandhani tie dye,6290,4730.425,0.752
handwoven-sozni-hand-embroidered-merino-wool-kashmiri-stole-20-2025-1387-2-20_1.jpg,1823,kashida embroidery,8590,8199.921,0.955
2024-946-1-31-kutch-handwoven-bandhani-shibori-woolen-stole-31_1.jpg,1827,bandhani tie dye,6290,5014.006,0.797
kumaun-handwoven-merino-wool-stole-82-2025-701-1-82_1.jpg,1832,uttarakhand weaving,4190,4941.118,1.179
kutch-handwoven-merino-wool-shibori-bandhani-stole-47-2025-1078-2-47_1.jpg,1783,shibori tie dye,6290,8782.283,1.396
handwoven-sozni-hand-embroidered-merino-wool-kashmiri-stole-21-2025-1387-2-21_1.jpg,1823,kashida embroidery,8590,8451.195,0.984
kutch-handwoven-bagida-merino-wool-tie-dye-bandhani-stole-33-2025-1078-2-33_1.jpg,1783,bandhani tie dye,4490,6789.308,1.512
2024-946-1-32-kutch-handwoven-bandhani-shibori-woolen-stole-32_1.jpg,1827,bandhani tie dye,6290,5009.791,0.796
kutch-bandhani-handwoven-merino-wool-shawl-with-zari-patta-13-2025-1468-1-13_1.jpg,1783,bandhani tie dye,4990,7959.544,1.595
kutch-handwoven-bandhani-tie-dye-merino-wool-shawl-36-2026-329-1-36_1.jpg,1783,bandhani tie dye,3690,10439.094,2.829
kutch-mirror-work-handwoven-bandhani-bagida-merino-wool-shawl-06-2025-1468-1-6_1.jpg,1783,bandhani tie dye,4290,6316.531,1.472
kutch-handwoven-merino-wool-shibori-bandhani-stole-49-2025-1078-2-49_1.jpg,1783,shibori tie dye,6290,8774.062,1.395
kutch-mirror-work-handwoven-bandhani-bagida-merino-wool-shawl-07-2025-1468-1-7_1.jpg,1783,bandhani tie dye,4290,6042.614,1.409
kutch-handwoven-bandhani-merino-wool-shawl-22-2025-1468-1-22_1.jpg,1783,bandhani tie dye,2890,6043.796,2.091
kutch-handwoven-bandhani-tie-dye-merino-wool-shawl-27-2026-329-1-27_1.jpg,1783,bandhani tie dye,3690,9674.299,2.622
kumaun-handwoven-merino-wool-stole-93-2025-701-1-93_1.jpg,1832,uttarakhand weaving,4190,4130.309,0.986
2024-946-1-34-kutch-handwoven-bandhani-shibori-woolen-stole-34_1.jpg,1827,bandhani tie dye,6290,5242.146,0.833
2023-860-1-7-pure-wool-sanganeri-hand-block-printed-stole_1.jpg,1836,sanganeri block printing,1890,2008.791,1.063
kutch-handwoven-bandhani-tie-dye-merino-wool-shawl-30-2026-329-1-30_1.jpg,1783,bandhani tie dye,3690,10392.41,2.816
kutch-bhujodi-handwoven-merino-wool-shawl-26-2026-591-1-26_1.jpg,1837,bhujodi weaving,7990,7985.597,0.999
kutch-handwoven-merino-wool-tie-dye-bandhani-shawl-17-2025-1249-1-17_1.jpg,1783,bandhani tie dye,3190,6444.69,2.02
kutch-mirror-work-handwoven-bandhani-bagida-merino-wool-shawl-25-2025-1249-1-25_1.jpg,1783,bandhani tie dye,2990,6911.474,2.312
kutch-handwoven-merino-wool-tie-dye-bandhani-stole-24-2025-1078-2-24_1.jpg,1783,bandhani tie dye,4490,7372.237,1.642
handwoven-merino-wool-kutch-bhujodi-stole-28-2025-550-2-28_1.jpg,1841,bhujodi weaving,4690,7768.102,1.656
kutch-handwoven-bandhani-tie-dye-merino-wool-shawl-40-2026-329-1-40_1.jpg,1783,bandhani tie dye,3690,10386.583,2.815
himalayan-handspun-handwoven-pure-pashmina-wool-stole-10-2025-1086-1-10_1.jpg,1820,plain solid,6850,4811.705,0.702
kashmiri-pashmina-handspun-handwoven-pure-woolen-shawl-03-2025-1038-1-3_1.jpg,1820,other,24500,2751.679,0.112
kutch-handwoven-merino-wool-tie-dye-bandhani-stole-26-2025-1078-2-26_1.jpg,1783,bandhani tie dye,4490,7218.781,1.608
kutch-bandhani-handwoven-merino-wool-shawl-with-zari-patta-08-2025-1468-1-8_1.jpg,1783,bandhani tie dye,4990,8765.915,1.757
2022-884-1-8-kutch-handwoven-clamp-dyed-shibori-silk-x-merino-wool-shawl_1.jpg,1842,shibori tie dye,6990,6177.48,0.884
kumaun-handwoven-merino-wool-stole-77-2025-701-1-77_1.jpg,1832,uttarakhand weaving,4190,4746.432,1.133
kashmiri-pashmina-handspun-handwoven-pure-woollen-shawl-01-2025-1038-1-1_1.jpg,1820,other,24500,2615.183,0.107
kutch-handwoven-mirror-work-bandhani-tie-dye-bagida-merino-wool-shawl-24-2026-329-1-24_1.jpg,1783,bandhani tie dye,4290,10264.064,2.393
kutch-handwoven-merino-wool-tie-dye-bandhani-stole-09-2025-1078-2-9_1.jpg,1783,bandhani tie dye,4190,6588.389,1.572
kutch-handwoven-merino-wool-tie-dye-bandhani-stole-38-2025-1078-2-38_1.jpg,1783,bandhani tie dye,4490,6131.832,1.366
kutch-handwoven-mirror-work-bandhani-tie-dye-bagida-merino-wool-shawl-18-2026-329-1-18_1.jpg,1783,bandhani tie dye,4290,10919.353,2.545
kutch-handwoven-bandhani-tie-dye-merino-wool-shawl-28-2026-329-1-28_1.jpg,1783,bandhani tie dye,3690,11775.196,3.191
handwoven-sozni-hand-embroidered-merino-wool-kashmiri-stole-25-2025-1387-2-25_1.jpg,1823,kashida embroidery,8590,8308.801,0.967
handwoven-sozni-hand-embroidered-merino-wool-kashmiri-stole-03-2025-1387-2-3_1.jpg,1823,kashida embroidery,5850,9950.273,1.701
kutch-mirror-work-handwoven-bandhani-bagida-merino-wool-shawl-01-2025-1468-1-1_1.jpg,1783,bandhani tie dye,4290,6667.162,1.554
original-kashmiri-chain-stitch-crewel-hand-embroidery-rug-carpet-3-x-2-feet-27-2026-646-1-27_1.jpg,1845,crewel embroidery,7690,11300.792,1.47
original-kashmiri-chain-stitch-crewel-hand-embroidery-rug-carpet-3-x-2-feet-26-2026-646-1-26_1.jpg,1845,crewel embroidery,7690,11344.449,1.475
original-kashmiri-chain-stitch-crewel-hand-embroidery-rug-carpet-3-x-2-feet-25-2026-646-1-25_1.jpg,1845,crewel embroidery,7690,11650.98,1.515
original-kashmiri-chain-stitch-crewel-hand-embroidery-rug-carpet-4-x-2-5-feet-20-2026-646-1-20_1.jpg,1845,crewel embroidery,9990,14110.796,1.412
original-kashmiri-chain-stitch-crewel-hand-embroidery-rug-carpet-4-x-2-5-feet-19-2026-646-1-19_1.jpg,1845,crewel embroidery,9990,14735.432,1.475
original-kashmiri-chain-stitch-crewel-hand-embroidery-rug-carpet-4-x-2-5-feet-17-2026-646-1-17_1.jpg,1845,crewel embroidery,9990,13584.3,1.36
original-kashmiri-chain-stitch-crewel-hand-embroidery-rug-carpet-5-x-3-feet-13-2026-646-1-13_1.jpg,1845,crewel embroidery,14490,13999.686,0.966
original-kashmiri-chain-stitch-crewel-hand-embroidery-rug-carpet-5-x-3-feet-12-2026-646-1-12_1.jpg,1845,crewel embroidery,14490,15876.512,1.096
original-kashmiri-chain-stitch-crewel-hand-embroidery-rug-carpet-5-x-3-feet-11-2026-646-1-11_1.jpg,1845,crewel embroidery,14490,15924.878,1.099
original-kashmiri-chain-stitch-crewel-hand-embroidery-rug-carpet-5-x-3-feet-10-2026-646-1-10_1.jpg,1845,crewel embroidery,14490,14490.646,1.0
original-kashmiri-chain-stitch-crewel-hand-embroidery-rug-carpet-5-x-3-feet-09-2026-646-1-9_1.jpg,1845,crewel embroidery,14490,15309.707,1.057
original-kashmiri-chain-stitch-crewel-hand-embroidery-rug-carpet-6-x-4-feet-06-2026-646-1-6_1.jpg,1845,crewel embroidery,19990,16098.906,0.805
original-kashmiri-chain-stitch-crewel-hand-embroidery-rug-carpet-6-x-4-feet-05-2026-646-1-5_1.jpg,1845,crewel embroidery,19990,19493.206,0.975
original-kashmiri-chain-stitch-crewel-hand-embroidery-rug-carpet-6-x-4-feet-04-2026-646-1-4_1.jpg,1845,crewel embroidery,19990,18353.275,0.918
original-kashmiri-chain-stitch-crewel-hand-embroidery-rug-carpet-6-x-4-feet-03-2026-646-1-3_1.jpg,1845,crewel embroidery,19990,16623.386,0.832
original-kashmiri-chain-stitch-crewel-hand-embroidery-rug-carpet-6-x-4-feet-02-2026-646-1-2_1.jpg,1845,crewel embroidery,19990,19039.847,0.952
original-kashmiri-chain-stitch-crewel-hand-embroidery-rug-carpet-3-x-2-feet-24-2026-646-1-24_1.jpg,1845,crewel embroidery,7690,13248.391,1.723
original-kashmiri-chain-stitch-crewel-hand-embroidery-rug-carpet-4-x-2-5-feet-16-2026-646-1-16_1.jpg,1845,crewel embroidery,9990,13877.179,1.389
original-kashmiri-chain-stitch-crewel-hand-embroidery-rug-carpet-5-x-3-feet-08-2026-646-1-8_1.jpg,1845,crewel embroidery,14490,15542.869,1.073
original-kashmiri-chain-stitch-crewel-hand-embroidery-rug-carpet-6-x-4-feet-01-2026-646-1-1_1.jpg,1845,crewel embroidery,19990,16083.659,0.805
merino-wool-plain-3pc-unstitched-dress-material-with-block-print-patch-08-2025-1164-3-8_1.jpg,1788,patchwork,5990,7902.717,1.319
merino-wool-plain-3pc-unstitched-dress-material-with-block-print-patch-07-2025-1164-3-7_1.jpg,1788,patchwork,5990,7149.983,1.194
merino-wool-plain-3pc-unstitched-dress-material-with-block-print-patch-06-2025-1164-3-6_1.jpg,1788,patchwork,5990,7522.064,1.256
merino-wool-plain-3pc-unstitched-dress-material-with-block-print-patch-05-2025-1164-3-5_1.jpg,1788,patchwork,5990,7740.303,1.292
merino-wool-plain-3pc-unstitched-dress-material-with-block-print-patch-04-2025-1164-3-4_1.jpg,1788,patchwork,5990,7378.645,1.232
merino-wool-plain-3pc-unstitched-dress-material-with-block-print-patch-03-2025-1164-3-3_1.jpg,1788,patchwork,5990,7489.078,1.25
merino-wool-plain-3pc-unstitched-dress-material-with-block-print-patch-01-2025-1164-3-1_1.jpg,1788,patchwork,5990,7518.167,1.255
handwoven-sozni-hand-embroidered-kashmiri-pure-wool-pheran-20-2025-1323-1-20_1.jpg,1849,kashida embroidery,7490,7783.959,1.039
handwoven-aari-hand-embroidered-kashmiri-pure-wool-pheran-18-2025-1323-1-18_1.jpg,1849,kashida embroidery,7190,6613.963,0.92
handwoven-aari-hand-embroidered-kashmiri-pure-wool-pheran-17-2025-1323-1-17_1.jpg,1849,kashida embroidery,7190,7138.374,0.993
handwoven-aari-hand-embroidered-kashmiri-pure-wool-pheran-16-2025-1323-1-16_1.jpg,1849,kashida embroidery,7190,6235.768,0.867
handwoven-aari-hand-embroidered-kashmiri-pure-wool-pheran-13-2025-1323-1-13_1.jpg,1849,kashida embroidery,7890,7073.891,0.897
handwoven-aari-hand-embroidered-kashmiri-pure-wool-pheran-11-2025-1323-1-11_1.jpg,1849,kashida embroidery,7890,6827.841,0.865
handwoven-aari-hand-embroidered-kashmiri-pure-wool-pheran-10-2025-1323-1-10_1.jpg,1849,kashida embroidery,7890,7751.989,0.983
handwoven-aari-hand-embroidered-kashmiri-pure-wool-pheran-09-2025-1323-1-9_1.jpg,1849,kashida embroidery,7890,7632.356,0.967
handwoven-aari-hand-embroidered-kashmiri-pure-wool-pheran-08-2025-1323-1-8_1.jpg,1849,kashida embroidery,7890,7622.367,0.966
handwoven-aari-hand-embroidered-kashmiri-pure-wool-pheran-07-2025-1323-1-7_1.jpg,1849,kashida embroidery,7890,7348.617,0.931
handwoven-aari-hand-embroidered-kashmiri-pure-wool-pheran-05-2025-1323-1-5_1.jpg,1849,kashida embroidery,7890,7148.551,0.906
handwoven-aari-hand-embroidered-kashmiri-pure-wool-pheran-04-2025-1323-1-4_1.jpg,1849,kashida embroidery,7890,7547.75,0.957
handwoven-aari-hand-embroidered-kashmiri-pure-wool-pheran-03-2025-1323-1-3_1.jpg,1849,kashida embroidery,7890,6946.691,0.88
handwoven-aari-hand-embroidered-kashmiri-pure-wool-pheran-02-2025-1323-1-2_1.jpg,1849,kashida embroidery,7890,7045.4,0.893
handwoven-sozni-hand-embroidered-kashmiri-pure-wool-pheran-19-2025-1323-1-19_1.jpg,1849,kashida embroidery,7490,7649.32,1.021
handmade-crochet-flower-pots-set-of-3-30-2025-1044-1-30_1.jpg,1853,crochet work,1190,1113.542,0.936
handmade-crochet-flower-pots-set-of-2-28-2025-1044-1-28_1.jpg,1853,crochet work,850,967.209,1.138
handmade-crochet-flower-pots-set-of-2-27-2025-1044-1-27_1.jpg,1853,crochet work,850,956.828,1.126
handmade-crochet-flower-pots-set-of-2-26-2025-1044-1-26_1.jpg,1853,crochet work,850,917.482,1.079
handmade-crochet-flower-pots-set-of-2-25-2025-1044-1-25_1.jpg,1853,crochet work,850,986.15,1.16
handmade-crochet-flower-pots-set-of-2-24-2025-1044-1-24_1.jpg,1853,crochet work,850,922.14,1.085
handmade-crochet-flower-pots-set-of-2-23-2025-1044-1-23_1.jpg,1853,crochet work,850,897.521,1.056
handmade-crochet-flower-pots-set-of-2-22-2025-1044-1-22_1.jpg,1853,crochet work,850,941.444,1.108
handmade-crochet-flower-pots-set-of-2-21-2025-1044-1-21_1.jpg,1853,crochet work,850,983.278,1.157
handmade-crochet-flower-pots-set-of-2-20-2025-1044-1-20_1.jpg,1853,crochet work,850,914.55,1.076
handmade-crochet-flower-pots-set-of-2-19-2025-1044-1-19_1.jpg,1853,crochet work,850,970.874,1.142
handmade-crochet-flower-pots-set-of-2-18-2025-1044-1-18_1.jpg,1853,crochet work,850,978.326,1.151
handmade-crochet-flower-pots-set-of-3-16-2025-1044-1-29_1.jpg,1853,crochet work,1190,1031.878,0.867
handmade-crochet-flower-pots-set-of-2-17-2025-1044-1-17_1.jpg,1853,crochet work,850,929.088,1.093
3pc-kashmiri-merino-wool-unstitched-heavy-sozni-hand-embroidery-dress-material-11-2025-669-2-11_1.jpg,1857,kashida embroidery,19590,25428.242,1.298
3pc-kashmiri-merino-wool-unstitched-heavy-sozni-hand-embroidery-dress-material-09-2025-669-2-9_1.jpg,1857,kashida embroidery,18250,25863.126,1.417
anam-peach-merino-woolen-kurta-2024-1127-1-141_1.jpg,1862,plain solid,2990,3460.418,1.157
plain-button-down-woollen-dress-06-2024-1181-1-51_1.jpg,1863,plain solid,3950,2009.444,0.509
zeenat-brown-merino-woolen-kurta-2024-1127-1-52_1.jpg,1862,plain solid,2990,3542.516,1.185
inaya-black-merino-woolen-kurta-2024-1127-1-131_1.jpg,1862,plain solid,2990,3523.045,1.178
nithya-light-blue-merino-woolen-kurta-2024-1127-1-111_1.jpg,1862,plain solid,2990,3969.395,1.328
gulnaaz-pink-merino-woolen-kurta-2024-1127-1-101_1.jpg,1862,plain solid,2990,3657.463,1.223
jasleen-maroon-merino-woolen-kurta-2024-1127-1-91_1.jpg,1862,plain solid,2990,3424.983,1.145
apeksha-red-merino-woolen-kurta-2024-1127-1-81_1.jpg,1862,plain solid,2990,3755.09,1.256
rasika-brown-merino-woolen-kurta-2024-1127-1-21_1.jpg,1862,plain solid,2990,3643.64,1.219
amaira-dark-pink-merino-woolen-kurta-2024-1127-1-11_1.jpg,1862,plain solid,2990,3546.968,1.186
zahira-light-blue-merino-woolen-kurta-2024-1127-1-1_1.jpg,1862,plain solid,2990,3631.132,1.214
2024-763-4-40-kumaun-hand-knitted-woolen-neck-warmer-40_1.jpg,1792,hand knitted,990,1443.412,1.458
2024-763-4-39-kumaun-hand-knitted-woolen-neck-warmer-39_1.jpg,1792,hand knitted,990,1223.049,1.235
2024-763-4-36-kumaun-hand-knitted-woolen-neck-warmer-36_1.jpg,1792,hand knitted,990,1388.663,1.403
2024-763-4-35-kumaun-hand-knitted-woolen-neck-warmer-35_1.jpg,1792,hand knitted,990,1395.445,1.41
2024-763-4-33-kumaun-hand-knitted-woolen-neck-warmer-33_1.jpg,1792,hand knitted,990,1444.288,1.459
2024-763-4-32-kumaun-hand-knitted-woolen-neck-warmer-32_1.jpg,1792,hand knitted,990,1442.498,1.457
2024-763-4-28-kumaun-hand-knitted-woolen-neck-warmer-28_1.jpg,1792,hand knitted,990,1391.009,1.405
2024-763-4-23-kumaun-hand-knitted-woolen-neck-warmer-23_1.jpg,1792,hand knitted,990,1378.488,1.392
2024-763-4-22-kumaun-hand-knitted-woolen-neck-warmer-22_1.jpg,1792,hand knitted,990,1320.552,1.334
2024-763-4-21-kumaun-hand-knitted-woolen-neck-warmer-21_1.jpg,1792,hand knitted,990,1355.612,1.369
2024-763-4-9-kumaun-hand-knitted-woolen-neck-warmer-09_1.jpg,1792,hand knitted,990,1374.574,1.388
2024-763-4-5-kumaun-hand-knitted-woolen-neck-warmer-05_1.jpg,1792,hand knitted,990,1403.92,1.418
2024-763-4-18-kumaun-hand-knitted-woolen-neck-warmer-18_1.jpg,1792,hand knitted,990,1415.458,1.43
2024-763-4-14-kumaun-hand-knitted-woolen-neck-warmer-14_1.jpg,1792,hand knitted,990,1446.393,1.461
2024-763-4-12-kumaun-hand-knitted-woolen-neck-warmer-12_1.jpg,1792,hand knitted,990,1432.7,1.447
2024-763-4-10-kumaun-hand-knitted-woolen-neck-warmer-10_1.jpg,1792,hand knitted,990,1282.005,1.295
2024-763-4-8-kumaun-hand-knitted-woolen-neck-warmer-08_1.jpg,1792,hand knitted,990,1437.475,1.452
2024-763-4-4-kumaun-hand-knitted-woolen-neck-warmer-04_1.jpg,1792,hand knitted,990,1333.967,1.347
2024-763-1-118-kumaun-hand-knitted-woolen-hand-warmer-118_1.jpg,1792,hand knitted,1450,1349.871,0.931
2024-763-1-116-kumaun-hand-knitted-woolen-hand-warmer-116_1.jpg,1792,hand knitted,1450,1421.302,0.98
2024-763-1-106-kumaun-hand-knitted-woolen-hand-warmer-106_1.jpg,1792,hand knitted,1450,1377.963,0.95
2022-722-2-60-kumaun-hand-knitted-woolen-socks-kids_1.jpg,1792,hand knitted,890,1247.271,1.401
2023-1035-1-134-kumaun-hand-knitted-woolen-cowl_1.jpg,1792,hand knitted,2450,1305.197,0.533
2023-1035-1-126-kumaun-hand-knitted-woolen-cowl_1.jpg,1792,hand knitted,2450,1324.824,0.541
2023-1035-1-121-kumaun-hand-knitted-woolen-cowl_1.jpg,1792,hand knitted,2450,1237.311,0.505
2023-1035-1-87-kumaun-hand-knitted-woollen-muffler-with-pockets_1.jpg,1792,hand knitted,1390,1730.91,1.245
2023-1035-1-86-kumaun-hand-knitted-woolen-muffler-with-pockets_1.jpg,1792,hand knitted,1390,1881.076,1.353
2023-1035-1-85-kumaun-hand-knitted-woollen-muffler-with-pockets_1.jpg,1792,hand knitted,1390,1905.805,1.371
2023-1035-1-83-kumaun-hand-knitted-woollen-muffler-with-pockets_1.jpg,1792,hand knitted,1390,1617.257,1.163
2023-1035-1-82-kumaun-hand-knitted-woolen-muffler-with-pockets_1.jpg,1792,hand knitted,1390,1773.586,1.276
2023-1035-1-78-kumaun-hand-knitted-woollen-muffler-with-pockets_1.jpg,1792,hand knitted,1390,1758.244,1.265
2023-1035-1-74-kumaun-hand-knitted-woolen-muffler-with-pockets_1.jpg,1792,hand knitted,1390,1879.632,1.352
2023-1035-1-70-kumaun-hand-knitted-woolen-muffler-with-pockets_1.jpg,1792,hand knitted,1390,1697.127,1.221
2023-1035-1-17-kumaun-hand-knitted-woolen-cowl_1.jpg,1792,hand knitted,1390,1583.13,1.139
2023-1035-1-118-kumaun-hand-knitted-woolen-cowl_1.jpg,1792,hand knitted,2450,1232.954,0.503
2023-675-1-333-kumaun-hand-knitted-woolen-hand-warmer_1.jpg,1792,hand knitted,1150,1385.31,1.205
2023-675-1-248-kumaun-hand-knitted-woolen-socks-kids_1.jpg,1792,hand knitted,890,1126.021,1.265
2023-675-1-247-kumaun-hand-knitted-woolen-socks-kids_1.jpg,1792,hand knitted,890,1227.206,1.379
2023-675-1-245-kumaun-hand-knitted-woolen-socks-kids_1.jpg,1792,hand knitted,890,1194.942,1.343
2023-675-1-244-kumaun-hand-knitted-woolen-socks-kids_1.jpg,1792,hand knitted,890,1156.922,1.3
2023-675-1-243-kumaun-hand-knitted-woolen-socks-kids_1.jpg,1792,hand knitted,890,1160.279,1.304
2023-675-1-240-kumaun-hand-knitted-woolen-socks-kids_1.jpg,1792,hand knitted,890,1094.934,1.23
2023-675-1-239-kumaun-hand-knitted-woolen-socks-kids_1.jpg,1792,hand knitted,890,1231.231,1.383
2023-675-1-237-kumaun-hand-knitted-woolen-socks-kids_1.jpg,1792,hand knitted,890,1186.344,1.333
2023-675-1-236-kumaun-hand-knitted-woolen-socks-kids_1.jpg,1792,hand knitted,890,1192.944,1.34
2023-675-1-234-kumaun-hand-knitted-woolen-socks-kids_1.jpg,1792,hand knitted,890,1213.71,1.364
2023-675-1-220-kumaun-hand-knitted-woolen-socks-kids_1.jpg,1792,hand knitted,890,1337.384,1.503
2023-675-1-172-kumaun-hand-knitted-woolen-muffler-90-in_1.jpg,1792,hand knitted,1450,3829.914,2.641
2023-675-1-156-kumaun-hand-knitted-woolen-muffler-90-in_1.jpg,1792,hand knitted,1450,3408.986,2.351
2023-675-1-153-kumaun-hand-knitted-woollen-muffler-90-in_1.jpg,1792,hand knitted,1450,3706.329,2.556
2023-675-1-150-kumaun-hand-knitted-woollen-muffler-90-in_1.jpg,1792,hand knitted,1450,3510.928,2.421
2023-675-1-147-kumaun-hand-knitted-woolen-muffler-90-in_1.jpg,1792,hand knitted,1450,3755.412,2.59
2023-675-1-146-kumaun-hand-knitted-woolen-muffler-90-in_1.jpg,1792,hand knitted,1450,3416.025,2.356
2023-675-1-139-kumaun-hand-knitted-woollen-muffler-90-in_1.jpg,1792,hand knitted,1450,3576.376,2.466
2023-675-1-132-kumaun-hand-knitted-woolen-muffler-66-in_1.jpg,1792,hand knitted,1050,2672.602,2.545
2023-675-1-128-kumaun-hand-knitted-woolen-muffler-66-in_1.jpg,1792,hand knitted,1050,3021.469,2.878
2023-675-1-126-kumaun-hand-knitted-woolen-muffler-66-in_1.jpg,1792,hand knitted,850,2923.403,3.439
2023-675-1-125-kumaun-hand-knitted-woolen-muffler-66-in_1.jpg,1792,hand knitted,1050,2752.652,2.622
2023-675-1-124-kumaun-hand-knitted-woolen-muffler-66-in_1.jpg,1792,hand knitted,1050,2757.497,2.626
2023-675-1-123-kumaun-hand-knitted-woolen-muffler-66-in_1.jpg,1792,hand knitted,1050,2972.543,2.831
2023-675-1-121-kumaun-hand-knitted-woolen-muffler-66-in_1.jpg,1792,hand knitted,1050,2774.432,2.642
2023-675-1-120-kumaun-hand-knitted-woolen-muffler-66-in_1.jpg,1792,hand knitted,1050,2729.936,2.6
2023-675-1-119-kumaun-hand-knitted-woolen-muffler-66-in_1.jpg,1792,hand knitted,1050,2527.515,2.407
2023-675-1-118-kumaun-hand-knitted-woollen-muffler-66-in_1.jpg,1792,hand knitted,1050,2947.868,2.807
2023-675-1-117-kumaun-hand-knitted-woollen-muffler-66-in_1.jpg,1792,hand knitted,1050,2755.61,2.624
2023-675-1-115-kumaun-hand-knitted-woollen-muffler-66-in_1.jpg,1792,hand knitted,1050,3021.921,2.878
2023-675-1-114-kumaun-hand-knitted-woollen-muffler-66-in_1.jpg,1792,hand knitted,1050,3151.381,3.001
2023-675-1-113-kumaun-hand-knitted-woolen-muffler-66-in_1.jpg,1792,hand knitted,1050,3334.098,3.175
2023-675-1-111-kumaun-hand-knitted-woolen-muffler-66-in_1.jpg,1792,hand knitted,1050,2753.124,2.622
2023-675-1-98-kumaun-hand-knitted-woolen-neck-warmer_1.jpg,1792,hand knitted,990,1265.49,1.278
2023-675-1-94-kumaun-hand-knitted-woolen-neck-warmer_1.jpg,1792,hand knitted,990,1273.259,1.286
2023-675-1-92-kumaun-hand-knitted-woolen-neck-warmer_1.jpg,1792,hand knitted,990,1122.915,1.134
2023-675-1-87-kumaun-hand-knitted-woolen-neck-warmer_1.jpg,1792,hand knitted,990,1177.623,1.19
2023-675-1-86-kumaun-hand-knitted-woolen-neck-warmer_1.jpg,1792,hand knitted,990,1185.537,1.198
2023-675-1-83-kumaun-hand-knitted-woolen-neck-warmer_1.jpg,1792,hand knitted,990,1220.39,1.233
2023-675-1-81-kumaun-hand-knitted-woolen-neck-warmer_1.jpg,1792,hand knitted,990,1135.945,1.147
2023-675-1-80-kumaun-hand-knitted-woolen-neck-warmer_1.jpg,1792,hand knitted,990,1262.848,1.276
2023-675-1-78-kumaun-hand-knitted-woolen-neck-warmer_1.jpg,1792,hand knitted,990,1260.625,1.273
2023-675-1-68-kumaun-hand-knitted-woolen-neck-warmer_1.jpg,1792,hand knitted,990,1264.844,1.278
2023-675-1-63-kumaun-hand-knitted-woolen-neck-warmer_1.jpg,1792,hand knitted,990,1448.736,1.463
2023-675-1-58-kumaun-hand-knitted-woolen-neck-warmer_1.jpg,1792,hand knitted,990,1232.037,1.244
2023-675-1-57-kumaun-hand-knitted-woolen-neck-warmer_1.jpg,1792,hand knitted,990,1329.497,1.343
2023-675-1-39-kumaun-hand-knitted-woolen-gloves-adult_1.jpg,1792,hand knitted,1290,1173.117,0.909
2023-675-1-11-kumaun-hand-knitted-woolen-cowl_1.jpg,1792,hand knitted,1390,1385.747,0.997
2023-675-1-8-kumaun-hand-knitted-woolen-cowl_1.jpg,1792,hand knitted,1390,1417.293,1.02
2023-675-1-7-kumaun-hand-knitted-woolen-cowl_1.jpg,1792,hand knitted,1390,1421.056,1.022
2023-675-1-5-kumaun-hand-knitted-woolen-cowl_1.jpg,1792,hand knitted,1390,1323.184,0.952
2023-675-1-4-kumaun-hand-knitted-woolen-cowl_1.jpg,1792,hand knitted,1390,1475.908,1.062
2023-675-1-315-kumaun-hand-knitted-woolen-hand-warmer_1.jpg,1792,hand knitted,1150,1443.247,1.255
2023-675-1-217-kumaun-hand-knitted-woolen-socks-kids_1.jpg,1792,hand knitted,890,1270.937,1.428
2023-675-1-105-kumaun-hand-knitted-woolen-muffler-66-in_1.jpg,1792,hand knitted,1050,2728.926,2.599
2022-722-2-65-kumaun-hand-knitted-woolen-socks-kids_1.jpg,1792,hand knitted,890,1126.685,1.266
2022-722-2-63-kumaun-hand-knitted-woolen-socks-kids_1.jpg,1792,hand knitted,890,1331.258,1.496
2022-722-2-62-kumaun-hand-knitted-woolen-socks-kids_1.jpg,1792,hand knitted,890,1247.963,1.402
2022-722-2-61-kumaun-hand-knitted-woolen-socks-kids_1.jpg,1792,hand knitted,890,1402.837,1.576
2022-722-2-59-kumaun-hand-knitted-woolen-socks-kids_1.jpg,1792,hand knitted,890,1335.257,1.5
2022-722-2-58-kumaun-hand-knitted-woolen-socks-kids_1.jpg,1792,hand knitted,890,1139.374,1.28
2022-722-2-57-kumaun-hand-knitted-woolen-socks-kids_1.jpg,1792,hand knitted,890,1146.93,1.289
2022-722-2-10-kumaun-hand-knitted-woolen-socks-adult_1.jpg,1792,hand knitted,1590,1284.58,0.808
2022-722-2-9-kumaun-hand-knitted-woolen-socks-adult_1.jpg,1792,hand knitted,1590,1364.556,0.858
2022-722-2-8-kumaun-hand-knitted-woolen-socks-adult_1.jpg,1792,hand knitted,1590,1342.282,0.844
2022-722-2-7-kumaun-hand-knitted-woolen-socks-adult_1.jpg,1792,hand knitted,1590,1411.354,0.888
2022-722-2-3-kumaun-hand-knitted-woolen-socks-adult_1.jpg,1792,hand knitted,1590,1366.992,0.86
2022-722-2-2-kumaun-hand-knitted-woolen-socks-adult_1.jpg,1792,hand knitted,1590,1505.387,0.947
2022-722-2-56-kumaun-hand-knitted-woolen-socks-kids_1.jpg,1792,hand knitted,890,1307.073,1.469
2022-722-2-1-kumaun-hand-knitted-woolen-socks-adult_1.jpg,1792,hand knitted,1590,1647.123,1.036
2022-722-1-65-kumaun-hand-knitted-woolen-muffler-50-in_1.jpg,1792,hand knitted,950,2534.921,2.668
2022-722-1-52-kumaun-hand-knitted-woolen-muffler-50-in_1.jpg,1792,hand knitted,950,2761.829,2.907
2022-722-1-43-kumaun-hand-knitted-woollen-muffler-50-in_1.jpg,1792,hand knitted,950,2711.905,2.855
2022-722-1-35-kumaun-hand-knitted-woolen-neck-warmer_1.jpg,1792,hand knitted,990,1531.842,1.547
2022-722-1-30-kumaun-hand-knitted-woolen-neck-warmer_1.jpg,1792,hand knitted,990,1461.096,1.476
2022-722-1-29-kumaun-hand-knitted-woolen-neck-warmer_1.jpg,1792,hand knitted,990,1464.503,1.479
2022-722-1-25-kumaun-hand-knitted-woolen-neck-warmer_1.jpg,1792,hand knitted,990,1408.318,1.423
2022-722-1-19-kumaun-hand-knitted-woolen-neck-warmer_1.jpg,1792,hand knitted,990,1471.628,1.486
2022-722-1-18-kumaun-hand-knitted-woolen-neck-warmer_1.jpg,1792,hand knitted,990,1316.082,1.329
2022-722-1-15-kumaun-hand-knitted-woolen-neck-warmer_1.jpg,1792,hand knitted,990,1391.906,1.406
2022-722-1-11-kumaun-hand-knitted-woolen-neck-warmer_1.jpg,1792,hand knitted,990,1498.629,1.514
2022-722-1-10-kumaun-hand-knitted-woolen-neck-warmer_1.jpg,1792,hand knitted,990,1495.306,1.51
2022-722-1-2-kumaun-hand-knitted-woolen-neck-warmer_1.jpg,1792,hand knitted,990,1511.967,1.527
2021-896-3-146-kumaun-hand-knitted-woolen-socks-kids_1.jpg,1792,hand knitted,890,1181.371,1.327
2021-896-3-140-kumaun-hand-knitted-woolen-socks-kids_1.jpg,1792,hand knitted,890,1191.108,1.338
2021-896-3-138-kumaun-hand-knitted-woolen-socks-kids_1.jpg,1792,hand knitted,890,1112.349,1.25
2021-896-3-124-kumaun-hand-knitted-woolen-socks-kids_1.jpg,1792,hand knitted,890,1214.753,1.365
2021-896-3-123-kumaun-hand-knitted-woolen-socks-kids_1.jpg,1792,hand knitted,890,1104.174,1.241
2021-896-3-121-kumaun-hand-knitted-woolen-socks-kids_1.jpg,1792,hand knitted,890,960.306,1.079
2021-896-3-120-kumaun-hand-knitted-woolen-socks-kids_1.jpg,1792,hand knitted,890,1071.486,1.204
2021-896-3-118-kumaun-hand-knitted-woolen-socks-kids_1.jpg,1792,hand knitted,890,1030.515,1.158
2021-896-3-117-kumaun-hand-knitted-woolen-socks-kids_1.jpg,1792,hand knitted,890,1053.437,1.184
2021-896-3-116-kumaun-hand-knitted-woolen-socks-kids_1.jpg,1792,hand knitted,890,1119.645,1.258
2021-896-3-115-kumaun-hand-knitted-woolen-socks-kids_1.jpg,1792,hand knitted,890,1148.152,1.29
2021-896-3-113-kumaun-hand-knitted-woolen-socks-kids_1.jpg,1792,hand knitted,890,1231.171,1.383
2021-896-3-112-kumaun-hand-knitted-woolen-socks-kids_1.jpg,1792,hand knitted,890,1152.922,1.295
2021-896-3-107-kumaun-hand-knitted-woolen-socks-kids_1.jpg,1792,hand knitted,890,1153.135,1.296
2021-896-3-106-kumaun-hand-knitted-woolen-socks-kids_1.jpg,1792,hand knitted,890,1231.264,1.383
2021-896-3-101-kumaun-hand-knitted-woolen-socks-kids_1.jpg,1792,hand knitted,890,1182.082,1.328
2021-896-3-100-kumaun-hand-knitted-woolen-socks-kids_1.jpg,1792,hand knitted,890,1107.17,1.244
2021-896-3-96-kumaun-hand-knitted-woolen-socks-kids_1.jpg,1792,hand knitted,890,1254.078,1.409
2021-896-3-92-kumaun-hand-knitted-woolen-socks-kids_1.jpg,1792,hand knitted,890,1150.083,1.292
2021-896-3-90-kumaun-hand-knitted-woolen-socks-kids_1.jpg,1792,hand knitted,890,1158.162,1.301
2021-896-3-88-kumaun-hand-knitted-woolen-socks-kids_1.jpg,1792,hand knitted,890,970.172,1.09
2021-896-3-87-kumaun-hand-knitted-woolen-socks-kids_1.jpg,1792,hand knitted,890,1195.196,1.343
2021-896-3-81-kumaun-hand-knitted-woolen-socks-kids_1.jpg,1792,hand knitted,890,1139.969,1.281
2021-896-3-79-kumaun-hand-knitted-woolen-socks-kids_1.jpg,1792,hand knitted,890,1184.731,1.331
2021-896-3-77-kumaun-hand-knitted-woolen-socks-kids_1.jpg,1792,hand knitted,890,1080.144,1.214
2021-896-3-74-kumaun-hand-knitted-woolen-socks-kids_1.jpg,1792,hand knitted,890,1100.879,1.237
2021-896-3-73-kumaun-hand-knitted-woolen-socks-kids_1.jpg,1792,hand knitted,890,1027.407,1.154
2021-896-3-67-kumaun-hand-knitted-woolen-socks-kids_1.jpg,1792,hand knitted,890,1267.894,1.425
2021-896-3-66-kumaun-hand-knitted-woolen-socks-kids_1.jpg,1792,hand knitted,890,1223.925,1.375
2021-896-3-64-kumaun-hand-knitted-woolen-socks-kids_1.jpg,1792,hand knitted,750,1150.021,1.533
2021-896-3-63-kumaun-hand-knitted-woolen-socks-kids_1.jpg,1792,hand knitted,750,965.906,1.288
2021-896-3-50-kumaun-hand-knitted-woolen-socks-kids_1.jpg,1792,hand knitted,750,1018.15,1.358
2021-896-3-49-kumaun-hand-knitted-woolen-socks-kids_1.jpg,1792,hand knitted,750,1128.675,1.505
2021-896-3-45-kumaun-hand-knitted-woolen-socks-kids_1.jpg,1792,hand knitted,750,1052.897,1.404
2021-896-3-43-kumaun-hand-knitted-woolen-socks-kids_1.jpg,1792,hand knitted,750,1087.988,1.451
2021-896-3-42-kumaun-hand-knitted-woolen-socks-kids_1.jpg,1792,hand knitted,750,1076.513,1.435
2021-896-3-38-kumaun-hand-knitted-woolen-socks-kids_1.jpg,1792,hand knitted,750,1154.493,1.539
2021-896-3-37-kumaun-hand-knitted-woolen-socks-kids_1.jpg,1792,hand knitted,750,1047.038,1.396
2021-896-3-35-kumaun-hand-knitted-woolen-socks-kids_1.jpg,1792,hand knitted,750,1087.389,1.45
2021-896-3-34-kumaun-hand-knitted-woolen-socks-kids_1.jpg,1792,hand knitted,750,1070.543,1.427
2021-896-3-33-kumaun-hand-knitted-woolen-socks-kids_1.jpg,1792,hand knitted,750,1257.832,1.677
2021-896-3-31-kumaun-hand-knitted-woolen-socks-kids_1.jpg,1792,hand knitted,750,1133.97,1.512
2021-896-3-30-kumaun-hand-knitted-woolen-socks-kids_1.jpg,1792,hand knitted,750,1267.31,1.69
2021-896-3-29-kumaun-hand-knitted-woolen-socks-kids_1.jpg,1792,hand knitted,750,1234.167,1.646
2021-896-3-28-kumaun-hand-knitted-woolen-socks-kids_1.jpg,1792,hand knitted,750,1163.581,1.551
2021-896-3-26-kumaun-hand-knitted-woolen-socks-kids_1.jpg,1792,hand knitted,750,1224.232,1.632
2021-896-3-24-kumaun-hand-knitted-woolen-socks-kids_1.jpg,1792,hand knitted,750,1062.316,1.416
2021-896-3-22-kumaun-hand-knitted-woolen-socks-kids_1.jpg,1792,hand knitted,750,1212.289,1.616
2021-896-3-21-kumaun-hand-knitted-woolen-socks-kids_1.jpg,1792,hand knitted,750,1208.615,1.611
2021-896-3-20-kumaun-hand-knitted-woolen-socks-kids_1.jpg,1792,hand knitted,750,1148.593,1.531
2021-896-3-19-kumaun-hand-knitted-woolen-socks-kids_1.jpg,1792,hand knitted,750,1301.531,1.735
2021-896-3-17-kumaun-hand-knitted-woolen-socks-kids_1.jpg,1792,hand knitted,750,1078.541,1.438
2021-896-3-13-kumaun-hand-knitted-woollen-muffler-45-in_1.jpg,1792,hand knitted,850,2415.431,2.842
2021-896-3-15-kumaun-hand-knitted-woolen-socks-kids_1.jpg,1792,hand knitted,750,1151.1,1.535
431852-21-kumaun-hand-knitted-woolen-muffler-47-in_1.jpg,1792,hand knitted,650,2825.035,4.346
431852-15-kumaun-hand-knitted-woollen-muffler-47-in_1.jpg,1792,hand knitted,850,2614.727,3.076
2021-541-1-70-kumaun-hand-knitted-woolen-muffler-50-in_1.jpg,1792,hand knitted,950,2310.442,2.432
2021-541-1-55-kumaun-hand-knitted-woolen-muffler-50-in_1.jpg,1792,hand knitted,950,2265.334,2.385
lucknowi-chikankari-hand-embroidered-cotton-3pc-unstitched-dress-material-suit-set-41-2026-194-1-41_1.jpg,1886,lucknowi chikankari,4290,7850.15,1.83
lucknowi-chikankari-hand-embroidered-cotton-3pc-unstitched-dress-material-suit-set-40-2026-194-1-40_1.jpg,1886,lucknowi chikankari,4290,8226.439,1.918
lucknowi-chikankari-hand-embroidered-cotton-3pc-unstitched-dress-material-suit-set-36-2026-194-1-36_1.jpg,1886,lucknowi chikankari,4290,8059.863,1.879
lucknowi-chikankari-hand-embroidered-mul-cotton-3pc-unstitched-dress-material-suit-set-34-2026-194-1-34_1.jpg,1886,lucknowi chikankari,9990,8217.687,0.823
shibori-tie-dye-cotton-3pc-unstitched-dress-material-suit-set-26-2026-445-2-26_1.jpg,1898,shibori tie dye,2450,2204.014,0.9
shibori-tie-dye-cotton-3pc-unstitched-dress-material-suit-set-21-2026-445-2-21_1.jpg,1898,shibori tie dye,2450,2466.749,1.007
shibori-tie-dye-cotton-3pc-unstitched-dress-material-suit-set-15-2026-445-2-15_1.jpg,1898,shibori tie dye,2450,2575.051,1.051
shibori-tie-dye-cotton-3pc-unstitched-dress-material-suit-set-14-2026-445-2-14_1.jpg,1898,shibori tie dye,2450,2505.989,1.023
2023-1020-1-4-2pc-block-printed-tussar-silk-handloom-suit-material-set_1.jpg,1899,hand block printing,10490,10994.832,1.048
phulia-jamdani-handloom-cotton-2pc-unstitched-dress-material-with-jewellery-set-24-2025-820-37-24_1.jpg,1903,bengal jamdani weaving,6290,5194.008,0.826
handloom-zari-buti-chanderi-silk-2pc-unstitched-dress-material-with-jewellery-set-06-2025-1567-7-6_1.jpg,1910,chanderi weaving,11190,13087.994,1.17
bengal-kantha-hand-embroidered-cotton-3pc-unstitched-dress-material-suit-set-10-2025-1803-1-10_1.jpg,1918,bengal kantha work,6190,5251.226,0.848
bengal-kantha-hand-embroidered-cotton-3pc-unstitched-dress-material-suit-set-08-2025-1803-1-8_1.jpg,1918,bengal kantha work,6190,4979.139,0.804
bengal-kantha-hand-embroidered-cotton-3pc-unstitched-dress-material-suit-set-06-2025-1803-1-6_1.jpg,1918,bengal kantha work,6190,5050.471,0.816
bengal-kantha-hand-embroidered-cotton-3pc-unstitched-dress-material-suit-set-04-2025-1803-1-4_1.jpg,1918,bengal kantha work,6190,4938.739,0.798
sanganeri-hand-block-print-cotton-3pc-unstitched-dress-material-suit-set-32-2025-1789-1-32_1.jpg,1924,sanganeri block printing,3950,3451.965,0.874
sanganeri-hand-block-print-cotton-3pc-unstitched-dress-material-suit-set-15-2025-1789-1-15_1.jpg,1924,sanganeri block printing,3950,3692.683,0.935
sanganeri-hand-block-print-cotton-3pc-unstitched-dress-material-suit-set-33-2025-1789-1-33_1.jpg,1924,sanganeri block printing,3950,3442.123,0.871
natural-dyed-bagru-block-print-chanderi-silk-3pc-unstitched-dress-material-34-2025-1273-1-34_1.jpg,1932,bagru block printing,4490,5792.657,1.29
indonesian-hand-batik-print-cotton-3pc-unstitched-dress-material-suit-set-08-2026-494-1-8_1.jpg,1933,batik block printing,3290,2346.911,0.713
indonesian-hand-batik-print-cotton-3pc-unstitched-dress-material-suit-set-07-2026-494-1-7_1.jpg,1933,batik block printing,3290,2445.445,0.743
indonesian-hand-batik-print-cotton-3pc-unstitched-dress-material-suit-set-06-2026-494-1-6_1.jpg,1933,batik block printing,3290,2645.735,0.804
indonesian-hand-batik-print-cotton-3pc-unstitched-dress-material-suit-set-04-2026-494-1-4_1.jpg,1933,batik block printing,3290,2478.988,0.753
indonesian-hand-batik-print-cotton-3pc-unstitched-dress-material-suit-set-03-2026-494-1-3_1.jpg,1933,batik block printing,3290,2420.458,0.736
shibori-tie-dye-cotton-3pc-unstitched-dress-material-suit-set-13-2026-445-2-13_1.jpg,1898,shibori tie dye,2450,2599.782,1.061
shibori-tie-dye-cotton-3pc-unstitched-dress-material-suit-set-11-2026-445-2-11_1.jpg,1898,shibori tie dye,2450,2550.045,1.041
shibori-tie-dye-cotton-3pc-unstitched-dress-material-suit-set-10-2026-445-2-10_1.jpg,1898,shibori tie dye,2450,2678.738,1.093
shibori-tie-dye-cotton-3pc-unstitched-dress-material-suit-set-08-2026-445-2-8_1.jpg,1898,shibori tie dye,2450,2446.071,0.998
shibori-tie-dye-cotton-3pc-unstitched-dress-material-suit-set-07-2026-445-2-7_1.jpg,1898,shibori tie dye,2450,2571.841,1.05
shibori-tie-dye-cotton-3pc-unstitched-dress-material-suit-set-06-2026-445-2-6_1.jpg,1898,shibori tie dye,2450,2360.505,0.963
shibori-tie-dye-cotton-3pc-unstitched-dress-material-suit-set-05-2026-445-2-5_1.jpg,1898,shibori tie dye,2450,2261.718,0.923
shibori-tie-dye-cotton-3pc-unstitched-dress-material-suit-set-04-2026-445-2-4_1.jpg,1898,shibori tie dye,2450,2312.916,0.944
shibori-tie-dye-cotton-3pc-unstitched-dress-material-suit-set-03-2026-445-2-3_1.jpg,1898,shibori tie dye,2450,2528.548,1.032
shibori-tie-dye-cotton-3pc-unstitched-dress-material-suit-set-02-2026-445-2-2_1.jpg,1898,shibori tie dye,2450,2483.898,1.014
shibori-tie-dye-cotton-3pc-unstitched-dress-material-suit-set-01-2026-445-2-1_1.jpg,1898,shibori tie dye,2450,2444.96,0.998
handloom-cotton-3pc-unstitched-sambalpuri-ikat-dress-material-suit-set-18-2026-371-1-18_1.jpg,1936,sambalpuri ikat weaving,3990,3590.466,0.9
handloom-cotton-3pc-unstitched-sambalpuri-ikat-dress-material-suit-set-15-2026-371-1-15_1.jpg,1936,sambalpuri ikat weaving,3990,3927.62,0.984
handloom-cotton-3pc-unstitched-sambalpuri-ikat-dress-material-suit-set-14-2026-371-1-14_1.jpg,1936,sambalpuri ikat weaving,3990,3864.89,0.969
handloom-cotton-3pc-unstitched-sambalpuri-ikat-dress-material-suit-set-09-2026-371-1-9_1.jpg,1936,sambalpuri ikat weaving,3990,3559.0,0.892
handloom-cotton-3pc-unstitched-sambalpuri-ikat-dress-material-suit-set-08-2026-371-1-8_1.jpg,1936,sambalpuri ikat weaving,3990,3823.043,0.958
handloom-cotton-3pc-unstitched-sambalpuri-ikat-dress-material-suit-set-05-2026-371-1-5_1.jpg,1936,sambalpuri ikat weaving,3990,3666.348,0.919
handloom-cotton-3pc-unstitched-sambalpuri-ikat-dress-material-suit-set-03-2026-371-1-3_1.jpg,1936,sambalpuri ikat weaving,3990,4257.933,1.067
handloom-cotton-3pc-unstitched-sambalpuri-ikat-dress-material-suit-set-10-2026-371-1-10_1.jpg,1936,sambalpuri ikat weaving,3990,3762.262,0.943
bagh-hand-block-print-natural-dyed-kota-doria-cotton-3pc-unstitched-dress-material-suit-set-39-2026-357-1-39_1.jpg,1937,bagh block printing,5890,4796.744,0.814
bagh-hand-block-print-natural-dyed-kota-doria-cotton-3pc-unstitched-dress-material-suit-set-37-2026-357-1-37_1.jpg,1937,bagh block printing,5890,4806.588,0.816
bagh-hand-block-print-natural-dyed-kota-doria-cotton-3pc-unstitched-dress-material-suit-set-36-2026-357-1-36_1.jpg,1937,bagh block printing,5890,4727.064,0.803
bagh-hand-block-print-natural-dyed-kota-doria-cotton-3pc-unstitched-dress-material-suit-set-35-2026-357-1-35_1.jpg,1937,bagh block printing,5890,4647.449,0.789
bagh-hand-block-print-natural-dyed-kota-doria-cotton-3pc-unstitched-dress-material-suit-set-34-2026-357-1-34_1.jpg,1937,bagh block printing,5890,4599.422,0.781
bagh-hand-block-print-natural-dyed-kota-doria-cotton-3pc-unstitched-dress-material-suit-set-33-2026-357-1-33_1.jpg,1937,bagh block printing,5890,4767.918,0.809
bagh-hand-block-print-natural-dyed-kota-doria-cotton-3pc-unstitched-dress-material-suit-set-32-2026-357-1-32_1.jpg,1937,bagh block printing,5890,5022.344,0.853
bagh-hand-block-print-natural-dyed-kota-doria-cotton-3pc-unstitched-dress-material-suit-set-31-2026-357-1-31_1.jpg,1937,bagh block printing,5890,4746.828,0.806
bagh-hand-block-print-natural-dyed-kota-doria-cotton-3pc-unstitched-dress-material-suit-set-30-2026-357-1-30_1.jpg,1937,bagh block printing,5890,4742.465,0.805
bagh-hand-block-print-natural-dyed-kota-doria-cotton-3pc-unstitched-dress-material-suit-set-29-2026-357-1-29_1.jpg,1937,bagh block printing,5890,4553.853,0.773
bagh-hand-block-print-natural-dyed-kota-doria-cotton-3pc-unstitched-dress-material-suit-set-28-2026-357-1-28_1.jpg,1937,bagh block printing,5890,4987.924,0.847
bagh-hand-block-print-natural-dyed-kota-doria-cotton-3pc-unstitched-dress-material-suit-set-26-2026-357-1-26_1.jpg,1937,bagh block printing,5890,5038.503,0.855
handloom-cotton-3pc-unstitched-sambalpuri-ikat-dress-material-suit-set-01-2026-371-1-1_1.jpg,1936,sambalpuri ikat weaving,3990,3487.594,0.874
bagh-hand-block-print-natural-dyed-kota-doria-cotton-3pc-unstitched-dress-material-suit-set-24-2026-357-1-24_1.jpg,1937,bagh block printing,5890,4854.201,0.824
bagh-hand-block-print-natural-dyed-kota-doria-cotton-3pc-unstitched-dress-material-suit-set-23-2026-357-1-23_1.jpg,1937,bagh block printing,5890,5204.07,0.884
bagh-hand-block-print-natural-dyed-kota-doria-cotton-3pc-unstitched-dress-material-suit-set-22-2026-357-1-22_1.jpg,1937,bagh block printing,5890,4632.272,0.786
bagh-hand-block-print-natural-dyed-kota-doria-cotton-3pc-unstitched-dress-material-suit-set-21-2026-357-1-21_1.jpg,1937,bagh block printing,5890,4864.117,0.826
bagh-hand-block-print-natural-dyed-kota-doria-cotton-3pc-unstitched-dress-material-suit-set-20-2026-357-1-20_1.jpg,1937,bagh block printing,5890,4817.994,0.818
bagh-hand-block-print-natural-dyed-kota-doria-cotton-3pc-unstitched-dress-material-suit-set-19-2026-357-1-19_1.jpg,1937,bagh block printing,5890,5555.944,0.943
bagh-hand-block-print-natural-dyed-kota-doria-cotton-3pc-unstitched-dress-material-suit-set-18-2026-357-1-18_1.jpg,1937,bagh block printing,5890,4787.907,0.813
bagh-hand-block-print-natural-dyed-kota-doria-cotton-3pc-unstitched-dress-material-suit-set-17-2026-357-1-17_1.jpg,1937,bagh block printing,5890,4715.146,0.801
bagh-hand-block-print-natural-dyed-kota-doria-cotton-3pc-unstitched-dress-material-suit-set-15-2026-357-1-15_1.jpg,1937,bagh block printing,5890,4898.322,0.832
bagh-hand-block-print-natural-dyed-kota-doria-cotton-3pc-unstitched-dress-material-suit-set-14-2026-357-1-14_1.jpg,1937,bagh block printing,5890,4538.69,0.771
bagh-hand-block-print-natural-dyed-kota-doria-cotton-3pc-unstitched-dress-material-suit-set-13-2026-357-1-13_1.jpg,1937,bagh block printing,5890,5035.768,0.855
bagh-hand-block-print-natural-dyed-kota-doria-cotton-3pc-unstitched-dress-material-suit-set-12-2026-357-1-12_1.jpg,1937,bagh block printing,5890,4637.28,0.787
bagh-hand-block-print-natural-dyed-kota-doria-cotton-3pc-unstitched-dress-material-suit-set-11-2026-357-1-11_1.jpg,1937,bagh block printing,5890,4886.255,0.83
bagh-hand-block-print-natural-dyed-kota-doria-cotton-3pc-unstitched-dress-material-suit-set-10-2026-357-1-10_1.jpg,1937,bagh block printing,5890,4236.947,0.719
bagh-hand-block-print-natural-dyed-kota-doria-cotton-3pc-unstitched-dress-material-suit-set-08-2026-357-1-8_1.jpg,1937,bagh block printing,5890,4750.426,0.807
bagh-hand-block-print-natural-dyed-kota-doria-cotton-3pc-unstitched-dress-material-suit-set-07-2026-357-1-7_1.jpg,1937,bagh block printing,5890,4789.176,0.813
bagh-hand-block-print-natural-dyed-kota-doria-cotton-3pc-unstitched-dress-material-suit-set-05-2026-357-1-5_1.jpg,1937,bagh block printing,5890,4832.542,0.82
bagh-hand-block-print-natural-dyed-kota-doria-cotton-3pc-unstitched-dress-material-suit-set-04-2026-357-1-4_1.jpg,1937,bagh block printing,5890,4778.67,0.811
bagh-hand-block-print-natural-dyed-kota-doria-cotton-3pc-unstitched-dress-material-suit-set-03-2026-357-1-3_1.jpg,1937,bagh block printing,5890,4659.377,0.791
bagh-hand-block-print-natural-dyed-kota-doria-cotton-3pc-unstitched-dress-material-suit-set-02-2026-357-1-2_1.jpg,1937,bagh block printing,5890,4399.501,0.747
bagh-hand-block-print-natural-dyed-kota-doria-cotton-3pc-unstitched-dress-material-suit-set-01-2026-357-1-1_1.jpg,1937,bagh block printing,5890,4509.032,0.766
lucknowi-chikankari-hand-embroidered-mul-cotton-3pc-unstitched-dress-material-suit-set-33-2026-194-1-33_1.jpg,1886,lucknowi chikankari,9990,9184.364,0.919
lucknowi-chikankari-hand-embroidered-mul-cotton-3pc-unstitched-dress-material-suit-set-32-2026-194-1-32_1.jpg,1886,lucknowi chikankari,9990,8214.767,0.822
lucknowi-chikankari-hand-embroidered-georgette-3pc-unstitched-dress-material-suit-set-21-2026-194-1-21_1.jpg,1886,lucknowi chikankari,5490,8930.523,1.627
lucknowi-chikankari-hand-embroidered-georgette-3pc-unstitched-dress-material-suit-set-17-2026-194-1-17_1.jpg,1886,lucknowi chikankari,5490,9174.514,1.671
lucknowi-chikankari-hand-embroidered-georgette-3pc-unstitched-dress-material-suit-set-14-2026-194-1-14_1.jpg,1886,lucknowi chikankari,5490,8549.128,1.557
lucknowi-chikankari-hand-embroidered-cotton-3pc-unstitched-dress-material-suit-set-11-2026-194-1-11_1.jpg,1886,lucknowi chikankari,7250,7986.328,1.102
lucknowi-chikankari-hand-embroidered-cotton-3pc-unstitched-dress-material-suit-set-10-2026-194-1-10_1.jpg,1886,lucknowi chikankari,7250,7416.833,1.023
lucknowi-chikankari-hand-embroidered-cotton-3pc-unstitched-dress-material-suit-set-05-2026-194-1-5_1.jpg,1886,lucknowi chikankari,7250,7976.367,1.1
lucknowi-chikankari-hand-embroidered-cotton-3pc-unstitched-dress-material-suit-set-04-2026-194-1-4_1.jpg,1886,lucknowi chikankari,7250,7811.849,1.077
lucknowi-chikankari-hand-embroidered-cotton-3pc-unstitched-dress-material-suit-set-02-2026-194-1-2_1.jpg,1886,lucknowi chikankari,7250,7917.027,1.092
lucknowi-chikankari-hand-embroidered-mul-cotton-3pc-unstitched-dress-material-suit-set-31-2026-194-1-31_1.jpg,1886,lucknowi chikankari,9990,8427.829,0.844
hand-embroidered-muslin-3pc-unstitched-dress-material-26-2026-167-1-26_1.jpg,1941,phulkari,4490,3981.337,0.887
hand-embroidered-muslin-3pc-unstitched-dress-material-24-2026-167-1-24_1.jpg,1941,phulkari,4490,3862.834,0.86
hand-embroidered-muslin-3pc-unstitched-dress-material-23-2026-167-1-23_1.jpg,1941,phulkari,4490,4028.739,0.897
hand-embroidered-muslin-3pc-unstitched-dress-material-22-2026-167-1-22_1.jpg,1941,phulkari,4490,3987.674,0.888
hand-embroidered-muslin-3pc-unstitched-dress-material-21-2026-167-1-21_1.jpg,1941,phulkari,4490,3958.909,0.882
hand-embroidered-georgette-3pc-unstitched-dress-material-17-2026-167-1-17_1.jpg,1941,phulkari,4490,3918.425,0.873
hand-embroidered-georgette-3pc-unstitched-dress-material-16-2026-167-1-16_1.jpg,1941,phulkari,4490,4075.633,0.908
hand-embroidered-muslin-3pc-unstitched-dress-material-11-2026-167-1-11_1.jpg,1941,phulkari,4490,4223.856,0.941
hand-embroidered-muslin-3pc-unstitched-dress-material-06-2026-167-1-6_1.jpg,1941,phulkari,4490,4017.478,0.895
hand-embroidered-muslin-3pc-unstitched-dress-material-04-2026-167-1-4_1.jpg,1941,phulkari,4490,4162.184,0.927
hand-embroidered-muslin-3pc-unstitched-dress-material-02-2026-167-1-2_1.jpg,1941,phulkari,4490,4284.911,0.954
hand-embroidered-muslin-3pc-unstitched-dress-material-19-2026-167-1-19_1.jpg,1941,phulkari,4490,4104.455,0.914
hand-embroidered-georgette-3pc-unstitched-dress-material-14-2026-167-1-14_1.jpg,1941,phulkari,4490,3820.538,0.851
karnataka-khun-cotton-3pc-unstitched-dress-material-suit-set-07-2025-1860-1-7_1.jpg,1946,khun weaving,2450,2394.715,0.977
karnataka-khun-cotton-3pc-unstitched-dress-material-suit-set-06-2025-1860-1-6_1.jpg,1946,khun weaving,2450,2295.203,0.937
karnataka-khun-cotton-3pc-unstitched-dress-material-suit-set-04-2025-1860-1-4_1.jpg,1946,khun weaving,2450,2275.816,0.929
karnataka-khun-cotton-3pc-unstitched-dress-material-suit-set-02-2025-1860-1-2_1.jpg,1946,khun weaving,2450,2221.376,0.907
shibori-tie-dye-linen-cotton-3pc-unstitched-dress-material-suit-set-32-2025-1807-1-32_1.jpg,1898,shibori tie dye,3190,5970.145,1.872
shibori-tie-dye-linen-cotton-3pc-unstitched-dress-material-suit-set-31-2025-1807-1-31_1.jpg,1898,shibori tie dye,3190,5413.237,1.697
shibori-tie-dye-linen-cotton-3pc-unstitched-dress-material-suit-set-30-2025-1807-1-30_1.jpg,1898,shibori tie dye,3190,5831.722,1.828
shibori-tie-dye-cotton-3pc-unstitched-dress-material-suit-set-11-2025-1807-1-11_1.jpg,1898,shibori tie dye,2890,2810.114,0.972
shibori-tie-dye-cotton-3pc-unstitched-dress-material-suit-set-08-2025-1807-1-8_1.jpg,1898,shibori tie dye,2450,3098.538,1.265
shibori-tie-dye-cotton-3pc-unstitched-dress-material-suit-set-06-2025-1807-1-6_1.jpg,1898,shibori tie dye,2450,3220.71,1.315
shibori-tie-dye-cotton-3pc-unstitched-dress-material-suit-set-05-2025-1807-1-5_1.jpg,1898,shibori tie dye,2450,3414.875,1.394
shibori-tie-dye-cotton-3pc-unstitched-dress-material-suit-set-02-2025-1807-1-2_1.jpg,1898,shibori tie dye,2450,3321.215,1.356
sanganeri-hand-block-print-kota-doria-cotton-3pc-unstitched-dress-material-suit-set-13-2025-1795-1-13_1.jpg,1924,sanganeri block printing,4890,4220.661,0.863
sanganeri-hand-block-print-kota-doria-cotton-3pc-unstitched-dress-material-suit-set-11-2025-1795-1-11_1.jpg,1924,sanganeri block printing,4890,4288.919,0.877
sanganeri-hand-block-print-kota-doria-cotton-3pc-unstitched-dress-material-suit-set-10-2025-1795-1-10_1.jpg,1924,sanganeri block printing,4890,4489.228,0.918
sanganeri-hand-block-print-kota-doria-cotton-3pc-unstitched-dress-material-suit-set-07-2025-1795-1-7_1.jpg,1924,sanganeri block printing,4890,4071.709,0.833
sanganeri-hand-block-print-kota-doria-cotton-3pc-unstitched-dress-material-suit-set-06-2025-1795-1-6_1.jpg,1924,sanganeri block printing,4890,4087.238,0.836
sanganeri-hand-block-print-kota-doria-cotton-3pc-unstitched-dress-material-suit-set-05-2025-1795-1-5_1.jpg,1924,sanganeri block printing,4890,4133.945,0.845
sanganeri-hand-block-print-kota-doria-cotton-3pc-unstitched-dress-material-suit-set-04-2025-1795-1-4_1.jpg,1924,sanganeri block printing,4890,4473.568,0.915
bengal-kantha-hand-embroidered-cotton-3pc-unstitched-dress-material-suit-set-02-2025-1803-1-2_1.jpg,1918,bengal kantha work,6190,4979.915,0.805
shibori-tie-dye-cotton-3pc-unstitched-dress-material-suit-set-01-2025-1807-1-1_1.jpg,1898,shibori tie dye,2450,3114.75,1.271
bengal-kantha-hand-embroidered-cotton-3pc-unstitched-dress-material-suit-set-01-2025-1803-1-1_1.jpg,1918,bengal kantha work,6190,5141.515,0.831
sanganeri-hand-block-print-cotton-3pc-unstitched-dress-material-suit-set-34-2025-1789-1-34_1.jpg,1924,sanganeri block printing,3950,3329.782,0.843
sanganeri-hand-block-print-cotton-3pc-unstitched-dress-material-suit-set-31-2025-1789-1-31_1.jpg,1924,sanganeri block printing,3950,3490.212,0.884
sanganeri-hand-block-print-cotton-3pc-unstitched-dress-material-suit-set-30-2025-1789-1-30_1.jpg,1924,sanganeri block printing,3950,3529.344,0.894
sanganeri-hand-block-print-cotton-3pc-unstitched-dress-material-suit-set-29-2025-1789-1-29_1.jpg,1924,sanganeri block printing,3950,3630.077,0.919
sanganeri-hand-block-print-cotton-3pc-unstitched-dress-material-suit-set-28-2025-1789-1-28_1.jpg,1924,sanganeri block printing,3950,3240.51,0.82
sanganeri-hand-block-print-cotton-3pc-unstitched-dress-material-suit-set-27-2025-1789-1-27_1.jpg,1924,sanganeri block printing,3950,3532.607,0.894
sanganeri-hand-block-print-cotton-3pc-unstitched-dress-material-suit-set-26-2025-1789-1-26_1.jpg,1924,sanganeri block printing,3950,3556.911,0.9
sanganeri-hand-block-print-cotton-3pc-unstitched-dress-material-suit-set-25-2025-1789-1-25_1.jpg,1924,sanganeri block printing,3950,3601.845,0.912
sanganeri-hand-block-print-cotton-3pc-unstitched-dress-material-suit-set-24-2025-1789-1-24_1.jpg,1924,sanganeri block printing,3950,3198.251,0.81
sanganeri-hand-block-print-cotton-3pc-unstitched-dress-material-suit-set-23-2025-1789-1-23_1.jpg,1924,sanganeri block printing,3950,3231.318,0.818
sanganeri-hand-block-print-cotton-3pc-unstitched-dress-material-suit-set-22-2025-1789-1-22_1.jpg,1924,sanganeri block printing,3950,3767.727,0.954
sanganeri-hand-block-print-cotton-3pc-unstitched-dress-material-suit-set-21-2025-1789-1-21_1.jpg,1924,sanganeri block printing,3950,3180.845,0.805
sanganeri-hand-block-print-cotton-3pc-unstitched-dress-material-suit-set-20-2025-1789-1-20_1.jpg,1924,sanganeri block printing,3950,2940.984,0.745
sanganeri-hand-block-print-cotton-3pc-unstitched-dress-material-suit-set-19-2025-1789-1-19_1.jpg,1924,sanganeri block printing,3950,3488.252,0.883
sanganeri-hand-block-print-cotton-3pc-unstitched-dress-material-suit-set-18-2025-1789-1-18_1.jpg,1924,sanganeri block printing,3950,3514.682,0.89
sanganeri-hand-block-print-cotton-3pc-unstitched-dress-material-suit-set-17-2025-1789-1-17_1.jpg,1924,sanganeri block printing,3950,3451.796,0.874
sanganeri-hand-block-print-cotton-3pc-unstitched-dress-material-suit-set-16-2025-1789-1-16_1.jpg,1924,sanganeri block printing,3950,3357.168,0.85
sanganeri-hand-block-print-cotton-3pc-unstitched-dress-material-suit-set-14-2025-1789-1-14_1.jpg,1924,sanganeri block printing,3950,3451.378,0.874
sanganeri-hand-block-print-cotton-3pc-unstitched-dress-material-suit-set-13-2025-1789-1-13_1.jpg,1924,sanganeri block printing,3950,3374.483,0.854
sanganeri-hand-block-print-cotton-3pc-unstitched-dress-material-suit-set-12-2025-1789-1-12_1.jpg,1924,sanganeri block printing,3950,3486.054,0.883
sanganeri-hand-block-print-cotton-3pc-unstitched-dress-material-suit-set-11-2025-1789-1-11_1.jpg,1924,sanganeri block printing,3950,3670.483,0.929
sanganeri-hand-block-print-cotton-3pc-unstitched-dress-material-suit-set-10-2025-1789-1-10_1.jpg,1924,sanganeri block printing,3950,3308.86,0.838
sanganeri-hand-block-print-cotton-3pc-unstitched-dress-material-suit-set-09-2025-1789-1-9_1.jpg,1924,sanganeri block printing,3950,3473.637,0.879
sanganeri-hand-block-print-cotton-3pc-unstitched-dress-material-suit-set-08-2025-1789-1-8_1.jpg,1924,sanganeri block printing,3950,3551.961,0.899
sanganeri-hand-block-print-cotton-3pc-unstitched-dress-material-suit-set-07-2025-1789-1-7_1.jpg,1924,sanganeri block printing,3950,3718.405,0.941
sanganeri-hand-block-print-cotton-3pc-unstitched-dress-material-suit-set-06-2025-1789-1-6_1.jpg,1924,sanganeri block printing,3950,3196.74,0.809
sanganeri-hand-block-print-cotton-3pc-unstitched-dress-material-suit-set-05-2025-1789-1-5_1.jpg,1924,sanganeri block printing,3950,3188.803,0.807
sanganeri-hand-block-print-cotton-3pc-unstitched-dress-material-suit-set-04-2025-1789-1-4_1.jpg,1924,sanganeri block printing,3950,3138.847,0.795
sanganeri-hand-block-print-cotton-3pc-unstitched-dress-material-suit-set-03-2025-1789-1-3_1.jpg,1924,sanganeri block printing,3950,3324.445,0.842
sanganeri-hand-block-print-cotton-3pc-unstitched-dress-material-suit-set-02-2025-1789-1-2_1.jpg,1924,sanganeri block printing,3950,3230.503,0.818
sanganeri-hand-block-print-cotton-3pc-unstitched-dress-material-suit-set-01-2025-1789-1-1_1.jpg,1924,sanganeri block printing,3950,3512.249,0.889
hand-block-print-sanganeri-cotton-3pc-unstitched-dress-material-23-2025-1539-1-23_1.jpg,1924,sanganeri block printing,3950,2967.747,0.751
hand-block-print-sanganeri-cotton-3pc-unstitched-dress-material-20-2025-1539-1-20_1.jpg,1924,sanganeri block printing,3950,2992.864,0.758
hand-block-print-sanganeri-cotton-3pc-unstitched-dress-material-19-2025-1539-1-19_1.jpg,1924,sanganeri block printing,3950,2842.579,0.72
hand-block-print-sanganeri-cotton-3pc-unstitched-dress-material-16-2025-1539-1-16_1.jpg,1924,sanganeri block printing,3950,3025.048,0.766
hand-block-print-sanganeri-cotton-3pc-unstitched-dress-material-13-2025-1539-1-13_1.jpg,1924,sanganeri block printing,3950,2916.163,0.738
hand-block-print-sanganeri-cotton-3pc-unstitched-dress-material-11-2025-1539-1-11_1.jpg,1924,sanganeri block printing,3950,3113.21,0.788
hand-block-print-sanganeri-cotton-3pc-unstitched-dress-material-10-2025-1539-1-10_1.jpg,1924,sanganeri block printing,3950,2917.727,0.739
hand-block-print-sanganeri-cotton-3pc-unstitched-dress-material-08-2025-1539-1-8_1.jpg,1924,sanganeri block printing,3950,3033.012,0.768
hand-block-print-sanganeri-cotton-3pc-unstitched-dress-material-07-2025-1539-1-7_1.jpg,1924,sanganeri block printing,3950,3185.76,0.807
jacquard-mirror-work-embroidered-cotton-3pc-unstitched-dress-material-88-2025-1727-1-88_1.jpg,1960,jacquard weaving,3690,2663.065,0.722
jacquard-mirror-work-embroidered-cotton-3pc-unstitched-dress-material-87-2025-1727-1-87_1.jpg,1960,jacquard weaving,3690,2599.584,0.704
jacquard-mirror-work-embroidered-cotton-3pc-unstitched-dress-material-86-2025-1727-1-86_1.jpg,1960,jacquard weaving,3690,2758.483,0.748
embroidered-cotton-printed-3pc-unstitched-dress-material-84-2025-1727-1-84_1.jpg,1961,embroidery,3190,3123.793,0.979
jacquard-cotton-3pc-unstitched-dress-material-81-2025-1727-1-81_1.jpg,1960,jacquard weaving,3490,2497.052,0.715
jacquard-embroidered-cotton-3pc-unstitched-dress-material-71-2025-1727-1-71_1.jpg,1960,jacquard weaving,3490,2904.772,0.832
jacquard-embroidered-cotton-3pc-unstitched-dress-material-70-2025-1727-1-70_1.jpg,1960,jacquard weaving,3490,3203.259,0.918
jacquard-embroidered-cotton-3pc-unstitched-dress-material-68-2025-1727-1-68_1.jpg,1960,jacquard weaving,3490,2780.377,0.797
jacquard-embroidered-cotton-3pc-unstitched-dress-material-65-2025-1727-1-65_1.jpg,1960,jacquard weaving,3290,3217.96,0.978
jacquard-embroidered-cotton-3pc-unstitched-dress-material-64-2025-1727-1-64_1.jpg,1960,jacquard weaving,3290,3102.853,0.943
jacquard-embroidered-cotton-3pc-unstitched-dress-material-63-2025-1727-1-63_1.jpg,1960,jacquard weaving,3290,3022.517,0.919
jacquard-embroidered-cotton-3pc-unstitched-dress-material-62-2025-1727-1-62_1.jpg,1960,jacquard weaving,3890,2926.352,0.752
jacquard-embroidered-cotton-3pc-unstitched-dress-material-60-2025-1727-1-60_1.jpg,1960,jacquard weaving,3890,3088.257,0.794
zari-buti-jacquard-cotton-3pc-unstitched-dress-material-55-2025-1727-1-55_1.jpg,1960,jacquard weaving,2850,3316.613,1.164
zari-buti-jacquard-cotton-3pc-unstitched-dress-material-52-2025-1727-1-52_1.jpg,1960,jacquard weaving,2850,3099.512,1.088
jacquard-cotton-3pc-unstitched-dress-material-46-2025-1727-1-46_1.jpg,1960,jacquard weaving,2590,2608.982,1.007
jacquard-cotton-3pc-unstitched-dress-material-44-2025-1727-1-44_1.jpg,1960,jacquard weaving,2590,2475.221,0.956
jacquard-cotton-3pc-unstitched-dress-material-38-2025-1727-1-38_1.jpg,1960,jacquard weaving,2590,2741.127,1.058
jacquard-cotton-3pc-unstitched-dress-material-36-2025-1727-1-36_1.jpg,1960,jacquard weaving,2590,2824.978,1.091
jacquard-cotton-3pc-unstitched-dress-material-33-2025-1727-1-33_1.jpg,1960,jacquard weaving,2590,2597.161,1.003
jacquard-cotton-3pc-unstitched-dress-material-31-2025-1727-1-31_1.jpg,1960,jacquard weaving,2590,2682.698,1.036
jacquard-cotton-3pc-unstitched-dress-material-30-2025-1727-1-30_1.jpg,1960,jacquard weaving,2590,2707.768,1.045
jacquard-cotton-3pc-unstitched-dress-material-24-2025-1727-1-24_1.jpg,1960,jacquard weaving,2590,2701.003,1.043
jacquard-cotton-3pc-unstitched-dress-material-21-2025-1727-1-21_1.jpg,1960,jacquard weaving,2590,2747.286,1.061
jacquard-cotton-3pc-unstitched-dress-material-19-2025-1727-1-19_1.jpg,1960,jacquard weaving,2590,2778.678,1.073
jacquard-cotton-3pc-unstitched-dress-material-18-2025-1727-1-18_1.jpg,1960,jacquard weaving,2590,2675.165,1.033
jacquard-cotton-3pc-unstitched-dress-material-17-2025-1727-1-17_1.jpg,1960,jacquard weaving,2590,2808.089,1.084
jacquard-cotton-3pc-unstitched-dress-material-15-2025-1727-1-15_1.jpg,1960,jacquard weaving,2590,2639.567,1.019
jacquard-cotton-3pc-unstitched-dress-material-12-2025-1727-1-12_1.jpg,1960,jacquard weaving,2590,2856.491,1.103
jacquard-cotton-3pc-unstitched-dress-material-10-2025-1727-1-10_1.jpg,1960,jacquard weaving,2590,2938.629,1.135
jacquard-cotton-3pc-unstitched-dress-material-06-2025-1727-1-6_1.jpg,1960,jacquard weaving,2590,2601.092,1.004
sambalpuri-ikat-handloom-cotton-3pc-unstitched-dress-material-13-2025-1707-1-13_1.jpg,1962,sambalpuri ikat weaving,3990,3698.727,0.927
sambalpuri-ikat-handloom-cotton-3pc-unstitched-dress-material-09-2025-1707-1-9_1.jpg,1962,sambalpuri ikat weaving,3990,3927.318,0.984
jacquard-mirror-work-embroidered-cotton-3pc-unstitched-dress-material-85-2025-1727-1-85_1.jpg,1960,jacquard weaving,3690,2609.721,0.707
jacquard-embroidered-cotton-3pc-unstitched-dress-material-67-2025-1727-1-67_1.jpg,1960,jacquard weaving,3490,2776.491,0.796
jacquard-cotton-3pc-unstitched-dress-material-01-2025-1727-1-1_1.jpg,1960,jacquard weaving,2590,2668.633,1.03
sanganeri-block-print-cotton-3pc-unstitched-dress-material-04-2025-1694-1-4_1.jpg,1924,sanganeri block printing,2690,3291.21,1.223
sanganeri-block-print-cotton-3pc-unstitched-dress-material-03-2025-1694-1-3_1.jpg,1924,sanganeri block printing,2690,3427.527,1.274
hand-block-bagh-print-natural-dyed-kota-doria-cotton-3pc-unstitched-dress-material-13-2025-1693-1-13_1.jpg,1937,bagh block printing,5890,4990.405,0.847
hand-block-bagh-print-natural-dyed-kota-doria-cotton-3pc-unstitched-dress-material-12-2025-1693-1-12_1.jpg,1937,bagh block printing,5890,5451.479,0.926
hand-block-bagh-print-natural-dyed-kota-doria-cotton-3pc-unstitched-dress-material-02-2025-1693-1-2_1.jpg,1937,bagh block printing,5890,5233.274,0.889
sanganeri-hand-block-print-cotton-3pc-unstitched-dress-material-65-2025-1622-1-65_1.jpg,1924,sanganeri block printing,3950,2982.776,0.755
sanganeri-hand-block-print-cotton-3pc-unstitched-dress-material-56-2025-1622-1-56_1.jpg,1924,sanganeri block printing,3950,3207.211,0.812
sanganeri-hand-block-print-cotton-3pc-unstitched-dress-material-50-2025-1622-1-50_1.jpg,1924,sanganeri block printing,5190,3141.828,0.605
sanganeri-hand-block-print-cotton-3pc-unstitched-dress-material-47-2025-1622-1-47_1.jpg,1924,sanganeri block printing,5190,3362.377,0.648
sanganeri-hand-block-print-cotton-3pc-unstitched-dress-material-46-2025-1622-1-46_1.jpg,1924,sanganeri block printing,5190,3306.412,0.637
sanganeri-hand-block-print-cotton-3pc-unstitched-dress-material-44-2025-1622-1-44_1.jpg,1924,sanganeri block printing,5190,3275.509,0.631
sanganeri-hand-block-print-cotton-3pc-unstitched-dress-material-43-2025-1622-1-43_1.jpg,1924,sanganeri block printing,5190,3443.494,0.663
sanganeri-hand-block-print-cotton-3pc-unstitched-dress-material-41-2025-1622-1-41_1.jpg,1924,sanganeri block printing,5190,3448.523,0.664
sanganeri-hand-block-print-cotton-3pc-unstitched-dress-material-40-2025-1622-1-40_1.jpg,1924,sanganeri block printing,5190,3369.569,0.649
sanganeri-hand-block-print-cotton-3pc-unstitched-dress-material-39-2025-1622-1-39_1.jpg,1924,sanganeri block printing,5190,3013.911,0.581
sanganeri-hand-block-print-cotton-3pc-unstitched-dress-material-38-2025-1622-1-38_1.jpg,1924,sanganeri block printing,5190,3118.921,0.601
hand-block-jaipur-print-maheshwari-silk-handloom-3pc-unstitched-dress-material-27-2025-1622-1-27_1.jpg,1971,jaipur printing,8490,7179.252,0.846
hand-block-jaipur-print-maheshwari-silk-handloom-3pc-unstitched-dress-material-19-2025-1622-1-19_1.jpg,1971,jaipur printing,8490,7054.344,0.831
sanganeri-block-print-cotton-3pc-unstitched-dress-material-01-2025-1694-1-1_1.jpg,1924,sanganeri block printing,2690,3494.736,1.299
handloom-chanderi-silk-2pc-unstitched-dress-material-with-jewellery-set-05-2025-1567-7-7_1.jpg,1910,chanderi weaving,7990,9490.77,1.188
handloom-zari-buti-chanderi-silk-2pc-unstitched-dress-material-with-jewellery-set-16-2025-1567-7-16_1.jpg,1910,chanderi weaving,9590,13713.715,1.43
handloom-zari-buti-chanderi-silk-2pc-unstitched-dress-material-with-jewellery-set-03-2025-1567-7-3_1.jpg,1910,chanderi weaving,17990,14105.023,0.784
sanganeri-block-print-cotton-3pc-unstitched-dress-material-37-2025-1622-1-37_1.jpg,1924,sanganeri block printing,5190,3156.145,0.608
hand-block-jaipur-print-maheshwari-silk-handloom-3pc-unstitched-dress-material-15-2025-1622-1-15_1.jpg,1971,jaipur printing,8490,8072.771,0.951
fine-tissue-zari-plain-2pc-unstitched-dress-material-with-jewellery-set-09-2025-1567-7-9_1.jpg,1975,bengal weaving,5900,4665.853,0.791
handloom-chanderi-silk-2pc-unstitched-dress-material-with-jewellery-set-04-2025-1567-7-4_1.jpg,1910,chanderi weaving,8190,10090.814,1.232
handpainted-srikalahasti-pen-kalamkari-silk-cotton-2pc-unstitched-dress-material-with-jewellery-set-18-2025-1567-7-18_1.jpg,1976,srikalahasti penwork kalamkari,7990,9395.458,1.176
sambalpuri-embroidered-cotton-2pc-unstitched-dress-material-with-jewellery-set-30-2025-820-37-30_1.jpg,1977,sambalpuri ikat weaving,3490,3900.672,1.118
handpainted-srikalahasti-pen-kalamkari-chanderi-silk-2pc-unstitched-dress-material-with-earrings-07-2025-1567-5-7_1.jpg,1976,srikalahasti penwork kalamkari,8790,8218.937,0.935
thread-buti-cotton-2pc-unstitched-dress-material-with-jewellery-set-14-2025-1567-4-14_1.jpg,1903,srikakulam jamdani weaving,2990,3400.566,1.137
hand-block-batik-print-cotton-3pc-unstitched-dress-material-82-2025-1600-5-82_1.jpg,1982,batik block printing,2690,2635.687,0.98
hand-block-batik-print-cotton-3pc-unstitched-dress-material-80-2025-1600-5-80_1.jpg,1982,batik block printing,2690,2946.19,1.095
hand-block-batik-print-cotton-3pc-unstitched-dress-material-79-2025-1600-5-79_1.jpg,1982,batik block printing,2690,2590.732,0.963
hand-block-batik-print-cotton-3pc-unstitched-dress-material-78-2025-1600-5-78_1.jpg,1982,batik block printing,2690,2622.017,0.975
hand-block-batik-print-cotton-3pc-unstitched-dress-material-73-2025-1600-5-73_1.jpg,1982,batik block printing,2690,2671.805,0.993
hand-block-batik-print-cotton-3pc-unstitched-dress-material-72-2025-1600-5-72_1.jpg,1982,batik block printing,2690,2637.553,0.981
hand-block-batik-print-cotton-3pc-unstitched-dress-material-69-2025-1600-5-69_1.jpg,1982,batik block printing,2690,3112.619,1.157
hand-block-batik-print-cotton-3pc-unstitched-dress-material-68-2025-1600-5-68_1.jpg,1982,batik block printing,2690,2789.965,1.037
hand-block-batik-print-cotton-3pc-unstitched-dress-material-67-2025-1600-5-67_1.jpg,1982,batik block printing,2690,3003.879,1.117
aari-hand-embroidery-silk-2pc-unstitched-dress-material-26-2025-1591-1-26_1.jpg,1984,kashida embroidery,5690,6422.631,1.129
aari-hand-embroidery-silk-2pc-unstitched-dress-material-24-2025-1591-1-24_1.jpg,1984,kashida embroidery,5690,6512.83,1.145
aari-hand-embroidery-cotton-2pc-unstitched-dress-material-21-2025-1591-1-21_1.jpg,1984,kashida embroidery,5690,3756.31,0.66
aari-hand-embroidery-cotton-2pc-unstitched-dress-material-17-2025-1591-1-17_1.jpg,1984,kashida embroidery,3250,3967.651,1.221
aari-hand-embroidery-cotton-2pc-unstitched-dress-material-12-2025-1591-1-12_1.jpg,1984,kashida embroidery,3690,4165.964,1.129
kota-doria-cotton-hand-block-sanganeri-print-3pc-unstitched-dress-material-62-2025-1600-1-62_1.jpg,1924,sanganeri block printing,3790,3371.262,0.89
kota-doria-cotton-hand-block-sanganeri-print-3pc-unstitched-dress-material-61-2025-1600-1-61_1.jpg,1924,sanganeri block printing,3790,3584.789,0.946
kota-doria-cotton-hand-block-sanganeri-print-3pc-unstitched-dress-material-58-2025-1600-1-58_1.jpg,1924,sanganeri block printing,3790,3633.111,0.959
kota-doria-cotton-hand-block-sanganeri-print-3pc-unstitched-dress-material-57-2025-1600-1-57_1.jpg,1924,sanganeri block printing,3790,3354.724,0.885
kota-doria-cotton-hand-block-sanganeri-print-3pc-unstitched-dress-material-54-2025-1600-1-54_1.jpg,1924,sanganeri block printing,3790,3666.551,0.967
kota-doria-cotton-hand-block-sanganeri-print-3pc-unstitched-dress-material-52-2025-1600-1-52_1.jpg,1924,sanganeri block printing,3790,3499.608,0.923
kota-doria-cotton-hand-block-sanganeri-print-3pc-unstitched-dress-material-48-2025-1600-1-48_1.jpg,1924,sanganeri block printing,3790,3592.618,0.948
kota-doria-cotton-hand-block-sanganeri-print-3pc-unstitched-dress-material-47-2025-1600-1-47_1.jpg,1924,sanganeri block printing,3790,3749.913,0.989
kota-doria-cotton-hand-block-sanganeri-print-3pc-unstitched-dress-material-43-2025-1600-1-43_1.jpg,1924,sanganeri block printing,3790,3379.387,0.892
kota-doria-cotton-hand-block-sanganeri-print-3pc-unstitched-dress-material-40-2025-1600-1-40_1.jpg,1924,sanganeri block printing,3790,3527.649,0.931
kota-doria-cotton-hand-block-sanganeri-print-3pc-unstitched-dress-material-38-2025-1600-1-38_1.jpg,1924,sanganeri block printing,3790,3342.422,0.882
kota-doria-cotton-hand-block-sanganeri-print-3pc-unstitched-dress-material-36-2025-1600-1-36_1.jpg,1924,sanganeri block printing,3790,3616.777,0.954
chanderi-silk-shibori-tie-dye-3pc-unstitched-dress-material-05-2025-1600-2-5_1.jpg,1989,shibori tie dye,3990,4518.732,1.133
chanderi-silk-shibori-tie-dye-3pc-unstitched-dress-material-04-2025-1600-2-4_1.jpg,1989,shibori tie dye,3990,4337.244,1.087
chanderi-silk-shibori-tie-dye-3pc-unstitched-dress-material-03-2025-1600-2-3_1.jpg,1989,shibori tie dye,3990,4389.295,1.1
maheshwari-silk-hand-block-jaipur-print-3pc-unstitched-dress-material-42-2025-1600-3-42_1.jpg,1971,jaipur printing,4890,4916.431,1.005
hand-block-print-sanganeri-cotton-3pc-unstitched-dress-material-61-2025-1600-4-61_1.jpg,1924,sanganeri block printing,2890,3236.081,1.12
hand-block-print-sanganeri-cotton-3pc-unstitched-dress-material-58-2025-1600-4-58_1.jpg,1924,sanganeri block printing,2890,3344.216,1.157
hand-block-print-sanganeri-cotton-3pc-unstitched-dress-material-57-2025-1600-4-57_1.jpg,1924,sanganeri block printing,2890,3282.623,1.136
hand-block-print-sanganeri-cotton-3pc-unstitched-dress-material-56-2025-1600-4-56_1.jpg,1924,sanganeri block printing,2890,3372.967,1.167
hand-block-print-sanganeri-cotton-3pc-unstitched-dress-material-55-2025-1600-4-55_1.jpg,1924,sanganeri block printing,2890,3411.761,1.181
hand-block-print-sanganeri-cotton-3pc-unstitched-dress-material-53-2025-1600-4-53_1.jpg,1924,sanganeri block printing,2890,3648.327,1.262
hand-block-print-sanganeri-cotton-3pc-unstitched-dress-material-52-2025-1600-4-52_1.jpg,1924,sanganeri block printing,2890,3326.041,1.151
hand-block-print-sanganeri-cotton-3pc-unstitched-dress-material-50-2025-1600-4-50_1.jpg,1924,sanganeri block printing,2890,3253.436,1.126
hand-block-print-sanganeri-cotton-3pc-unstitched-dress-material-49-2025-1600-4-49_1.jpg,1924,sanganeri block printing,3150,3421.725,1.086
hand-block-print-sanganeri-cotton-3pc-unstitched-dress-material-47-2025-1600-4-47_1.jpg,1924,sanganeri block printing,2890,3437.1,1.189
hand-block-print-sanganeri-cotton-3pc-unstitched-dress-material-46-2025-1600-4-46_1.jpg,1924,sanganeri block printing,2890,3150.777,1.09
hand-block-print-sanganeri-cotton-3pc-unstitched-dress-material-44-2025-1600-4-44_1.jpg,1924,sanganeri block printing,2890,3370.235,1.166
hand-block-print-sanganeri-cotton-3pc-unstitched-dress-material-41-2025-1600-4-41_1.jpg,1924,sanganeri block printing,2890,3142.665,1.087
hand-block-print-sanganeri-cotton-3pc-unstitched-dress-material-39-2025-1600-4-39_1.jpg,1924,sanganeri block printing,2890,3299.246,1.142
hand-block-print-sanganeri-cotton-3pc-unstitched-dress-material-37-2025-1600-4-37_1.jpg,1924,sanganeri block printing,2890,3162.24,1.094
hand-block-print-sanganeri-cotton-3pc-unstitched-dress-material-36-2025-1600-4-36_1.jpg,1924,sanganeri block printing,2890,3439.924,1.19
hand-block-print-sanganeri-cotton-3pc-unstitched-dress-material-35-2025-1600-4-35_1.jpg,1924,sanganeri block printing,2890,3432.305,1.188
hand-block-print-sanganeri-cotton-3pc-unstitched-dress-material-38-2025-1600-4-38_1.jpg,1924,sanganeri block printing,2890,3256.148,1.127
hand-block-print-sanganeri-cotton-3pc-unstitched-dress-material-31-2025-1600-4-31_1.jpg,1924,sanganeri block printing,2890,3167.149,1.096
bagh-hand-block-print-natural-dyed-kota-doria-cotton-3pc-unstitched-dress-material-37-2025-1578-2-37_1.jpg,1937,bagh block printing,5890,5063.29,0.86
bagh-hand-block-print-natural-dyed-kota-doria-cotton-3pc-unstitched-dress-material-33-2025-1578-2-33_1.jpg,1937,bagh block printing,5890,4899.231,0.832
bagh-hand-block-print-natural-dyed-kota-doria-cotton-3pc-unstitched-dress-material-32-2025-1578-2-32_1.jpg,1937,bagh block printing,5890,5224.818,0.887
bagh-hand-block-print-natural-dyed-kota-doria-cotton-3pc-unstitched-dress-material-29-2025-1578-2-29_1.jpg,1937,bagh block printing,5890,5158.641,0.876
bagh-hand-block-print-natural-dyed-kota-doria-cotton-3pc-unstitched-dress-material-28-2025-1578-2-28_1.jpg,1937,bagh block printing,5890,4900.557,0.832
bagh-hand-block-print-natural-dyed-kota-doria-cotton-3pc-unstitched-dress-material-17-2025-1578-2-17_1.jpg,1937,bagh block printing,5890,5274.527,0.896
bagh-hand-block-print-natural-dyed-kota-doria-cotton-3pc-unstitched-dress-material-09-2025-1578-2-9_1.jpg,1937,bagh block printing,5890,4943.886,0.839
bagh-hand-block-print-natural-dyed-kota-doria-cotton-3pc-unstitched-dress-material-08-2025-1578-2-8_1.jpg,1937,bagh block printing,5890,4966.011,0.843
bagh-hand-block-print-natural-dyed-kota-doria-cotton-3pc-unstitched-dress-material-07-2025-1578-2-7_1.jpg,1937,bagh block printing,5890,5331.685,0.905
bagh-hand-block-print-natural-dyed-kota-doria-cotton-3pc-unstitched-dress-material-06-2025-1578-2-6_1.jpg,1937,bagh block printing,5890,5035.694,0.855
bagh-hand-block-print-natural-dyed-kota-doria-cotton-3pc-unstitched-dress-material-04-2025-1578-2-4_1.jpg,1937,bagh block printing,5890,5395.405,0.916
bagh-hand-block-print-natural-dyed-kota-doria-cotton-3pc-unstitched-dress-material-03-2025-1578-2-3_1.jpg,1937,bagh block printing,5890,5179.96,0.879
bagh-hand-block-print-natural-dyed-kota-doria-cotton-3pc-unstitched-dress-material-02-2025-1578-2-2_1.jpg,1937,bagh block printing,5890,5421.161,0.92
kota-doria-cotton-hand-block-sanganeri-print-3pc-unstitched-dress-material-35-2025-1600-1-35_1.jpg,1924,sanganeri block printing,3790,3368.319,0.889
thread-buti-cotton-2pc-unstitched-dress-material-with-jewellery-set-16-2025-820-37-16_1.jpg,1903,srikakulam jamdani weaving,3290,3887.881,1.182
sambalpuri-embroidered-cotton-2pc-unstitched-dress-material-with-jewellery-set-18-2025-820-37-18_1.jpg,1977,sambalpuri ikat weaving,3590,3706.728,1.033
bagh-hand-block-print-natural-dyed-kota-doria-cotton-3pc-unstitched-dress-material-01-2025-1578-2-1_1.jpg,1937,bagh block printing,5890,5025.828,0.853
natural-dyed-ajrakh-bagru-dabu-hand-block-print-cotton-2pc-unstitched-dress-material-24-2025-820-23-24_1.jpg,1993,bagru block printing,3690,2848.277,0.772
hand-block-sanganeri-print-cotton-3pc-unstitched-dress-material-14-2025-1463-3-14_1.jpg,1998,sanganeri block printing,2690,2591.649,0.963
hand-block-sanganeri-print-cotton-3pc-unstitched-dress-material-13-2025-1463-3-13_1.jpg,1998,sanganeri block printing,2690,2782.496,1.034
hand-block-sanganeri-print-cotton-3pc-unstitched-dress-material-08-2025-1463-3-8_1.jpg,1998,sanganeri block printing,2690,2831.98,1.053
hand-block-sanganeri-print-cotton-3pc-unstitched-dress-material-05-2025-1463-3-5_1.jpg,1998,sanganeri block printing,2690,2800.15,1.041
hand-block-sanganeri-print-cotton-3pc-unstitched-dress-material-03-2025-1463-3-3_1.jpg,1998,sanganeri block printing,2690,2734.1,1.016
hand-block-sanganeri-print-linen-3pc-unstitched-dress-material-08-2025-1463-5-8_1.jpg,1998,sanganeri block printing,3590,4269.848,1.189
hand-block-sanganeri-print-linen-3pc-unstitched-dress-material-04-2025-1463-5-4_1.jpg,1998,sanganeri block printing,3590,5124.817,1.428
hand-block-sanganeri-print-linen-3pc-unstitched-dress-material-01-2025-1463-5-1_1.jpg,1998,sanganeri block printing,3590,4656.764,1.297
hand-block-sanganeri-print-cotton-3pc-unstitched-dress-material-01-2025-1463-3-1_1.jpg,1998,sanganeri block printing,2690,2902.331,1.079
handloom-pochampally-central-asian-ikat-cotton-2pc-unstitched-dress-material-with-jewellery-set-10-2025-820-24-10_1.jpg,2002,pochampally ikat weaving,6490,9742.831,1.501
pink-kota-doria-cotton-chikankari-hand-embroidered-2pc-unstitched-dress-material-04-2025-1361-1-4_1.jpg,2006,lucknowi chikankari,8990,9749.78,1.085
pink-kota-doria-cotton-chikankari-hand-embroidered-2pc-unstitched-dress-material-03-2025-1361-1-3_1.jpg,2006,lucknowi chikankari,8990,9881.975,1.099
pink-kota-doria-cotton-chikankari-hand-embroidered-2pc-unstitched-dress-material-02-2025-1361-1-2_1.jpg,2006,lucknowi chikankari,8990,9509.705,1.058
kota-doria-cotton-chikankari-hand-embroidered-2pc-unstitched-dress-material-01-2025-1361-1-1_1.jpg,2006,lucknowi chikankari,8990,9464.985,1.053
natural-dyed-bagru-block-print-chanderi-silk-3pc-unstitched-dress-material-37-2025-1273-1-37_1.jpg,1932,bagru block printing,4490,5157.017,1.149
natural-dyed-bagru-block-print-chanderi-silk-3pc-unstitched-dress-material-35-2025-1273-1-35_1.jpg,1932,bagru block printing,4490,5665.504,1.262
natural-dyed-bagru-block-print-chanderi-silk-3pc-unstitched-dress-material-30-2025-1273-1-30_1.jpg,1932,bagru block printing,4490,5918.655,1.318
natural-dyed-bagru-block-print-chanderi-silk-3pc-unstitched-dress-material-28-2025-1273-1-28_1.jpg,1932,bagru block printing,4490,6026.31,1.342
handloom-sico-pochampally-ikat-2pc-unstitched-dress-material-15-2025-1263-1-15_1.jpg,2012,pochampally ikat weaving,9450,7116.1,0.753
handloom-mulberry-silk-pochampally-ikat-2pc-unstitched-dress-material-05-2025-1263-1-5_1.jpg,2012,pochampally ikat weaving,15990,12620.355,0.789
handloom-sico-pochampally-ikat-2pc-unstitched-dress-material-32-2025-1192-1-32_1.jpg,2012,pochampally ikat weaving,12990,9444.176,0.727
handloom-sico-pochampally-ikat-2pc-unstitched-dress-material-30-2025-1192-1-30_1.jpg,2012,pochampally ikat weaving,12990,9847.198,0.758
handloom-sico-pochampally-ikat-2pc-unstitched-dress-material-25-2025-1192-1-25_1.jpg,2012,pochampally ikat weaving,12990,9578.748,0.737
handloom-sico-pochampally-ikat-2pc-unstitched-dress-material-22-2025-1192-1-22_1.jpg,2012,pochampally ikat weaving,12990,8860.748,0.682
handloom-sico-pochampally-ikat-2pc-unstitched-dress-material-19-2025-1192-1-19_1.jpg,2012,pochampally ikat weaving,10990,7785.269,0.708
handloom-sico-pochampally-ikat-2pc-unstitched-dress-material-18-2025-1192-1-18_1.jpg,2012,pochampally ikat weaving,10990,6940.339,0.632
handloom-sico-pochampally-ikat-2pc-unstitched-dress-material-15-2025-1192-1-15_1.jpg,2012,pochampally ikat weaving,10990,7834.161,0.713
handloom-sico-pochampally-ikat-2pc-unstitched-dress-material-07-2025-1192-1-7_1.jpg,2012,pochampally ikat weaving,10990,6815.547,0.62
handloom-sico-pochampally-ikat-2pc-unstitched-dress-material-06-2025-1192-1-6_1.jpg,2012,pochampally ikat weaving,10990,7526.946,0.685
2pc-handloom-cotton-unstitched-mangalagiri-dress-material-with-jewellery-set-05-2025-820-2-5_1.jpg,2027,mangalagiri weaving,4190,4205.415,1.004
2pc-handloom-cotton-unstitched-mangalagiri-dress-material-with-jewellery-set-04-2025-820-2-4_1.jpg,2027,mangalagiri weaving,4190,4534.203,1.082
3pc-cotton-hand-block-sanganeri-print-unstitched-dress-material-04-2025-905-1-4_1.jpg,2036,sanganeri block printing,5190,3441.022,0.663
2pc-cotton-unstitched-jacquard-dress-material-with-jewellery-set-10-2025-638-5-10_1.jpg,2040,jacquard weaving,2490,4241.343,1.703
2pc-cotton-unstitched-jacquard-dress-material-with-jewellery-set-06-2025-638-5-6_1.jpg,2040,jacquard weaving,2490,3927.288,1.577
2pc-cotton-unstitched-jacquard-dress-material-with-jewellery-set-24-2025-638-1-24_1.jpg,2040,jacquard weaving,2290,3107.125,1.357
2pc-cotton-unstitched-jacquard-dress-material-with-jewellery-set-19-2025-638-1-19_1.jpg,2040,jacquard weaving,2290,2995.638,1.308
2pc-cotton-unstitched-pochampally-ikat-dress-material-02-2025-638-2-2_1.jpg,2040,pochampally ikat weaving,3690,3457.268,0.937
2pc-cotton-unstitched-pochampally-ikat-dress-material-with-jewellery-set-11-2025-638-4-11_1.jpg,2040,pochampally ikat weaving,2490,3571.008,1.434
2pc-cotton-unstitched-pochampally-double-ikat-dress-material-with-jewellery-set-09-2025-638-4-9_1.jpg,2043,pochampally ikat weaving,2490,2874.314,1.154
2pc-unstitched-handloom-sico-pochampally-ikat-dress-material-26-2025-759-1-26_1.jpg,2012,pochampally ikat weaving,9450,8511.316,0.901
2pc-unstitched-handloom-sico-pochampally-ikat-dress-material-20-2025-759-1-20_1.jpg,2012,pochampally ikat weaving,9450,7531.351,0.797
2pc-unstitched-handloom-sico-pochampally-ikat-dress-material-18-2025-759-1-18_1.jpg,2012,pochampally ikat weaving,9450,7898.711,0.836
2pc-unstitched-handloom-sico-pochampally-ikat-dress-material-14-2025-759-1-15_1.jpg,2012,pochampally ikat weaving,9450,7764.117,0.822
2pc-unstitched-handloom-sico-pochampally-ikat-dress-material-05-2025-759-1-5_1.jpg,2012,pochampally ikat weaving,9450,7449.878,0.788
2pc-unstitched-handloom-sico-pochampally-ikat-dress-material-03-2025-759-1-3_1.jpg,2012,pochampally ikat weaving,9450,7903.64,0.836
2pc-unstitched-handloom-sico-pochampally-ikat-dress-material-01-2025-759-1-1_1.jpg,2012,pochampally ikat weaving,9450,7747.628,0.82
3pc-handloom-cotton-unstitched-sambalpuri-dress-material-03-2025-716-2-3_1.jpg,2045,sambalpuri ikat weaving,3990,3137.531,0.786
3pc-handloom-cotton-unstitched-sambalpuri-dress-material-21-2025-760-1-21_1.jpg,2046,sambalpuri ikat weaving,3990,3561.294,0.893
3pc-block-print-cotton-unstitched-mangalagiri-dress-material-33-2025-636-1-33_1.jpg,2047,mangalagiri weaving,4800,3729.04,0.777
3pc-handloom-cotton-unstitched-sambalpuri-dress-material-01-2025-716-2-1_1.jpg,2045,sambalpuri ikat weaving,3990,3449.91,0.865
3pc-unstitched-mangalagiri-dress-material-with-jewellery-set-35-2025-267-6-35_1.jpg,2027,mangalagiri weaving,5290,6648.011,1.257
3pc-unstitched-maniabandha-ikat-dress-material-with-jewellery-set-22-2025-411-7-22_1.jpg,2053,other,4290,6016.821,1.403
3pc-unstitched-maniabandha-ikat-dress-material-with-jewellery-set-20-2025-411-7-20_1.jpg,2053,other,4190,6138.593,1.465
3pc-unstitched-maniabandha-ikat-dress-material-with-jewellery-set-14-2025-411-7-14_1.jpg,2053,other,4190,6379.101,1.522
2pc-unstitched-mangalagiri-dress-material-with-jewellery-set-27-2025-267-6-27_1.jpg,2027,mangalagiri weaving,4590,4686.597,1.021
3pc-unstitched-maniabandha-ikat-dress-material-with-jewellery-set-11-2025-411-7-11_1.jpg,2053,other,4290,5772.777,1.346
2pc-unstitched-handloom-sico-pochampally-ikat-dress-material-09-2025-583-1-9_1.jpg,2012,pochampally ikat weaving,10990,7332.48,0.667
2pc-mul-chanderi-unstitched-chikankari-dress-material-14-2025-535-1-14_1.jpg,2062,lucknowi chikankari,8490,8102.222,0.954
2pc-mul-chanderi-unstitched-chikankari-dress-material-05-2025-535-1-5_1.jpg,2062,lucknowi chikankari,8490,8416.594,0.991
2pc-mul-chanderi-unstitched-chikankari-dress-material-04-2025-535-1-4_1.jpg,2062,lucknowi chikankari,8490,8405.488,0.99
2pc-mul-chanderi-unstitched-chikankari-dress-material-03-2025-535-1-3_1.jpg,2062,lucknowi chikankari,8490,8639.867,1.018
2pc-mul-chanderi-unstitched-chikankari-dress-material-02-2025-535-1-2_1.jpg,2062,lucknowi chikankari,8490,9128.168,1.075
3pc-natural-dyed-maheshwari-silk-unstitched-vanaspati-jahota-dress-material-21-2025-517-1-21_1.jpg,2063,other,7290,5989.785,0.822
3pc-natural-dyed-maheshwari-silk-unstitched-vanaspati-jahota-dress-material-18-2025-517-1-18_1.jpg,2063,other,7290,6246.129,0.857
3pc-natural-dyed-maheshwari-silk-unstitched-vanaspati-jahota-dress-material-17-2025-517-1-17_1.jpg,2063,other,7290,6040.043,0.829
3pc-natural-dyed-maheshwari-silk-unstitched-vanaspati-jahota-dress-material-15-2025-517-1-15_1.jpg,2063,other,7290,6615.807,0.908
3pc-natural-dyed-maheshwari-silk-unstitched-vanaspati-jahota-dress-material-14-2025-517-1-14_1.jpg,2063,other,7290,6498.844,0.891
3pc-natural-dyed-unstitched-vanaspati-jahota-dress-material-12-2025-517-1-12_1.jpg,2063,other,7290,6341.948,0.87
3pc-cotton-hand-batik-print-unstitched-dress-material-12-2025-272-1-12_1.jpg,1933,batik block printing,3290,2226.592,0.677
3pc-cotton-hand-batik-print-unstitched-dress-material-04-2025-272-1-4_1.jpg,1933,batik block printing,3290,2124.376,0.646
3pc-cotton-bagh-print-dress-material-13-2025-167-1-13_1.jpg,2076,screen printing,2990,2761.856,0.924
3pc-cotton-bagh-print-dress-material-10-2025-167-1-10_1.jpg,2076,screen printing,2990,2761.304,0.924
3pc-cotton-bagh-print-dress-material-09-2025-167-1-9_1.jpg,2076,screen printing,2990,2662.814,0.891
3pc-cotton-bagh-print-dress-material-07-2025-167-1-7_1.jpg,2076,screen printing,2990,2597.872,0.869
3pc-cotton-jaipur-print-dress-material-18-2024-1722-1-18_1.jpg,2089,jaipur printing,2800,2699.282,0.964
3pc-tie-dye-satin-cotton-bandhani-dress-material-69-2024-1667-1-69_1.jpg,2090,bandhani tie dye,2690,3377.595,1.256
3pc-tie-dye-satin-cotton-bandhani-dress-material-45-2024-1667-1-45_1.jpg,2090,bandhani tie dye,2690,3910.921,1.454
3pc-tie-dye-satin-cotton-bandhani-dress-material-43-2024-1667-1-43_1.jpg,2090,bandhani tie dye,2690,2956.563,1.099
3pc-pitta-work-kota-doria-silk-unstitched-dress-material-suit-set-02-2024-446-1-2_1.jpg,2099,kota doria weaving,6490,5624.307,0.867
3pc-modal-silk-bagh-print-suit-material-set-09-2024-1080-1-9_1.jpg,2105,bagh block printing,8990,7675.599,0.854
2024-860-1-42-3pc-satin-cotton-kutch-bandhani-dress-material-42_1.jpg,2108,bandhani tie dye,2690,2879.876,1.071
2024-616-1-6-3pc-kutch-handloom-organic-kala-cotton-suit-material-set-06_1.jpg,2112,kutch weaving,8400,6860.191,0.817
2024-616-1-4-3pc-kutch-handloom-organic-kala-cotton-suit-material-set-04_1.jpg,2112,kutch weaving,8400,5353.828,0.637
2024-616-1-3-3pc-kutch-handloom-organic-kala-cotton-suit-material-set-03_1.jpg,2112,kutch weaving,8400,6768.832,0.806
2022-833-1-4-purple-3pc-kota-doria-silk-dress-material-with-pitta-work_1.jpg,2099,kota doria weaving,6490,4904.907,0.756
573504-79-3pc-handloom-chanderi-silk-zari-buti-suit-material-set_1.jpg,1737,chanderi weaving,7290,5749.037,0.789
573504-77-3pc-handloom-chanderi-silk-zari-buti-suit-material-set_1.jpg,1737,chanderi weaving,7290,7535.231,1.034
573504-61-2pc-handloom-chanderi-silk-zari-buti-suit-material-set_1.jpg,1737,chanderi weaving,7590,4983.677,0.657
573504-56-2pc-handloom-chanderi-silk-zari-buti-suit-material-set_1.jpg,1737,chanderi weaving,5890,5517.897,0.937
573504-52-2pc-handloom-chanderi-silk-zari-buti-suit-material-set_1.jpg,1737,chanderi weaving,5890,4978.538,0.845
573504-51-2pc-handloom-chanderi-silk-zari-buti-suit-material-set_1.jpg,1737,chanderi weaving,5890,5011.112,0.851
573504-33-2pc-handloom-chanderi-silk-zari-buti-suit-material-set_1.jpg,1737,chanderi weaving,7590,5196.315,0.685
chanderi-silk-handloom-zari-buti-3pc-unstitched-dress-material-suit-set-03-2022-202-1-16_1.jpg,2141,chanderi weaving,7690,8391.282,1.091
2022-202-1-12-2pc-chanderi-silk-handloom-flower-zari-buta-suit-material-set_1.jpg,1737,chanderi weaving,6190,6567.778,1.061
2022-142-1-48-3pc-hand-block-printed-cotton-suit-material-set_1.jpg,2144,other,2590,2828.08,1.092
pure-handloom-tussar-silk-sanganeri-block-print-unstitched-dress-material-kurta-with-dupatta-09-2026-698-1-9_1.jpg,2145,sanganeri block printing,10490,10288.769,0.981
pure-handloom-tussar-silk-hand-block-print-unstitched-dress-material-kurta-with-dupatta-10-2026-698-1-10_1.jpg,2145,other,10490,12612.17,1.202
pure-handloom-tussar-silk-hand-block-print-unstitched-dress-material-kurta-with-dupatta-06-2026-698-1-6_1.jpg,2145,other,10490,11364.391,1.083
pochampally-ikat-cotton-unstitched-dress-material-kurta-dupatta-with-earrings-09-2026-079-25-9_1.jpg,2147,pochampally ikat weaving,2290,2566.747,1.121
bandhani-cotton-unstitched-dress-material-kurta-dupatta-with-earrings-13-2026-079-25-13_1.jpg,2148,bandhani tie dye,2590,1932.612,0.746
bandhani-cotton-unstitched-dress-material-kurta-dupatta-with-earrings-12-2026-079-25-12_1.jpg,2148,bandhani tie dye,2990,1852.648,0.62
pure-handloom-tussar-silk-sanganeri-block-print-unstitched-dress-material-kurta-with-dupatta-04-2026-698-1-4_1.jpg,2145,sanganeri block printing,10490,11010.996,1.05
hand-block-print-pure-handloom-tussar-silk-unstitched-dress-material-kurta-with-dupatta-02-2026-698-1-2_1.jpg,2145,other,10490,11386.439,1.085
lucknowi-chikankari-heavy-sequin-beadwork-organza-silk-unstitched-dress-material-kurta-with-dupatta-21-2026-731-2-21_1.jpg,2151,lucknowi chikankari,24990,22065.591,0.883
lucknowi-chikankari-beadwork-mul-chanderi-unstitched-dress-material-kurta-bottom-dupatta-13-2026-731-2-13_1.jpg,2151,lucknowi chikankari,22690,12618.395,0.556
lucknowi-chikankari-beadwork-mul-chanderi-unstitched-dress-material-kurta-bottom-dupatta-12-2026-731-2-12_1.jpg,2151,lucknowi chikankari,22690,12098.855,0.533
lucknowi-chikankari-beadwork-mul-chanderi-unstitched-dress-material-kurta-bottom-dupatta-11-2026-731-2-11_1.jpg,2151,lucknowi chikankari,22690,12769.872,0.563
lucknowi-chikankari-beadwork-mul-chanderi-unstitched-dress-material-kurta-bottom-dupatta-10-2026-731-2-10_1.jpg,2151,lucknowi chikankari,22690,13020.598,0.574
lucknowi-chikankari-mukaish-work-mul-chanderi-unstitched-dress-material-kurta-bottom-dupatta-08-2026-731-2-8_1.jpg,2151,lucknowi chikankari,17990,14687.962,0.816
lucknowi-chikankari-mukaish-work-mul-chanderi-unstitched-dress-material-kurta-bottom-dupatta-07-2026-731-2-7_1.jpg,2151,lucknowi chikankari,17990,14241.954,0.792
lucknowi-chikankari-mukaish-work-mul-chanderi-unstitched-dress-material-kurta-bottom-dupatta-06-2026-731-2-6_1.jpg,2151,lucknowi chikankari,17990,14026.841,0.78
lucknowi-chikankari-mukaish-work-mul-chanderi-unstitched-dress-material-kurta-bottom-dupatta-02-2026-731-2-2_1.jpg,2151,lucknowi chikankari,15990,15598.026,0.975
lucknowi-chikankari-heavy-sequin-beadwork-organza-silk-unstitched-dress-material-kurta-with-dupatta-20-2026-731-2-20_1.jpg,2151,lucknowi chikankari,24990,21614.206,0.865
lucknowi-chikankari-mukaish-work-organza-silk-unstitched-dress-material-kurta-with-dupatta-19-2026-731-2-19_1.jpg,2151,lucknowi chikankari,21490,20458.912,0.952
lucknowi-chikankari-beadwork-mul-chanderi-unstitched-dress-material-kurta-bottom-dupatta-09-2026-731-2-9_1.jpg,2151,lucknowi chikankari,22690,12088.576,0.533
lucknowi-chikankari-heavy-sequin-beadwork-mul-chanderi-unstitched-dress-material-kurta-bottom-dupatta-03-2026-731-2-3_1.jpg,2151,lucknowi chikankari,15990,15860.25,0.992
lucknowi-chikankari-mukaish-work-mul-chanderi-unstitched-dress-material-kurta-bottom-dupatta-01-2026-731-2-1_1.jpg,2151,lucknowi chikankari,15990,17013.967,1.064
bandhani-modal-silk-nakshi-zari-work-unstitched-dress-material-set-kurta-bottom-dupatta-06-2026-703-1-6_1.jpg,2153,bandhani tie dye,9990,8810.405,0.882
bandhani-modal-silk-nakshi-zari-work-unstitched-dress-material-set-kurta-bottom-dupatta-05-2026-703-1-5_1.jpg,2153,bandhani tie dye,9990,8824.537,0.883
bandhani-modal-silk-nakshi-zari-work-unstitched-dress-material-set-kurta-bottom-dupatta-04-2026-703-1-4_1.jpg,2153,bandhani tie dye,9990,8481.882,0.849
bandhani-modal-silk-nakshi-zari-work-unstitched-dress-material-set-kurta-bottom-dupatta-03-2026-703-1-3_1.jpg,2153,bandhani tie dye,9990,8796.93,0.881
bandhani-modal-silk-nakshi-zari-work-unstitched-dress-material-set-kurta-bottom-dupatta-02-2026-703-1-2_1.jpg,2153,bandhani tie dye,9990,8931.743,0.894
bandhani-cotton-2pc-unstitched-dress-material-kurta-set-with-jewellery-09-2026-079-30-9_1.jpg,2148,bandhani tie dye,3990,4044.275,1.014
bandhani-cotton-2pc-unstitched-dress-material-kurta-set-with-jewellery-08-2026-079-30-8_1.jpg,2148,bandhani tie dye,3990,4185.292,1.049
bandhani-cotton-2pc-unstitched-dress-material-kurta-set-with-jewellery-07-2026-079-30-7_1.jpg,2148,bandhani tie dye,3990,3717.42,0.932
bandhani-cotton-2pc-unstitched-dress-material-kurta-set-with-jewellery-05-2026-079-30-5_1.jpg,2148,bandhani tie dye,3190,5723.626,1.794
bandhani-cotton-2pc-unstitched-dress-material-kurta-set-with-jewellery-03-2026-079-30-3_1.jpg,2148,bandhani tie dye,3190,5559.242,1.743
bandhani-cotton-2pc-unstitched-dress-material-kurta-set-with-jewellery-06-2026-079-30-6_1.jpg,2148,bandhani tie dye,3990,3984.929,0.999
bandhani-cotton-2pc-unstitched-dress-material-kurta-set-with-jewellery-04-2026-079-30-4_1.jpg,2148,bandhani tie dye,3190,5479.441,1.718
bandhani-cotton-2pc-unstitched-dress-material-kurta-set-with-jewellery-01-2026-079-30-1_1.jpg,2148,bandhani tie dye,3190,6036.174,1.892
bandhani-modal-silk-nakshi-zari-work-unstitched-dress-material-set-kurta-bottom-dupatta-01-2026-703-1-1_1.jpg,2153,bandhani tie dye,9990,8943.648,0.895
bandhani-cotton-2pc-unstitched-dress-material-kurta-set-with-earrings-08-2026-079-26-8_1.jpg,2148,bandhani tie dye,3190,4542.079,1.424
bandhani-cotton-2pc-unstitched-dress-material-kurta-set-with-earrings-07-2026-079-26-7_1.jpg,2148,bandhani tie dye,3190,4057.349,1.272
bandhani-cotton-2pc-unstitched-dress-material-kurta-set-with-earrings-04-2026-079-26-4_1.jpg,2148,bandhani tie dye,3190,3623.056,1.136
bandhani-cotton-2pc-unstitched-dress-material-kurta-set-with-earrings-03-2026-079-26-3_1.jpg,2148,bandhani tie dye,3190,4219.773,1.323
bandhani-cotton-2pc-unstitched-dress-material-kurta-set-with-earrings-01-2026-079-26-1_1.jpg,2148,bandhani tie dye,3190,3950.634,1.238
pochampally-ikat-handloom-sico-2pc-unstitched-dress-material-kurta-set-22-2026-529-1-22_1.jpg,2012,pochampally ikat weaving,10990,9192.883,0.836
pochampally-ikat-handloom-sico-2pc-unstitched-dress-material-kurta-set-21-2026-529-1-21_1.jpg,2012,pochampally ikat weaving,10990,8541.225,0.777
pochampally-ikat-handloom-sico-2pc-unstitched-dress-material-kurta-set-20-2026-529-1-20_1.jpg,2012,pochampally ikat weaving,10990,8192.246,0.745
pochampally-ikat-handloom-sico-2pc-unstitched-dress-material-kurta-set-19-2026-529-1-19_1.jpg,2012,pochampally ikat weaving,10990,8778.648,0.799
pochampally-ikat-handloom-sico-2pc-unstitched-dress-material-kurta-set-18-2026-529-1-18_1.jpg,2012,pochampally ikat weaving,10990,8672.184,0.789
pochampally-ikat-handloom-sico-2pc-unstitched-dress-material-kurta-set-17-2026-529-1-17_1.jpg,2012,pochampally ikat weaving,10990,8882.86,0.808
pochampally-ikat-handloom-sico-2pc-unstitched-dress-material-kurta-set-16-2026-529-1-16_1.jpg,2012,pochampally ikat weaving,10990,8704.691,0.792
pochampally-ikat-handloom-sico-2pc-unstitched-dress-material-kurta-set-15-2026-529-1-15_1.jpg,2012,pochampally ikat weaving,10990,9058.14,0.824
pochampally-ikat-handloom-sico-2pc-unstitched-dress-material-kurta-set-14-2026-529-1-14_1.jpg,2012,pochampally ikat weaving,10990,9230.704,0.84
pochampally-ikat-handloom-sico-2pc-unstitched-dress-material-kurta-set-13-2026-529-1-13_1.jpg,2012,pochampally ikat weaving,10990,8733.753,0.795
pochampally-ikat-handloom-sico-2pc-unstitched-dress-material-kurta-set-10-2026-529-1-10_1.jpg,2012,pochampally ikat weaving,10990,8898.936,0.81
pochampally-ikat-handloom-sico-2pc-unstitched-dress-material-kurta-set-09-2026-529-1-9_1.jpg,2012,pochampally ikat weaving,10990,8831.464,0.804
pochampally-ikat-handloom-sico-2pc-unstitched-dress-material-kurta-set-08-2026-529-1-8_1.jpg,2012,pochampally ikat weaving,10990,8804.05,0.801
pochampally-ikat-handloom-sico-2pc-unstitched-dress-material-kurta-set-07-2026-529-1-7_1.jpg,2012,pochampally ikat weaving,10990,8817.951,0.802
pochampally-ikat-handloom-sico-2pc-unstitched-dress-material-kurta-set-06-2026-529-1-6_1.jpg,2012,pochampally ikat weaving,10990,7846.587,0.714
pochampally-ikat-handloom-sico-2pc-unstitched-dress-material-kurta-set-05-2026-529-1-5_1.jpg,2012,pochampally ikat weaving,10990,8620.964,0.784
pochampally-ikat-handloom-sico-2pc-unstitched-dress-material-kurta-set-04-2026-529-1-4_1.jpg,2012,pochampally ikat weaving,10990,9214.78,0.838
pochampally-ikat-handloom-sico-2pc-unstitched-dress-material-kurta-set-03-2026-529-1-3_1.jpg,2012,pochampally ikat weaving,10990,8072.158,0.735
pochampally-ikat-handloom-sico-2pc-unstitched-dress-material-kurta-set-02-2026-529-1-2_1.jpg,2012,pochampally ikat weaving,10990,8770.512,0.798
madhubani-handpainted-chanderi-silk-2pc-unstitched-dress-material-kurta-set-26-2026-593-1-26_1.jpg,2160,madhubani folk art,8900,12525.887,1.407
madhubani-handpainted-chanderi-silk-2pc-unstitched-dress-material-kurta-set-25-2026-593-1-25_1.jpg,2160,madhubani folk art,8900,12795.865,1.438
madhubani-handpainted-chanderi-silk-2pc-unstitched-dress-material-kurta-set-24-2026-593-1-24_1.jpg,2160,madhubani folk art,8900,12337.255,1.386
madhubani-handpainted-chanderi-silk-2pc-unstitched-dress-material-kurta-set-23-2026-593-1-23_1.jpg,2160,madhubani folk art,8900,12738.206,1.431
madhubani-handpainted-chanderi-silk-2pc-unstitched-dress-material-kurta-set-22-2026-593-1-22_1.jpg,2160,madhubani folk art,8900,13293.667,1.494
madhubani-handpainted-chanderi-silk-2pc-unstitched-dress-material-kurta-set-21-2026-593-1-21_1.jpg,2160,madhubani folk art,8900,11942.385,1.342
madhubani-handpainted-chanderi-silk-2pc-unstitched-dress-material-kurta-set-20-2026-593-1-20_1.jpg,2160,madhubani folk art,8900,11961.895,1.344
madhubani-handpainted-chanderi-silk-2pc-unstitched-dress-material-kurta-set-19-2026-593-1-19_1.jpg,2160,madhubani folk art,8900,11657.639,1.31
madhubani-handpainted-chanderi-silk-2pc-unstitched-dress-material-kurta-set-18-2026-593-1-18_1.jpg,2160,madhubani folk art,8900,12201.96,1.371
madhubani-handpainted-chanderi-silk-2pc-unstitched-dress-material-kurta-set-17-2026-593-1-17_1.jpg,2160,madhubani folk art,8900,12693.508,1.426
madhubani-handpainted-chanderi-silk-2pc-unstitched-dress-material-kurta-set-16-2026-593-1-16_1.jpg,2160,madhubani folk art,8900,12525.626,1.407
madhubani-handpainted-chanderi-silk-2pc-unstitched-dress-material-kurta-set-15-2026-593-1-15_1.jpg,2160,madhubani folk art,8900,13084.628,1.47
madhubani-handpainted-chanderi-silk-2pc-unstitched-dress-material-kurta-set-14-2026-593-1-14_1.jpg,2160,madhubani folk art,8900,12366.465,1.389
madhubani-handpainted-chanderi-silk-2pc-unstitched-dress-material-kurta-set-13-2026-593-1-13_1.jpg,2160,madhubani folk art,8900,12416.05,1.395
madhubani-handpainted-chanderi-silk-2pc-unstitched-dress-material-kurta-set-12-2026-593-1-12_1.jpg,2160,madhubani folk art,8900,12824.622,1.441
madhubani-handpainted-chanderi-silk-2pc-unstitched-dress-material-kurta-set-09-2026-593-1-9_1.jpg,2160,madhubani folk art,8900,12195.211,1.37
madhubani-handpainted-chanderi-silk-2pc-unstitched-dress-material-kurta-set-08-2026-593-1-8_1.jpg,2160,madhubani folk art,8900,12167.862,1.367
madhubani-handpainted-chanderi-silk-2pc-unstitched-dress-material-kurta-set-07-2026-593-1-7_1.jpg,2160,madhubani folk art,8900,12915.324,1.451
madhubani-handpainted-chanderi-silk-2pc-unstitched-dress-material-kurta-set-06-2026-593-1-6_1.jpg,2160,madhubani folk art,8900,12423.875,1.396
madhubani-handpainted-chanderi-silk-2pc-unstitched-dress-material-kurta-set-05-2026-593-1-5_1.jpg,2160,madhubani folk art,8900,12044.018,1.353
madhubani-handpainted-chanderi-silk-2pc-unstitched-dress-material-kurta-set-04-2026-593-1-4_1.jpg,2160,madhubani folk art,8900,11989.927,1.347
madhubani-handpainted-chanderi-silk-2pc-unstitched-dress-material-kurta-set-03-2026-593-1-3_1.jpg,2160,madhubani folk art,8900,11914.031,1.339
madhubani-handpainted-chanderi-silk-2pc-unstitched-dress-material-kurta-set-02-2026-593-1-2_1.jpg,2160,madhubani folk art,8900,12904.869,1.45
madhubani-handpainted-chanderi-silk-2pc-unstitched-dress-material-kurta-set-01-2026-593-1-1_1.jpg,2160,madhubani folk art,8900,12149.676,1.365
mul-chanderi-semi-stitched-mukaish-work-hand-embroidered-2pc-anarkali-chikankari-kurta-set-08-2026-631-1-8_1.jpg,2161,lucknowi chikankari,15990,13816.344,0.864
pochampally-ikat-handloom-sico-2pc-unstitched-dress-material-kurta-set-01-2026-529-1-1_1.jpg,2012,pochampally ikat weaving,10990,8019.91,0.73
handwoven-phulia-jamdani-muslin-silk-2pc-unstitched-dress-material-kurta-set-78-2026-464-1-78_1.jpg,2168,bengal jamdani weaving,6990,10105.068,1.446
handwoven-phulia-jamdani-muslin-silk-2pc-unstitched-dress-material-kurta-set-77-2026-464-1-77_1.jpg,2168,bengal jamdani weaving,6990,8269.251,1.183
handwoven-phulia-jamdani-muslin-silk-2pc-unstitched-dress-material-kurta-set-75-2026-464-1-75_1.jpg,2168,bengal jamdani weaving,6990,9410.95,1.346
handwoven-phulia-jamdani-muslin-silk-2pc-unstitched-dress-material-kurta-set-74-2026-464-1-74_1.jpg,2168,bengal jamdani weaving,6990,8511.327,1.218
handwoven-phulia-jamdani-muslin-silk-2pc-unstitched-dress-material-kurta-set-73-2026-464-1-73_1.jpg,2168,bengal jamdani weaving,6990,8953.458,1.281
handwoven-phulia-jamdani-muslin-silk-2pc-unstitched-dress-material-kurta-set-71-2026-464-1-71_1.jpg,2168,bengal jamdani weaving,6990,8660.278,1.239
handwoven-phulia-jamdani-muslin-silk-2pc-unstitched-dress-material-kurta-set-60-2026-464-1-60_1.jpg,2168,bengal jamdani weaving,7190,8269.209,1.15
handwoven-phulia-jamdani-muslin-silk-2pc-unstitched-dress-material-kurta-set-55-2026-464-1-55_1.jpg,2168,bengal jamdani weaving,7190,8111.713,1.128
handwoven-phulia-jamdani-muslin-silk-2pc-unstitched-dress-material-kurta-set-53-2026-464-1-53_1.jpg,2168,bengal jamdani weaving,7190,8139.201,1.132
handwoven-phulia-jamdani-muslin-silk-2pc-unstitched-dress-material-kurta-set-42-2026-464-1-42_1.jpg,2168,bengal jamdani weaving,6990,8665.158,1.24
handwoven-phulia-jamdani-muslin-silk-2pc-unstitched-dress-material-kurta-set-72-2026-464-1-72_1.jpg,2168,bengal jamdani weaving,6990,8714.7,1.247
handwoven-phulia-jamdani-muslin-silk-2pc-unstitched-dress-material-kurta-set-40-2026-464-1-40_1.jpg,2168,bengal jamdani weaving,6990,8510.942,1.218
handwoven-phulia-jamdani-muslin-silk-2pc-unstitched-dress-material-kurta-set-47-2026-464-1-47_1.jpg,2168,bengal jamdani weaving,7190,8873.266,1.234
handwoven-phulia-jamdani-muslin-silk-2pc-unstitched-dress-material-kurta-set-38-2026-464-1-38_1.jpg,2168,bengal jamdani weaving,6990,8715.214,1.247
handwoven-phulia-jamdani-muslin-silk-2pc-unstitched-dress-material-kurta-set-37-2026-464-1-37_1.jpg,2168,bengal jamdani weaving,6990,8297.253,1.187
handwoven-phulia-jamdani-muslin-silk-2pc-unstitched-dress-material-kurta-set-36-2026-464-1-36_1.jpg,2168,bengal jamdani weaving,6990,8911.373,1.275
handwoven-phulia-jamdani-muslin-silk-2pc-unstitched-dress-material-kurta-set-34-2026-464-1-34_1.jpg,2168,bengal jamdani weaving,6990,8419.732,1.205
handwoven-phulia-jamdani-muslin-silk-2pc-unstitched-dress-material-kurta-set-33-2026-464-1-33_1.jpg,2168,bengal jamdani weaving,7190,8218.821,1.143
handwoven-phulia-jamdani-muslin-silk-2pc-unstitched-dress-material-kurta-set-29-2026-464-1-29_1.jpg,2168,bengal jamdani weaving,7190,8571.665,1.192
handwoven-phulia-jamdani-muslin-silk-2pc-unstitched-dress-material-kurta-set-26-2026-464-1-26_1.jpg,2168,bengal jamdani weaving,6490,8587.52,1.323
handwoven-phulia-jamdani-muslin-silk-2pc-unstitched-dress-material-kurta-set-25-2026-464-1-25_1.jpg,2168,bengal jamdani weaving,6490,8949.213,1.379
handwoven-phulia-jamdani-muslin-silk-2pc-unstitched-dress-material-kurta-set-22-2026-464-1-22_1.jpg,2168,bengal jamdani weaving,6490,8846.916,1.363
handwoven-phulia-jamdani-muslin-silk-2pc-unstitched-dress-material-kurta-set-21-2026-464-1-21_1.jpg,2168,bengal jamdani weaving,6490,8677.01,1.337
handwoven-phulia-jamdani-muslin-silk-2pc-unstitched-dress-material-kurta-set-18-2026-464-1-18_1.jpg,2168,bengal jamdani weaving,6490,7799.456,1.202
handwoven-phulia-jamdani-muslin-silk-2pc-unstitched-dress-material-kurta-set-16-2026-464-1-16_1.jpg,2168,bengal jamdani weaving,6490,8852.982,1.364
handwoven-phulia-jamdani-muslin-silk-2pc-unstitched-dress-material-kurta-set-15-2026-464-1-15_1.jpg,2168,bengal jamdani weaving,6490,8641.171,1.331
handwoven-phulia-jamdani-pure-linen-2pc-unstitched-dress-material-kurta-set-12-2026-464-1-12_1.jpg,2168,bengal jamdani weaving,7690,10183.709,1.324
handwoven-phulia-jamdani-pure-linen-2pc-unstitched-dress-material-kurta-set-11-2026-464-1-11_1.jpg,2168,bengal jamdani weaving,7690,9382.912,1.22
handwoven-phulia-jamdani-pure-linen-2pc-unstitched-dress-material-kurta-set-10-2026-464-1-10_1.jpg,2168,bengal jamdani weaving,7690,10065.419,1.309
handwoven-phulia-jamdani-pure-linen-2pc-unstitched-dress-material-kurta-set-08-2026-464-1-8_1.jpg,2168,bengal jamdani weaving,7690,10548.496,1.372
handwoven-phulia-jamdani-pure-linen-2pc-unstitched-dress-material-kurta-set-07-2026-464-1-7_1.jpg,2168,bengal jamdani weaving,7690,9620.326,1.251
handwoven-phulia-jamdani-pure-linen-2pc-unstitched-dress-material-kurta-set-06-2026-464-1-6_1.jpg,2168,bengal jamdani weaving,7690,9393.166,1.221
handwoven-phulia-jamdani-pure-linen-2pc-unstitched-dress-material-kurta-set-05-2026-464-1-5_1.jpg,2168,bengal jamdani weaving,7690,9900.157,1.287
handwoven-phulia-jamdani-pure-linen-2pc-unstitched-dress-material-kurta-set-04-2026-464-1-4_1.jpg,2168,bengal jamdani weaving,7490,10010.418,1.337
handwoven-phulia-jamdani-pure-linen-2pc-unstitched-dress-material-kurta-set-02-2026-464-1-2_1.jpg,2168,bengal jamdani weaving,7490,8854.184,1.182
handwoven-phulia-jamdani-muslin-silk-2pc-unstitched-dress-material-kurta-set-14-2026-464-1-14_1.jpg,2168,bengal jamdani weaving,6490,8275.65,1.275
bandhani-tie-dye-cotton-2pc-unstitched-dress-material-kurta-set-with-jewellery-12-2026-079-18-12_1.jpg,2169,bandhani tie dye,2890,4058.576,1.404
bandhani-tie-dye-cotton-2pc-unstitched-dress-material-kurta-set-with-jewellery-10-2026-079-18-10_1.jpg,2169,bandhani tie dye,3190,4216.868,1.322
bandhani-tie-dye-cotton-2pc-unstitched-dress-material-kurta-set-with-jewellery-08-2026-079-18-8_1.jpg,2169,bandhani tie dye,3190,4299.119,1.348
bandhani-tie-dye-cotton-2pc-unstitched-dress-material-kurta-set-with-jewellery-07-2026-079-18-7_1.jpg,2169,bandhani tie dye,3190,4316.316,1.353
bandhani-tie-dye-cotton-2pc-unstitched-dress-material-kurta-set-with-jewellery-06-2026-079-18-6_1.jpg,2169,bandhani tie dye,2890,4463.619,1.545
bandhani-tie-dye-cotton-2pc-unstitched-dress-material-kurta-set-with-jewellery-04-2026-079-18-4_1.jpg,2169,bandhani tie dye,2890,4340.848,1.502
bandhani-tie-dye-cotton-2pc-unstitched-dress-material-kurta-set-with-jewellery-03-2026-079-18-3_1.jpg,2169,bandhani tie dye,2890,4318.652,1.494
kutch-bandhani-tie-dye-pure-mul-cotton-2pc-unstitched-dress-material-kurta-set-with-jewellery-31-2026-079-9-31_1.jpg,2169,bandhani tie dye,3290,4969.503,1.51
kutch-bandhani-tie-dye-pure-mul-cotton-2pc-unstitched-dress-material-kurta-set-with-jewellery-26-2026-079-9-26_1.jpg,2169,bandhani tie dye,3290,5006.876,1.522
kutch-bandhani-tie-dye-pure-mul-cotton-2pc-unstitched-dress-material-kurta-set-with-jewellery-25-2026-079-9-25_1.jpg,2169,bandhani tie dye,3290,4426.314,1.345
kutch-bandhani-tie-dye-pure-mul-cotton-2pc-unstitched-dress-material-kurta-set-with-jewellery-24-2026-079-9-24_1.jpg,2169,bandhani tie dye,3290,4709.748,1.432
kutch-bandhani-tie-dye-pure-mul-cotton-2pc-unstitched-dress-material-kurta-set-with-jewellery-21-2026-079-9-21_1.jpg,2169,bandhani tie dye,3290,4796.033,1.458
kutch-bandhani-tie-dye-pure-mul-cotton-2pc-unstitched-dress-material-kurta-set-with-jewellery-20-2026-079-9-20_1.jpg,2169,bandhani tie dye,3290,4316.744,1.312
kutch-bandhani-tie-dye-pure-mul-cotton-2pc-unstitched-dress-material-kurta-set-with-jewellery-18-2026-079-9-18_1.jpg,2169,bandhani tie dye,3290,4467.601,1.358
kutch-bandhani-tie-dye-pure-mul-cotton-2pc-unstitched-dress-material-kurta-set-with-jewellery-15-2026-079-9-15_1.jpg,2169,bandhani tie dye,3290,4610.967,1.402
kutch-bandhani-tie-dye-pure-mul-cotton-2pc-unstitched-dress-material-kurta-set-with-jewellery-14-2026-079-9-14_1.jpg,2169,bandhani tie dye,3290,4348.73,1.322
kutch-bandhani-tie-dye-pure-mul-cotton-2pc-unstitched-dress-material-kurta-set-with-jewellery-13-2026-079-9-13_1.jpg,2169,bandhani tie dye,3290,4538.252,1.379
kutch-bandhani-tie-dye-pure-mul-cotton-2pc-unstitched-dress-material-kurta-set-with-jewellery-12-2026-079-9-12_1.jpg,2169,bandhani tie dye,3290,4762.501,1.448
kutch-bandhani-tie-dye-pure-mul-cotton-2pc-unstitched-dress-material-kurta-set-with-jewellery-08-2026-079-9-8_1.jpg,2169,bandhani tie dye,3290,4590.14,1.395
kutch-bandhani-tie-dye-pure-mul-cotton-2pc-unstitched-dress-material-kurta-set-with-jewellery-07-2026-079-9-7_1.jpg,2169,bandhani tie dye,3290,4744.582,1.442
kutch-bandhani-tie-dye-pure-mul-cotton-2pc-unstitched-dress-material-kurta-set-with-jewellery-06-2026-079-9-6_1.jpg,2169,bandhani tie dye,3290,4506.575,1.37
kutch-bandhani-tie-dye-pure-mul-cotton-2pc-unstitched-dress-material-kurta-set-with-jewellery-05-2026-079-9-5_1.jpg,2169,bandhani tie dye,3290,4582.326,1.393
kutch-bandhani-tie-dye-cotton-2pc-unstitched-dress-material-kurta-set-with-jewellery-32-2026-079-9-32_1.jpg,2169,bandhani tie dye,3290,4110.667,1.249
kutch-bandhani-tie-dye-cotton-2pc-unstitched-dress-material-kurta-set-with-jewellery-29-2026-079-9-29_1.jpg,2169,bandhani tie dye,3290,4199.769,1.277
kutch-bandhani-tie-dye-cotton-2pc-unstitched-dress-material-kurta-set-with-jewellery-28-2026-079-9-28_1.jpg,2169,bandhani tie dye,3290,3983.663,1.211
kutch-bandhani-tie-dye-cotton-2pc-unstitched-dress-material-kurta-set-with-jewellery-23-2026-079-9-23_1.jpg,2169,bandhani tie dye,3290,4306.714,1.309
kutch-bandhani-tie-dye-cotton-2pc-unstitched-dress-material-kurta-set-with-jewellery-11-2026-079-9-11_1.jpg,2169,bandhani tie dye,3290,4530.701,1.377
kutch-bandhani-tie-dye-cotton-2pc-unstitched-dress-material-kurta-set-with-jewellery-10-2026-079-9-10_1.jpg,2169,bandhani tie dye,3290,4419.469,1.343
kutch-bandhani-tie-dye-cotton-2pc-unstitched-dress-material-kurta-set-with-jewellery-09-2026-079-9-9_1.jpg,2169,bandhani tie dye,3290,4272.252,1.299
kutch-bandhani-tie-dye-cotton-2pc-unstitched-dress-material-kurta-set-with-jewellery-03-2026-079-9-3_1.jpg,2169,bandhani tie dye,3290,4619.005,1.404
kutch-bandhani-tie-dye-cotton-2pc-unstitched-dress-material-kurta-set-with-jewellery-02-2026-079-9-2_1.jpg,2169,bandhani tie dye,3290,4331.807,1.317
kutch-bandhani-tie-dye-pure-mul-cotton-2pc-unstitched-dress-material-kurta-set-with-jewellery-04-2026-079-9-4_1.jpg,2169,bandhani tie dye,3290,4333.75,1.317
kutch-bandhani-tie-dye-cotton-2pc-unstitched-dress-material-kurta-set-with-jewellery-01-2026-079-9-1_1.jpg,2169,bandhani tie dye,3290,4382.27,1.332
kandangi-chettinad-cotton-2pc-unstitched-dress-material-kurta-set-19-2026-126-1-19_1.jpg,2185,chettinad weaving,2850,2762.33,0.969
kandangi-chettinad-cotton-2pc-unstitched-dress-material-kurta-set-18-2026-126-1-18_1.jpg,2185,chettinad weaving,2850,2638.447,0.926
kandangi-chettinad-cotton-2pc-unstitched-dress-material-kurta-set-17-2026-126-1-17_1.jpg,2185,chettinad weaving,2850,2626.474,0.922
kandangi-chettinad-cotton-2pc-unstitched-dress-material-kurta-set-16-2026-126-1-16_1.jpg,2185,chettinad weaving,2850,2772.388,0.973
kandangi-chettinad-cotton-2pc-unstitched-dress-material-kurta-set-15-2026-126-1-15_1.jpg,2185,chettinad weaving,2850,2629.263,0.923
kandangi-chettinad-cotton-2pc-unstitched-dress-material-kurta-set-14-2026-126-1-14_1.jpg,2185,chettinad weaving,2850,2564.87,0.9
kandangi-chettinad-cotton-2pc-unstitched-dress-material-kurta-set-13-2026-126-1-13_1.jpg,2185,chettinad weaving,2850,2457.468,0.862
kandangi-chettinad-cotton-2pc-unstitched-dress-material-kurta-set-12-2026-126-1-12_1.jpg,2185,chettinad weaving,2850,2435.77,0.855
kandangi-chettinad-cotton-2pc-unstitched-dress-material-kurta-set-11-2026-126-1-11_1.jpg,2185,chettinad weaving,2850,2694.711,0.946
kandangi-chettinad-cotton-2pc-unstitched-dress-material-kurta-set-10-2026-126-1-10_1.jpg,2185,chettinad weaving,2850,2667.557,0.936
kandangi-chettinad-cotton-2pc-unstitched-dress-material-kurta-set-09-2026-126-1-9_1.jpg,2185,chettinad weaving,2850,2719.445,0.954
kandangi-chettinad-cotton-2pc-unstitched-dress-material-kurta-set-08-2026-126-1-8_1.jpg,2185,chettinad weaving,2850,2581.437,0.906
kandangi-chettinad-cotton-2pc-unstitched-dress-material-kurta-set-06-2026-126-1-6_1.jpg,2185,chettinad weaving,2850,2706.611,0.95
kandangi-chettinad-cotton-2pc-unstitched-dress-material-kurta-set-05-2026-126-1-5_1.jpg,2185,chettinad weaving,2850,2540.246,0.891
kandangi-chettinad-cotton-2pc-unstitched-dress-material-kurta-set-04-2026-126-1-4_1.jpg,2185,chettinad weaving,2850,2687.122,0.943
kandangi-chettinad-cotton-2pc-unstitched-dress-material-kurta-set-02-2026-126-1-2_1.jpg,2185,chettinad weaving,2850,2853.757,1.001
kandangi-chettinad-cotton-2pc-unstitched-dress-material-kurta-set-01-2026-126-1-1_1.jpg,2185,chettinad weaving,2850,2492.466,0.875
kutch-bandhani-tie-dye-cotton-2pc-unstitched-dress-material-kurta-set-with-earrings-36-2025-1567-18-36_1.jpg,2169,bandhani tie dye,3490,4435.11,1.271
kutch-bandhani-tie-dye-cotton-2pc-unstitched-dress-material-kurta-set-with-earrings-31-2025-1567-18-32_1.jpg,2169,bandhani tie dye,3490,4354.41,1.248
kutch-bandhani-tie-dye-cotton-2pc-unstitched-dress-material-kurta-set-with-earrings-34-2025-1567-18-34_1.jpg,2169,bandhani tie dye,3490,4122.646,1.181
kutch-bandhani-tie-dye-cotton-2pc-unstitched-dress-material-kurta-set-with-earrings-32-2025-1567-18-32_1.jpg,2169,bandhani tie dye,3490,4251.338,1.218
kutch-bandhani-tie-dye-cotton-2pc-unstitched-dress-material-kurta-set-with-earrings-30-2025-1567-18-30_1.jpg,2169,bandhani tie dye,3490,4641.949,1.33
kutch-bandhani-tie-dye-cotton-2pc-unstitched-dress-material-kurta-set-with-earrings-29-2025-1567-18-29_1.jpg,2169,bandhani tie dye,3490,4399.858,1.261
kutch-bandhani-tie-dye-cotton-2pc-unstitched-dress-material-kurta-set-with-earrings-28-2025-1567-18-28_1.jpg,2169,bandhani tie dye,3490,4303.489,1.233
kutch-bandhani-tie-dye-cotton-2pc-unstitched-dress-material-kurta-set-with-earrings-27-2025-1567-18-27_1.jpg,2169,bandhani tie dye,3490,4116.601,1.18
kutch-bandhani-tie-dye-cotton-2pc-unstitched-dress-material-kurta-set-with-earrings-26-2025-1567-18-26_1.jpg,2169,bandhani tie dye,3490,4047.699,1.16
kutch-bandhani-tie-dye-cotton-2pc-unstitched-dress-material-kurta-set-with-earrings-25-2025-1567-18-25_1.jpg,2169,bandhani tie dye,3490,4424.573,1.268
kutch-bandhani-tie-dye-cotton-2pc-unstitched-dress-material-kurta-set-with-earrings-23-2025-1567-18-23_1.jpg,2169,bandhani tie dye,3490,4385.542,1.257
kutch-bandhani-tie-dye-cotton-2pc-unstitched-dress-material-kurta-set-with-earrings-22-2025-1567-18-22_1.jpg,2169,bandhani tie dye,3490,4083.394,1.17
kutch-bandhani-tie-dye-cotton-2pc-unstitched-dress-material-kurta-set-with-earrings-21-2025-1567-18-21_1.jpg,2169,bandhani tie dye,3490,4285.118,1.228
kutch-bandhani-tie-dye-cotton-2pc-unstitched-dress-material-kurta-set-with-earrings-19-2025-1567-18-19_1.jpg,2169,bandhani tie dye,3490,4032.73,1.156
kutch-bandhani-tie-dye-cotton-2pc-unstitched-dress-material-kurta-set-with-earrings-18-2025-1567-18-18_1.jpg,2169,bandhani tie dye,3490,4173.053,1.196
kutch-bandhani-tie-dye-cotton-2pc-unstitched-dress-material-kurta-set-with-earrings-15-2025-1567-18-15_1.jpg,2169,bandhani tie dye,3490,3918.201,1.123
kutch-bandhani-tie-dye-cotton-2pc-unstitched-dress-material-kurta-set-with-earrings-14-2025-1567-18-14_1.jpg,2169,bandhani tie dye,3490,3695.308,1.059
kutch-bandhani-tie-dye-cotton-2pc-unstitched-dress-material-kurta-set-with-earrings-13-2025-1567-18-13_1.jpg,2169,bandhani tie dye,3490,4275.125,1.225
kutch-bandhani-tie-dye-cotton-2pc-unstitched-dress-material-kurta-set-with-earrings-12-2025-1567-18-12_1.jpg,2169,bandhani tie dye,3490,4161.105,1.192
kutch-bandhani-tie-dye-cotton-2pc-unstitched-dress-material-kurta-set-with-earrings-10-2025-1567-18-10_1.jpg,2169,bandhani tie dye,3490,3959.005,1.134
kutch-bandhani-tie-dye-cotton-2pc-unstitched-dress-material-kurta-set-with-earrings-09-2025-1567-18-9_1.jpg,2169,bandhani tie dye,3490,4203.637,1.204
kutch-bandhani-tie-dye-cotton-2pc-unstitched-dress-material-kurta-set-with-earrings-08-2025-1567-18-8_1.jpg,2169,bandhani tie dye,3490,3869.411,1.109
kutch-bandhani-tie-dye-cotton-2pc-unstitched-dress-material-kurta-set-with-earrings-07-2025-1567-18-7_1.jpg,2169,bandhani tie dye,3490,4388.31,1.257
kutch-bandhani-tie-dye-cotton-2pc-unstitched-dress-material-kurta-set-with-earrings-06-2025-1567-18-6_1.jpg,2169,bandhani tie dye,3490,4300.282,1.232
kutch-bandhani-tie-dye-cotton-2pc-unstitched-dress-material-kurta-set-with-earrings-05-2025-1567-18-5_1.jpg,2169,bandhani tie dye,3490,4189.894,1.201
kutch-bandhani-tie-dye-cotton-2pc-unstitched-dress-material-kurta-set-with-earrings-04-2025-1567-18-4_1.jpg,2169,bandhani tie dye,3490,4405.888,1.262
kutch-bandhani-tie-dye-cotton-2pc-unstitched-dress-material-kurta-set-with-earrings-02-2025-1567-18-2_1.jpg,2169,bandhani tie dye,3490,4227.639,1.211
kutch-bandhani-tie-dye-cotton-2pc-unstitched-dress-material-kurta-set-with-earrings-01-2025-1567-18-1_1.jpg,2169,bandhani tie dye,3490,3983.597,1.141
leheriya-tie-dye-cotton-2pc-unstitched-dress-material-kurta-set-with-jewellery-set-31-2025-820-47-31_1.jpg,2192,lehariya tie dye,3290,7455.383,2.266
kutch-tie-dye-cotton-bandhani-2pc-unstitched-dress-material-kurta-set-with-earrings-20-2025-1567-12-20_1.jpg,2194,bandhani tie dye,3490,4084.061,1.17
kutch-tie-dye-cotton-bandhani-2pc-unstitched-dress-material-kurta-set-with-earrings-16-2025-1567-12-16_1.jpg,2194,bandhani tie dye,3490,4357.067,1.248
kutch-tie-dye-cotton-bandhani-2pc-unstitched-dress-material-kurta-set-with-earrings-15-2025-1567-12-15_1.jpg,2194,bandhani tie dye,3490,4189.339,1.2
kutch-tie-dye-cotton-bandhani-2pc-unstitched-dress-material-kurta-set-with-earrings-13-2025-1567-12-13_1.jpg,2194,bandhani tie dye,3490,3925.34,1.125
kutch-tie-dye-cotton-bandhani-2pc-unstitched-dress-material-kurta-set-with-earrings-12-2025-1567-12-12_1.jpg,2194,bandhani tie dye,3490,4349.459,1.246
kutch-tie-dye-cotton-bandhani-2pc-unstitched-dress-material-kurta-set-with-earrings-10-2025-1567-12-10_1.jpg,2194,bandhani tie dye,3490,3883.341,1.113
kutch-tie-dye-cotton-bandhani-2pc-unstitched-dress-material-kurta-set-with-earrings-08-2025-1567-12-8_1.jpg,2194,bandhani tie dye,3490,4251.221,1.218
kutch-tie-dye-cotton-bandhani-2pc-unstitched-dress-material-kurta-set-with-earrings-06-2025-1567-12-6_1.jpg,2194,bandhani tie dye,3490,4138.21,1.186
kutch-tie-dye-cotton-bandhani-2pc-unstitched-dress-material-kurta-set-with-earrings-05-2025-1567-12-5_1.jpg,2194,bandhani tie dye,3490,3929.285,1.126
kutch-tie-dye-cotton-bandhani-2pc-unstitched-dress-material-kurta-set-with-earrings-04-2025-1567-12-4_1.jpg,2194,bandhani tie dye,3490,4197.513,1.203
kutch-tie-dye-cotton-bandhani-2pc-unstitched-dress-material-kurta-set-with-earrings-03-2025-1567-12-3_1.jpg,2194,bandhani tie dye,3490,4160.158,1.192
kutch-tie-dye-cotton-bandhani-2pc-unstitched-dress-material-kurta-set-with-earrings-02-2025-1567-12-2_1.jpg,2194,bandhani tie dye,3490,4029.409,1.155
kutch-tie-dye-cotton-bandhani-2pc-unstitched-dress-material-kurta-set-with-earrings-01-2025-1567-12-1_1.jpg,2194,bandhani tie dye,3490,3853.832,1.104
pochampally-ikat-cotton-2pc-unstitched-dress-material-kurta-set-35-2025-820-43-35_1.jpg,2195,pochampally ikat weaving,2190,2822.374,1.289
sanganeri-hand-block-print-cotton-2pc-unstitched-dress-material-kurta-set-23-2025-820-43-23_1.jpg,2196,sanganeri block printing,2990,2602.39,0.87
jahota-hand-block-print-natural-dyed-cotton-2pc-unstitched-dress-material-kurta-set-with-jewellery-set-15-2025-1567-11-15_1.jpg,2197,other,2190,3188.146,1.456
2pc-mul-chanderi-semi-stitched-heavy-chikankari-kurta-set-15-2024-1621-1-15_1.jpg,2204,lucknowi chikankari,17990,9454.917,0.526
2pc-mul-chanderi-semi-stitched-heavy-chikankari-kurta-set-11-2024-1621-1-11_1.jpg,2204,lucknowi chikankari,13990,9367.546,0.67
2pc-mul-chanderi-semi-stitched-anarkali-heavy-chikankari-kurta-set-07-2024-1621-1-7_1.jpg,2204,lucknowi chikankari,12990,9433.821,0.726
2pc-mul-chanderi-semi-stitched-anarkali-heavy-chikankari-kurta-set-02-2024-1621-1-2_1.jpg,2204,lucknowi chikankari,12490,9585.041,0.767
2pc-mul-chanderi-semi-stitched-heavy-chikankari-kurta-set-10-2024-1621-1-10_1.jpg,2204,lucknowi chikankari,13990,8562.016,0.612
mangalagiri-handloom-cotton-2pc-unstitched-dress-material-kurta-set-27-2023-645-1-55_1.jpg,2216,mangalagiri weaving,2290,4316.631,1.885
2022-202-1-4-2pc-chanderi-silk-handloom-suit-material-set-with-zari-border_1.jpg,2222,chanderi weaving,4690,6973.802,1.487
2022-202-1-3-2pc-chanderi-silk-handloom-suit-material-set-with-zari-border_1.jpg,2222,chanderi weaving,4690,7559.267,1.612
pure-handwoven-mangalagiri-silk-cotton-pattu-saree-with-zari-border-08-2026-522-1-8_1.jpg,2232,mangalagiri weaving,9490,9255.015,0.975
pure-handwoven-mangalagiri-silk-cotton-pattu-saree-with-zari-border-22-2026-522-1-22_1.jpg,2232,mangalagiri weaving,7490,7779.647,1.039
pure-handwoven-mangalagiri-silk-cotton-pattu-saree-with-zari-border-14-2026-522-1-14_1.jpg,2232,mangalagiri weaving,7490,7534.287,1.006
pure-handwoven-mangalagiri-silk-cotton-pattu-saree-with-zari-border-10-2026-522-1-10_1.jpg,2232,mangalagiri weaving,9490,8081.345,0.852
pure-handloom-tussar-silk-gujrati-stitch-saree-02-2026-238-1-2_1.jpg,2233,bengal kantha work,26990,14251.683,0.528
handloom-zari-buti-maheshwari-silk-saree-26-2026-756-1-26_1.jpg,2234,maheshwari weaving,9990,8837.127,0.885
handloom-zari-border-maheshwari-silk-saree-09-2026-756-1-9_1.jpg,2234,maheshwari weaving,7890,7126.459,0.903
handloom-zari-border-maheshwari-silk-saree-17-2026-756-1-17_1.jpg,2234,maheshwari weaving,8890,7904.85,0.889
handloom-zari-border-maheshwari-silk-saree-11-2026-756-1-11_1.jpg,2234,maheshwari weaving,7890,7692.859,0.975
chanderi-silk-bagh-print-saree-13-2025-626-1-13_1.jpg,2239,bagh block printing,9290,7806.685,0.84
chanderi-silk-bagh-print-saree-11-2025-626-1-11_1.jpg,2239,bagh block printing,9290,8162.966,0.879
lucknowi-chikankari-heavy-bead-work-pure-organza-silk-saree-12-2026-731-1-12_1.jpg,2241,lucknowi chikankari,24990,19349.444,0.774
lucknowi-chikankari-heavy-bead-work-pure-organza-silk-saree-11-2026-731-1-11_1.jpg,2241,lucknowi chikankari,24990,18844.099,0.754
lucknowi-chikankari-heavy-bead-work-pure-organza-silk-saree-10-2026-731-1-10_1.jpg,2241,lucknowi chikankari,24990,19019.192,0.761
lucknowi-chikankari-heavy-bead-work-pure-organza-silk-saree-09-2026-731-1-9_1.jpg,2241,lucknowi chikankari,24990,21076.145,0.843
pure-handloom-tussar-silk-gujrati-stitch-saree-01-2026-238-1-1_1.jpg,2233,bengal kantha work,26990,12593.596,0.467
handspun-handwoven-bhagalpuri-desi-tussar-silk-saree-12-2026-478-1-12_1.jpg,2243,bhagalpuri weaving,11490,7892.564,0.687
handspun-handwoven-bhagalpuri-tussar-silk-saree-10-2026-478-1-10_1.jpg,2243,bhagalpuri weaving,10990,6703.821,0.61
handspun-handwoven-bhagalpuri-tussar-silk-saree-08-2026-478-1-8_1.jpg,2243,bhagalpuri weaving,10990,6560.739,0.597
2023-1144-2-12-sanganeri-block-printed-linen-handloom-saree_1.jpg,2244,sanganeri block printing,5990,10570.8,1.765
2023-1144-2-11-sanganeri-block-printed-linen-handloom-saree_1.jpg,2244,sanganeri block printing,5990,10214.616,1.705
banarasi-pure-handwoven-georgette-meena-buti-zari-jaal-work-saree-16-2026-699-1-16_1.jpg,2246,banaras weaving,16290,12925.278,0.793
banarasi-pure-handwoven-georgette-meena-buti-zari-jaal-work-saree-13-2026-699-1-13_1.jpg,2246,banaras weaving,16990,14486.662,0.853
banarasi-pure-handwoven-georgette-meena-buti-zari-jaal-work-saree-12-2026-699-1-12_1.jpg,2246,banaras weaving,16990,15639.675,0.921
banarasi-pure-handwoven-georgette-meena-buti-zari-jaal-work-saree-11-2026-699-1-11_1.jpg,2246,banaras weaving,16990,14568.917,0.857
shibori-tie-dye-kota-doria-silk-saree-34-2025-1853-1-34_1.jpg,2253,shibori tie dye,2690,4288.047,1.594
bengal-handwoven-cotton-checks-begumpuri-saree-26-2026-598-2-26_1.jpg,2255,begampur weaving,4490,4762.217,1.061
bengal-handwoven-cotton-checks-begumpuri-saree-25-2026-598-2-25_1.jpg,2255,begampur weaving,4490,4973.778,1.108
bengal-handwoven-cotton-checks-begumpuri-saree-21-2026-598-2-21_1.jpg,2255,begampur weaving,4490,5135.18,1.144
bengal-handwoven-cotton-checks-begumpuri-saree-18-2026-598-2-18_1.jpg,2255,begampur weaving,4490,5043.949,1.123
dharwad-woven-mercerised-cotton-saree-with-border-67-2026-455-1-67_1.jpg,2257,dharwad weaving,2850,3078.509,1.08
dharwad-woven-mercerised-cotton-saree-with-border-64-2026-455-1-64_1.jpg,2257,dharwad weaving,2850,3601.286,1.264
dharwad-woven-mercerised-cotton-saree-with-border-63-2026-455-1-63_1.jpg,2257,dharwad weaving,2850,3336.351,1.171
dharwad-woven-mercerised-cotton-saree-with-border-62-2026-455-1-62_1.jpg,2257,dharwad weaving,2850,3283.029,1.152
2023-720-1-53-traditional-venkatagiri-handloom-cotton-zari-checks-saree-with-one-side-zari-border_1.jpg,2259,other,4290,7489.829,1.746
2023-720-1-50-traditional-venkatagiri-handloom-cotton-zari-saree_1.jpg,2259,other,5390,5442.651,1.01
2023-720-1-48-traditional-venkatagiri-handloom-cotton-zari-saree_1.jpg,2259,other,5390,5561.107,1.032
2023-1102-1-14-mangalagiri-godavari-handloom-rudraksha-border-cotton-saree_1.jpg,2265,mangalagiri weaving,5290,5468.743,1.034
2023-1102-1-5-mangalagiri-godavari-handloom-tarangini-cotton-saree_1.jpg,2265,mangalagiri weaving,5290,4167.508,0.788
pure-handloom-zari-stripes-katan-silk-chanderi-saree-12-2026-610-2-12_1.jpg,2278,chanderi weaving,9690,13964.941,1.441
handloom-zari-border-maheshwari-silk-saree-01-2026-756-1-1_1.jpg,2234,maheshwari weaving,7890,7315.458,0.927
2023-832-1-6-traditional-maheshwari-silk-handloom-saree-with-zari-border_1.jpg,2279,maheshwari weaving,7990,5933.653,0.743
handspun-handwoven-bhagalpuri-tussar-silk-saree-02-2026-478-1-2_1.jpg,2243,bhagalpuri weaving,10990,6852.927,0.624
handspun-handwoven-bhagalpuri-tussar-silk-saree-05-2026-478-1-5_1.jpg,2243,bhagalpuri weaving,10990,7542.768,0.686
handspun-handwoven-bhagalpuri-tussar-silk-saree-07-2026-478-1-7_1.jpg,2243,bhagalpuri weaving,10990,7191.801,0.654
bangalore-silk-zari-border-saree-29-2026-496-1-29_1.jpg,2282,paithani weaving,4890,5380.897,1.1
bangalore-silk-zari-border-saree-33-2026-496-1-33_1.jpg,2282,paithani weaving,4890,5831.435,1.193
bangalore-silk-zari-border-saree-01-2026-496-1-1_1.jpg,2282,paithani weaving,4890,5382.246,1.101
bangalore-silk-zari-border-saree-06-2026-496-1-6_1.jpg,2282,paithani weaving,4890,5440.289,1.113
srikalahasti-handpainted-natural-dyed-bangalore-silk-zari-border-pen-kalamkari-saree-09-2025-927-1-9_1.jpg,2285,srikalahasti penwork kalamkari,19890,15400.527,0.774
2023-702-1-5-srikalahasti-kalamkari-penwork-tussar-ghicha-silk-handspun-hand-painted-saree_1.jpg,2286,srikalahasti penwork kalamkari,35590,15779.586,0.443
srikalahasti-handpainted-natural-dyed-bangalore-silk-zari-border-pen-kalamkari-saree-08-2025-1248-1-8_1.jpg,2285,srikalahasti penwork kalamkari,16590,10784.946,0.65
srikalahasti-handpainted-natural-dyed-bangalore-silk-zari-border-pen-kalamkari-saree-05-2025-1248-1-5_1.jpg,2285,srikalahasti penwork kalamkari,16590,10482.159,0.632
srikalahasti-handpainted-natural-dyed-bangalore-silk-zari-border-pen-kalamkari-saree-04-2025-1248-1-4_1.jpg,2285,srikalahasti penwork kalamkari,16590,10546.49,0.636
srikalahasti-handpainted-natural-dyed-bangalore-silk-zari-border-pen-kalamkari-saree-03-2025-1248-1-3_1.jpg,2285,srikalahasti penwork kalamkari,16590,11350.153,0.684
561750-76-lucknow-chikankari-embroidery-cotton-saree_1.jpg,2289,lucknowi chikankari,6100,8351.633,1.369
563727-32-barmer-applique-work-chanderi-silk-saree-with-tassels_1.jpg,2289,barmer applique,6100,7130.15,1.169
applique-patchwork-mul-cotton-tagai-ajrakh-saree-01-2024-1386-1-1_1.jpg,2291,barmer applique,5600,7597.275,1.357
512842-25-kashidakari-hand-embroidery-pure-chanderi-silk-block-printed-saree-with-zari-border_1.jpg,2292,kashida embroidery,17900,16269.224,0.909
512842-9-kashidakari-hand-embroidery-pure-kota-silk-saree-with-zari-border_1.jpg,2292,kashida embroidery,11990,13851.507,1.155
512842-19-kashidakari-hand-embroidery-pure-chanderi-silk-block-printed-saree-with-zari-border_1.jpg,2292,kashida embroidery,17900,17413.707,0.973
2023-649-1-9-kashidakari-hand-embroidery-chanderi-silk-saree-with-zari-border_1.jpg,2292,kashida embroidery,20590,19179.182,0.931
hand-embroidered-chapa-work-silk-cotton-saree-35-2026-511-1-35_1.jpg,2294,phulkari,3490,6812.128,1.952
plain-pure-mul-cotton-ready-to-wear-saree-05-2026-533-1-5_1.jpg,2297,plain solid,2290,2540.662,1.109
plain-pure-mul-cotton-ready-to-wear-saree-12-2026-533-1-12_1.jpg,2297,plain solid,2290,2470.853,1.079
plain-pure-mul-cotton-ready-to-wear-saree-11-2026-533-1-11_1.jpg,2297,plain solid,2290,2661.203,1.162
plain-pure-mul-cotton-ready-to-wear-saree-10-2026-533-1-10_1.jpg,2297,plain solid,2290,2775.497,1.212
plain-pure-mul-cotton-ready-to-wear-saree-09-2026-533-1-9_1.jpg,2297,plain solid,2290,2571.399,1.123
plain-pure-mul-cotton-ready-to-wear-saree-08-2026-533-1-8_1.jpg,2297,plain solid,2290,2610.651,1.14
plain-pure-mul-cotton-ready-to-wear-saree-07-2026-533-1-7_1.jpg,2297,plain solid,2290,2587.343,1.13
plain-pure-mul-cotton-ready-to-wear-saree-06-2026-533-1-6_1.jpg,2297,plain solid,2290,2528.447,1.104
plain-pure-mul-cotton-ready-to-wear-saree-04-2026-533-1-4_1.jpg,2297,plain solid,2290,2468.842,1.078
plain-pure-mul-cotton-ready-to-wear-saree-03-2026-533-1-3_1.jpg,2297,plain solid,2290,2706.593,1.182
plain-pure-mul-cotton-ready-to-wear-saree-02-2026-533-1-2_1.jpg,2297,plain solid,2290,2419.753,1.057
plain-pure-mul-cotton-ready-to-wear-saree-01-2026-533-1-1_1.jpg,2297,plain solid,2290,2599.869,1.135
lucknowi-chikankari-heavy-bead-work-pure-organza-silk-saree-08-2026-731-1-8_1.jpg,2241,lucknowi chikankari,24990,19591.48,0.784
lucknowi-chikankari-heavy-bead-work-pure-organza-silk-saree-06-2026-731-1-6_1.jpg,2241,lucknowi chikankari,22990,18685.244,0.813
lucknowi-chikankari-heavy-bead-work-pure-organza-silk-saree-07-2026-731-1-7_1.jpg,2241,lucknowi chikankari,24990,21152.844,0.846
lucknowi-chikankari-heavy-bead-work-pure-organza-silk-saree-05-2026-731-1-5_1.jpg,2241,lucknowi chikankari,22990,19856.052,0.864
handloom-zari-border-maheshwari-silk-saree-16-2026-756-1-16_1.jpg,2234,maheshwari weaving,8890,6492.873,0.73
handloom-zari-border-maheshwari-silk-saree-14-2026-756-1-14_1.jpg,2234,maheshwari weaving,8890,7214.843,0.812
handloom-zari-border-maheshwari-silk-saree-13-2026-756-1-13_1.jpg,2234,maheshwari weaving,8890,7436.85,0.837
handloom-zari-border-maheshwari-silk-saree-12-2026-756-1-12_1.jpg,2234,maheshwari weaving,8890,7601.895,0.855
handloom-zari-border-maheshwari-silk-saree-10-2026-756-1-10_1.jpg,2234,maheshwari weaving,7890,7214.631,0.914
handloom-zari-border-maheshwari-silk-saree-08-2026-756-1-8_1.jpg,2234,maheshwari weaving,7890,7673.556,0.973
handloom-zari-border-maheshwari-silk-saree-07-2026-756-1-7_1.jpg,2234,maheshwari weaving,7890,7341.915,0.931
handloom-zari-border-maheshwari-silk-saree-05-2026-756-1-5_1.jpg,2234,maheshwari weaving,7890,6929.698,0.878
handloom-zari-border-maheshwari-silk-saree-04-2026-756-1-5_1.jpg,2234,maheshwari weaving,7890,6475.707,0.821
handloom-zari-border-maheshwari-silk-saree-03-2026-756-1-3_1.jpg,2234,maheshwari weaving,7890,7171.98,0.909
handloom-zari-border-maheshwari-silk-saree-02-2026-756-1-2_1.jpg,2234,maheshwari weaving,7890,8229.96,1.043
banarasi-pure-handwoven-georgette-meena-buti-zari-jaal-work-saree-10-2026-699-1-10_1.jpg,2246,banaras weaving,16990,16991.51,1.0
banarasi-pure-handwoven-georgette-meena-buti-zari-jaal-work-saree-09-2026-699-1-9_1.jpg,2246,banaras weaving,16990,17812.069,1.048
banarasi-pure-handwoven-georgette-meena-buti-zari-jaal-work-saree-07-2026-699-1-7_1.jpg,2246,banaras weaving,16990,18630.772,1.097
banarasi-pure-handwoven-georgette-meena-buti-zari-jaal-work-saree-08-2026-699-1-8_1.jpg,2246,banaras weaving,16990,17487.18,1.029
banarasi-pure-handwoven-georgette-meena-buti-zari-jaal-work-saree-06-2026-699-1-6_1.jpg,2246,banaras weaving,16990,17733.355,1.044
pure-handloom-zari-stripes-katan-silk-chanderi-saree-13-2026-610-2-13_1.jpg,2278,chanderi weaving,9690,13886.948,1.433
pure-handloom-zari-stripes-katan-silk-chanderi-saree-11-2026-610-2-11_1.jpg,2278,chanderi weaving,9690,14163.735,1.462
pure-handloom-zari-buta-katan-silk-chanderi-saree-09-2026-610-2-9_1.jpg,2278,chanderi weaving,14490,15427.253,1.065
pure-handloom-zari-buta-katan-silk-chanderi-saree-08-2026-610-2-8_1.jpg,2278,chanderi weaving,14490,15505.29,1.07
pure-handloom-zari-buta-katan-silk-chanderi-saree-07-2026-610-2-7_1.jpg,2278,chanderi weaving,14490,15294.848,1.056
pure-handloom-zari-buta-katan-silk-chanderi-saree-05-2026-610-2-5_1.jpg,2278,chanderi weaving,12490,15199.059,1.217
pure-handloom-zari-buta-katan-silk-chanderi-saree-04-2026-610-2-4_1.jpg,2278,chanderi weaving,12490,14674.633,1.175
pure-handloom-zari-buta-katan-silk-chanderi-saree-03-2026-610-2-3_1.jpg,2278,chanderi weaving,12490,14899.235,1.193
pure-handloom-zari-buta-katan-silk-chanderi-saree-02-2026-610-2-2_1.jpg,2278,chanderi weaving,12490,15077.696,1.207
pure-handloom-zari-buta-katan-silk-chanderi-saree-06-2026-610-2-6_1.jpg,2278,chanderi weaving,14490,14780.523,1.02
pure-handloom-zari-stripes-katan-silk-chanderi-saree-10-2026-610-2-10_1.jpg,2278,chanderi weaving,9690,14856.632,1.533
bengal-handwoven-cotton-begumpuri-saree-23-2026-598-2-23_1.jpg,2255,begampur weaving,4490,5242.542,1.168
bengal-handwoven-cotton-begumpuri-saree-16-2026-598-2-16_1.jpg,2255,begampur weaving,4490,4919.997,1.096
bengal-handwoven-cotton-begumpuri-saree-with-blouse-piece-02-2026-598-2-2_1.jpg,2255,begampur weaving,6590,5236.695,0.795
bengal-handwoven-cotton-begumpuri-saree-with-blouse-piece-13-2026-598-2-13_1.jpg,2255,begampur weaving,12290,5340.197,0.435
bengal-handwoven-cotton-begumpuri-saree-with-blouse-piece-12-2026-598-2-12_1.jpg,2255,begampur weaving,12290,5293.648,0.431
bengal-handwoven-cotton-begumpuri-saree-04-2026-598-2-4_1.jpg,2255,begampur weaving,6590,5313.899,0.806
bengal-handwoven-cotton-stripes-begumpuri-saree-07-2026-598-2-7_1.jpg,2255,begampur weaving,5890,4948.312,0.84
bengal-handwoven-cotton-fish-buti-begumpuri-saree-10-2026-598-2-10_1.jpg,2255,begampur weaving,9490,4997.944,0.527
bengal-handwoven-cotton-fish-buti-begumpuri-saree-with-blouse-piece-09-2026-598-2-9_1.jpg,2255,begampur weaving,9490,5305.629,0.559
bengal-handwoven-cotton-heart-buti-begumpuri-saree-with-blouse-piece-06-2026-598-2-6_1.jpg,2255,begampur weaving,4490,5607.814,1.249
bengal-handwoven-cotton-begumpuri-saree-01-2026-598-2-1_1.jpg,2255,begampur weaving,5290,4658.696,0.881
bengal-handwoven-cotton-begumpuri-saree-with-blouse-piece-11-2026-598-2-11_1.jpg,2255,begampur weaving,12290,6070.938,0.494
bengal-handwoven-cotton-begumpuri-saree-16-2026-598-2-15_1.jpg,2255,begampur weaving,6990,5004.112,0.716
handspun-handwoven-bhagalpuri-tussar-silk-saree-06-2026-478-1-6_1.jpg,2243,bhagalpuri weaving,10990,7466.861,0.679
handspun-handwoven-bhagalpuri-tussar-silk-saree-04-2026-478-1-4_1.jpg,2243,bhagalpuri weaving,10990,6891.414,0.627
handspun-handwoven-bhagalpuri-tussar-silk-saree-03-2026-478-1-3_1.jpg,2243,bhagalpuri weaving,10990,7049.527,0.641
handspun-handwoven-bhagalpuri-desi-tussar-silk-saree-11-2026-478-1-11_1.jpg,2243,bhagalpuri weaving,11490,7814.183,0.68
bhagalpuri-pure-handspun-handwoven-tussar-silk-saree-01-2026-478-1-1_1.jpg,2243,bhagalpuri weaving,10990,6875.656,0.626
hand-embroidered-chapa-work-silk-cotton-saree-36-2026-511-1-36_1.jpg,2294,phulkari,3490,5689.178,1.63
hand-embroidered-chapa-work-silk-cotton-saree-33-2026-511-1-33_1.jpg,2294,phulkari,3490,5691.127,1.631
hand-embroidered-chapa-work-silk-cotton-saree-32-2026-511-1-32_1.jpg,2294,phulkari,3490,5406.01,1.549
hand-embroidered-chapa-work-silk-cotton-saree-31-2026-511-1-31_1.jpg,2294,phulkari,3490,5652.409,1.62
hand-embroidered-chapa-work-silk-cotton-saree-30-2026-511-1-30_1.jpg,2294,phulkari,3490,5555.306,1.592
hand-embroidered-chapa-work-silk-cotton-saree-28-2026-511-1-28_1.jpg,2294,phulkari,3490,6062.989,1.737
hand-embroidered-chapa-work-silk-cotton-saree-27-2026-511-1-27_1.jpg,2294,phulkari,3490,6086.081,1.744
hand-embroidered-chapa-work-silk-cotton-saree-26-2026-511-1-26_1.jpg,2294,phulkari,3490,5450.92,1.562
hand-embroidered-chapa-work-silk-cotton-saree-24-2026-511-1-24_1.jpg,2294,phulkari,3490,5135.48,1.471
hand-embroidered-chapa-work-silk-cotton-saree-23-2026-511-1-23_1.jpg,2294,phulkari,3490,5560.616,1.593
hand-embroidered-chapa-work-silk-cotton-saree-22-2026-511-1-22_1.jpg,2294,phulkari,3490,6008.307,1.722
hand-embroidered-chapa-work-silk-cotton-saree-21-2026-511-1-21_1.jpg,2294,phulkari,3490,6637.657,1.902
hand-embroidered-chapa-work-silk-cotton-saree-20-2026-511-1-20_1.jpg,2294,phulkari,3490,5531.169,1.585
hand-embroidered-chapa-work-silk-cotton-saree-18-2026-511-1-18_1.jpg,2294,phulkari,3490,5418.403,1.553
hand-embroidered-chapa-work-silk-cotton-saree-16-2026-511-1-16_1.jpg,2294,phulkari,3490,6108.12,1.75
hand-embroidered-chapa-work-silk-cotton-saree-15-2026-511-1-15_1.jpg,2294,phulkari,3490,5290.798,1.516
hand-embroidered-chapa-work-silk-cotton-saree-14-2026-511-1-14_1.jpg,2294,phulkari,3490,5187.845,1.486
hand-embroidered-chapa-work-silk-cotton-saree-13-2026-511-1-13_1.jpg,2294,phulkari,3490,5391.28,1.545
hand-embroidered-chapa-work-silk-cotton-saree-12-2026-511-1-12_1.jpg,2294,phulkari,3490,6295.333,1.804
hand-embroidered-chapa-work-silk-cotton-saree-10-2026-511-1-10_1.jpg,2294,phulkari,3490,6167.295,1.767
hand-embroidered-chapa-work-silk-cotton-saree-09-2026-511-1-9_1.jpg,2294,phulkari,3490,5657.398,1.621
hand-embroidered-chapa-work-silk-cotton-saree-08-2026-511-1-8_1.jpg,2294,phulkari,3490,5441.136,1.559
hand-embroidered-chapa-work-silk-cotton-saree-06-2026-511-1-6_1.jpg,2294,phulkari,3490,5551.528,1.591
hand-embroidered-chapa-work-silk-cotton-saree-05-2026-511-1-5_1.jpg,2294,phulkari,3490,5399.743,1.547
hand-embroidered-chapa-work-silk-cotton-saree-04-2026-511-1-4_1.jpg,2294,phulkari,3490,7341.668,2.104
hand-embroidered-chapa-work-silk-cotton-saree-02-2026-511-1-2_1.jpg,2294,phulkari,3490,6292.38,1.803
pure-handwoven-mangalagiri-cotton-saree-with-nizam-zari-border-36-2026-522-1-36_1.jpg,2232,mangalagiri weaving,5890,5190.5,0.881
pure-handwoven-mangalagiri-cotton-saree-with-nizam-zari-border-32-2026-522-1-32_1.jpg,2232,mangalagiri weaving,5890,5213.09,0.885
pure-handwoven-mangalagiri-silk-cotton-pattu-saree-with-zari-border-30-2026-522-1-30_1.jpg,2232,mangalagiri weaving,7490,7688.288,1.026
pure-handwoven-mangalagiri-silk-cotton-pattu-saree-with-zari-border-29-2026-522-1-29_1.jpg,2232,mangalagiri weaving,7490,8037.498,1.073
pure-handwoven-mangalagiri-silk-cotton-pattu-saree-with-zari-border-28-2026-522-1-28_1.jpg,2232,mangalagiri weaving,7490,7996.302,1.068
pure-handwoven-mangalagiri-silk-cotton-pattu-saree-with-zari-border-26-2026-522-1-26_1.jpg,2232,mangalagiri weaving,7490,7190.727,0.96
pure-handwoven-mangalagiri-silk-cotton-pattu-saree-with-zari-border-18-2026-522-1-18_1.jpg,2232,mangalagiri weaving,7490,7562.918,1.01
pure-handwoven-mangalagiri-silk-cotton-pattu-saree-with-zari-border-17-2026-522-1-17_1.jpg,2232,mangalagiri weaving,7490,8099.616,1.081
pure-handwoven-mangalagiri-silk-cotton-pattu-saree-with-zari-border-11-2026-522-1-11_1.jpg,2232,mangalagiri weaving,9490,7818.323,0.824
pure-handwoven-mangalagiri-silk-cotton-pattu-saree-with-zari-border-09-2026-522-1-9_1.jpg,2232,mangalagiri weaving,9490,8093.919,0.853
pure-handwoven-mangalagiri-silk-cotton-pattu-saree-with-zari-border-07-2026-522-1-7_1.jpg,2232,mangalagiri weaving,9490,8597.51,0.906
pure-handwoven-mangalagiri-silk-cotton-pattu-saree-with-zari-border-06-2026-522-1-6_1.jpg,2232,mangalagiri weaving,9490,8262.969,0.871
pure-handwoven-mangalagiri-silk-cotton-pattu-saree-with-zari-border-05-2026-522-1-5_1.jpg,2232,mangalagiri weaving,9490,8138.08,0.858
pure-handwoven-mangalagiri-silk-cotton-pattu-saree-with-zari-border-03-2026-522-1-3_1.jpg,2232,mangalagiri weaving,9490,8406.1,0.886
pure-handwoven-mangalagiri-silk-cotton-pattu-saree-with-zari-border-02-2026-522-1-2_1.jpg,2232,mangalagiri weaving,9490,8170.647,0.861
pure-handwoven-mangalagiri-cotton-saree-with-nizam-zari-border-31-2026-522-1-31_1.jpg,2232,mangalagiri weaving,5890,4979.736,0.845
pure-handwoven-mangalagiri-silk-cotton-pattu-saree-with-zari-border-01-2026-522-1-1_1.jpg,2232,mangalagiri weaving,9490,8357.461,0.881
bangalore-silk-zari-border-saree-34-2026-496-1-34_1.jpg,2282,paithani weaving,4890,5204.655,1.064
bangalore-silk-zari-border-saree-32-2026-496-1-32_1.jpg,2282,paithani weaving,4890,5572.479,1.14
bangalore-silk-zari-border-saree-31-2026-496-1-31_1.jpg,2282,paithani weaving,4890,5401.664,1.105
bangalore-silk-zari-border-saree-30-2026-496-1-30_1.jpg,2282,paithani weaving,4890,5474.814,1.12
bangalore-silk-zari-border-saree-28-2026-496-1-28_1.jpg,2282,paithani weaving,4890,5033.816,1.029
bangalore-silk-zari-border-saree-27-2026-496-1-27_1.jpg,2282,paithani weaving,4890,5592.208,1.144
bangalore-silk-zari-border-saree-26-2026-496-1-26_1.jpg,2282,paithani weaving,4890,4930.676,1.008
bangalore-silk-zari-border-saree-25-2026-496-1-25_1.jpg,2282,paithani weaving,4890,5621.561,1.15
bangalore-silk-zari-border-saree-24-2026-496-1-24_1.jpg,2282,paithani weaving,4890,5417.863,1.108
bangalore-silk-zari-border-saree-23-2026-496-1-23_1.jpg,2282,paithani weaving,4890,5586.051,1.142
bangalore-silk-zari-border-saree-22-2026-496-1-22_1.jpg,2282,paithani weaving,4890,5535.834,1.132
bangalore-silk-zari-border-saree-20-2026-496-1-20_1.jpg,2282,paithani weaving,4890,5495.903,1.124
bangalore-silk-zari-border-saree-19-2026-496-1-19_1.jpg,2282,paithani weaving,4890,5449.982,1.115
bangalore-silk-zari-border-saree-17-2026-496-1-17_1.jpg,2282,paithani weaving,4890,5540.298,1.133
bangalore-silk-zari-border-saree-16-2026-496-1-16_1.jpg,2282,paithani weaving,4890,5361.929,1.097
bangalore-silk-zari-border-saree-15-2026-496-1-15_1.jpg,2282,paithani weaving,4890,5307.038,1.085
bangalore-silk-zari-border-saree-14-2026-496-1-14_1.jpg,2282,paithani weaving,4890,5768.583,1.18
bangalore-silk-zari-border-saree-13-2026-496-1-13_1.jpg,2282,paithani weaving,4890,5756.25,1.177
bangalore-silk-zari-border-saree-12-2026-496-1-12_1.jpg,2282,paithani weaving,4890,5738.582,1.174
bangalore-silk-zari-border-saree-11-2026-496-1-11_1.jpg,2282,paithani weaving,4890,5713.271,1.168
bangalore-silk-zari-border-saree-10-2026-496-1-10_1.jpg,2282,paithani weaving,4890,5125.478,1.048
bangalore-silk-zari-border-saree-09-2026-496-1-9_1.jpg,2282,paithani weaving,4890,5742.97,1.174
bangalore-silk-zari-border-saree-07-2026-496-1-7_1.jpg,2282,paithani weaving,4890,5766.648,1.179
bangalore-silk-zari-border-saree-05-2026-496-1-5_1.jpg,2282,paithani weaving,4890,5751.558,1.176
bangalore-silk-zari-border-saree-04-2026-496-1-4_1.jpg,2282,paithani weaving,4890,5846.075,1.196
bangalore-silk-zari-border-saree-03-2026-496-1-3_1.jpg,2282,paithani weaving,4890,5519.927,1.129
bangalore-silk-zari-border-saree-02-2026-496-1-2_1.jpg,2282,paithani weaving,4890,5061.675,1.035
dharwad-woven-mercerised-cotton-saree-with-border-60-2026-455-1-60_1.jpg,2257,dharwad weaving,2850,3416.963,1.199
dharwad-woven-thread-buti-mercerised-cotton-saree-with-border-55-2026-455-1-55_1.jpg,2257,dharwad weaving,2850,3598.023,1.262
dharwad-woven-mercerised-cotton-saree-with-border-53-2026-455-1-53_1.jpg,2257,dharwad weaving,2850,3438.159,1.206
dharwad-woven-mercerised-cotton-saree-with-border-52-2026-455-1-52_1.jpg,2257,dharwad weaving,2850,3822.974,1.341
dharwad-woven-mercerised-cotton-saree-with-border-51-2026-455-1-51_1.jpg,2257,dharwad weaving,2850,4047.51,1.42
dharwad-woven-mercerised-cotton-saree-with-border-48-2026-455-1-48_1.jpg,2257,dharwad weaving,2850,3699.897,1.298
dharwad-woven-mercerised-cotton-saree-with-border-47-2026-455-1-47_1.jpg,2257,dharwad weaving,2850,3604.064,1.265
dharwad-woven-mercerised-cotton-saree-with-border-46-2026-455-1-46_1.jpg,2257,dharwad weaving,2850,3671.451,1.288
dharwad-woven-mercerised-cotton-saree-with-border-44-2026-455-1-44_1.jpg,2257,dharwad weaving,2850,3576.156,1.255
dharwad-woven-mercerised-cotton-saree-with-border-43-2026-455-1-43_1.jpg,2257,dharwad weaving,2850,3424.038,1.201
dharwad-woven-mercerised-cotton-saree-with-border-42-2026-455-1-42_1.jpg,2257,dharwad weaving,2850,3763.583,1.321
dharwad-woven-mercerised-cotton-saree-with-border-41-2026-455-1-41_1.jpg,2257,dharwad weaving,2850,3355.708,1.177
dharwad-woven-mercerised-cotton-saree-with-border-40-2026-455-1-40_1.jpg,2257,dharwad weaving,2850,3304.715,1.16
dharwad-woven-thread-buti-mercerised-cotton-saree-with-border-37-2026-455-1-37_1.jpg,2257,dharwad weaving,3490,3598.738,1.031
dharwad-woven-thread-buti-mercerised-cotton-saree-with-border-36-2026-455-1-36_1.jpg,2257,dharwad weaving,3490,4042.102,1.158
dharwad-woven-mercerised-cotton-saree-with-border-59-2026-455-1-59_1.jpg,2257,dharwad weaving,2850,3524.449,1.237
dharwad-woven-mercerised-cotton-saree-with-border-50-2026-455-1-50_1.jpg,2257,dharwad weaving,2850,3663.596,1.285
dharwad-woven-thread-buti-mercerised-cotton-saree-with-border-68-2026-455-1-68_1.jpg,2257,dharwad weaving,3190,3496.709,1.096
dharwad-woven-thread-buti-mercerised-cotton-saree-with-border-35-2026-455-1-35_1.jpg,2257,dharwad weaving,3490,3929.96,1.126
dharwad-woven-mercerised-cotton-saree-with-border-24-2026-455-1-24_1.jpg,2257,dharwad weaving,2850,3543.584,1.243
dharwad-woven-mercerised-cotton-saree-with-border-23-2026-455-1-23_1.jpg,2257,dharwad weaving,2850,3619.332,1.27
dharwad-woven-mercerised-cotton-saree-with-border-22-2026-455-1-22_1.jpg,2257,dharwad weaving,2850,3636.059,1.276
dharwad-woven-mercerised-cotton-saree-with-border-21-2026-455-1-21_1.jpg,2257,dharwad weaving,2850,3594.018,1.261
dharwad-woven-mercerised-cotton-saree-with-border-18-2026-455-1-18_1.jpg,2257,dharwad weaving,2850,3545.716,1.244
dharwad-woven-mercerised-cotton-saree-with-border-16-2026-455-1-16_1.jpg,2257,dharwad weaving,2850,3352.3,1.176
dharwad-woven-mercerised-cotton-saree-with-border-15-2026-455-1-15_1.jpg,2257,dharwad weaving,2850,3319.447,1.165
dharwad-woven-mercerised-cotton-saree-with-border-14-2026-455-1-14_1.jpg,2257,dharwad weaving,2850,3657.264,1.283
dharwad-woven-mercerised-cotton-saree-with-border-13-2026-455-1-13_1.jpg,2257,dharwad weaving,2850,3238.615,1.136
dharwad-woven-mercerised-cotton-saree-with-border-12-2026-455-1-12_1.jpg,2257,dharwad weaving,2850,3357.308,1.178
dharwad-woven-mercerised-cotton-saree-with-border-10-2026-455-1-10_1.jpg,2257,dharwad weaving,2850,3530.056,1.239
dharwad-woven-mercerised-cotton-saree-with-border-09-2026-455-1-9_1.jpg,2257,dharwad weaving,2850,3711.908,1.302
dharwad-woven-mercerised-cotton-saree-with-border-07-2026-455-1-7_1.jpg,2257,dharwad weaving,2850,3584.141,1.258
dharwad-woven-mercerised-cotton-saree-with-border-05-2026-455-1-5_1.jpg,2257,dharwad weaving,2850,3311.118,1.162
dharwad-woven-mercerised-cotton-saree-with-border-04-2026-455-1-4_1.jpg,2257,dharwad weaving,2850,3343.417,1.173
dharwad-woven-mercerised-cotton-saree-with-border-03-2026-455-1-3_1.jpg,2257,dharwad weaving,2850,3391.111,1.19
dharwad-woven-mercerised-cotton-saree-with-border-01-2026-455-1-1_1.jpg,2257,dharwad weaving,2850,3430.406,1.204
dharwad-woven-mercerised-cotton-saree-with-border-32-2026-455-1-32_1.jpg,2257,dharwad weaving,2850,3352.366,1.176
dharwad-woven-mercerised-cotton-saree-with-border-29-2026-455-1-29_1.jpg,2257,dharwad weaving,2850,3602.005,1.264
dharwad-woven-thread-buti-mercerised-cotton-saree-with-border-54-2026-455-1-54_1.jpg,2257,dharwad weaving,2850,3873.535,1.359
dharwad-woven-mercerised-cotton-saree-with-border-28-2026-455-1-28_1.jpg,2257,dharwad weaving,2850,3436.718,1.206
pedana-hand-block-print-natural-dyed-cotton-kalamkari-saree-68-2026-249-1-68_1.jpg,2307,kalamkari block printing,3290,2495.405,0.758
pedana-hand-block-print-natural-dyed-cotton-kalamkari-saree-67-2026-249-1-67_1.jpg,2307,kalamkari block printing,3290,2233.037,0.679
pedana-hand-block-print-natural-dyed-cotton-kalamkari-saree-66-2026-249-1-66_1.jpg,2307,kalamkari block printing,3290,2366.293,0.719
pedana-hand-block-print-natural-dyed-cotton-kalamkari-saree-65-2026-249-1-65_1.jpg,2307,kalamkari block printing,3290,2218.468,0.674
pedana-hand-block-print-natural-dyed-cotton-kalamkari-saree-63-2026-249-1-63_1.jpg,2307,kalamkari block printing,3290,2122.936,0.645
pedana-hand-block-print-natural-dyed-cotton-kalamkari-saree-61-2026-249-1-61_1.jpg,2307,kalamkari block printing,3290,2372.201,0.721
pedana-hand-block-print-natural-dyed-cotton-kalamkari-saree-59-2026-249-1-59_1.jpg,2307,kalamkari block printing,3290,2562.441,0.779
pedana-hand-block-print-natural-dyed-cotton-kalamkari-saree-58-2026-249-1-58_1.jpg,2307,kalamkari block printing,3290,2286.23,0.695
pedana-hand-block-print-natural-dyed-cotton-kalamkari-saree-57-2026-249-1-57_1.jpg,2307,kalamkari block printing,3290,2374.277,0.722
pedana-hand-block-print-natural-dyed-cotton-kalamkari-saree-54-2026-249-1-54_1.jpg,2307,kalamkari block printing,3290,2526.117,0.768
pedana-hand-block-print-natural-dyed-cotton-kalamkari-saree-52-2026-249-1-52_1.jpg,2307,kalamkari block printing,3290,2471.133,0.751
pedana-hand-block-print-natural-dyed-cotton-kalamkari-saree-51-2026-249-1-51_1.jpg,2307,kalamkari block printing,3290,2133.908,0.649
pedana-hand-block-print-natural-dyed-cotton-kalamkari-saree-50-2026-249-1-50_1.jpg,2307,kalamkari block printing,3290,2443.208,0.743
pedana-hand-block-print-natural-dyed-cotton-kalamkari-saree-48-2026-249-1-48_1.jpg,2307,kalamkari block printing,3290,2518.785,0.766
pedana-hand-block-print-natural-dyed-cotton-kalamkari-saree-46-2026-249-1-46_1.jpg,2307,kalamkari block printing,3290,2366.383,0.719
pedana-hand-block-print-natural-dyed-cotton-kalamkari-saree-45-2026-249-1-45_1.jpg,2307,kalamkari block printing,3290,2401.025,0.73
pedana-hand-block-print-natural-dyed-cotton-kalamkari-saree-42-2026-249-1-42_1.jpg,2307,kalamkari block printing,3290,2582.847,0.785
pedana-hand-block-print-natural-dyed-cotton-kalamkari-saree-41-2026-249-1-41_1.jpg,2307,kalamkari block printing,3290,2266.157,0.689
pedana-hand-block-print-natural-dyed-cotton-kalamkari-saree-40-2026-249-1-40_1.jpg,2307,kalamkari block printing,3290,2488.435,0.756
pedana-hand-block-print-natural-dyed-cotton-kalamkari-saree-38-2026-249-1-38_1.jpg,2307,kalamkari block printing,3290,2436.751,0.741
pedana-hand-block-print-natural-dyed-cotton-kalamkari-saree-37-2026-249-1-37_1.jpg,2307,kalamkari block printing,3290,2509.563,0.763
pedana-hand-block-print-natural-dyed-cotton-kalamkari-saree-35-2026-249-1-35_1.jpg,2307,kalamkari block printing,3290,2353.576,0.715
pedana-hand-block-print-natural-dyed-cotton-kalamkari-saree-34-2026-249-1-34_1.jpg,2307,kalamkari block printing,3290,2503.362,0.761
pedana-hand-block-print-natural-dyed-cotton-kalamkari-saree-33-2026-249-1-33_1.jpg,2307,kalamkari block printing,3290,2467.815,0.75
pedana-hand-block-print-natural-dyed-cotton-kalamkari-saree-32-2026-249-1-32_1.jpg,2307,kalamkari block printing,3290,2188.261,0.665
pedana-hand-block-print-natural-dyed-cotton-kalamkari-saree-31-2026-249-1-31_1.jpg,2307,kalamkari block printing,3290,2303.347,0.7
pedana-hand-block-print-natural-dyed-cotton-kalamkari-saree-30-2026-249-1-30_1.jpg,2307,kalamkari block printing,3290,2667.525,0.811
pedana-hand-block-print-natural-dyed-cotton-kalamkari-saree-29-2026-249-1-29_1.jpg,2307,kalamkari block printing,3290,2398.418,0.729
pedana-hand-block-print-natural-dyed-cotton-kalamkari-saree-27-2026-249-1-27_1.jpg,2307,kalamkari block printing,3290,2387.757,0.726
pedana-hand-block-print-natural-dyed-cotton-kalamkari-saree-26-2026-249-1-26_1.jpg,2307,kalamkari block printing,3290,2430.908,0.739
pedana-hand-block-print-natural-dyed-cotton-kalamkari-saree-25-2026-249-1-25_1.jpg,2307,kalamkari block printing,3290,2398.959,0.729
pedana-hand-block-print-natural-dyed-cotton-kalamkari-saree-24-2026-249-1-24_1.jpg,2307,kalamkari block printing,3290,2552.903,0.776
pedana-hand-block-print-natural-dyed-cotton-kalamkari-saree-23-2026-249-1-23_1.jpg,2307,kalamkari block printing,3290,2740.566,0.833
pedana-hand-block-print-natural-dyed-cotton-kalamkari-saree-22-2026-249-1-22_1.jpg,2307,kalamkari block printing,3290,2313.298,0.703
pedana-hand-block-print-natural-dyed-cotton-kalamkari-saree-21-2026-249-1-21_1.jpg,2307,kalamkari block printing,3290,2378.303,0.723
pedana-hand-block-print-natural-dyed-cotton-kalamkari-saree-20-2026-249-1-20_1.jpg,2307,kalamkari block printing,3290,2223.408,0.676
pedana-hand-block-print-natural-dyed-cotton-kalamkari-saree-19-2026-249-1-19_1.jpg,2307,kalamkari block printing,3290,2402.867,0.73
pedana-hand-block-print-natural-dyed-cotton-kalamkari-saree-18-2026-249-1-18_1.jpg,2307,kalamkari block printing,3290,2437.461,0.741
pedana-hand-block-print-natural-dyed-cotton-kalamkari-saree-17-2026-249-1-17_1.jpg,2307,kalamkari block printing,3290,2526.852,0.768
pedana-hand-block-print-natural-dyed-cotton-kalamkari-saree-16-2026-249-1-16_1.jpg,2307,kalamkari block printing,3290,2324.137,0.706
pedana-hand-block-print-natural-dyed-cotton-kalamkari-saree-15-2026-249-1-15_1.jpg,2307,kalamkari block printing,3290,2544.331,0.773
pedana-hand-block-print-natural-dyed-cotton-kalamkari-saree-14-2026-249-1-14_1.jpg,2307,kalamkari block printing,3290,2496.959,0.759
pedana-hand-block-print-natural-dyed-cotton-kalamkari-saree-13-2026-249-1-13_1.jpg,2307,kalamkari block printing,3290,2716.324,0.826
pedana-hand-block-print-natural-dyed-cotton-kalamkari-saree-12-2026-249-1-12_1.jpg,2307,kalamkari block printing,3290,2451.252,0.745
pedana-hand-block-print-natural-dyed-cotton-kalamkari-saree-11-2026-249-1-11_1.jpg,2307,kalamkari block printing,3290,2639.769,0.802
pedana-hand-block-print-natural-dyed-cotton-kalamkari-saree-10-2026-249-1-10_1.jpg,2307,kalamkari block printing,3290,2551.001,0.775
pedana-hand-block-print-natural-dyed-cotton-kalamkari-saree-09-2026-249-1-9_1.jpg,2307,kalamkari block printing,3290,2606.22,0.792
pedana-hand-block-print-natural-dyed-cotton-kalamkari-saree-08-2026-249-1-8_1.jpg,2307,kalamkari block printing,3290,2515.77,0.765
pedana-hand-block-print-natural-dyed-cotton-kalamkari-saree-07-2026-249-1-7_1.jpg,2307,kalamkari block printing,3290,2216.744,0.674
pedana-hand-block-print-natural-dyed-cotton-kalamkari-saree-06-2026-249-1-6_1.jpg,2307,kalamkari block printing,3290,2529.56,0.769
pedana-hand-block-print-natural-dyed-cotton-kalamkari-saree-05-2026-249-1-5_1.jpg,2307,kalamkari block printing,3290,2544.297,0.773
pedana-hand-block-print-natural-dyed-cotton-kalamkari-saree-04-2026-249-1-4_1.jpg,2307,kalamkari block printing,3290,2232.518,0.679
pedana-hand-block-print-natural-dyed-cotton-kalamkari-saree-03-2026-249-1-3_1.jpg,2307,kalamkari block printing,3290,2467.053,0.75
pedana-hand-block-print-natural-dyed-cotton-kalamkari-saree-02-2026-249-1-2_1.jpg,2307,kalamkari block printing,3290,2336.129,0.71
pedana-hand-block-print-natural-dyed-cotton-kalamkari-saree-01-2026-249-1-1_1.jpg,2307,kalamkari block printing,3290,2211.087,0.672
bengal-handwoven-cotton-begumpuri-saree-36-2026-220-1-36_1.jpg,2255,begampur weaving,6890,4958.556,0.72
bengal-handwoven-cotton-begumpuri-saree-32-2026-220-1-32_1.jpg,2255,begampur weaving,5490,5167.546,0.941
bengal-handwoven-cotton-begumpuri-saree-28-2026-220-1-28_1.jpg,2255,begampur weaving,5590,5258.773,0.941
bengal-handwoven-cotton-begumpuri-saree-27-2026-220-1-27_1.jpg,2255,begampur weaving,5590,4808.397,0.86
bengal-handwoven-cotton-begumpuri-saree-23-2026-220-1-23_1.jpg,2255,begampur weaving,8490,4747.906,0.559
bengal-handwoven-cotton-begumpuri-saree-20-2026-220-1-20_1.jpg,2255,begampur weaving,3790,4679.826,1.235
bengal-handwoven-cotton-begumpuri-saree-14-2026-220-1-14_1.jpg,2255,begampur weaving,4490,5208.677,1.16
bengal-handwoven-cotton-begumpuri-saree-12-2026-220-1-12_1.jpg,2255,begampur weaving,4490,5169.39,1.151
bengal-handwoven-cotton-begumpuri-saree-10-2026-220-1-10_1.jpg,2255,begampur weaving,4490,5386.199,1.2
bengal-handwoven-cotton-begumpuri-saree-09-2026-220-1-9_1.jpg,2255,begampur weaving,4490,5603.14,1.248
bengal-handwoven-cotton-begumpuri-saree-06-2026-220-1-6_1.jpg,2255,begampur weaving,4490,5006.646,1.115
bengal-handwoven-cotton-begumpuri-saree-04-2026-220-1-4_1.jpg,2255,begampur weaving,4490,5031.88,1.121
bengal-handwoven-cotton-begumpuri-saree-01-2026-220-1-1_1.jpg,2255,begampur weaving,4490,5388.08,1.2
bengal-kantha-hand-embroidery-silk-cotton-chapa-work-saree-105-2026-156-1-105_1.jpg,2294,bengal kantha work,3190,5542.707,1.738
bengal-kantha-hand-embroidery-silk-cotton-chapa-work-saree-103-2026-156-1-103_1.jpg,2294,bengal kantha work,3190,5486.767,1.72
bengal-kantha-hand-embroidery-silk-cotton-chapa-work-saree-89-2026-156-1-89_1.jpg,2294,bengal kantha work,3190,5279.72,1.655
bengal-kantha-hand-embroidery-silk-cotton-chapa-work-saree-87-2026-156-1-87_1.jpg,2294,bengal kantha work,3190,5714.286,1.791
bengal-kantha-hand-embroidery-silk-cotton-chapa-work-saree-86-2026-156-1-86_1.jpg,2294,bengal kantha work,3190,5041.156,1.58
bengal-kantha-hand-embroidery-silk-cotton-chapa-work-saree-82-2026-156-1-82_1.jpg,2294,bengal kantha work,3190,5486.964,1.72
bengal-kantha-hand-embroidery-silk-cotton-chapa-work-saree-80-2026-156-1-80_1.jpg,2294,bengal kantha work,3190,5822.545,1.825
bengal-kantha-hand-embroidery-silk-cotton-chapa-work-saree-79-2026-156-1-79_1.jpg,2294,bengal kantha work,3190,5235.923,1.641
bengal-kantha-hand-embroidery-silk-cotton-chapa-work-saree-78-2026-156-1-78_1.jpg,2294,bengal kantha work,3190,5949.617,1.865
bengal-kantha-hand-embroidery-silk-cotton-chapa-work-saree-70-2026-156-1-70_1.jpg,2294,bengal kantha work,3190,5316.308,1.667
bengal-kantha-hand-embroidery-silk-cotton-chapa-work-saree-65-2026-156-1-65_1.jpg,2294,bengal kantha work,3190,5768.291,1.808
bengal-kantha-hand-embroidery-silk-cotton-chapa-work-saree-61-2026-156-1-61_1.jpg,2294,bengal kantha work,3190,5084.283,1.594
bengal-kantha-hand-embroidery-silk-cotton-chapa-work-saree-57-2026-156-1-57_1.jpg,2294,bengal kantha work,3190,6009.936,1.884
bengal-kantha-hand-embroidery-silk-cotton-chapa-work-saree-55-2026-156-1-55_1.jpg,2294,bengal kantha work,3190,5665.289,1.776
bengal-kantha-hand-embroidery-silk-cotton-chapa-work-saree-54-2026-156-1-54_1.jpg,2294,bengal kantha work,3190,5772.277,1.809
bengal-kantha-hand-embroidery-silk-cotton-chapa-work-saree-49-2026-156-1-49_1.jpg,2294,bengal kantha work,3190,5250.515,1.646
bengal-kantha-hand-embroidery-silk-cotton-chapa-work-saree-48-2026-156-1-48_1.jpg,2294,bengal kantha work,3190,5444.961,1.707
bengal-kantha-hand-embroidery-silk-cotton-chapa-work-saree-47-2026-156-1-47_1.jpg,2294,bengal kantha work,3190,5826.452,1.826
bengal-kantha-hand-embroidery-silk-cotton-chapa-work-saree-46-2026-156-1-46_1.jpg,2294,bengal kantha work,3190,5706.339,1.789
bengal-kantha-hand-embroidery-silk-cotton-chapa-work-saree-43-2026-156-1-43_1.jpg,2294,bengal kantha work,3190,5584.898,1.751
bengal-kantha-hand-embroidery-silk-cotton-chapa-work-saree-25-2026-156-1-25_1.jpg,2294,bengal kantha work,3190,5063.407,1.587
bengal-kantha-hand-embroidery-silk-cotton-chapa-work-saree-22-2026-156-1-22_1.jpg,2294,bengal kantha work,3190,5690.492,1.784
bengal-kantha-hand-embroidery-silk-cotton-chapa-work-saree-21-2026-156-1-21_1.jpg,2294,bengal kantha work,3190,5753.543,1.804
bengal-kantha-hand-embroidery-silk-cotton-chapa-work-saree-20-2026-156-1-20_1.jpg,2294,bengal kantha work,3190,5431.164,1.703
bengal-kantha-hand-embroidery-silk-cotton-chapa-work-saree-16-2026-156-1-16_1.jpg,2294,bengal kantha work,3190,4974.221,1.559
bengal-kantha-hand-embroidery-silk-cotton-chapa-work-saree-15-2026-156-1-15_1.jpg,2294,bengal kantha work,3190,5317.976,1.667
bengal-kantha-hand-embroidery-silk-cotton-chapa-work-saree-14-2026-156-1-14_1.jpg,2294,bengal kantha work,3190,5730.887,1.797
bengal-kantha-hand-embroidery-silk-cotton-chapa-work-saree-13-2026-156-1-13_1.jpg,2294,bengal kantha work,3190,5047.654,1.582
bengal-kantha-hand-embroidery-silk-cotton-chapa-work-saree-12-2026-156-1-12_1.jpg,2294,bengal kantha work,3190,5493.576,1.722
bengal-kantha-hand-embroidery-silk-cotton-chapa-work-saree-11-2026-156-1-11_1.jpg,2294,bengal kantha work,3190,4943.855,1.55
bengal-kantha-hand-embroidery-silk-cotton-chapa-work-saree-09-2026-156-1-9_1.jpg,2294,bengal kantha work,3190,5502.323,1.725
bengal-kantha-hand-embroidery-silk-cotton-chapa-work-saree-06-2026-156-1-6_1.jpg,2294,bengal kantha work,3190,4957.01,1.554
bengal-kantha-hand-embroidery-silk-cotton-chapa-work-saree-05-2026-156-1-5_1.jpg,2294,bengal kantha work,3190,5270.264,1.652
bengal-kantha-hand-embroidery-silk-cotton-chapa-work-saree-04-2026-156-1-4_1.jpg,2294,bengal kantha work,3190,5408.213,1.695
bengal-kantha-hand-embroidery-silk-cotton-chapa-work-saree-03-2026-156-1-3_1.jpg,2294,bengal kantha work,3190,5310.701,1.665
bengal-kantha-hand-embroidery-silk-cotton-chapa-work-saree-02-2026-156-1-2_1.jpg,2294,bengal kantha work,3190,5742.513,1.8
bengal-kantha-hand-embroidery-silk-cotton-chapa-work-saree-01-2026-156-1-1_1.jpg,2294,bengal kantha work,3190,5323.501,1.669
phulkari-hand-embroidered-chanderi-silk-chapa-work-saree-28-2026-136-1-28_1.jpg,2294,phulkari,3490,8272.59,2.37
phulkari-hand-embroidered-chanderi-silk-chapa-work-saree-27-2026-136-1-27_1.jpg,2294,phulkari,3490,6958.04,1.994
phulkari-hand-embroidered-chanderi-silk-chapa-work-saree-26-2026-136-1-26_1.jpg,2294,phulkari,3490,7877.718,2.257
phulkari-hand-embroidered-chanderi-silk-chapa-work-saree-24-2026-136-1-24_1.jpg,2294,phulkari,3490,6676.8,1.913
phulkari-hand-embroidered-chanderi-silk-chapa-work-saree-13-2026-136-1-13_1.jpg,2294,phulkari,3490,7554.783,2.165
phulkari-hand-embroidered-chanderi-silk-chapa-work-saree-12-2026-136-1-12_1.jpg,2294,phulkari,3490,8208.824,2.352
phulkari-hand-embroidered-chanderi-silk-chapa-work-saree-03-2026-136-1-3_1.jpg,2294,phulkari,3490,7379.501,2.114
phulkari-hand-embroidered-chanderi-silk-chapa-work-saree-02-2026-136-1-2_1.jpg,2294,phulkari,3490,7771.387,2.227
phulkari-hand-embroidered-chanderi-silk-chapa-work-saree-01-2026-136-1-1_1.jpg,2294,phulkari,3490,7188.96,2.06
pure-handloom-cotton-thread-buti-chanderi-saree-19-2026-104-3-19_1.jpg,2314,chanderi weaving,4590,5271.984,1.149
pure-handloom-cotton-thread-buti-chanderi-saree-15-2026-104-3-15_1.jpg,2314,chanderi weaving,4590,6003.223,1.308
pure-handloom-cotton-thread-buti-chanderi-saree-13-2026-104-3-13_1.jpg,2314,chanderi weaving,4590,5926.924,1.291
pure-handloom-cotton-thread-buti-chanderi-saree-10-2026-104-3-10_1.jpg,2314,chanderi weaving,4590,5665.181,1.234
pure-handloom-cotton-thread-buti-chanderi-saree-06-2026-104-3-6_1.jpg,2314,chanderi weaving,4590,5435.25,1.184
pure-handloom-cotton-thread-buti-chanderi-saree-05-2026-104-3-5_1.jpg,2314,chanderi weaving,4590,6598.197,1.438
pure-handloom-cotton-thread-buti-chanderi-saree-03-2026-104-3-3_1.jpg,2314,chanderi weaving,4590,5768.771,1.257
pure-handwoven-mangalagiri-cotton-saree-with-zari-border-39-2025-1846-2-39_1.jpg,2232,mangalagiri weaving,6190,5479.869,0.885
pure-handwoven-mangalagiri-cotton-saree-with-zari-border-38-2025-1846-2-38_1.jpg,2232,mangalagiri weaving,6190,5567.479,0.899
pure-handwoven-mangalagiri-cotton-saree-with-zari-border-37-2025-1846-2-37_1.jpg,2232,mangalagiri weaving,6190,5958.537,0.963
pure-handwoven-mangalagiri-cotton-saree-with-zari-border-35-2025-1846-2-35_1.jpg,2232,mangalagiri weaving,6190,5905.026,0.954
pure-handwoven-mangalagiri-cotton-saree-with-zari-border-34-2025-1846-2-34_1.jpg,2232,mangalagiri weaving,6190,5793.525,0.936
pure-handwoven-zari-checks-mangalagiri-cotton-saree-28-2025-1846-2-28_1.jpg,2232,mangalagiri weaving,6190,5100.418,0.824
pure-handwoven-zari-checks-mangalagiri-cotton-saree-27-2025-1846-2-27_1.jpg,2232,mangalagiri weaving,6190,4880.651,0.788
pure-handwoven-mangalagiri-silk-cotton-pattu-saree-24-2025-1846-2-24_1.jpg,2232,mangalagiri weaving,5290,5314.971,1.005
pure-handwoven-mangalagiri-silk-cotton-pattu-saree-14-2025-1846-2-14_1.jpg,2232,mangalagiri weaving,5890,5126.852,0.87
pure-handwoven-mangalagiri-silk-cotton-pattu-saree-with-zari-border-09-2025-1846-2-9_1.jpg,2232,mangalagiri weaving,5890,7070.257,1.2
pure-handwoven-mangalagiri-silk-cotton-pattu-saree-with-zari-border-12-2025-1846-2-12_1.jpg,2232,mangalagiri weaving,5890,7485.596,1.271
pure-handwoven-mangalagiri-silk-cotton-pattu-saree-with-zari-border-11-2025-1846-2-11_1.jpg,2232,mangalagiri weaving,5890,6613.866,1.123
pure-handwoven-mangalagiri-silk-cotton-pattu-saree-with-zari-border-05-2025-1846-2-5_1.jpg,2232,mangalagiri weaving,5890,7274.499,1.235
pure-handwoven-mangalagiri-silk-cotton-pattu-saree-with-zari-border-02-2025-1846-2-2_1.jpg,2232,mangalagiri weaving,5890,6710.873,1.139
phulkari-hand-embroidery-chapa-work-chanderi-silk-saree-15-2025-1877-1-15_1.jpg,2294,phulkari,3490,8346.111,2.391
pure-handwoven-mangalagiri-cotton-saree-with-zari-border-33-2025-1846-2-33_1.jpg,2232,mangalagiri weaving,6190,4970.328,0.803
pure-handwoven-mangalagiri-silk-cotton-pattu-saree-13-2025-1846-2-13_1.jpg,2232,mangalagiri weaving,5890,4570.446,0.776
mangalagiri-handwoven-pure-silk-pattu-saree-36-2026-021-1-36_1.jpg,2232,mangalagiri weaving,7190,7334.107,1.02
mangalagiri-handwoven-pure-silk-pattu-saree-34-2026-021-1-34_1.jpg,2232,mangalagiri weaving,7190,8119.117,1.129
mangalagiri-handwoven-pure-silk-pattu-saree-33-2026-021-1-33_1.jpg,2232,mangalagiri weaving,7190,7533.37,1.048
mangalagiri-handwoven-pure-silk-pattu-saree-32-2026-021-1-32_1.jpg,2232,mangalagiri weaving,7190,7601.723,1.057
mangalagiri-handwoven-pure-silk-pattu-saree-31-2026-021-1-31_1.jpg,2232,mangalagiri weaving,7190,8246.679,1.147
mangalagiri-handwoven-pure-silk-pattu-saree-25-2026-021-1-25_1.jpg,2232,mangalagiri weaving,7190,7655.294,1.065
mangalagiri-handwoven-pure-silk-pattu-saree-22-2026-021-1-22_1.jpg,2232,mangalagiri weaving,7190,8630.978,1.2
traditional-pochampally-ikat-handwoven-pure-silk-pattu-saree-with-rudraksha-border-19-2026-021-1-19_1.jpg,2321,pochampally ikat weaving,17990,18829.851,1.047
traditional-pochampally-ikat-handwoven-pure-silk-pattu-saree-with-rudraksha-border-18-2026-021-1-18_1.jpg,2321,pochampally ikat weaving,17990,20026.288,1.113
traditional-pochampally-ikat-handwoven-pure-silk-pattu-saree-with-rudraksha-border-17-2026-021-1-17_1.jpg,2321,pochampally ikat weaving,17990,20019.86,1.113
traditional-pochampally-ikat-handwoven-pure-silk-pattu-saree-with-rudraksha-border-15-2026-021-1-15_1.jpg,2321,pochampally ikat weaving,17990,18310.55,1.018
traditional-pochampally-ikat-handwoven-pure-silk-pattu-saree-with-rudraksha-border-14-2026-021-1-14_1.jpg,2321,pochampally ikat weaving,17990,18759.157,1.043
traditional-pochampally-ikat-handwoven-pure-silk-pattu-saree-with-rudraksha-border-13-2026-021-1-13_1.jpg,2321,pochampally ikat weaving,17990,19386.458,1.078
traditional-pochampally-ikat-handwoven-pure-silk-pattu-saree-with-rudraksha-border-12-2026-021-1-12_1.jpg,2321,pochampally ikat weaving,17990,18322.999,1.019
traditional-pochampally-ikat-handwoven-pure-silk-pattu-saree-with-rudraksha-border-11-2026-021-1-11_1.jpg,2321,pochampally ikat weaving,17990,19557.93,1.087
traditional-pochampally-ikat-handwoven-pure-silk-pattu-saree-with-rudraksha-border-10-2026-021-1-10_1.jpg,2321,pochampally ikat weaving,17990,18620.665,1.035
traditional-pochampally-ikat-handwoven-pure-silk-pattu-saree-with-rudraksha-border-09-2026-021-1-9_1.jpg,2321,pochampally ikat weaving,17990,18959.393,1.054
traditional-pochampally-ikat-handwoven-pure-silk-pattu-saree-with-rudraksha-border-08-2026-021-1-8_1.jpg,2321,pochampally ikat weaving,17990,18102.376,1.006
traditional-pochampally-ikat-handwoven-pure-silk-pattu-saree-with-rudraksha-border-07-2026-021-1-7_1.jpg,2321,pochampally ikat weaving,17990,19216.532,1.068
traditional-pochampally-ikat-handwoven-pure-silk-pattu-saree-with-rudraksha-border-04-2026-021-1-4_1.jpg,2321,pochampally ikat weaving,17990,18340.135,1.019
traditional-pochampally-ikat-handwoven-pure-silk-pattu-saree-with-rudraksha-border-03-2026-021-1-3_1.jpg,2321,pochampally ikat weaving,17990,19028.807,1.058
traditional-pochampally-ikat-handwoven-pure-silk-pattu-saree-with-rudraksha-border-02-2026-021-1-2_1.jpg,2321,pochampally ikat weaving,17990,18242.691,1.014
traditional-pochampally-ikat-handwoven-pure-silk-pattu-saree-with-rudraksha-border-01-2026-021-1-1_1.jpg,2321,pochampally ikat weaving,17990,17111.976,0.951
pure-mul-cotton-natural-dyed-hand-block-bagru-print-saree-21-2025-1807-2-21_1.jpg,2327,bagru block printing,2690,2429.295,0.903
pure-mul-cotton-natural-dyed-hand-block-bagru-print-saree-20-2025-1807-2-20_1.jpg,2327,bagru block printing,2690,2702.517,1.005
pure-mul-cotton-natural-dyed-hand-block-bagru-print-saree-18-2025-1807-2-18_1.jpg,2327,bagru block printing,2690,2277.095,0.847
pure-mul-cotton-natural-dyed-hand-block-bagru-print-saree-17-2025-1807-2-17_1.jpg,2327,bagru block printing,2690,2393.027,0.89
pure-mul-cotton-natural-dyed-hand-block-bagru-print-saree-15-2025-1807-2-15_1.jpg,2327,bagru block printing,2690,2616.333,0.973
pure-mul-cotton-natural-dyed-hand-block-bagru-print-saree-13-2025-1807-2-13_1.jpg,2327,bagru block printing,2690,2575.101,0.957
pure-mul-cotton-natural-dyed-hand-block-bagru-print-saree-12-2025-1807-2-12_1.jpg,2327,bagru block printing,2690,2797.996,1.04
pure-mul-cotton-natural-dyed-hand-block-bagru-print-saree-11-2025-1807-2-11_1.jpg,2327,bagru block printing,2690,2780.813,1.034
pure-mul-cotton-natural-dyed-hand-block-bagru-print-saree-10-2025-1807-2-10_1.jpg,2327,bagru block printing,2690,2448.219,0.91
pure-mul-cotton-natural-dyed-hand-block-bagru-print-saree-09-2025-1807-2-9_1.jpg,2327,bagru block printing,2690,2503.003,0.93
pure-mul-cotton-natural-dyed-hand-block-bagru-print-saree-04-2025-1739-1-4_1.jpg,2327,bagru block printing,2690,2514.849,0.935
pure-mul-cotton-natural-dyed-hand-block-bagru-print-saree-02-2025-1739-1-2_1.jpg,2327,bagru block printing,2690,2721.991,1.012
natural-dyed-hand-block-print-pure-mul-cotton-bagru-saree-11-2025-1752-2-11_1.jpg,2327,bagru block printing,2690,2666.904,0.991
bengal-kantha-hand-embroidery-silk-cotton-chapa-work-saree-36-2025-1786-1-36_1.jpg,2294,bengal kantha work,3190,5503.831,1.725
bengal-kantha-hand-embroidery-silk-cotton-chapa-work-saree-15-2025-1786-1-15_1.jpg,2294,bengal kantha work,3190,5132.681,1.609
bengal-kantha-hand-embroidery-silk-cotton-chapa-work-saree-06-2025-1786-1-6_1.jpg,2294,bengal kantha work,3190,4760.452,1.492
bengal-kantha-hand-embroidery-silk-cotton-chapa-work-saree-01-2025-1786-1-1_1.jpg,2294,bengal kantha work,3190,4632.5,1.452
hand-embroidered-chanderi-silk-chapa-work-phulkari-saree-18-2025-1690-2-18_1.jpg,2294,phulkari,3490,7694.062,2.205
hand-embroidered-chanderi-silk-chapa-work-phulkari-saree-13-2025-1690-2-13_1.jpg,2294,phulkari,3490,7266.95,2.082
kutch-tie-dye-pure-cotton-shibori-saree-29-2025-1635-1-29_1.jpg,2334,shibori tie dye,3990,3032.418,0.76
kutch-tie-dye-pure-cotton-shibori-saree-26-2025-1635-1-26_1.jpg,2334,shibori tie dye,3990,3632.014,0.91
kutch-tie-dye-pure-cotton-shibori-saree-25-2025-1635-1-25_1.jpg,2334,shibori tie dye,3990,3234.402,0.811
kutch-tie-dye-pure-cotton-shibori-saree-24-2025-1635-1-24_1.jpg,2334,shibori tie dye,3990,2840.087,0.712
chanderi-silk-natural-dyed-hand-block-dabu-bagru-print-saree-61-2025-1553-1-61_1.jpg,2327,bagru block printing,4890,4066.788,0.832
pure-mul-cotton-hand-block-batik-print-saree-40-2025-1553-1-40_1.jpg,2339,batik block printing,2290,2578.439,1.126
pure-mul-cotton-hand-block-batik-print-saree-39-2025-1553-1-39_1.jpg,2339,batik block printing,2290,2086.846,0.911
pure-mul-cotton-hand-block-batik-print-saree-28-2025-1553-1-28_1.jpg,2339,batik block printing,2290,2569.404,1.122
pure-mul-cotton-natural-dyed-hand-block-dabu-bagru-print-saree-16-2025-1553-1-16_1.jpg,2327,bagru block printing,2690,2748.526,1.022
pure-mul-cotton-natural-dyed-hand-block-dabu-bagru-print-saree-15-2025-1553-1-15_1.jpg,2327,bagru block printing,2690,2801.471,1.041
pure-mul-cotton-natural-dyed-hand-block-dabu-bagru-print-saree-14-2025-1553-1-14_1.jpg,2327,bagru block printing,2690,2835.556,1.054
chanderi-silk-natural-dyed-hand-block-dabu-bagru-print-saree-60-2025-1553-1-60_1.jpg,2327,bagru block printing,4890,3937.895,0.805
nath-work-silk-cotton-khun-saree-15-2025-1518-1-15_1.jpg,2342,khun weaving,4290,3001.451,0.7
nath-work-silk-cotton-khun-saree-14-2025-1518-1-14_1.jpg,2342,khun weaving,4290,3009.031,0.701
nath-work-silk-cotton-khun-saree-13-2025-1518-1-13_1.jpg,2342,khun weaving,4290,2644.359,0.616
nath-work-silk-cotton-khun-saree-01-2025-1518-1-1_1.jpg,2342,khun weaving,4290,2879.129,0.671
natural-dyed-mul-cotton-hand-block-print-bagru-saree-20-2025-1401-1-20_1.jpg,2345,bagru block printing,2690,2271.167,0.844
ikat-handloom-pure-cotton-sambalpuri-saree-11-2025-1235-2-11_1.jpg,2348,sambalpuri ikat weaving,5990,5558.514,0.928
ikat-handloom-pure-cotton-sambalpuri-saree-10-2025-1235-2-10_1.jpg,2348,sambalpuri ikat weaving,5990,5466.416,0.913
ikat-handloom-pure-cotton-sambalpuri-saree-09-2025-1235-2-9_1.jpg,2348,sambalpuri ikat weaving,5990,5339.886,0.891
ikat-handloom-pure-cotton-sambalpuri-saree-07-2025-1235-2-7_1.jpg,2348,sambalpuri ikat weaving,5990,4902.902,0.819
bangalore-silk-paithani-saree-07-2025-1176-1-7_1.jpg,2282,paithani weaving,4890,4214.553,0.862
bangalore-silk-paithani-saree-06-2025-1176-1-6_1.jpg,2282,paithani weaving,4890,4670.94,0.955
modal-silk-hand-block-print-bagru-saree-12-2025-1108-2-12_1.jpg,2350,bagru block printing,6990,4873.224,0.697
modal-silk-hand-block-print-bagru-saree-08-2025-1108-2-8_1.jpg,2350,bagru block printing,7990,4941.614,0.618
modal-silk-hand-block-sanganeri-print-saree-01-2025-1108-2-1_1.jpg,2352,sanganeri block printing,6990,5774.541,0.826
chanderi-silk-hand-block-print-bagru-saree-with-zari-border-13-2025-1108-3-13_1.jpg,2350,bagru block printing,4890,5107.435,1.044
ikat-handloom-cotton-sambalpuri-saree-33-2025-1133-1-33_1.jpg,2348,sambalpuri ikat weaving,10990,4775.696,0.435
ikat-handloom-cotton-sambalpuri-saree-30-2025-1133-1-30_1.jpg,2348,sambalpuri ikat weaving,9690,5733.152,0.592
ikat-handloom-cotton-sambalpuri-saree-21-2025-1133-1-21_1.jpg,2348,sambalpuri ikat weaving,6500,5161.596,0.794
ikat-handloom-cotton-sambalpuri-saree-20-2025-1133-1-20_1.jpg,2348,sambalpuri ikat weaving,6500,4951.511,0.762
ikat-handloom-cotton-sambalpuri-saree-19-2025-1133-1-19_1.jpg,2348,sambalpuri ikat weaving,6890,5325.953,0.773
ikat-handloom-cotton-sambalpuri-saree-15-2025-1133-1-15_1.jpg,2348,sambalpuri ikat weaving,6890,5908.841,0.858
ikat-handloom-cotton-sambalpuri-saree-13-2025-1133-1-13_1.jpg,2348,sambalpuri ikat weaving,6890,5239.551,0.76
ikat-handloom-cotton-sambalpuri-saree-12-2025-1133-1-12_1.jpg,2348,sambalpuri ikat weaving,6890,5131.564,0.745
ikat-handloom-cotton-sambalpuri-saree-07-2025-1133-1-7_1.jpg,2348,sambalpuri ikat weaving,6890,5641.17,0.819
ikat-handloom-cotton-sambalpuri-saree-04-2025-1133-1-4_1.jpg,2348,sambalpuri ikat weaving,6890,5470.908,0.794
chanderi-silk-hand-block-batik-print-saree-14-2025-1084-1-14_1.jpg,2358,batik block printing,5890,3702.488,0.629
chanderi-silk-hand-block-batik-print-saree-11-2025-1084-1-11_1.jpg,2358,batik block printing,5890,3931.699,0.668
chanderi-silk-hand-block-batik-print-saree-06-2025-1084-1-6_1.jpg,2358,batik block printing,5890,3777.047,0.641
chanderi-silk-hand-block-batik-print-saree-03-2025-1084-1-3_1.jpg,2358,batik block printing,5890,3297.386,0.56
chanderi-silk-hand-batik-print-saree-with-zari-border-21-2025-970-2-21_1.jpg,2350,bagru block printing,4890,4380.307,0.896
chanderi-silk-hand-batik-print-saree-with-zari-border-19-2025-970-2-19_1.jpg,2350,bagru block printing,4890,4856.703,0.993
chanderi-silk-hand-batik-print-saree-with-zari-border-18-2025-970-2-18_1.jpg,2350,bagru block printing,4890,4591.963,0.939
chanderi-silk-hand-batik-print-saree-with-zari-border-16-2025-970-2-16_1.jpg,2350,bagru block printing,4890,4420.867,0.904
chanderi-silk-hand-block-print-bagru-saree-with-zari-border-08-2025-970-2-8_1.jpg,2350,bagru block printing,4890,4637.32,0.948
modal-silk-hand-block-print-bagru-saree-33-2025-970-3-33_1.jpg,2350,bagru block printing,7990,5841.543,0.731
modal-silk-hand-block-print-bagru-saree-31-2025-970-3-31_1.jpg,2350,bagru block printing,7990,5104.094,0.639
modal-silk-hand-block-print-bagru-saree-27-2025-970-3-27_1.jpg,2350,bagru block printing,7990,4954.471,0.62
modal-silk-hand-block-print-bagru-saree-22-2025-970-3-22_1.jpg,2350,bagru block printing,7990,5575.939,0.698
modal-silk-hand-block-print-bagru-saree-15-2025-970-3-15_1.jpg,2350,bagru block printing,7990,5521.849,0.691
modal-silk-hand-block-sanganeri-print-saree-02-2025-970-3-2_1.jpg,2359,sanganeri block printing,6990,6291.636,0.9
zari-work-chiniya-silk-banarasi-saree-15-2025-990-1-15_1.jpg,2360,banaras weaving,14990,10724.969,0.715
zari-work-chiniya-silk-banarasi-saree-11-2025-990-1-11_1.jpg,2360,banaras weaving,14990,11651.786,0.777
zari-work-chiniya-silk-banarasi-saree-10-2025-990-1-10_1.jpg,2360,banaras weaving,14990,10742.864,0.717
silk-ilkal-saree-with-temple-border-14-2025-1021-1-14_1.jpg,2364,ilkal weaving,2490,5858.943,2.353
chanderi-silk-hand-batik-print-saree-with-zari-border-15-2025-970-2-15_1.jpg,2350,bagru block printing,4890,4941.398,1.011
zari-work-chiniya-silk-banarasi-saree-09-2025-990-1-9_1.jpg,2360,banaras weaving,14990,11742.078,0.783
zari-work-chiniya-silk-banarasi-saree-08-2025-990-1-8_1.jpg,2360,banaras weaving,14990,10692.571,0.713
ikat-handloom-cotton-sambalpuri-saree-23-2025-931-1-23_1.jpg,2348,sambalpuri ikat weaving,6890,6642.164,0.964
ikat-handloom-cotton-sambalpuri-saree-21-2025-931-1-21_1.jpg,2348,sambalpuri ikat weaving,6890,5985.528,0.869
ikat-handloom-cotton-sambalpuri-saree-16-2025-931-1-16_1.jpg,2348,sambalpuri ikat weaving,6890,6400.114,0.929
ikat-handloom-cotton-sambalpuri-saree-11-2025-931-1-11_1.jpg,2348,sambalpuri ikat weaving,6890,6161.997,0.894
ikat-handloom-cotton-sambalpuri-saree-09-2025-931-1-9_1.jpg,2348,sambalpuri ikat weaving,6890,6577.422,0.955
ikat-handloom-cotton-sambalpuri-saree-07-2025-931-1-7_1.jpg,2348,sambalpuri ikat weaving,6890,5839.842,0.848
ikat-handloom-cotton-sambalpuri-saree-06-2025-931-1-6_1.jpg,2348,sambalpuri ikat weaving,6890,6166.494,0.895
natural-dyed-dola-silk-bagh-print-saree-with-zari-border-25-2025-928-1-25_1.jpg,2365,bagh block printing,6590,7919.682,1.202
mukaish-hand-embroidered-georgette-heavy-beadwork-chikankari-lucknowi-saree-07-2025-947-2-7_1.jpg,2368,lucknowi chikankari,21990,15126.219,0.688
handloom-cotton-zari-border-mangalagiri-saree-30-2025-910-1-30_1.jpg,2370,mangalagiri weaving,5890,4472.953,0.759
handloom-cotton-zari-border-mangalagiri-saree-29-2025-910-1-29_1.jpg,2370,mangalagiri weaving,5890,4507.576,0.765
handloom-cotton-zari-border-mangalagiri-saree-25-2025-910-1-25_1.jpg,2370,mangalagiri weaving,5890,4321.337,0.734
handloom-cotton-zari-border-mangalagiri-saree-24-2025-910-1-24_1.jpg,2370,mangalagiri weaving,5890,4768.787,0.81
handloom-cotton-zari-border-mangalagiri-saree-12-2025-910-1-12_1.jpg,2370,mangalagiri weaving,5890,4953.969,0.841
handloom-cotton-zari-border-mangalagiri-saree-11-2025-910-1-11_1.jpg,2370,mangalagiri weaving,5890,4956.497,0.842
handloom-cotton-zari-border-mangalagiri-saree-10-2025-910-1-10_1.jpg,2370,mangalagiri weaving,5890,4441.95,0.754
mukaish-hand-embroidered-georgette-heavy-beadwork-chikankari-lucknowi-saree-06-2025-947-2-6_1.jpg,2368,lucknowi chikankari,21990,15302.267,0.696
handloom-cotton-zari-border-mangalagiri-saree-19-2025-847-1-19_1.jpg,2370,mangalagiri weaving,5890,5408.127,0.918
handloom-cotton-zari-border-mangalagiri-saree-16-2025-847-1-16_1.jpg,2370,mangalagiri weaving,5890,5566.316,0.945
handloom-cotton-zari-border-mangalagiri-saree-11-2025-847-1-11_1.jpg,2370,mangalagiri weaving,5890,5689.207,0.966
handloom-cotton-zari-border-mangalagiri-saree-10-2025-847-1-10_1.jpg,2370,mangalagiri weaving,5890,5090.639,0.864
handloom-cotton-zari-border-mangalagiri-saree-08-2025-847-1-8_1.jpg,2370,mangalagiri weaving,5890,5104.242,0.867
handloom-cotton-zari-border-mangalagiri-saree-04-2025-847-1-4_1.jpg,2370,mangalagiri weaving,5890,5408.31,0.918
handloom-cotton-zari-border-mangalagiri-saree-03-2025-847-1-3_1.jpg,2370,mangalagiri weaving,5890,5224.879,0.887
srikalahasti-handpainted-natural-dyed-bangalore-silk-zari-border-pen-kalamkari-saree-15-2025-927-1-15_1.jpg,2285,srikalahasti penwork kalamkari,19890,13751.834,0.691
handloom-cotton-thread-border-mangalagiri-saree-16-2025-910-1-16_1.jpg,2370,mangalagiri weaving,5890,4536.911,0.77
mercerized-cotton-ilkal-saree-with-blouse-23-2025-758-2-23_1.jpg,2378,ilkal weaving,3590,2989.2,0.833
chanderi-silk-bagh-print-saree-15-2025-626-1-15_1.jpg,2239,bagh block printing,9290,7686.518,0.827
chanderi-silk-bagh-print-saree-10-2025-626-1-10_1.jpg,2239,bagh block printing,9290,7955.738,0.856
maheshwari-silk-bagh-print-saree-03-2025-626-1-3_1.jpg,2239,bagh block printing,9290,7259.631,0.781
natural-dyed-maheshwari-silk-bagh-print-saree-07-2025-590-1-7_1.jpg,2387,bagh block printing,9290,6146.965,0.662
handloom-cotton-zari-border-mangalagiri-saree-25-2025-492-1-25_1.jpg,2370,mangalagiri weaving,5890,4910.614,0.834
handloom-cotton-zari-border-mangalagiri-saree-23-2025-492-1-23_1.jpg,2370,mangalagiri weaving,5890,4924.062,0.836
handloom-cotton-phulia-jamdani-saree-02-2025-434-1-2_1.jpg,2391,bengal jamdani weaving,4690,4953.72,1.056
handloom-zari-work-chanderi-katan-silk-saree-15-2025-036-2-15_1.jpg,2398,chanderi weaving,18990,12657.828,0.667
kutch-tie-dye-cotton-bandhani-saree-88-2025-276-1-88_1.jpg,2400,bandhani tie dye,2650,3762.332,1.42
georgette-embroidery-phulkari-saree-05-2024-1733-2-5_1.jpg,2401,phulkari,6890,6108.018,0.887
mul-cotton-hand-batik-print-saree-20-2024-1663-1-20_1.jpg,2405,batik block printing,2890,2570.078,0.889
telia-rumal-handloom-cotton-pochampally-double-ikat-saree-18-2024-1606-3-18_1.jpg,2407,pochampally ikat weaving,15490,8244.285,0.532
telia-rumal-handloom-cotton-pochampally-double-ikat-saree-16-2024-1606-3-16_1.jpg,2407,pochampally ikat weaving,15490,8597.712,0.555
telia-rumal-handloom-cotton-pochampally-double-ikat-saree-15-2024-1606-3-15_1.jpg,2407,pochampally ikat weaving,15490,8645.981,0.558
telia-rumal-handloom-cotton-pochampally-double-ikat-saree-14-2024-1606-3-14_1.jpg,2407,pochampally ikat weaving,15490,8186.064,0.528
telia-rumal-handloom-cotton-pochampally-double-ikat-saree-13-2024-1606-3-13_1.jpg,2407,pochampally ikat weaving,15490,8756.941,0.565
telia-rumal-handloom-cotton-pochampally-double-ikat-saree-12-2024-1606-3-12_1.jpg,2407,pochampally ikat weaving,15490,8531.537,0.551
telia-rumal-handloom-cotton-pochampally-double-ikat-saree-11-2024-1606-3-11_1.jpg,2407,pochampally ikat weaving,15490,8551.716,0.552
telia-rumal-handloom-cotton-pochampally-double-ikat-saree-09-2024-1606-3-9_1.jpg,2407,pochampally ikat weaving,15490,8407.948,0.543
telia-rumal-handloom-cotton-pochampally-double-ikat-saree-04-2024-1606-3-4_1.jpg,2407,pochampally ikat weaving,15490,8171.455,0.528
handloom-cotton-zari-border-kanchipuram-saree-17-2024-1289-1-17_1.jpg,2410,kanchipuram weaving,7290,3986.928,0.547
handloom-cotton-thread-border-kanchipuram-saree-18-2024-1289-1-18_1.jpg,2410,kanchipuram weaving,7800,3704.127,0.475
bengal-fine-tissue-zari-saree-15-2024-666-1-15_1.jpg,2411,bengal weaving,2490,4259.956,1.711
bengal-fine-tissue-zari-saree-14-2024-666-1-14_1.jpg,2411,bengal weaving,2490,4320.634,1.735
bengal-fine-tissue-zari-saree-12-2024-666-1-12_1.jpg,2411,bengal weaving,2490,4186.821,1.681
bengal-fine-tissue-zari-saree-11-2024-666-1-11_1.jpg,2411,bengal weaving,2490,4109.61,1.65
bengal-fine-tissue-zari-saree-10-2024-666-1-10_1.jpg,2411,bengal weaving,2490,4454.906,1.789
bengal-fine-tissue-zari-saree-09-2024-666-1-9_1.jpg,2411,bengal weaving,2490,4497.705,1.806
bengal-fine-tissue-zari-saree-08-2024-666-1-8_1.jpg,2411,bengal weaving,2490,4223.07,1.696
bengal-fine-tissue-zari-saree-04-2024-666-1-4_1.jpg,2411,bengal weaving,2490,4261.399,1.711
bengal-fine-tissue-zari-saree-02-2024-666-1-2_1.jpg,2411,bengal weaving,2490,4223.056,1.696
traditional-handloom-chanderi-silk-cotton-saree-14-12024-1091-14_1.jpg,1737,chanderi weaving,4590,7959.974,1.734
2024-828-1-6-durga-pooja-special-traditional-handloom-chanderi-silk-saree-06_1.jpg,2420,chanderi weaving,20490,7205.549,0.352
2024-828-1-5-durga-pooja-special-traditional-handloom-chanderi-silk-saree-05_1.jpg,2420,chanderi weaving,19490,8147.127,0.418
2024-848-1-15-durga-pooja-special-handloom-cotton-phulia-jamdani-saree-15_1.jpg,2423,bengal jamdani weaving,8290,4466.913,0.539
2024-848-1-14-durga-pooja-special-handloom-cotton-phulia-jamdani-saree-14_1.jpg,2423,bengal jamdani weaving,8290,4378.411,0.528
2024-848-1-12-durga-pooja-special-handloom-cotton-phulia-jamdani-saree-12_1.jpg,2423,bengal jamdani weaving,8290,4500.237,0.543
2024-848-1-10-durga-pooja-special-handloom-cotton-phulia-jamdani-saree-10_1.jpg,2423,bengal jamdani weaving,8290,4503.602,0.543
2024-828-1-4-durga-pooja-special-traditional-handloom-chanderi-silk-saree-04_1.jpg,2420,chanderi weaving,19490,7833.807,0.402
2024-848-1-9-durga-pooja-special-handloom-cotton-phulia-jamdani-saree-09_1.jpg,2423,bengal jamdani weaving,8290,4836.177,0.583
2024-360-1-32-dharwad-cotton-saree-with-zari-border-32_1.jpg,2426,dharwad weaving,2850,3757.777,1.319
2024-303-1-63-traditional-kanchipuram-cotton-buti-saree-with-zari-border-63_1.jpg,2427,kanchipuram weaving,2690,3758.57,1.397
2024-150-1-5-pochampally-ikat-weave-handloom-cotton-saree-05_1.jpg,2430,pochampally ikat weaving,6800,12244.457,1.801
2024-049-3-3-pedana-block-print-cotton-kalamkari-saree-03_1.jpg,2435,kalamkari block printing,3290,3388.236,1.03
2024-049-3-1-pedana-block-print-cotton-kalamkari-saree-01_1.jpg,2435,kalamkari block printing,3290,3615.332,1.099
2024-029-1-19-pedana-block-print-cotton-kalamkari-saree-19_1.jpg,2435,kalamkari block printing,3290,3749.141,1.14
2024-029-1-3-pedana-block-print-cotton-kalamkari-saree-03_1.jpg,2435,kalamkari block printing,3290,3891.179,1.183
2023-1134-1-38-pochampally-ikat-weave-handloom-cotton-saree_1.jpg,2430,pochampally ikat weaving,8190,10198.497,1.245
2023-1134-1-11-pochampally-ikat-weave-handloom-cotton-saree_1.jpg,2430,pochampally ikat weaving,6800,10245.818,1.507
2023-1134-1-5-pochampally-ikat-weave-handloom-cotton-saree_1.jpg,2430,pochampally ikat weaving,6800,11467.974,1.686
2023-1163-1-45-pedana-block-print-cotton-kalamkari-saree_1.jpg,2435,kalamkari block printing,3290,3402.867,1.034
2023-1163-1-44-pedana-block-print-cotton-kalamkari-saree_1.jpg,2435,kalamkari block printing,3290,3252.063,0.988
2023-1163-1-39-pedana-block-print-cotton-kalamkari-saree_1.jpg,2443,kalamkari block printing,3290,3005.811,0.914
2023-1163-1-19-original-pedana-kalamkari-block-print-silk-saree_1.jpg,2444,kalamkari block printing,7190,5490.148,0.764
2023-1163-1-15-original-pedana-kalamkari-block-print-silk-saree_1.jpg,2444,kalamkari block printing,7190,5732.121,0.797
2023-1163-1-14-original-pedana-kalamkari-block-print-silk-saree_1.jpg,2444,kalamkari block printing,7190,5963.187,0.829
2023-1163-1-13-original-pedana-kalamkari-block-print-silk-saree_1.jpg,2444,kalamkari block printing,7190,6021.678,0.838
2023-1163-1-3-original-pedana-kalamkari-block-print-silk-saree_1.jpg,2444,kalamkari block printing,7190,5171.2,0.719
2023-1163-1-1-original-pedana-kalamkari-block-print-silk-saree_1.jpg,2444,kalamkari block printing,7190,5727.771,0.797
2023-832-1-10-traditional-maheshwari-silk-handloom-saree-with-zari-border_1.jpg,2279,maheshwari weaving,8990,5816.529,0.647
2023-832-1-5-traditional-maheshwari-silk-handloom-saree-with-zari-border_1.jpg,2279,maheshwari weaving,7990,5642.386,0.706
2023-730-2-7-traditional-chanderi-silk-cotton-handloom-buti-saree_1.jpg,1737,chanderi weaving,4590,7632.857,1.663
2023-730-2-3-traditional-chanderi-silk-cotton-handloom-buti-saree_1.jpg,1737,chanderi weaving,4590,7887.926,1.719
kutch-tie-dye-cotton-bandhani-saree-87-2025-276-1-87_1.jpg,2400,bandhani tie dye,2650,3619.592,1.366
2023-730-2-35-traditional-chanderi-silk-handloom-tissue-zari-saree_1.jpg,1737,chanderi weaving,12500,11333.044,0.907
2023-778-1-58-original-pedana-kalamkari-block-print-silk-saree_1.jpg,2444,kalamkari block printing,7190,5444.112,0.757
2023-778-1-57-original-pedana-kalamkari-block-print-silk-saree_1.jpg,2444,kalamkari block printing,7190,5607.778,0.78
2023-778-1-56-original-pedana-kalamkari-block-print-silk-saree_1.jpg,2444,kalamkari block printing,7190,5839.666,0.812
2023-778-1-55-original-pedana-kalamkari-block-print-silk-saree_1.jpg,2444,kalamkari block printing,7190,6494.658,0.903
2023-778-1-54-original-pedana-kalamkari-block-print-silk-saree_1.jpg,2444,kalamkari block printing,7190,6471.209,0.9
2023-778-1-52-original-pedana-kalamkari-block-print-silk-saree_1.jpg,2444,kalamkari block printing,7190,6327.079,0.88
2023-778-1-51-original-pedana-kalamkari-block-print-silk-saree_1.jpg,2444,kalamkari block printing,7190,5727.838,0.797
2023-778-1-50-original-pedana-kalamkari-block-print-silk-saree_1.jpg,2444,kalamkari block printing,7190,5526.539,0.769
2023-778-1-49-original-pedana-kalamkari-block-print-silk-saree_1.jpg,2444,kalamkari block printing,7190,6158.598,0.857
2023-778-1-48-original-pedana-kalamkari-block-print-silk-saree_1.jpg,2444,kalamkari block printing,7190,5967.174,0.83
2023-778-1-47-original-pedana-kalamkari-block-print-silk-saree_1.jpg,2444,kalamkari block printing,7190,6116.15,0.851
2023-720-1-36-traditional-venkatagiri-handloom-cotton-thread-zari-buti-saree_1.jpg,2259,other,3150,5831.755,1.851
2023-720-1-3-traditional-venkatagiri-handloom-cotton-checks-saree_1.jpg,2259,other,4100,5763.821,1.406
2023-720-1-2-traditional-venkatagiri-handloom-cotton-checks-saree_1.jpg,2259,other,4100,5437.957,1.326
2023-720-1-61-traditional-venkatagiri-handloom-cotton-zari-checks-saree_1.jpg,2259,other,5190,5942.199,1.145
2023-720-1-56-traditional-venkatagiri-handloom-cotton-zari-stripe-saree_1.jpg,2259,other,4590,6576.711,1.433
2023-720-1-51-traditional-venkatagiri-handloom-cotton-zari-checks-saree-with-one-side-zari-border_1.jpg,2259,other,4290,7234.962,1.686
2023-720-1-44-traditional-venkatagiri-handloom-cotton-zari-saree_1.jpg,2259,other,5390,5409.296,1.004
2023-720-1-11-traditional-venkatagiri-handloom-cotton-stripe-saree-with-thread-zari-buti_1.jpg,2259,other,4100,7474.598,1.823
2023-649-1-7-kashidakari-hand-embroidery-chanderi-silk-saree-with-zari-border_1.jpg,2292,kashida embroidery,20590,18764.859,0.911
2023-649-1-5-kashidakari-hand-embroidery-ghicha-tussar-silk-saree_1.jpg,2292,kashida embroidery,32690,16289.17,0.498
2023-649-1-4-kashidakari-hand-embroidery-ghicha-tussar-silk-saree_1.jpg,2292,kashida embroidery,32690,17270.364,0.528
2023-649-1-10-kashidakari-hand-embroidery-kerala-cotton-saree-with-zari-border_1.jpg,2292,kashida embroidery,17990,10936.7,0.608
2023-649-1-6-kashidakari-hand-embroidery-chanderi-silk-saree-with-zari-border_1.jpg,2292,kashida embroidery,17900,20110.159,1.123
2023-649-1-1-kashidakari-hand-embroidery-ghicha-tussar-silk-saree_1.jpg,2292,kashida embroidery,32690,16278.188,0.498
2023-494-1-17-srikakulam-cherry-jamdani-cotton-handspun-handloom-saree_1.jpg,2457,srikakulam jamdani weaving,8490,7890.457,0.929
620375-4-traditional-vidarbha-tussar-silk-handloom-saree-with-woven-border_1.jpg,2461,plain solid,12900,9715.941,0.753
2023-239-1-38-pochampally-ikat-weave-handloom-cotton-saree_1.jpg,2430,pochampally ikat weaving,8990,11163.02,1.242
2023-239-1-27-pochampally-ikat-weave-handloom-cotton-saree_1.jpg,2430,pochampally ikat weaving,6800,10374.634,1.526
2023-239-1-10-pochampally-ikat-weave-handloom-cotton-saree_1.jpg,2430,pochampally ikat weaving,6800,9849.505,1.448
601105-41-pochampally-ikat-weaves-handloom-cotton-saree_1.jpg,2430,pochampally ikat weaving,10990,10762.733,0.979
601105-38-pochampally-ikat-weaves-handloom-cotton-saree_1.jpg,2430,pochampally ikat weaving,11490,10046.137,0.874
601105-34-pochampally-ikat-weaves-handloom-cotton-saree_1.jpg,2430,pochampally ikat weaving,8990,11018.509,1.226
601105-27-pochampally-ikat-weaves-handloom-cotton-saree_1.jpg,2430,pochampally ikat weaving,9990,9436.156,0.945
601105-66-pochampally-double-ikat-weave-handloom-cotton-saree-1_1.jpg,2430,pochampally ikat weaving,9990,12450.027,1.246
2022-1046-1-26-traditional-chanderi-silk-buti-handloom-zari-work-saree_1.jpg,1737,chanderi weaving,6890,7130.616,1.035
2022-1046-1-14-traditional-chanderi-silk-buta-handloom-zari-work-saree_1.jpg,1737,chanderi weaving,11890,7950.689,0.669
2022-1046-1-13-traditional-chanderi-silk-buta-handloom-zari-work-saree_1.jpg,1737,chanderi weaving,11890,8749.073,0.736
566148-21-traditional-vidarbha-tussar-silk-cotton-handloom-saree-with-woven-border_1.jpg,2461,plain solid,6990,10150.739,1.452
566148-9-traditional-vidarbha-tussar-silk-handloom-saree-with-woven-border_1.jpg,2461,plain solid,12900,10417.879,0.808
566148-3-traditional-vidarbha-tussar-silk-handloom-saree-with-woven-border_1.jpg,2461,plain solid,12900,9972.449,0.773
2022-957-2-7-traditional-chanderi-silk-tissue-zari-handloom-saree_1.jpg,1737,chanderi weaving,8990,6500.102,0.723
566760-17-traditional-chanderi-silk-handloom-zari-work-saree-by-rauph-khan_1.jpg,1737,chanderi weaving,11890,5540.75,0.466
566148-1-traditional-vidarbha-tussar-silk-handloom-saree-with-woven-border_1.jpg,2461,plain solid,12900,10368.094,0.804
563727-24-traditional-chanderi-silk-zari-buti-handloom-saree_1.jpg,1737,chanderi weaving,8250,5202.865,0.631
2022-535-1-49-mangalagiri-missing-checks-cotton-handloom-saree-with-pochampally-ikat-blouse-piece_1.jpg,2477,mangalagiri weaving,5290,5656.728,1.069
2022-387-1-30-kutch-bandhani-tie-dye-modal-silk-pichwai-printing-saree_1.jpg,2482,bandhani tie dye,14990,8523.314,0.569
534674-19-kashidakari-hand-embroidered-chanderi-silk-block-printed-saree-with-zari-border_1.jpg,2292,kashida embroidery,17900,16737.457,0.935
512835-21-traditional-venkatagiri-pure-handloom-silk-cotton-zari-weave-saree_1.jpg,2483,other,7750,11720.773,1.512
512842-22-kashidakari-hand-embroidery-pure-chanderi-silk-block-printed-saree-with-zari-border_1.jpg,2292,kashida embroidery,17900,16545.39,0.924
512842-30-kashidakari-hand-embroidery-pure-tussar-silk-saree_1.jpg,2292,kashida embroidery,24590,19488.355,0.793
2022-132-1-20-sanganeri-block-printed-mul-cotton-saree_1.jpg,2484,sanganeri block printing,3890,2845.109,0.731
2022-132-1-9-sanganeri-block-printed-mul-cotton-saree_1.jpg,2484,sanganeri block printing,3890,3077.47,0.791
2022-132-1-7-sanganeri-block-printed-mul-cotton-saree_1.jpg,2484,sanganeri block printing,3890,3365.728,0.865
2022-109-1-75-srikakulam-handloom-jamdani-buti-cotton-saree-with-tassels_1.jpg,2457,srikakulam jamdani weaving,6290,7148.276,1.136
2022-109-1-70-srikakulam-handloom-jamdani-buti-cotton-saree-with-tassels_1.jpg,2457,srikakulam jamdani weaving,5290,6947.274,1.313
2022-109-1-67-srikakulam-handloom-jamdani-buti-cotton-saree-with-tassels_1.jpg,2457,srikakulam jamdani weaving,5900,7016.912,1.189
2022-109-1-63-srikakulam-handloom-jamdani-buti-cotton-saree-with-tassels_1.jpg,2457,srikakulam jamdani weaving,5990,7762.29,1.296
2022-109-1-54-srikakulam-handloom-jamdani-buti-cotton-saree-with-tassels_1.jpg,2457,srikakulam jamdani weaving,6690,7248.373,1.083
2022-109-1-41-srikakulam-handloom-jamdani-buti-cotton-saree-with-tassels_1.jpg,2457,srikakulam jamdani weaving,8290,7821.868,0.944
2022-109-1-30-srikakulam-handloom-jamdani-buti-cotton-saree-with-tassels_1.jpg,2457,srikakulam jamdani weaving,8900,7309.862,0.821
2022-109-1-28-srikakulam-handloom-jamdani-buti-cotton-saree-with-tassels_1.jpg,2457,srikakulam jamdani weaving,8900,7830.439,0.88
2021-233-2-2-special-sanganeri-block-printed-mul-cotton-saree_1.jpg,2484,sanganeri block printing,3890,3860.99,0.993
srikalahasti-handpainted-natural-dyed-bangalore-silk-zari-border-pen-kalamkari-saree-17-2025-927-1-17_1.jpg,2285,srikalahasti penwork kalamkari,16590,14240.049,0.858
kutch-lagdi-patta-border-modal-silk-bandhani-dupatta-07-2026-654-1-7_1.jpg,2507,bandhani tie dye,2990,3608.081,1.207
kutch-lagdi-patta-border-modal-silk-bandhani-dupatta-02-2026-654-1-2_1.jpg,2507,bandhani tie dye,2990,3429.073,1.147
kutch-lagdi-patta-border-modal-silk-bandhani-dupatta-10-2026-654-1-10_1.jpg,2507,bandhani tie dye,2990,3089.999,1.033
kutch-lagdi-patta-border-modal-silk-bandhani-dupatta-06-2026-654-1-6_1.jpg,2507,bandhani tie dye,2990,3915.349,1.309
2023-552-1-17-banarasi-semi-silk-zari-jaal-dupatta-with-tassels_1.jpg,2512,banaras weaving,3690,4124.673,1.118
2023-552-1-39-banarasi-semi-silk-zari-jaal-dupatta-with-tassels_1.jpg,2512,banaras weaving,3690,4011.192,1.087
2023-552-1-50-banarasi-semi-silk-zari-jaal-dupatta-with-tassels_1.jpg,2512,banaras weaving,3690,4252.879,1.153
2023-552-1-64-banarasi-semi-silk-zari-jaal-dupatta-with-tassels_1.jpg,2512,banaras weaving,3690,3706.157,1.004
kutch-lagdi-patta-border-modal-silk-bandhani-dupatta-05-2026-654-1-5_1.jpg,2507,bandhani tie dye,2990,3247.518,1.086
kutch-lagdi-patta-border-modal-silk-bandhani-dupatta-12-2026-654-1-12_1.jpg,2507,bandhani tie dye,2990,3581.261,1.198
kutch-lagdi-patta-border-modal-silk-bandhani-dupatta-04-2026-654-1-4_1.jpg,2507,bandhani tie dye,2990,3649.369,1.221
kutch-lagdi-patta-border-modal-silk-bandhani-dupatta-03-2026-654-1-3_1.jpg,2507,bandhani tie dye,2990,3814.74,1.276
mata-ni-pachedi-handpainted-natural-dyed-chanderi-silk-handloom-dupatta-19-2026-396-1-19_1.jpg,2518,other,8900,8934.052,1.004
mata-ni-pachedi-handpainted-natural-dyed-chanderi-silk-handloom-dupatta-23-2026-396-1-23_1.jpg,2518,other,8900,9737.925,1.094
kota-doria-cotton-tie-dye-leheriya-dupatta-with-tassels-02-2026-096-2-2_1.jpg,2523,lehariya tie dye,2190,1658.641,0.757
2024-692-1-7-traditional-tie-dye-tussar-silk-leheriya-dupatta-07_1.jpg,2524,lehariya tie dye,5490,6671.106,1.215
2022-883-1-8-leheriya-tie-dye-tussar-silk-handloom-dupatta-with-tassels_1.jpg,2524,lehariya tie dye,5490,6822.226,1.243
2023-673-1-39-traditional-maheshwari-silk-cotton-handloom-zari-border-dupatta_1.jpg,2527,maheshwari weaving,2450,3225.204,1.316
2024-692-1-8-traditional-tie-dye-tussar-silk-leheriya-dupatta-08_1.jpg,2524,lehariya tie dye,5490,7229.007,1.317
2022-883-1-6-leheriya-tie-dye-tussar-silk-handloom-dupatta-with-tassels_1.jpg,2524,lehariya tie dye,5490,7014.37,1.278
2022-1111-1-5-bengal-kantha-embroidery-tussar-silk-handloom-dupatta_1.jpg,2533,bengal kantha work,6290,8490.547,1.35
2023-400-2-38-bengal-handloom-linen-zari-buta-dupatta-with-tassels_1.jpg,2535,bengal weaving,2950,5899.729,2.0
500146-74-jaipur-floral-printed-chiffon-dupatta_1.jpg,2540,jaipur printing,1190,1354.897,1.139
2023-1347-2-6-shibori-tie-dye-cotton-dupatta-with-tassels_1.jpg,2545,shibori tie dye,1150,1399.782,1.217
2023-040-1-31-traditional-maheshwari-silk-cotton-handloom-zari-border-dupatta_1.jpg,2527,maheshwari weaving,2450,2965.311,1.21
kutch-weaving-handloom-fine-cotton-bhujodi-dupatta-60-773594-61_1.jpg,2555,bhujodi weaving,3400,4843.379,1.425
kutch-bhujodi-handwoven-mirror-work-organic-kala-cotton-dupatta-05-2025-1751-1-5_1.jpg,2556,bhujodi weaving,5190,4227.355,0.815
2021-1291-1-15-original-gond-handpainted-handloom-maheshwari-silk-zari-work-dupatta-with-tassels_1.jpg,2567,gond folk art,4490,10509.432,2.341
original-gond-handpainted-handloom-chanderi-silk-dupatta-01-2025-1802-1-1_1.jpg,2568,gond folk art,4190,7954.365,1.898
original-gond-handpainted-handloom-chanderi-silk-dupatta-09-2025-1802-1-9_1.jpg,2568,gond folk art,5590,8949.316,1.601
original-gond-handpainted-handloom-chanderi-silk-dupatta-03-2025-1802-1-3_1.jpg,2568,gond folk art,4190,8332.886,1.989
mata-ni-pachedi-handpainted-natural-dyed-chanderi-silk-handloom-dupatta-29-2026-396-1-29_1.jpg,2518,other,8900,9126.036,1.025
509033-55-kashidakari-hand-embroidery-kota-silk-handloom-dupatta-with-zari-border_1.jpg,2292,kashida embroidery,3450,8250.606,2.391
kota-doria-cotton-barmer-applique-work-dupatta-with-zari-border-05-2026-312-1-5_1.jpg,2572,barmer applique,1950,3685.967,1.89
474684-30-traditional-leheriya-tie-dye-pure-tussar-silk-handloom-dupatta_1.jpg,2524,lehariya tie dye,5490,6452.834,1.175
kutch-lagdi-patta-border-modal-silk-bandhani-dupatta-11-2026-654-1-11_1.jpg,2507,bandhani tie dye,2990,3783.563,1.265
kutch-lagdi-patta-border-modal-silk-bandhani-dupatta-08-2026-654-1-8_1.jpg,2507,bandhani tie dye,2990,3218.339,1.076
