image_file,family,primary_artform,price,pred,ratio
2022-926-1-16-ghodi-sawar-rajasthani-handmade-hanging-kathputli_1.jpg,6,wood carving,650,717.958,1.105
2022-926-1-43-ghodi-sawar-rajasthani-handmade-hanging-kathputli_1.jpg,6,wood carving,650,717.958,1.105
2021-023-1-289-ganesha-tholu-bommalata-leather-puppet-wall-hanging_1.jpg,10,leather puppetry,350,2454.039,7.012
2021-721-1-22-shubh-labh-hand-embroidered-ghungroo-beadwork-hanging_1.jpg,12,bead work,650,528.778,0.814
2021-1094-1-16-geometric-hand-woven-wool-wall-hanging_1.jpg,13,handloom,1150,1870.61,1.627
ganesha-handpainted-wooden-decorative-bell-hanging-22-2025-211-1-22_1.jpg,16,wood carving,350,694.38,1.984
2021-1094-1-46-geometric-hand-woven-wool-wall-hanging_1.jpg,13,handloom,1290,1870.61,1.45
christmas-decor-bamboo-classic-tree-hanging-set-of-6-assorted-colors-2025-1076-1-25_1.jpg,24,handmade,290,618.958,2.134
2021-1094-1-36-geometric-hand-woven-wool-wall-hanging_1.jpg,13,handloom,1150,1870.61,1.627
2021-721-1-18-shubh-labh-hand-embroidered-ghungroo-beadwork-hanging_1.jpg,12,bead work,790,528.778,0.669
2021-721-1-23-shubh-labh-hand-embroidered-ghungroo-beadwork-hanging_1.jpg,12,bead work,790,528.778,0.669
2021-1094-1-42-geometric-hand-woven-wool-wall-hanging_1.jpg,13,handloom,1290,1870.61,1.45
2021-023-1-320-fish-tholu-bommalata-leather-puppet-wall-hanging_1.jpg,10,leather puppetry,150,2021.775,13.478
455670-7-hand-felted-pure-wool-namda-joker-wall-hanging_1.jpg,29,plain solid,950,2757.02,2.902
elephant-handpainted-wooden-decorative-bell-hanging-16-2025-211-1-16_1.jpg,16,wood carving,350,588.973,1.683
2021-023-1-351-butterfly-tholu-bommalata-leather-puppet-wall-hanging_1.jpg,10,leather puppetry,250,2174.458,8.698
2021-842-1-15-hand-felted-pure-wool-namda-joker-wall-hanging-27-in-x-11-in_1.jpg,29,plain solid,950,2910.834,3.064
2021-1094-1-38-geometric-hand-woven-wool-wall-hanging_1.jpg,13,handloom,890,1870.61,2.102
om-handpainted-wooden-decorative-bell-hanging-08-2025-211-1-8_1.jpg,16,wood carving,490,547.707,1.118
gota-beadwork-decorative-bell-hanging-10-2025-211-1-10_1.jpg,33,bead work,490,439.804,0.898
star-felt-ornament-handmade-christmas-decor-67-2024-1186-1-67_1.jpg,35,plain solid,350,293.964,0.84
christmas-decor-banana-bark-bell-hanging-set-of-2-2025-1076-1-7_1.jpg,37,handmade,590,473.132,0.802
2021-023-1-353-butterfly-tholu-bommalata-leather-puppet-wall-hanging_1.jpg,10,leather puppetry,250,2174.458,8.698
tribal-hand-embroidered-car-hanging-16-2026-734-1-16_1.jpg,40,tribal hand embroidery,690,1198.994,1.738
2021-1094-1-37-geometric-hand-woven-wool-wall-hanging_1.jpg,13,handloom,890,1870.61,2.102
2022-926-1-25-ghodi-sawar-rajasthani-handmade-hanging-kathputli_1.jpg,6,wood carving,650,717.958,1.105
2021-023-1-30-ganesha-tholu-bommalata-leather-puppet-wall-hanging_1.jpg,10,leather puppetry,690,2415.912,3.501
2021-1094-1-47-geometric-hand-woven-wool-wall-hanging_1.jpg,13,handloom,1290,1870.61,1.45
2021-842-1-18-hand-felted-pure-wool-namda-joker-wall-hanging-27-in-x-11-in_1.jpg,29,plain solid,950,2742.251,2.887
2021-023-1-112-bird-tholu-bommalata-leather-puppet-wall-hanging_1.jpg,10,leather puppetry,690,2065.266,2.993
564547-68-rajasthani-couple-handmade-hanging-kathputli_1.jpg,6,wood carving,250,804.373,3.217
wreath-felt-ornament-handmade-christmas-decor-53-2024-1186-1-53_1.jpg,35,plain solid,350,299.315,0.855
handmade-christmas-ornament-candy-cane-hanging-20-2025-1149-1-20_1.jpg,52,handmade,290,324.05,1.117
2021-1094-1-30-geometric-hand-woven-wool-wall-hanging_1.jpg,13,handloom,1150,1870.61,1.627
2021-1094-1-39-geometric-hand-woven-wool-wall-hanging_1.jpg,13,handloom,890,1870.61,2.102
2021-1094-1-48-geometric-hand-woven-wool-wall-hanging_1.jpg,13,handloom,1290,1870.61,1.45
2021-1094-1-4-geometric-hand-woven-wool-wall-hanging_1.jpg,13,handloom,1290,1870.61,1.45
gota-beadwork-decorative-bell-hanging-11-2025-211-1-11_1.jpg,33,bead work,490,442.154,0.902
elephant-decorative-bead-work-handpainted-hanging-10-2025-761-1-10_1.jpg,16,handmade,390,576.287,1.478
2021-023-1-151-butterfly-tholu-bommalata-leather-puppet-wall-hanging_1.jpg,10,leather puppetry,690,2174.458,3.151
2022-926-1-24-ghodi-sawar-rajasthani-handmade-hanging-kathputli_1.jpg,6,wood carving,650,717.958,1.105
tribal-hand-embroidered-car-hanging-11-2026-734-1-11_1.jpg,40,tribal hand embroidery,690,1200.578,1.74
2022-926-1-34-ghodi-sawar-rajasthani-handmade-hanging-kathputli_1.jpg,6,wood carving,650,717.958,1.105
om-handpainted-wooden-decorative-bell-hanging-03-2025-211-1-3_1.jpg,16,wood carving,490,542.361,1.107
2021-023-1-509-horse-tholu-bommalata-leather-puppet-wall-hanging_1.jpg,10,leather puppetry,1590,2139.264,1.345
2021-1094-1-29-geometric-hand-woven-wool-wall-hanging_1.jpg,13,handloom,1150,1870.61,1.627
om-handpainted-wooden-decorative-bell-hanging-07-2025-211-1-7_1.jpg,16,wood carving,490,544.366,1.111
2022-926-1-38-ghodi-sawar-rajasthani-handmade-hanging-kathputli_1.jpg,6,wood carving,650,717.958,1.105
christmas-decor-banana-bark-bell-hanging-set-of-2-2025-1076-1-29_1.jpg,37,handmade,490,473.132,0.966
christmas-decor-banana-bark-holly-bell-hanging-2025-1076-1-30_1.jpg,61,handmade,390,363.888,0.933
2022-926-1-18-ghodi-sawar-rajasthani-handmade-hanging-kathputli_1.jpg,6,wood carving,650,717.958,1.105
2021-023-1-498-deer-tholu-bommalata-leather-puppet-wall-hanging_1.jpg,10,leather puppetry,1590,2120.335,1.334
564765-1-elephant-banaras-handpainted-wooden-hanging_1.jpg,64,banaras handpainted,450,614.618,1.366
2021-1094-1-19-geometric-hand-woven-wool-wall-hanging_1.jpg,13,handloom,1150,1870.61,1.627
ganesha-handpainted-wooden-decorative-bell-hanging-21-2025-211-1-21_1.jpg,16,wood carving,350,656.072,1.874
2021-1094-1-43-geometric-hand-woven-wool-wall-hanging_1.jpg,13,handloom,1290,1870.61,1.45
2021-1094-1-17-geometric-hand-woven-wool-wall-hanging_1.jpg,13,handloom,1150,1870.61,1.627
564547-66-rajasthani-couple-handmade-hanging-kathputli_1.jpg,6,wood carving,250,804.373,3.217
2021-721-1-24-shubh-labh-hand-embroidered-ghungroo-beadwork-hanging_1.jpg,12,bead work,790,528.778,0.669
2021-1094-1-35-geometric-hand-woven-wool-wall-hanging_1.jpg,13,handloom,1150,1870.61,1.627
2021-023-1-272-ganesha-tholu-bommalata-leather-puppet-wall-hanging_1.jpg,10,leather puppetry,350,2454.039,7.012
2021-1094-1-14-geometric-hand-woven-wool-wall-hanging_1.jpg,13,handloom,1150,1870.61,1.627
christmas-decor-banana-bark-bell-hanging-set-of-2-2025-1076-1-8_1.jpg,37,handmade,490,473.132,0.966
2021-721-1-17-shubh-labh-hand-embroidered-ghungroo-beadwork-hanging_1.jpg,12,bead work,790,528.778,0.669
ganesha-handpainted-wooden-decorative-bell-hanging-27-2025-211-1-27_1.jpg,16,wood carving,350,661.466,1.89
2021-1094-1-23-geometric-hand-woven-wool-wall-hanging_1.jpg,13,handloom,1150,1870.61,1.627
2021-1094-1-15-geometric-hand-woven-wool-wall-hanging_1.jpg,13,handloom,1150,1870.61,1.627
2021-023-1-348-butterfly-tholu-bommalata-leather-puppet-wall-hanging_1.jpg,10,leather puppetry,250,2174.458,8.698
2022-926-1-32-ghodi-sawar-rajasthani-handmade-hanging-kathputli_1.jpg,6,wood carving,650,717.958,1.105
2021-1094-1-34-geometric-hand-woven-wool-wall-hanging_1.jpg,13,handloom,1150,1870.61,1.627
2022-926-1-39-ghodi-sawar-rajasthani-handmade-hanging-kathputli_1.jpg,6,wood carving,650,717.958,1.105
2022-926-1-36-ghodi-sawar-rajasthani-handmade-hanging-kathputli_1.jpg,6,wood carving,650,717.958,1.105
2021-1094-1-28-geometric-hand-woven-wool-wall-hanging_1.jpg,13,handloom,1150,1870.61,1.627
2021-842-1-14-hand-felted-pure-wool-namda-joker-wall-hanging-27-inch-11-inch_1.jpg,29,plain solid,950,2742.251,2.887
2021-1094-1-25-geometric-hand-woven-wool-wall-hanging_1.jpg,13,handloom,1150,1870.61,1.627
wreath-felt-ornament-handmade-christmas-decor-54-2024-1186-1-54_1.jpg,35,plain solid,350,304.52,0.87
2021-397-1-1-handmade-multipurpose-date-palm-leaves-hanging_1.jpg,78,other,550,757.678,1.378
564547-65-rajasthani-couple-handmade-hanging-kathputli_1.jpg,6,wood carving,250,804.373,3.217
2021-1094-1-26-geometric-hand-woven-wool-wall-hanging_1.jpg,13,handloom,1150,1870.61,1.627
christmas-decor-bamboo-star-hanging-set-of-6-assorted-colors-2025-1076-1-22_1.jpg,81,handmade,1390,313.837,0.226
santa-felt-ornament-handmade-christmas-decor-01-2024-1186-1-1_1.jpg,35,other,380,382.383,1.006
446970-32-christmas-ball-handmade-papier-mache-christmas-ornament_1.jpg,82,bengal papier mache craft,490,683.763,1.395
2021-1094-1-13-geometric-hand-woven-wool-wall-hanging_1.jpg,13,handloom,1150,1870.61,1.627
2021-1094-1-6-geometric-hand-woven-wool-wall-hanging_1.jpg,13,handloom,890,1870.61,2.102
446970-25-heart-handmade-papier-mache-christmas-ornament_1.jpg,82,bengal papier mache craft,490,647.783,1.322
2021-1094-1-2-geometric-hand-woven-wool-wall-hanging_1.jpg,13,handloom,1290,1870.61,1.45
2021-1094-1-21-geometric-hand-woven-wool-wall-hanging_1.jpg,13,handloom,1150,1870.61,1.627
2022-926-1-17-ghodi-sawar-rajasthani-handmade-hanging-kathputli_1.jpg,6,wood carving,650,717.958,1.105
2022-926-1-19-ghodi-sawar-rajasthani-handmade-hanging-kathputli_1.jpg,6,wood carving,650,717.958,1.105
wreath-felt-ornament-handmade-christmas-decor-58-2024-1186-1-58_1.jpg,35,plain solid,350,299.315,0.855
2021-023-1-2-tiger-tholu-bommalata-leather-puppet-wall-hanging_1.jpg,10,leather puppetry,790,2098.512,2.656
455670-8-hand-felted-pure-wool-namda-joker-wall-hanging_1.jpg,29,plain solid,950,2757.02,2.902
tribal-hand-embroidered-car-hanging-15-2026-734-1-15_1.jpg,40,tribal hand embroidery,690,1202.446,1.743
2021-023-1-23-kathakali-tholu-bommalata-leather-puppet-wall-hanging_1.jpg,10,leather puppetry,690,2174.458,3.151
star-felt-ornament-handmade-christmas-decor-61-2024-1186-1-61_1.jpg,35,plain solid,350,293.964,0.84
564547-67-rajasthani-couple-handmade-hanging-kathputli_1.jpg,6,wood carving,250,804.373,3.217
2021-1094-1-18-geometric-hand-woven-wool-wall-hanging_1.jpg,13,handloom,1150,1870.61,1.627
star-felt-ornament-handmade-christmas-decor-27-2024-1186-1-27_1.jpg,35,plain solid,350,295.501,0.844
star-felt-ornament-handmade-christmas-decor-66-2024-1186-1-66_1.jpg,35,plain solid,350,293.964,0.84
handmade-christmas-ornament-wreath-hanging-18-2025-1149-1-18_1.jpg,52,handmade,290,317.508,1.095
2021-1094-1-1-geometric-hand-woven-wool-wall-hanging_1.jpg,13,handloom,890,1870.61,2.102
446970-12-christmas-ball-handmade-papier-mache-christmas-ornament_1.jpg,82,bengal papier mache craft,490,683.763,1.395
564547-69-rajasthani-couple-handmade-hanging-kathputli_1.jpg,6,wood carving,250,804.373,3.217
564765-2-elephant-banaras-handpainted-wooden-hanging_1.jpg,64,banaras handpainted,450,614.618,1.366
2022-926-1-41-ghodi-sawar-rajasthani-handmade-hanging-kathputli_1.jpg,6,wood carving,650,717.958,1.105
2021-023-1-3-tortoise-tholu-bommalata-leather-puppet-wall-hanging_1.jpg,10,leather puppetry,790,2155.218,2.728
2021-023-1-1-rabbit-tholu-bommalata-leather-puppet-wall-hanging_1.jpg,10,leather puppetry,790,2117.246,2.68
564765-63-elephant-banaras-handpainted-wooden-hanging_1.jpg,64,banaras handpainted,450,614.618,1.366
2022-926-1-22-ghodi-sawar-rajasthani-handmade-hanging-kathputli_1.jpg,6,wood carving,650,717.958,1.105
tribal-hand-embroidered-car-hanging-17-2026-734-1-17_1.jpg,40,tribal hand embroidery,690,1196.989,1.735
2022-926-1-23-ghodi-sawar-rajasthani-handmade-hanging-kathputli_1.jpg,6,wood carving,650,717.958,1.105
2022-926-1-29-ghodi-sawar-rajasthani-handmade-hanging-kathputli_1.jpg,6,wood carving,650,717.958,1.105
2021-1094-1-41-geometric-hand-woven-wool-wall-hanging_1.jpg,13,handloom,1290,1870.61,1.45
2021-1094-1-31-geometric-hand-woven-wool-wall-hanging_1.jpg,13,handloom,1150,1870.61,1.627
2021-1094-1-45-geometric-hand-woven-wool-wall-hanging_1.jpg,13,handloom,1290,1870.61,1.45
bell-felt-ornament-handmade-christmas-decor-29-2024-1186-1-29_1.jpg,35,plain solid,350,296.666,0.848
2021-1094-1-24-geometric-hand-woven-wool-wall-hanging_1.jpg,13,handloom,1150,1870.61,1.627
2021-023-1-491-rakshasa-tholu-bommalata-leather-puppet-wall-hanging_1.jpg,10,leather puppetry,1590,2197.071,1.382
2021-1094-1-5-geometric-hand-woven-wool-wall-hanging_1.jpg,13,handloom,890,1870.61,2.102
2022-926-1-37-ghodi-sawar-rajasthani-handmade-hanging-kathputli_1.jpg,6,wood carving,650,717.958,1.105
snowman-felt-ornament-handmade-christmas-decor-03-2024-1186-1-3_1.jpg,35,other,380,386.978,1.018
tribal-hand-embroidered-car-hanging-14-2026-734-1-14_1.jpg,40,tribal hand embroidery,690,1201.407,1.741
handmade-christmas-ornament-joker-hanging-17-2025-1149-1-17_1.jpg,52,handmade,290,314.966,1.086
2021-1094-1-50-geometric-hand-woven-wool-wall-hanging_1.jpg,13,handloom,790,1870.61,2.368
2021-023-1-382-ganesha-tholu-bommalata-leather-puppet-wall-hanging_1.jpg,10,leather puppetry,350,2462.035,7.034
2021-023-1-4-camel-tholu-bommalata-leather-puppet-wall-hanging_1.jpg,10,leather puppetry,790,2098.512,2.656
om-handpainted-wooden-decorative-bell-hanging-01-2025-211-1-1_1.jpg,16,wood carving,490,548.071,1.119
2021-1094-1-3-geometric-hand-woven-wool-wall-hanging_1.jpg,13,handloom,1290,1870.61,1.45
wreath-felt-ornament-handmade-christmas-decor-57-2024-1186-1-57_1.jpg,35,plain solid,350,299.315,0.855
2021-1094-1-49-geometric-hand-woven-wool-wall-hanging_1.jpg,13,handloom,790,1870.61,2.368
2022-926-1-42-ghodi-sawar-rajasthani-handmade-hanging-kathputli_1.jpg,6,wood carving,650,717.958,1.105
2021-1094-1-9-geometric-hand-woven-wool-wall-hanging_1.jpg,13,handloom,1290,1870.61,1.45
elephant-decorative-bead-work-handpainted-hanging-05-2025-761-1-5_1.jpg,16,handmade,390,560.205,1.436
wreath-felt-ornament-handmade-christmas-decor-52-2024-1186-1-52_1.jpg,35,plain solid,350,304.651,0.87
tribal-hand-embroidered-car-hanging-12-2026-734-1-12_1.jpg,40,tribal hand embroidery,690,1219.108,1.767
2021-1094-1-44-geometric-hand-woven-wool-wall-hanging_1.jpg,13,handloom,1290,1870.61,1.45
2022-926-1-30-ghodi-sawar-rajasthani-handmade-hanging-kathputli_1.jpg,6,wood carving,650,717.958,1.105
446970-36-star-set-of-3-handmade-papier-mache-christmas-ornament_1.jpg,82,bengal papier mache craft,490,758.755,1.548
446970-24-heart-handmade-papier-mache-christmas-ornament_1.jpg,82,bengal papier mache craft,490,647.783,1.322
2021-023-1-349-butterfly-tholu-bommalata-leather-puppet-wall-hanging_1.jpg,10,leather puppetry,250,2174.458,8.698
2021-1094-1-22-geometric-hand-woven-wool-wall-hanging_1.jpg,13,handloom,1150,1870.61,1.627
2021-1094-1-27-geometric-hand-woven-wool-wall-hanging_1.jpg,13,handloom,1150,1870.61,1.627
2021-1094-1-33-geometric-hand-woven-wool-wall-hanging_1.jpg,13,handloom,1150,1870.61,1.627
2021-1094-1-20-geometric-hand-woven-wool-wall-hanging_1.jpg,13,handloom,1150,1870.61,1.627
2021-1094-1-12-geometric-hand-woven-wool-wall-hanging_1.jpg,13,handloom,890,1870.61,2.102
2021-023-1-536-camel-tholu-bommalata-leather-puppet-wall-hanging_1.jpg,10,leather puppetry,1590,2139.264,1.345
2021-023-1-5-horse-tholu-bommalata-leather-puppet-wall-hanging_1.jpg,10,leather puppetry,790,2098.512,2.656
christmas-decor-rustic-banana-bell-wreath-hanging-2025-1076-1-9_1.jpg,96,handmade,490,569.886,1.163
2021-023-1-537-camel-tholu-bommalata-leather-puppet-wall-hanging_1.jpg,10,leather puppetry,1590,2139.264,1.345
2021-1094-1-7-geometric-hand-woven-wool-wall-hanging_1.jpg,13,handloom,890,1870.61,2.102
bell-felt-ornament-handmade-christmas-decor-30-2024-1186-1-30_1.jpg,35,plain solid,350,312.641,0.893
christmas-decor-banana-bark-holly-bell-hanging-2025-1076-1-31_1.jpg,61,handmade,390,363.888,0.933
2021-023-1-499-deer-tholu-bommalata-leather-puppet-wall-hanging_1.jpg,10,leather puppetry,1590,2120.335,1.334
om-handpainted-wooden-decorative-bell-hanging-04-2025-211-1-4_1.jpg,16,wood carving,490,547.888,1.118
2022-926-1-40-ghodi-sawar-rajasthani-handmade-hanging-kathputli_1.jpg,6,wood carving,650,717.958,1.105
2021-842-1-17-hand-felted-pure-wool-namda-joker-wall-hanging-27-in-x-11-in_1.jpg,29,plain solid,950,2742.251,2.887
handcrafted-patang-bamboo-hanging-for-decor-set-of-3-32-2025-982-1-32_1.jpg,98,handmade,750,1404.791,1.873
tribal-hand-embroidered-car-hanging-13-2026-734-1-13_1.jpg,40,tribal hand embroidery,690,1174.104,1.702
om-handpainted-wooden-decorative-bell-hanging-06-2025-211-1-6_1.jpg,16,wood carving,490,545.757,1.114
2021-023-1-359-butterfly-tholu-bommalata-leather-puppet-wall-hanging_1.jpg,10,leather puppetry,250,2174.458,8.698
2022-926-1-35-ghodi-sawar-rajasthani-handmade-hanging-kathputli_1.jpg,6,wood carving,650,717.958,1.105
2021-023-1-10-kathakali-tholu-bommalata-leather-puppet-wall-hanging_1.jpg,10,leather puppetry,690,2174.458,3.151
handmade-christmas-ornament-tree-hanging-19-2025-1149-1-19_1.jpg,52,handmade,290,321.515,1.109
2021-1094-1-32-geometric-hand-woven-wool-wall-hanging_1.jpg,13,handloom,1150,1870.61,1.627
star-felt-ornament-handmade-christmas-decor-64-2024-1186-1-64_1.jpg,35,plain solid,350,293.964,0.84
534201-14-bird-tilonia-handmade-stuffed-hanging-3-18-feet_1.jpg,100,bead work,390,569.009,1.459
2022-926-1-33-ghodi-sawar-rajasthani-handmade-hanging-kathputli_1.jpg,6,wood carving,650,717.958,1.105
2021-023-1-497-deer-tholu-bommalata-leather-puppet-wall-hanging_1.jpg,10,leather puppetry,1590,2120.335,1.334
wreath-felt-ornament-handmade-christmas-decor-56-2024-1186-1-56_1.jpg,35,plain solid,350,303.28,0.867
2022-926-1-27-ghodi-sawar-rajasthani-handmade-hanging-kathputli_1.jpg,6,wood carving,650,717.958,1.105
2021-1094-1-11-geometric-hand-woven-wool-wall-hanging_1.jpg,13,handloom,1290,1870.61,1.45
2021-1094-1-40-geometric-hand-woven-wool-wall-hanging_1.jpg,13,handloom,1290,1870.61,1.45
2022-926-1-31-ghodi-sawar-rajasthani-handmade-hanging-kathputli_1.jpg,6,wood carving,650,717.958,1.105
2021-721-1-25-shubh-labh-hand-embroidered-ghungroo-beadwork-hanging_1.jpg,12,bead work,790,528.778,0.669
2022-926-1-45-ghodi-sawar-rajasthani-handmade-hanging-kathputli_1.jpg,6,wood carving,650,717.958,1.105
2022-824-1-1-tholu-bommalata-leather-puppet-wall-hanging-55-x-3-in_1.jpg,10,leather puppetry,690,2498.897,3.622
handmade-christmas-ornament-santa-hanging-21-2025-1149-1-21_1.jpg,52,handmade,290,312.31,1.077
star-felt-ornament-handmade-christmas-decor-22-2024-1186-1-22_1.jpg,35,plain solid,350,304.584,0.87
handmade-christmas-ornament-star-hanging-24-2025-1149-1-24_1.jpg,52,handmade,290,310.049,1.069
2021-842-1-16-hand-felted-pure-wool-namda-joker-wall-hanging-27-in-x-11-in_1.jpg,29,plain solid,950,2742.251,2.887
534201-15-bird-tilonia-handmade-stuffed-hanging-3-18-feet_1.jpg,100,bead work,390,569.009,1.459
reindeer-felt-ornament-handmade-christmas-decor-38-2024-1186-1-38_1.jpg,35,plain solid,450,306.738,0.682
ganesha-handpainted-wooden-decorative-bell-hanging-25-2025-211-1-25_1.jpg,16,wood carving,350,693.296,1.981
wreath-felt-ornament-handmade-christmas-decor-55-2024-1186-1-55_1.jpg,35,plain solid,350,303.012,0.866
2021-1094-1-8-geometric-hand-woven-wool-wall-hanging_1.jpg,13,handloom,890,1870.61,2.102
2022-926-1-21-ghodi-sawar-rajasthani-handmade-hanging-kathputli_1.jpg,6,wood carving,650,717.958,1.105
handmade-toran-for-door-decoration-06-2024-1316-1-6_1.jpg,112,patchwork,1050,647.456,0.617
handmade-fabric-toran-for-home-decor-36-2025-785-1-36_1.jpg,113,fabart,950,836.563,0.881
handmade-toran-for-door-decoration-03-2024-992-1-3_1.jpg,112,patchwork,1050,625.614,0.596
decorative-handmade-fabric-toran-28-2025-890-1-28_1.jpg,116,fabart,950,874.031,0.92
handmade-toran-for-door-decoration-32-2024-992-1-32_1.jpg,112,patchwork,1050,632.081,0.602
handmade-shell-work-fabric-toran-for-home-decor-11-2025-228-1-11_1.jpg,118,patchwork,1050,1052.563,1.002
handmade-fabric-toran-for-home-decor-113-2025-785-1-113_1.jpg,113,fabart,950,840.816,0.885
handmade-shell-work-fabric-toran-for-home-decor-48-2025-228-1-48_1.jpg,118,patchwork,1050,1057.136,1.007
handmade-toran-for-door-decoration-88-2024-1316-1-88_1.jpg,112,patchwork,1050,650.964,0.62
handmade-bead-work-kutch-embroidery-toran-51-2024-926-1-51_1.jpg,119,kutch embroidery,650,867.351,1.334
handmade-shell-work-fabric-toran-for-home-decor-25-2025-228-1-25_1.jpg,118,patchwork,1050,1083.971,1.032
decorative-handmade-fabric-toran-39-2025-859-1-39_1.jpg,116,fabart,950,905.089,0.953
handmade-fabric-toran-for-home-decor-107-2025-785-1-107_1.jpg,113,fabart,950,840.816,0.885
decorative-handmade-fabric-toran-36-2025-859-1-36_1.jpg,116,fabart,950,921.715,0.97
handmade-toran-for-door-decoration-17-2024-1316-1-17_1.jpg,112,patchwork,1050,656.569,0.625
handmade-fabric-toran-for-home-decor-110-2025-785-1-110_1.jpg,113,fabart,950,840.816,0.885
handmade-toran-for-door-decoration-16-2024-1316-1-16_1.jpg,112,patchwork,1050,657.878,0.627
handmade-fabric-toran-for-home-decor-67-2025-785-1-67_1.jpg,113,fabart,950,833.377,0.877
banaras-handpainted-wooden-terracotta-toran-05-2025-751-1-5_1.jpg,122,banaras handpainted,1200,784.297,0.654
decorative-handmade-fabric-toran-48-2025-859-1-48_1.jpg,116,fabart,950,928.593,0.977
handmade-toran-for-door-decoration-36-2024-1316-1-36_1.jpg,112,patchwork,1050,657.424,0.626
handmade-fabric-toran-for-home-decor-12-2025-785-1-12_1.jpg,113,fabart,950,853.986,0.899
handmade-fabric-beads-tassels-toran-07-2024-1524-1-7_1.jpg,123,bead work,590,709.097,1.202
handmade-shell-work-fabric-toran-for-home-decor-09-2025-228-1-9_1.jpg,118,patchwork,1050,1051.478,1.001
decorative-handmade-fabric-toran-04-2025-859-1-4_1.jpg,116,fabart,950,914.496,0.963
decorative-handmade-fabric-toran-16-2025-859-1-16_1.jpg,116,fabart,950,922.994,0.972
handmade-toran-for-door-decoration-26-2024-1316-1-26_1.jpg,112,patchwork,1050,654.612,0.623
decorative-handmade-fabric-toran-20-2025-859-1-20_1.jpg,116,fabart,950,914.325,0.962
handpainted-kalamkari-ashtalakshmi-toran-11-x-55-in-08-2025-810-1-8_1.jpg,124,srikalahasti penwork kalamkari,5190,1347.678,0.26
handmade-fabric-toran-for-home-decor-23-2025-785-1-23_1.jpg,113,fabart,950,829.024,0.873
decorative-handmade-fabric-toran-31-2025-859-1-31_1.jpg,116,fabart,950,901.603,0.949
handmade-shell-work-fabric-toran-for-home-decor-19-2025-228-1-19_1.jpg,118,patchwork,1050,1042.504,0.993
decorative-handmade-fabric-toran-29-2025-859-1-29_1.jpg,116,fabart,950,914.844,0.963
handmade-fabric-toran-for-home-decor-04-2025-785-1-4_1.jpg,113,fabart,950,829.469,0.873
handpainted-kalamkari-ashtalakshmi-toran-11-x-55-in-15-2025-810-1-15_1.jpg,124,srikalahasti penwork kalamkari,5190,1364.397,0.263
decorative-handmade-fabric-toran-42-2025-859-1-42_1.jpg,116,fabart,950,916.106,0.964
handmade-toran-for-door-decoration-51-2024-1316-1-51_1.jpg,112,patchwork,1050,649.876,0.619
handmade-fabric-toran-for-home-decor-47-2025-785-1-47_1.jpg,113,fabart,950,839.774,0.884
handmade-fabric-toran-for-home-decor-102-2025-785-1-102_1.jpg,113,fabart,950,840.816,0.885
decorative-handmade-fabric-toran-12-2025-890-1-12_1.jpg,116,fabart,950,883.882,0.93
handmade-toran-for-door-decoration-28-2024-1316-1-28_1.jpg,112,patchwork,1050,662.006,0.63
handpainted-kalamkari-ashtalakshmi-toran-11-x-55-in-44-2025-810-1-44_1.jpg,124,srikalahasti penwork kalamkari,5190,1354.693,0.261
handmade-fabric-toran-for-home-decor-86-2025-785-1-86_1.jpg,113,fabart,950,833.377,0.877
handmade-toran-for-door-decoration-05-2024-992-1-5_1.jpg,112,patchwork,1050,620.864,0.591
handmade-toran-for-door-decoration-74-2024-1316-1-74_1.jpg,112,patchwork,1050,650.964,0.62
handmade-fabric-toran-for-home-decor-73-2025-785-1-73_1.jpg,113,fabart,950,833.377,0.877
decorative-handmade-fabric-toran-09-2025-890-1-9_1.jpg,116,fabart,950,870.651,0.916
handmade-fabric-toran-for-home-decor-05-2025-785-1-5_1.jpg,113,fabart,950,817.55,0.861
handmade-toran-for-door-decoration-83-2024-1316-1-83_1.jpg,112,patchwork,1050,650.964,0.62
decorative-handmade-fabric-toran-41-2025-859-1-41_1.jpg,116,fabart,950,906.875,0.955
handmade-toran-for-door-decoration-22-2024-1316-1-22_1.jpg,112,patchwork,1050,684.513,0.652
banaras-handpainted-wooden-terracotta-toran-03-2025-751-1-3_1.jpg,122,banaras handpainted,1200,789.247,0.658
handmade-fabric-toran-for-home-decor-56-2025-785-1-56_1.jpg,113,fabart,950,828.363,0.872
handmade-fabric-toran-for-home-decor-48-2025-785-1-48_1.jpg,113,fabart,950,843.535,0.888
handmade-fabric-toran-for-home-decor-35-2025-785-1-35_1.jpg,113,fabart,950,839.377,0.884
handpainted-kalamkari-ashtalakshmi-toran-11-x-55-in-41-2025-810-1-41_1.jpg,124,srikalahasti penwork kalamkari,5190,1337.234,0.258
decorative-handmade-fabric-toran-26-2025-859-1-26_1.jpg,116,fabart,950,919.017,0.967
decorative-handmade-fabric-toran-06-2025-859-1-6_1.jpg,116,fabart,950,912.04,0.96
handmade-toran-for-door-decoration-59-2024-1316-1-59_1.jpg,112,patchwork,1050,650.964,0.62
handmade-fabric-toran-for-home-decor-16-2025-785-1-16_1.jpg,113,fabart,950,838.299,0.882
decorative-handmade-fabric-toran-40-2025-859-1-40_1.jpg,116,fabart,950,930.669,0.98
handmade-shell-work-fabric-toran-for-home-decor-38-2025-228-1-38_1.jpg,118,patchwork,1050,1042.151,0.993
handmade-fabric-toran-for-home-decor-60-2025-785-1-60_1.jpg,113,fabart,950,831.673,0.875
handmade-toran-for-door-decoration-08-2024-1316-1-8_1.jpg,112,patchwork,1050,649.427,0.619
2024-903-1-9-handmade-toran-for-door-decoration-09_1.jpg,112,patchwork,1050,640.212,0.61
handmade-toran-for-door-decoration-72-2024-1316-1-72_1.jpg,112,patchwork,1050,650.964,0.62
handmade-toran-for-door-decoration-86-2024-1316-1-86_1.jpg,112,patchwork,1050,650.964,0.62
decorative-handmade-fabric-toran-26-2025-890-1-26_1.jpg,116,fabart,950,866.671,0.912
handmade-fabric-toran-for-home-decor-24-2025-785-1-24_1.jpg,113,fabart,950,832.921,0.877
handmade-fabric-toran-for-home-decor-39-2025-785-1-39_1.jpg,113,fabart,950,819.094,0.862
handmade-toran-for-door-decoration-04-2024-992-1-4_1.jpg,112,patchwork,1050,631.614,0.602
handmade-toran-for-door-decoration-01-2024-1316-1-1_1.jpg,112,patchwork,1050,650.011,0.619
handmade-fabric-toran-for-home-decor-13-2025-785-1-13_1.jpg,113,fabart,950,819.891,0.863
handmade-shell-work-fabric-toran-for-home-decor-35-2025-228-1-35_1.jpg,118,patchwork,1050,1052.222,1.002
decorative-handmade-fabric-toran-11-2025-859-1-11_1.jpg,116,fabart,950,924.222,0.973
handpainted-kalamkari-ashtalakshmi-toran-11-x-55-in-13-2025-810-1-13_1.jpg,124,srikalahasti penwork kalamkari,5190,1335.922,0.257
handmade-shell-work-fabric-toran-for-home-decor-05-2025-228-1-5_1.jpg,118,patchwork,1050,1026.257,0.977
decorative-handmade-fabric-toran-27-2025-890-1-27_1.jpg,116,fabart,950,865.803,0.911
handmade-fabric-toran-for-home-decor-03-2025-785-1-3_1.jpg,113,fabart,950,822.802,0.866
decorative-handmade-fabric-toran-32-2025-859-1-32_1.jpg,116,fabart,950,913.932,0.962
handmade-fabric-toran-for-home-decor-29-2025-785-1-29_1.jpg,113,fabart,950,829.482,0.873
handmade-fabric-toran-for-home-decor-70-2025-785-1-70_1.jpg,113,fabart,950,833.377,0.877
handmade-toran-for-door-decoration-93-2024-1316-1-93_1.jpg,112,patchwork,1050,650.964,0.62
handmade-toran-for-door-decoration-91-2024-1316-1-91_1.jpg,112,patchwork,1050,650.964,0.62
handmade-shell-work-fabric-toran-for-home-decor-49-2025-228-1-49_1.jpg,118,patchwork,1050,1055.676,1.005
handmade-gota-bead-work-banarasi-fabric-toran-for-home-decor-14-2025-784-1-14_1.jpg,127,handmade,1190,935.903,0.786
handpainted-kalamkari-ashtalakshmi-toran-11-x-55-in-46-2025-810-1-46_1.jpg,124,srikalahasti penwork kalamkari,5190,1352.015,0.261
handmade-toran-for-door-decoration-38-2024-1316-1-38_1.jpg,112,patchwork,1050,652.484,0.621
handmade-fabric-toran-for-home-decor-07-2025-785-1-7_1.jpg,113,fabart,950,825.106,0.869
handmade-fabric-toran-for-home-decor-41-2025-785-1-41_1.jpg,113,fabart,950,820.907,0.864
handmade-toran-for-door-decoration-81-2024-1316-1-81_1.jpg,112,patchwork,1050,650.964,0.62
decorative-handmade-fabric-toran-05-2025-859-1-5_1.jpg,116,fabart,950,903.121,0.951
handmade-fabric-toran-for-home-decor-65-2025-785-1-65_1.jpg,113,fabart,950,833.377,0.877
handmade-fabric-toran-for-home-decor-68-2025-785-1-68_1.jpg,113,fabart,950,833.377,0.877
decorative-handmade-fabric-toran-35-2025-859-1-35_1.jpg,116,fabart,950,924.074,0.973
handmade-fabric-toran-for-home-decor-08-2025-785-1-8_1.jpg,113,fabart,950,829.041,0.873
decorative-handmade-fabric-toran-01-2025-890-1-1_1.jpg,116,fabart,950,862.584,0.908
handpainted-kalamkari-ashtalakshmi-toran-11-x-55-in-03-2025-810-1-3_1.jpg,124,srikalahasti penwork kalamkari,5190,1339.665,0.258
handmade-toran-for-door-decoration-24-2024-1316-1-24_1.jpg,112,patchwork,1050,653.648,0.623
handmade-toran-for-door-decoration-54-2024-1316-1-54_1.jpg,112,patchwork,1050,654.596,0.623
handmade-shell-work-fabric-toran-for-home-decor-54-2025-228-1-54_1.jpg,118,patchwork,1050,1043.843,0.994
handpainted-kalamkari-ashtalakshmi-toran-11-x-55-in-43-2025-810-1-43_1.jpg,124,srikalahasti penwork kalamkari,5190,1343.031,0.259
decorative-handmade-fabric-toran-22-2025-890-1-22_1.jpg,116,fabart,950,896.545,0.944
handmade-toran-for-door-decoration-46-2024-1316-1-46_1.jpg,112,patchwork,1050,653.982,0.623
handmade-toran-for-door-decoration-55-2024-1316-1-55_1.jpg,112,patchwork,1050,650.235,0.619
handpainted-kalamkari-ashtalakshmi-toran-11-x-55-in-26-2025-810-1-26_1.jpg,124,srikalahasti penwork kalamkari,5190,1353.922,0.261
decorative-handmade-fabric-toran-19-2025-859-1-19_1.jpg,116,fabart,950,916.345,0.965
banaras-handpainted-heavy-wooden-terracotta-toran-07-2025-751-1-07_1.jpg,122,banaras handpainted,1590,1023.068,0.643
decorative-handmade-fabric-toran-19-2025-890-1-19_1.jpg,116,fabart,950,864.116,0.91
handmade-toran-for-door-decoration-18-2024-992-1-18_1.jpg,112,patchwork,1050,632.398,0.602
handmade-shell-work-fabric-toran-for-home-decor-04-2025-228-1-4_1.jpg,118,patchwork,1050,1040.445,0.991
handmade-fabric-toran-for-home-decor-52-2025-785-1-52_1.jpg,113,fabart,950,833.441,0.877
handmade-fabric-toran-for-home-decor-50-2025-785-1-50_1.jpg,113,fabart,950,821.016,0.864
handmade-fabric-toran-for-home-decor-09-2025-785-1-9_1.jpg,113,fabart,950,838.747,0.883
handpainted-kalamkari-ashtalakshmi-toran-11-x-55-in-47-2025-810-1-47_1.jpg,124,srikalahasti penwork kalamkari,5190,1361.524,0.262
handmade-shell-work-fabric-toran-for-home-decor-45-2025-228-1-45_1.jpg,118,patchwork,1050,1061.477,1.011
handmade-fabric-toran-for-home-decor-54-2025-785-1-54_1.jpg,113,fabart,950,832.373,0.876
handmade-toran-for-door-decoration-12-2024-1316-1-12_1.jpg,112,patchwork,1050,671.205,0.639
handmade-shell-work-fabric-toran-for-home-decor-39-2025-228-1-39_1.jpg,118,patchwork,1050,1028.044,0.979
handmade-fabric-toran-for-home-decor-14-2025-785-1-14_1.jpg,113,fabart,950,840.088,0.884
handmade-shell-work-fabric-toran-for-home-decor-28-2025-228-1-28_1.jpg,118,patchwork,1050,1055.471,1.005
handmade-toran-for-door-decoration-18-2024-1316-1-18_1.jpg,112,patchwork,1050,650.465,0.619
handmade-toran-for-door-decoration-11-2024-1316-1-11_1.jpg,112,patchwork,1050,658.904,0.628
decorative-handmade-fabric-toran-11-2025-890-1-11_1.jpg,116,fabart,950,871.405,0.917
decorative-handmade-fabric-toran-21-2025-859-1-21_1.jpg,116,fabart,950,913.374,0.961
handmade-toran-for-door-decoration-64-2024-1316-1-64_1.jpg,112,patchwork,1050,650.964,0.62
handmade-shell-work-fabric-toran-for-home-decor-41-2025-228-1-41_1.jpg,118,patchwork,1050,1030.2,0.981
handmade-fabric-toran-for-home-decor-58-2025-785-1-58_1.jpg,113,fabart,950,833.377,0.877
decorative-handmade-fabric-toran-08-2025-890-1-8_1.jpg,116,fabart,950,861.949,0.907
handpainted-kalamkari-ashtalakshmi-toran-11-x-55-in-14-2025-810-1-14_1.jpg,124,srikalahasti penwork kalamkari,5190,1361.843,0.262
handpainted-kalamkari-ashtalakshmi-toran-11-x-55-in-22-2025-810-1-22_1.jpg,124,srikalahasti penwork kalamkari,5190,1397.048,0.269
handmade-fabric-toran-for-home-decor-64-2025-785-1-64_1.jpg,113,fabart,950,833.377,0.877
handmade-shell-work-fabric-toran-for-home-decor-42-2025-228-1-42_1.jpg,118,patchwork,1050,1041.984,0.992
handmade-fabric-toran-for-home-decor-62-2025-785-1-62_1.jpg,113,fabart,950,833.377,0.877
decorative-handmade-fabric-toran-12-2025-859-1-12_1.jpg,116,fabart,950,937.653,0.987
handmade-fabric-toran-for-home-decor-55-2025-785-1-55_1.jpg,113,fabart,950,827.563,0.871
handmade-shell-work-fabric-toran-for-home-decor-08-2025-228-1-8_1.jpg,118,patchwork,1050,1039.935,0.99
banaras-handpainted-wooden-terracotta-toran-01-2025-751-1-1_1.jpg,122,banaras handpainted,1200,795.844,0.663
handmade-fabric-toran-for-home-decor-22-2025-785-1-22_1.jpg,113,fabart,950,867.656,0.913
decorative-handmade-fabric-toran-02-2025-890-1-2_1.jpg,116,fabart,950,871.316,0.917
handmade-toran-for-door-decoration-10-2024-1316-1-10_1.jpg,112,patchwork,1050,656.048,0.625
handmade-toran-for-door-decoration-50-2024-1316-1-50_1.jpg,112,patchwork,1050,644.331,0.614
handmade-toran-for-door-decoration-69-2024-1316-1-69_1.jpg,112,patchwork,1050,650.964,0.62
handpainted-kalamkari-ashtalakshmi-toran-11-x-55-in-18-2025-810-1-18_1.jpg,124,srikalahasti penwork kalamkari,5190,1348.803,0.26
handmade-toran-for-door-decoration-22-2024-992-1-22_1.jpg,112,patchwork,1050,666.947,0.635
handmade-gota-bead-work-banarasi-fabric-toran-for-home-decor-19-2025-784-1-19_1.jpg,127,handmade,1290,926.088,0.718
decorative-handmade-fabric-toran-18-2025-890-1-18_1.jpg,116,fabart,950,862.846,0.908
handmade-toran-for-door-decoration-61-2024-1316-1-61_1.jpg,112,patchwork,1050,650.964,0.62
handmade-fabric-toran-for-home-decor-98-2025-785-1-98_1.jpg,113,fabart,950,833.377,0.877
handmade-fabric-toran-for-home-decor-20-2025-785-1-20_1.jpg,113,fabart,950,829.66,0.873
handmade-shell-work-fabric-toran-for-home-decor-17-2025-228-1-17_1.jpg,118,patchwork,1050,1048.974,0.999
handmade-toran-for-door-decoration-21-2024-992-1-21_1.jpg,112,patchwork,1050,631.153,0.601
decorative-handmade-fabric-toran-18-2025-859-1-18_1.jpg,116,fabart,950,915.026,0.963
handmade-toran-for-door-decoration-48-2024-1316-1-48_1.jpg,112,patchwork,1050,664.302,0.633
decorative-handmade-fabric-toran-16-2025-890-1-16_1.jpg,116,fabart,950,870.286,0.916
handmade-fabric-toran-for-home-decor-33-2025-785-1-33_1.jpg,113,fabart,950,841.284,0.886
handmade-shell-work-fabric-toran-for-home-decor-43-2025-228-1-43_1.jpg,118,patchwork,1050,1035.558,0.986
handmade-fabric-toran-for-home-decor-87-2025-785-1-87_1.jpg,113,fabart,950,833.377,0.877
decorative-handmade-fabric-toran-25-2025-859-1-25_1.jpg,116,fabart,950,949.605,1.0
handmade-toran-for-door-decoration-20-2024-992-1-20_1.jpg,112,patchwork,1050,630.516,0.6
decorative-handmade-fabric-toran-15-2025-890-1-15_1.jpg,116,fabart,950,873.064,0.919
handmade-fabric-toran-for-home-decor-34-2025-785-1-34_1.jpg,113,fabart,950,843.267,0.888
handmade-shell-work-fabric-toran-for-home-decor-22-2025-228-1-22_1.jpg,118,patchwork,1050,1085.826,1.034
handmade-fabric-toran-for-home-decor-06-2025-785-1-6_1.jpg,113,fabart,950,826.891,0.87
handmade-toran-for-door-decoration-20-2024-1316-1-20_1.jpg,112,patchwork,1050,648.851,0.618
handmade-toran-for-door-decoration-15-2024-1316-1-15_1.jpg,112,patchwork,1050,659.974,0.629
handmade-fabric-toran-for-home-decor-32-2025-785-1-32_1.jpg,113,fabart,950,828.484,0.872
handmade-toran-for-door-decoration-56-2024-1316-1-56_1.jpg,112,patchwork,1050,650.974,0.62
handmade-toran-for-door-decoration-92-2024-1316-1-92_1.jpg,112,patchwork,1050,650.964,0.62
decorative-handmade-fabric-toran-27-2025-859-1-27_1.jpg,116,fabart,950,918.083,0.966
handmade-fabric-toran-for-home-decor-51-2025-785-1-51_1.jpg,113,fabart,950,827.174,0.871
handmade-toran-for-door-decoration-14-2024-992-1-14_1.jpg,112,patchwork,1050,641.521,0.611
handmade-toran-for-door-decoration-25-2024-1316-1-25_1.jpg,112,patchwork,1050,683.282,0.651
handmade-fabric-toran-for-home-decor-31-2025-785-1-31_1.jpg,113,fabart,950,815.616,0.859
handmade-fabric-toran-for-home-decor-26-2025-785-1-26_1.jpg,113,fabart,950,833.886,0.878
handmade-toran-for-door-decoration-78-2024-1316-1-78_1.jpg,112,patchwork,1050,650.964,0.62
handmade-toran-for-door-decoration-32-2024-1316-1-32_1.jpg,112,patchwork,1050,650.009,0.619
handmade-toran-for-door-decoration-10-2024-988-1-10_1.jpg,112,patchwork,1050,626.12,0.596
decorative-handmade-fabric-toran-33-2025-859-1-33_1.jpg,116,fabart,950,926.204,0.975
decorative-handmade-fabric-toran-04-2025-890-1-4_1.jpg,116,fabart,950,862.302,0.908
decorative-handmade-fabric-toran-29-2025-890-1-29_1.jpg,116,fabart,950,862.782,0.908
handmade-shell-work-fabric-toran-for-home-decor-50-2025-228-1-50_1.jpg,118,patchwork,1050,1030.316,0.981
handmade-shell-work-fabric-toran-for-home-decor-01-2025-228-1-1_1.jpg,118,patchwork,1050,1040.843,0.991
decorative-handmade-fabric-toran-14-2025-890-1-14_1.jpg,116,fabart,950,871.884,0.918
handmade-shell-work-fabric-toran-for-home-decor-26-2025-228-1-26_1.jpg,118,patchwork,1050,1045.677,0.996
handmade-toran-for-door-decoration-47-2024-1316-1-47_1.jpg,112,patchwork,1050,660.895,0.629
handmade-fabric-toran-for-home-decor-61-2025-785-1-61_1.jpg,113,fabart,950,833.377,0.877
handmade-fabric-toran-for-home-decor-38-2025-785-1-38_1.jpg,113,fabart,950,830.934,0.875
decorative-handmade-fabric-toran-49-2025-859-1-49_1.jpg,116,fabart,950,927.458,0.976
handmade-fabric-beads-tassels-toran-01-2024-1524-1-1_1.jpg,123,bead work,590,713.641,1.21
handmade-fabric-toran-for-home-decor-100-2025-785-1-100_1.jpg,113,fabart,950,841.596,0.886
handpainted-kalamkari-ashtalakshmi-toran-11-x-55-in-19-2025-810-1-19_1.jpg,124,srikalahasti penwork kalamkari,5190,1350.477,0.26
handmade-fabric-toran-for-home-decor-02-2025-785-1-2_1.jpg,113,fabart,950,839.585,0.884
handmade-fabric-toran-for-home-decor-112-2025-785-1-112_1.jpg,113,fabart,950,840.816,0.885
handmade-fabric-toran-for-home-decor-101-2025-785-1-101_1.jpg,113,fabart,950,840.816,0.885
decorative-handmade-fabric-toran-17-2025-859-1-17_1.jpg,116,fabart,950,921.477,0.97
handpainted-kalamkari-ashtalakshmi-toran-11-x-55-in-29-2025-810-1-29_1.jpg,124,srikalahasti penwork kalamkari,5190,1348.267,0.26
handmade-fabric-toran-for-home-decor-17-2025-785-1-17_1.jpg,113,fabart,950,836.646,0.881
decorative-handmade-fabric-toran-13-2025-890-1-13_1.jpg,116,fabart,950,853.801,0.899
handmade-fabric-toran-for-home-decor-57-2025-785-1-57_1.jpg,113,fabart,950,833.377,0.877
handmade-toran-for-door-decoration-02-2024-992-1-2_1.jpg,112,patchwork,1050,640.769,0.61
decorative-handmade-fabric-toran-13-2025-859-1-13_1.jpg,116,fabart,950,905.39,0.953
handmade-toran-for-door-decoration-19-2024-992-1-19_1.jpg,112,patchwork,1050,633.857,0.604
handmade-shell-work-fabric-toran-for-home-decor-10-2025-228-1-10_1.jpg,118,patchwork,950,1049.479,1.105
decorative-handmade-fabric-toran-07-2025-890-1-7_1.jpg,116,fabart,950,858.43,0.904
handmade-fabric-beads-tassels-toran-17-2024-1524-1-17_1.jpg,123,bead work,590,720.766,1.222
handmade-fabric-toran-for-home-decor-18-2025-785-1-18_1.jpg,113,fabart,950,829.913,0.874
handpainted-kalamkari-ashtalakshmi-toran-11-x-55-in-25-2025-810-1-25_1.jpg,124,srikalahasti penwork kalamkari,5190,1395.081,0.269
decorative-handmade-fabric-toran-47-2025-859-1-47_1.jpg,116,fabart,950,924.987,0.974
handmade-fabric-toran-for-home-decor-11-2025-785-1-11_1.jpg,113,fabart,950,839.657,0.884
decorative-handmade-fabric-toran-24-2025-859-1-24_1.jpg,116,fabart,950,918.062,0.966
handmade-shell-work-fabric-toran-for-home-decor-13-2025-228-1-13_1.jpg,118,patchwork,1050,1029.041,0.98
decorative-handmade-fabric-toran-22-2025-859-1-22_1.jpg,116,fabart,950,951.02,1.001
handmade-fabric-toran-for-home-decor-21-2025-785-1-21_1.jpg,113,fabart,950,828.056,0.872
handmade-shell-work-fabric-toran-for-home-decor-21-2025-228-1-21_1.jpg,118,patchwork,1050,1038.745,0.989
handmade-toran-for-door-decoration-13-2024-992-1-13_1.jpg,112,patchwork,1050,623.098,0.593
handpainted-kalamkari-ashtalakshmi-toran-11-x-55-in-10-2025-810-1-10_1.jpg,124,srikalahasti penwork kalamkari,5190,1357.924,0.262
handmade-shell-work-fabric-toran-for-home-decor-40-2025-228-1-40_1.jpg,118,patchwork,1050,1060.261,1.01
handmade-fabric-toran-for-home-decor-109-2025-785-1-109_1.jpg,113,fabart,950,840.816,0.885
handmade-fabric-beads-tassels-toran-19-2024-1524-1-19_1.jpg,123,bead work,590,715.555,1.213
handmade-fabric-toran-for-home-decor-19-2025-785-1-19_1.jpg,113,fabart,950,831.211,0.875
handmade-fabric-toran-for-home-decor-01-2025-785-1-1_1.jpg,113,fabart,950,829.803,0.873
handmade-fabric-beads-tassels-toran-27-2024-1524-1-27_1.jpg,123,bead work,590,717.561,1.216
handmade-shell-work-fabric-toran-for-home-decor-57-2025-228-1-57_1.jpg,118,patchwork,1050,1045.146,0.995
handmade-shell-work-fabric-toran-for-home-decor-32-2025-228-1-32_1.jpg,118,patchwork,1050,1039.242,0.99
handmade-toran-for-door-decoration-77-2024-1316-1-77_1.jpg,112,patchwork,1050,650.964,0.62
handmade-fabric-toran-for-home-decor-84-2025-785-1-84_1.jpg,113,fabart,950,833.377,0.877
decorative-handmade-fabric-toran-50-2025-859-1-50_1.jpg,116,fabart,950,907.104,0.955
handpainted-kalamkari-ashtalakshmi-toran-11-x-55-in-31-2025-810-1-31_1.jpg,124,srikalahasti penwork kalamkari,5190,1330.411,0.256
handmade-shell-work-fabric-toran-for-home-decor-29-2025-228-1-29_1.jpg,118,patchwork,1050,1040.433,0.991
decorative-handmade-fabric-toran-46-2025-859-1-46_1.jpg,116,fabart,950,917.822,0.966
banaras-handpainted-heavy-wooden-terracotta-toran-13-2025-751-1-13_1.jpg,122,banaras handpainted,1590,1016.692,0.639
handmade-toran-for-door-decoration-07-2024-1316-1-7_1.jpg,112,patchwork,1050,645.899,0.615
2024-690-1-13-handmade-toran-for-door-decoration-13_1.jpg,112,handmade,1050,517.874,0.493
decorative-handmade-fabric-toran-30-2025-890-1-30_1.jpg,116,fabart,950,918.971,0.967
decorative-handmade-fabric-toran-20-2025-890-1-20_1.jpg,116,fabart,950,861.98,0.907
handmade-fabric-toran-for-home-decor-30-2025-785-1-30_1.jpg,113,fabart,950,893.195,0.94
handmade-shell-work-fabric-toran-for-home-decor-02-2025-228-1-2_1.jpg,118,patchwork,1050,1052.478,1.002
handmade-toran-for-door-decoration-75-2024-1316-1-75_1.jpg,112,patchwork,1050,650.964,0.62
handmade-fabric-toran-for-home-decor-10-2025-785-1-10_1.jpg,113,fabart,950,837.054,0.881
handmade-toran-for-door-decoration-68-2024-1316-1-68_1.jpg,112,patchwork,1050,650.964,0.62
handmade-toran-for-door-decoration-15-2024-992-1-15_1.jpg,112,patchwork,1050,641.778,0.611
handmade-shell-work-fabric-toran-for-home-decor-18-2025-228-1-18_1.jpg,118,patchwork,1050,1040.965,0.991
handmade-shell-work-fabric-toran-for-home-decor-15-2025-228-1-15_1.jpg,118,patchwork,1050,1055.545,1.005
handmade-toran-for-door-decoration-28-2024-992-1-28_1.jpg,112,patchwork,1050,644.197,0.614
handpainted-kalamkari-ashtalakshmi-toran-11-x-55-in-30-2025-810-1-30_1.jpg,124,srikalahasti penwork kalamkari,5190,1429.374,0.275
handmade-fabric-toran-for-home-decor-43-2025-785-1-43_1.jpg,113,fabart,950,825.403,0.869
handmade-toran-for-door-decoration-31-2024-992-1-31_1.jpg,112,patchwork,1050,620.398,0.591
decorative-handmade-fabric-toran-51-2025-859-1-51_1.jpg,116,fabart,950,913.018,0.961
handmade-toran-for-door-decoration-17-2024-992-1-17_1.jpg,112,patchwork,1050,638.594,0.608
banaras-handpainted-wooden-terracotta-toran-04-2025-751-1-4_1.jpg,122,banaras handpainted,1200,795.529,0.663
handpainted-kalamkari-ashtalakshmi-toran-11-x-55-in-02-2025-810-1-2_1.jpg,124,srikalahasti penwork kalamkari,5190,1361.186,0.262
handpainted-kalamkari-ashtalakshmi-toran-11-x-55-in-48-2025-810-1-48_1.jpg,124,srikalahasti penwork kalamkari,5190,1366.355,0.263
handmade-toran-for-door-decoration-89-2024-1316-1-89_1.jpg,112,patchwork,1050,650.964,0.62
handmade-fabric-beads-tassels-toran-05-2024-1524-1-5_1.jpg,123,bead work,590,701.647,1.189
handmade-fabric-toran-for-home-decor-27-2025-785-1-27_1.jpg,113,fabart,950,832.893,0.877
decorative-handmade-fabric-toran-44-2025-859-1-44_1.jpg,116,fabart,950,919.812,0.968
handmade-toran-for-door-decoration-87-2024-1316-1-87_1.jpg,112,patchwork,1050,650.964,0.62
banaras-handpainted-wooden-terracotta-toran-02-2025-751-1-2_1.jpg,122,banaras handpainted,1200,805.059,0.671
handpainted-kalamkari-ashtalakshmi-toran-11-x-55-in-32-2025-810-1-32_1.jpg,124,srikalahasti penwork kalamkari,5190,1346.987,0.26
decorative-handmade-fabric-toran-03-2025-859-1-3_1.jpg,116,fabart,950,908.141,0.956
handpainted-kalamkari-ashtalakshmi-toran-11-x-55-in-23-2025-810-1-23_1.jpg,124,srikalahasti penwork kalamkari,5190,1347.671,0.26
handmade-fabric-toran-for-home-decor-93-2025-785-1-93_1.jpg,113,fabart,950,833.377,0.877
handmade-shell-work-fabric-toran-for-home-decor-56-2025-228-1-56_1.jpg,118,patchwork,1050,1039.067,0.99
handmade-fabric-toran-for-home-decor-15-2025-785-1-15_1.jpg,113,fabart,950,842.148,0.886
decorative-handmade-fabric-toran-23-2025-859-1-23_1.jpg,116,fabart,950,914.302,0.962
handmade-shell-work-fabric-toran-for-home-decor-51-2025-228-1-51_1.jpg,118,patchwork,1050,1037.651,0.988
handmade-shell-work-fabric-toran-for-home-decor-16-2025-228-1-16_1.jpg,118,patchwork,1050,1050.944,1.001
decorative-handmade-fabric-toran-34-2025-859-1-34_1.jpg,116,fabart,950,928.101,0.977
handmade-toran-for-door-decoration-24-2024-992-1-24_1.jpg,112,patchwork,1050,635.709,0.605
handpainted-kalamkari-ashtalakshmi-toran-11-x-55-in-16-2025-810-1-16_1.jpg,124,srikalahasti penwork kalamkari,5190,1359.552,0.262
handmade-shell-work-fabric-toran-for-home-decor-34-2025-228-1-34_1.jpg,118,patchwork,1050,1056.831,1.007
2024-690-1-22-handmade-toran-for-door-decoration-22_1.jpg,112,handmade,1050,549.909,0.524
decorative-handmade-fabric-toran-03-2025-890-1-3_1.jpg,116,fabart,950,856.361,0.901
decorative-handmade-fabric-toran-14-2025-859-1-14_1.jpg,116,fabart,950,924.701,0.973
2024-903-1-14-handmade-toran-for-door-decoration-14_1.jpg,112,patchwork,1050,641.521,0.611
handmade-fabric-toran-for-home-decor-111-2025-785-1-111_1.jpg,113,fabart,950,840.816,0.885
handmade-fabric-toran-for-home-decor-85-2025-785-1-85_1.jpg,113,fabart,950,833.377,0.877
decorative-handmade-fabric-toran-01-2025-859-1-1_1.jpg,116,fabart,950,914.803,0.963
handmade-toran-for-door-decoration-79-2024-1316-1-79_1.jpg,112,patchwork,1050,650.964,0.62
handmade-toran-for-door-decoration-62-2024-1316-1-62_1.jpg,112,patchwork,1050,650.964,0.62
handmade-fabric-beads-tassels-toran-23-2024-1524-1-23_1.jpg,123,bead work,590,713.526,1.209
handpainted-kalamkari-ashtalakshmi-toran-11-x-55-in-06-2025-810-1-6_1.jpg,124,srikalahasti penwork kalamkari,5190,1344.917,0.259
2024-690-1-6-handmade-toran-for-door-decoration-06_1.jpg,112,handmade,1050,522.351,0.497
handmade-toran-for-door-decoration-49-2024-1316-1-49_1.jpg,112,patchwork,1050,663.305,0.632
handmade-shell-work-fabric-toran-for-home-decor-33-2025-228-1-33_1.jpg,118,patchwork,1050,1054.473,1.004
decorative-handmade-fabric-toran-43-2025-859-1-43_1.jpg,116,fabart,950,911.163,0.959
handmade-fabric-toran-for-home-decor-37-2025-785-1-37_1.jpg,113,fabart,950,826.092,0.87
handmade-fabric-toran-for-home-decor-106-2025-785-1-106_1.jpg,113,fabart,950,840.816,0.885
handmade-toran-for-door-decoration-40-2024-1316-1-40_1.jpg,112,patchwork,1050,665.477,0.634
handmade-toran-for-door-decoration-90-2024-1316-1-90_1.jpg,112,patchwork,1050,650.964,0.62
handmade-shell-work-fabric-toran-for-home-decor-36-2025-228-1-36_1.jpg,118,patchwork,1050,1048.853,0.999
handmade-toran-for-door-decoration-12-2024-992-1-12_1.jpg,112,patchwork,1050,633.935,0.604
handmade-toran-for-door-decoration-85-2024-1316-1-85_1.jpg,112,patchwork,1050,650.964,0.62
decorative-handmade-fabric-toran-25-2025-890-1-25_1.jpg,116,fabart,950,895.25,0.942
handmade-fabric-toran-for-home-decor-69-2025-785-1-69_1.jpg,113,fabart,950,833.377,0.877
handmade-toran-for-door-decoration-58-2024-1316-1-58_1.jpg,112,patchwork,1050,650.964,0.62
handmade-fabric-toran-for-home-decor-72-2025-785-1-72_1.jpg,113,fabart,950,833.377,0.877
2024-690-1-12-handmade-toran-for-door-decoration-12_1.jpg,112,handmade,1050,526.764,0.502
591981-76-handpainted-patua-painting-by-laltu-chitrakar-14-x-11-in_1.jpg,136,patua folk art,5190,2881.145,0.555
2023-766-1-34-handpainted-madhubani-painting-by-hira-devi-7-5-x-11_1.jpg,139,madhubani folk art,4450,2670.67,0.6
traditional-handpainted-madhubani-painting-by-hira-devi-6-x-6-in-04-2025-811-1-4_1.jpg,141,madhubani folk art,1590,1639.385,1.031
2023-766-1-37-handpainted-madhubani-painting-by-hira-devi-11-x-7-5_1.jpg,139,madhubani folk art,4450,2674.035,0.601
traditional-handpainted-madhubani-painting-by-hira-devi-7-x-5-in-09-2025-811-1-9_1.jpg,141,madhubani folk art,1590,1654.7,1.041
591981-87-handpainted-patua-painting-by-laltu-chitrakar-14-x-11-in_1.jpg,136,patua folk art,5190,2907.564,0.56
2023-766-1-33-handpainted-madhubani-painting-by-hira-devi-7-5-x-11_1.jpg,139,madhubani folk art,4450,2670.67,0.6
591981-51-handpainted-patua-painting-by-laltu-chitrakar-14-x-11-in_1.jpg,136,patua folk art,5190,2942.821,0.567
2023-766-1-22-handpainted-madhubani-painting-by-hira-devi-11-x-3-5_1.jpg,139,madhubani folk art,4290,2670.67,0.623
591981-59-handpainted-patua-painting-by-laltu-chitrakar-11-x-14-in_1.jpg,136,patua folk art,5190,2851.423,0.549
591981-18-handpainted-patua-painting-by-laltu-chitrakar-14-x-11-in_1.jpg,136,patua folk art,5190,2851.423,0.549
2023-766-1-20-handpainted-madhubani-painting-by-hira-devi-11-x-3-5_1.jpg,139,madhubani folk art,4290,2670.67,0.623
591981-73-handpainted-patua-painting-by-laltu-chitrakar-14-x-11-in_1.jpg,136,patua folk art,5190,2949.691,0.568
traditional-handpainted-madhubani-painting-by-hira-devi-7-x-5-in-12-2025-811-1-12_1.jpg,141,madhubani folk art,1590,1678.106,1.055
2023-766-1-40-handpainted-madhubani-painting-by-hira-devi-30-x-22_1.jpg,139,madhubani folk art,16500,2892.901,0.175
591981-3-handpainted-patua-painting-by-laltu-chitrakar-14-x-11-in_1.jpg,136,patua folk art,5190,2851.423,0.549
591981-46-handpainted-patua-painting-by-laltu-chitrakar-14-x-11-in_1.jpg,136,patua folk art,5190,3105.435,0.598
591981-27-handpainted-patua-painting-by-laltu-chitrakar-14-x-11-in_1.jpg,136,patua folk art,5190,2851.423,0.549
591981-31-handpainted-patua-painting-by-laltu-chitrakar-14-x-11-in_1.jpg,136,patua folk art,5190,2851.423,0.549
591981-91-handpainted-patua-painting-by-laltu-chitrakar-7-x-22-in_1.jpg,136,patua folk art,4190,2958.067,0.706
591981-53-handpainted-patua-painting-by-laltu-chitrakar-14-x-11-in_1.jpg,136,patua folk art,5190,2851.423,0.549
2022-466-1-73-handpainted-kalighat-painting-by-laltu-chitrakar-14-x-11-in_1.jpg,148,other,5800,4838.02,0.834
591981-83-handpainted-patua-painting-by-laltu-chitrakar-14-x-11-in_1.jpg,136,patua folk art,5190,2931.565,0.565
494610-17-handpainted-kalighat-painting-by-laltu-chitrakar-14-x-11-in_1.jpg,148,other,5800,5824.177,1.004
591981-24-handpainted-patua-painting-by-laltu-chitrakar-14-x-11-in_1.jpg,136,patua folk art,5190,2775.31,0.535
591981-47-handpainted-patua-painting-by-laltu-chitrakar-14-x-11-in_1.jpg,136,patua folk art,5190,2851.423,0.549
591981-13-handpainted-patua-painting-by-laltu-chitrakar-14-x-11-in_1.jpg,136,patua folk art,5190,2851.423,0.549
2023-766-1-28-handpainted-madhubani-painting-by-hira-devi-15-x-5-5_1.jpg,139,madhubani folk art,2690,2677.683,0.995
traditional-handpainted-madhubani-painting-by-hira-devi-7-x-5-in-16-2025-811-1-16_1.jpg,141,madhubani folk art,1250,1654.102,1.323
591981-15-handpainted-patua-painting-by-laltu-chitrakar-14-x-11-in_1.jpg,136,patua folk art,5190,2851.423,0.549
traditional-handpainted-madhubani-painting-by-hira-devi-4-x-5-in-22-2025-811-1-22_1.jpg,141,madhubani folk art,1250,1702.053,1.362
591981-25-handpainted-patua-painting-by-laltu-chitrakar-14-x-11-in_1.jpg,136,patua folk art,5190,2851.423,0.549
591981-14-handpainted-patua-painting-by-laltu-chitrakar-14-x-11-in_1.jpg,136,patua folk art,5190,2851.423,0.549
591981-69-handpainted-patua-painting-by-laltu-chitrakar-14-x-11-in_1.jpg,136,patua folk art,5190,2851.423,0.549
2023-766-1-35-handpainted-madhubani-painting-by-hira-devi-11-x-7-5_1.jpg,139,madhubani folk art,4450,2674.035,0.601
591981-8-handpainted-patua-painting-by-laltu-chitrakar-14-x-11-in_1.jpg,136,patua folk art,5190,2851.423,0.549
2023-766-1-42-handpainted-madhubani-painting-by-hira-devi-22-x-15_1.jpg,139,madhubani folk art,9900,2747.451,0.278
494610-24-handpainted-kalighat-painting-by-laltu-chitrakar-15-5-x-11-in_1.jpg,148,other,5800,5936.639,1.024
591981-81-handpainted-patua-painting-by-laltu-chitrakar-14-x-11-in_1.jpg,136,patua folk art,5190,2919.077,0.562
591981-80-handpainted-patua-painting-by-laltu-chitrakar-14-x-11-in_1.jpg,136,patua folk art,5190,2921.671,0.563
591981-11-handpainted-patua-painting-by-laltu-chitrakar-14-x-11-in_1.jpg,136,patua folk art,5190,2851.423,0.549
2023-766-1-16-handpainted-madhubani-painting-by-hira-devi-11-x-3-5_1.jpg,139,madhubani folk art,4290,2670.67,0.623
591981-33-handpainted-patua-painting-by-laltu-chitrakar-14-x-11-in_1.jpg,136,patua folk art,5190,2851.423,0.549
591981-39-handpainted-patua-painting-by-laltu-chitrakar-14-x-11-in_1.jpg,136,patua folk art,5190,2891.993,0.557
591981-35-handpainted-patua-painting-by-laltu-chitrakar-14-x-11-in_1.jpg,136,patua folk art,5190,2851.423,0.549
591981-66-handpainted-patua-painting-by-laltu-chitrakar-11-x-14-in_1.jpg,136,patua folk art,5190,2851.423,0.549
2023-766-1-19-handpainted-madhubani-painting-by-hira-devi-11-x-3-5_1.jpg,139,madhubani folk art,4290,2670.67,0.623
591981-71-handpainted-patua-painting-by-laltu-chitrakar-14-x-11-in_1.jpg,136,patua folk art,5190,2934.41,0.565
589434-10-handpainted-kalighat-painting-by-laltu-chitrakar-22-x-14-in_1.jpg,148,other,6900,3131.44,0.454
494610-14-handpainted-kalighat-painting-by-laltu-chitrakar-14-x-11-in_1.jpg,148,other,5800,5824.177,1.004
591981-82-handpainted-patua-painting-by-laltu-chitrakar-14-x-11-in_1.jpg,136,patua folk art,5190,2958.486,0.57
591981-100-handpainted-patua-painting-by-laltu-chitrakar-7-x-11-in_1.jpg,136,patua folk art,2190,2871.485,1.311
591981-48-handpainted-patua-painting-by-laltu-chitrakar-14-x-11-in_1.jpg,136,patua folk art,5190,2918.924,0.562
591981-10-handpainted-patua-painting-by-laltu-chitrakar-14-x-11-in_1.jpg,136,patua folk art,5190,2851.423,0.549
2023-766-1-39-handpainted-madhubani-painting-by-hira-devi-22-x-30_1.jpg,139,madhubani folk art,16500,2892.901,0.175
589434-79-handpainted-kalighat-painting-by-laltu-chitrakar-14-x-11-in_1.jpg,148,other,5800,3042.837,0.525
494610-28-handpainted-kalighat-painting-by-laltu-chitrakar-22-x-14-in_1.jpg,148,other,5600,5935.487,1.06
591981-45-handpainted-patua-painting-by-laltu-chitrakar-14-x-11-in_1.jpg,136,patua folk art,5190,2851.423,0.549
traditional-handpainted-madhubani-painting-by-hira-devi-5-x-4-in-21-2025-811-1-21_1.jpg,141,madhubani folk art,1250,1638.287,1.311
traditional-handpainted-madhubani-painting-by-hira-devi-3-x-5-in-19-2025-811-1-19_1.jpg,141,madhubani folk art,1250,1643.19,1.315
591981-44-handpainted-patua-painting-by-laltu-chitrakar-14-x-11-in_1.jpg,136,patua folk art,5190,2851.423,0.549
591981-17-handpainted-patua-painting-by-laltu-chitrakar-14-x-11-in_1.jpg,136,patua folk art,5190,2851.423,0.549
494610-12-handpainted-kalighat-painting-by-laltu-chitrakar-14-x-11-in_1.jpg,148,other,5800,5824.177,1.004
591981-84-handpainted-patua-painting-by-laltu-chitrakar-14-x-11-in_1.jpg,136,patua folk art,5190,3027.893,0.583
2023-766-1-49-handpainted-madhubani-painting-by-hira-devi-30-x-11_1.jpg,139,madhubani folk art,12900,2809.23,0.218
591981-19-handpainted-patua-painting-by-laltu-chitrakar-14-x-11-in_1.jpg,136,patua folk art,5190,2851.423,0.549
2023-766-1-46-handpainted-madhubani-painting-by-hira-devi-30-x-11_1.jpg,139,madhubani folk art,12900,2809.23,0.218
traditional-handpainted-madhubani-painting-by-hira-devi-7-x-5-in-11-2025-811-1-11_1.jpg,141,madhubani folk art,1590,1655.962,1.041
591981-23-handpainted-patua-painting-by-laltu-chitrakar-14-x-11-in_1.jpg,136,patua folk art,5190,2851.423,0.549
589434-13-handpainted-kalighat-painting-by-laltu-chitrakar-22-x-14-in_1.jpg,148,other,6900,3131.44,0.454
494610-21-handpainted-kalighat-painting-by-laltu-chitrakar-14-x-11-in_1.jpg,148,other,5800,5824.177,1.004
591981-88-handpainted-patua-painting-by-laltu-chitrakar-14-x-11-in_1.jpg,136,patua folk art,5190,2951.551,0.569
591981-49-handpainted-patua-painting-by-laltu-chitrakar-14-x-11-in_1.jpg,136,patua folk art,5190,2851.423,0.549
591981-52-handpainted-patua-painting-by-laltu-chitrakar-14-x-11-in_1.jpg,136,patua folk art,5190,2956.543,0.57
591981-72-handpainted-patua-painting-by-laltu-chitrakar-14-x-11-in_1.jpg,136,patua folk art,5190,2912.728,0.561
traditional-handpainted-madhubani-painting-by-hira-devi-5-x-3-in-18-2025-811-1-18_1.jpg,141,madhubani folk art,1250,1640.665,1.313
591981-37-handpainted-patua-painting-by-laltu-chitrakar-14-x-11-in_1.jpg,136,patua folk art,5190,2851.423,0.549
589434-68-handpainted-kalighat-painting-by-laltu-chitrakar-14-x-11-in_1.jpg,148,other,5800,3042.837,0.525
591981-75-handpainted-patua-painting-by-laltu-chitrakar-14-x-11-in_1.jpg,136,patua folk art,5190,2962.355,0.571
2023-766-1-17-handpainted-madhubani-painting-by-hira-devi-11-x-3-5_1.jpg,139,madhubani folk art,4290,2670.67,0.623
591981-103-handpainted-patua-painting-by-laltu-chitrakar-7-x-11-in_1.jpg,136,patua folk art,2190,2852.199,1.302
591981-102-handpainted-patua-painting-by-laltu-chitrakar-7-x-11-in_1.jpg,136,patua folk art,2190,2900.738,1.325
494610-27-handpainted-kalighat-painting-by-laltu-chitrakar-22-x-14-in_1.jpg,148,other,5600,5935.487,1.06
591981-36-handpainted-patua-painting-by-laltu-chitrakar-14-x-11-in_1.jpg,136,patua folk art,5190,2970.027,0.572
591981-29-handpainted-patua-painting-by-laltu-chitrakar-14-x-11-in_1.jpg,136,patua folk art,5190,2851.423,0.549
591981-43-handpainted-patua-painting-by-laltu-chitrakar-14-x-11-in_1.jpg,136,patua folk art,5190,2912.306,0.561
591981-5-handpainted-patua-painting-by-laltu-chitrakar-14-x-11-in_1.jpg,136,patua folk art,5190,2851.423,0.549
591981-6-handpainted-patua-painting-by-laltu-chitrakar-14-x-11-in_1.jpg,136,patua folk art,5190,2851.423,0.549
591981-70-handpainted-patua-painting-by-laltu-chitrakar-14-x-11-in_1.jpg,136,patua folk art,5190,2926.488,0.564
589434-15-handpainted-kalighat-painting-by-laltu-chitrakar-22-x-14-in_1.jpg,148,other,6900,3131.44,0.454
384388-16-natural-bamboo-single-candle-stand_1.jpg,167,bamboo craft,590,368.222,0.624
rajasthani-elephant-handmade-tealight-candle-holder-set-of-2-06-2025-786-1-6_1.jpg,173,puppet,550,364.943,0.664
384388-63-bamboo-candle-hoder-9-candle_1.jpg,167,bamboo craft,1690,342.883,0.203
rajasthani-elephant-handmade-tealight-candle-holder-set-of-2-04-2025-786-1-4_1.jpg,173,puppet,550,370.389,0.673
384388-54-bamboo-candle-holder-3-candle_1.jpg,167,bamboo craft,590,325.593,0.552
384388-59-bamboo-candle-holder-3-candle_1.jpg,167,bamboo craft,590,325.593,0.552
rajasthani-elephant-handmade-tealight-candle-holder-set-of-2-09-2025-786-1-9_1.jpg,173,puppet,550,375.826,0.683
384388-55-bamboo-candle-holder-3-candle_1.jpg,167,bamboo craft,590,325.593,0.552
384388-45-natural-bamboo-single-candle-stand_1.jpg,167,bamboo craft,590,368.222,0.624
2024-879-1-6-handmade-gota-work-damru-tealight-candle-holder-06_1.jpg,179,other,250,296.467,1.186
2024-879-1-10-handmade-gota-work-damru-tealight-candle-holder-10_1.jpg,179,other,250,299.129,1.197
2024-879-1-8-handmade-gota-work-damru-tealight-candle-holder-08_1.jpg,179,other,250,297.242,1.189
rajasthani-elephant-handmade-tealight-candle-holder-set-of-2-07-2025-786-1-7_1.jpg,173,puppet,550,372.801,0.678
384388-21-natural-bamboo-single-candle-stand_1.jpg,167,bamboo craft,590,368.222,0.624
rajasthani-elephant-handmade-tealight-candle-holder-set-of-2-08-2025-786-1-8_1.jpg,173,puppet,550,375.4,0.683
deepam-handcrafted-bamboo-tea-light-holder-single-pc-2025-1076-1-57_1.jpg,183,handmade,590,1103.615,1.871
2024-879-1-9-handmade-gota-work-damru-tealight-candle-holder-09_1.jpg,179,other,250,300.569,1.202
384388-19-natural-bamboo-single-candle-stand_1.jpg,167,bamboo craft,590,368.222,0.624
2024-879-1-7-handmade-gota-work-damru-tealight-candle-holder-07_1.jpg,179,other,250,295.931,1.184
384388-58-bamboo-candle-holder-3-candle_1.jpg,167,bamboo craft,590,325.593,0.552
rajasthani-elephant-handmade-tealight-candle-holder-set-of-2-10-2025-786-1-10_1.jpg,173,puppet,550,373.419,0.679
diwali-decor-handpainted-wooden-nameplate-01-2025-732-1-1_1.jpg,188,hand painted,3800,515.682,0.136
564547-58-rajasthani-couple-bobble-head-handmade-puppet-kathputli_1.jpg,6,bobblehead toys,590,1203.499,2.04
2020-742-1-7-handmade-bonsai-tree-with-sola-flower-arrangement-on-wooden-base_1.jpg,193,handmade,1450,1402.377,0.967
2020-742-1-22-handmade-bonsai-tree-with-sola-flower-arrangement-on-wooden-base_1.jpg,193,handmade,2150,1488.259,0.692
2020-742-1-25-handmade-bonsai-tree-with-sola-flower-arrangement-on-wooden-base_1.jpg,193,handmade,2150,1488.259,0.692
2021-1009-1-5-handmade-multipurpose-date-palm-leaves-decor-cup-plate_1.jpg,197,other,490,591.319,1.207
2023-6760-1-1-flower-festive-decor-handpainted-wooden-rangoli_1.jpg,205,hand painted,2290,591.966,0.259
2020-742-1-9-handmade-bonsai-tree-with-sola-flower-arrangement-on-wooden-base_1.jpg,193,handmade,1450,1402.377,0.967
2023-907-1-26-shubh-laabh-traditional-hand-painted-beadwork-door-decor_1.jpg,207,wood carving,390,638.301,1.637
2022-926-1-2-rajasthani-couple-handmade-puppet-kathputli-decor-item_1.jpg,6,wood carving,1100,769.691,0.7
2021-151-1-9-handmade-multipurpose-date-palm-leaves-decor-cup-plate_1.jpg,197,other,490,591.319,1.207
564547-43-rajasthani-couple-bobble-head-handmade-puppet-kathputli_1.jpg,6,bobblehead toys,640,1203.499,1.88
564547-18-rajasthani-dancing-couple-handmade-puppet-kathputli-small-4-pc-assorted_1.jpg,6,wood carving,290,994.741,3.43
2021-504-1-18-tiny-king-queen-traditional-burdwan-wood-craft-handpainted-sculpture-set-of-2_1.jpg,211,wood carving,450,510.224,1.134
2020-742-1-8-handmade-bonsai-tree-with-sola-flower-arrangement-on-wooden-base_1.jpg,193,handmade,1450,1402.377,0.967
564547-11-rajasthani-dancing-couple-handmade-puppet-kathputli-small-4-pc-assorted_1.jpg,6,wood carving,290,994.741,3.43
birds-hand-carved-wooden-home-decor-item-10-2024-1094-1-10_1.jpg,216,wood carving,3990,593.195,0.149
2021-1009-1-3-handmade-multipurpose-date-palm-leaves-decor-cup-plate_1.jpg,197,other,490,591.319,1.207
564547-50-rajasthani-couple-bobble-head-handmade-puppet-kathputli_1.jpg,6,bobblehead toys,590,1203.499,2.04
2021-383-1-144-original-blue-pottery-ceramic-couple-decor-item_1.jpg,218,blue art pottery,1590,823.308,0.518
2021-1009-1-4-handmade-multipurpose-date-palm-leaves-decor-cup-plate_1.jpg,197,other,490,591.319,1.207
564547-45-rajasthani-couple-bobble-head-handmade-puppet-kathputli_1.jpg,6,bobblehead toys,640,1203.499,1.88
2021-383-1-147-original-blue-pottery-ceramic-couple-decor-item_1.jpg,218,blue art pottery,1590,823.308,0.518
564547-39-rajasthani-men-handmade-puppet-kathputli_1.jpg,6,wood carving,1390,752.344,0.541
564547-17-rajasthani-dancing-couple-handmade-puppet-kathputli-small-4-pc-assorted_1.jpg,6,wood carving,290,994.741,3.43
2023-907-1-27-shubh-laabh-traditional-hand-painted-beadwork-door-decor_1.jpg,207,wood carving,390,638.301,1.637
2021-1009-1-2-handmade-multipurpose-date-palm-leaves-decor-cup-plate_1.jpg,197,other,490,591.319,1.207
2021-504-1-20-tiny-king-queen-traditional-burdwan-wood-craft-handpainted-sculpture-set-of-2_1.jpg,211,wood carving,450,592.161,1.316
564547-14-rajasthani-dancing-couple-handmade-puppet-kathputli-small-4-pc-assorted_1.jpg,6,wood carving,290,994.741,3.43
532930-43-traditional-handpainted-wooden-ganesha-set-of-2_1.jpg,222,wood carving,350,890.431,2.544
564547-49-rajasthani-couple-bobble-head-handmade-puppet-kathputli_1.jpg,6,bobblehead toys,590,1203.499,2.04
2022-926-1-5-rajasthani-couple-handmade-puppet-kathputli-decor-item_1.jpg,6,wood carving,1100,769.691,0.7
564547-22-rajasthani-dancing-couple-handmade-puppet-kathputli-small-4-pc-assorted_1.jpg,6,wood carving,290,994.741,3.43
564547-52-rajasthani-couple-bobble-head-handmade-puppet-kathputli_1.jpg,6,bobblehead toys,590,1203.499,2.04
2021-504-1-22-tiny-king-queen-traditional-burdwan-wood-craft-handpainted-sculpture-set-of-2_1.jpg,211,wood carving,450,563.892,1.253
564547-44-rajasthani-couple-bobble-head-handmade-puppet-kathputli_1.jpg,6,bobblehead toys,640,1203.499,1.88
564547-55-rajasthani-couple-bobble-head-handmade-puppet-kathputli_1.jpg,6,bobblehead toys,590,1203.499,2.04
564547-42-rajasthani-couple-bobble-head-handmade-puppet-kathputli_1.jpg,6,bobblehead toys,640,1203.499,1.88
564547-16-rajasthani-dancing-couple-handmade-puppet-kathputli-small-4-pc-assorted_1.jpg,6,wood carving,290,994.741,3.43
564547-46-rajasthani-couple-bobble-head-handmade-puppet-kathputli_1.jpg,6,bobblehead toys,640,1203.499,1.88
2020-742-1-23-handmade-bonsai-tree-with-sola-flower-arrangement-on-wooden-base_1.jpg,193,handmade,2150,1488.259,0.692
564547-12-rajasthani-dancing-couple-handmade-puppet-kathputli-small-4-pc-assorted_1.jpg,6,wood carving,290,994.741,3.43
564547-37-rajasthani-men-handmade-puppet-kathputli_1.jpg,6,wood carving,1390,752.344,0.541
2020-742-1-11-handmade-bonsai-tree-with-sola-flower-arrangement-on-wooden-base_1.jpg,193,handmade,1250,1402.377,1.122
2021-1009-1-1-handmade-multipurpose-date-palm-leaves-decor-cup-plate_1.jpg,197,other,490,591.319,1.207
2023-907-1-24-shubh-laabh-traditional-hand-painted-beadwork-door-decor_1.jpg,207,wood carving,390,638.301,1.637
564547-13-rajasthani-dancing-couple-handmade-puppet-kathputli-small-4-pc-assorted_1.jpg,6,wood carving,290,994.741,3.43
532930-50-shubh-laabh-traditional-handpainted-beadwork-door-decor_1.jpg,207,wood carving,390,523.877,1.343
2021-504-1-17-tiny-king-queen-traditional-burdwan-wood-craft-handpainted-sculpture-set-of-2_1.jpg,211,hand painted,450,468.452,1.041
2023-907-1-22-shubh-laabh-traditional-hand-painted-beadwork-door-decor_1.jpg,207,wood carving,390,638.301,1.637
2021-151-1-7-handmade-multipurpose-date-palm-leaves-decor-cup-plate_1.jpg,197,other,490,591.319,1.207
2021-504-1-21-tiny-king-queen-traditional-burdwan-wood-craft-handpainted-sculpture-set-of-2_1.jpg,211,wood carving,450,579.072,1.287
2021-504-1-23-tiny-king-queen-traditional-burdwan-wood-craft-handpainted-sculpture-set-of-2_1.jpg,211,wood carving,450,591.737,1.315
2021-504-1-19-tiny-king-queen-traditional-burdwan-wood-craft-handpainted-sculpture-set-of-2_1.jpg,211,wood carving,450,581.092,1.291
2021-151-1-8-handmade-multipurpose-date-palm-leaves-decor-cup-plate_1.jpg,197,other,490,591.319,1.207
2022-559-1-11-diwali-decor-handpainted-wooden-mata-charan-pair_1.jpg,225,hand painted,280,503.393,1.798
2020-742-1-10-handmade-bonsai-tree-with-sola-flower-arrangement-on-wooden-base_1.jpg,193,handmade,1450,1402.377,0.967
2021-383-1-145-original-blue-pottery-ceramic-couple-decor-item_1.jpg,218,blue art pottery,1590,823.308,0.518
564547-70-rajasthani-men-bobble-head-handmade-puppet-kathputli_1.jpg,6,bobblehead toys,290,1058.307,3.649
532930-42-traditional-handpainted-wooden-ganesha-set-of-2_1.jpg,222,bead work,350,731.023,2.089
2023-813-1-29-tribal-odisha-dokra-handmade-candle-stand_1.jpg,226,dokra craft,1590,1096.433,0.69
564547-51-rajasthani-couple-bobble-head-handmade-puppet-kathputli_1.jpg,6,bobblehead toys,590,1203.499,2.04
564547-19-rajasthani-dancing-couple-handmade-puppet-kathputli-small-4-pc-assorted_1.jpg,6,wood carving,290,994.741,3.43
532930-44-traditional-handpainted-wooden-ganesha-set-of-2_1.jpg,222,bead work,350,731.023,2.089
2023-813-1-4-turtle-tribal-odisha-dokra-handmade-decor-item_1.jpg,226,dokra craft,2590,1102.048,0.426
564547-20-rajasthani-dancing-couple-handmade-puppet-kathputli-small-4-pc-assorted_1.jpg,6,wood carving,290,994.741,3.43
2022-780-1-1-handpainted-cheriyal-painting-wooden-plate-wall-frame-by-dhanalakota-sai-kiran-12-x-12-in_1.jpg,232,cheriyal folk art,9990,4594.469,0.46
2023-375-1-32-shakuni-tholu-bommalata-leather-puppet-16-x-10-in_1.jpg,10,leather puppetry,1890,2581.963,1.366
2023-375-1-37-bhima-tholu-bommalata-leather-puppet-16-x-10-in_1.jpg,10,leather puppetry,1890,2536.473,1.342
handmade-natural-seeds-doll-car-hanger-78-2024-793-1-78_1.jpg,242,natural seed,390,951.441,2.44
handmade-natural-seeds-doll-car-hanger-79-2024-793-1-79_1.jpg,242,natural seed,390,951.441,2.44
handcrafted-vine-bamboo-string-light-3m-2025-678-1-9_1.jpg,245,handmade,1790,726.094,0.406
542157-7-handpainted-tholu-bommalata-leather-hanging-lamp_1.jpg,10,leather puppetry,2350,2280.069,0.97
handcrafted-frill-bamboo-string-light-3m-2025-678-1-13_1.jpg,245,handmade,1790,732.576,0.409
handcrafted-star-full-moon-bamboo-string-light-3m-2025-678-1-22_1.jpg,245,handmade,1790,793.405,0.443
4-pockets-handcrafted-cotton-wall-hanging-letter-holder-21-x-12-in-11-2025-920-1-11_1.jpg,261,patchwork,750,760.044,1.013
4-pockets-handcrafted-cotton-wall-hanging-letter-holder-21-x-12-in-26-2025-920-1-26_1.jpg,261,patchwork,750,748.841,0.998
4-pockets-handcrafted-cotton-wall-hanging-letter-holder-21-x-12-in-12-2025-920-1-12_1.jpg,261,patchwork,750,765.319,1.02
4-pockets-handcrafted-cotton-wall-hanging-letter-holder-21-x-12-in-10-2025-920-1-10_1.jpg,261,patchwork,750,758.573,1.011
4-pockets-handcrafted-cotton-wall-hanging-letter-holder-21-x-12-in-29-2025-920-1-29_1.jpg,261,patchwork,750,753.367,1.004
4-pockets-handcrafted-cotton-wall-hanging-letter-holder-21-x-12-in-01-2025-920-1-1_1.jpg,261,patchwork,750,780.895,1.041
4-pockets-handcrafted-cotton-wall-hanging-letter-holder-21-x-12-in-09-2025-920-1-9_1.jpg,261,patchwork,750,756.8,1.009
4-pockets-handcrafted-cotton-wall-hanging-letter-holder-21-x-12-in-05-2025-920-1-5_1.jpg,261,patchwork,750,741.365,0.988
4-pockets-handcrafted-cotton-wall-hanging-letter-holder-21-x-12-in-02-2025-920-1-2_1.jpg,261,patchwork,750,761.322,1.015
4-pockets-handcrafted-cotton-wall-hanging-letter-holder-21-x-12-in-13-2025-920-1-13_1.jpg,261,patchwork,750,741.683,0.989
4-pockets-handcrafted-cotton-wall-hanging-letter-holder-21-x-12-in-08-2025-920-1-8_1.jpg,261,patchwork,750,745.792,0.994
4-pockets-handcrafted-cotton-wall-hanging-letter-holder-21-x-12-in-27-2025-920-1-27_1.jpg,261,patchwork,750,751.416,1.002
4-pockets-handcrafted-cotton-wall-hanging-letter-holder-21-x-12-in-18-2025-920-1-18_1.jpg,261,patchwork,750,748.06,0.997
4-pockets-handcrafted-cotton-wall-hanging-letter-holder-21-x-12-in-03-2025-920-1-3_1.jpg,261,patchwork,750,745.575,0.994
4-pockets-handcrafted-cotton-wall-hanging-letter-holder-21-x-12-in-25-2025-920-1-25_1.jpg,261,patchwork,750,776.102,1.035
2023-1257-1-12-floral-printed-handcrafted-cable-organiser_1.jpg,266,screen printing,390,932.013,2.39
2023-1257-1-15-floral-printed-handcrafted-cable-organiser_1.jpg,266,screen printing,390,932.013,2.39
2023-1257-1-16-floral-printed-handcrafted-cable-organiser_1.jpg,266,screen printing,390,932.013,2.39
2023-1257-1-14-floral-printed-handcrafted-cable-organiser_1.jpg,266,screen printing,390,932.013,2.39
2023-1257-1-13-floral-printed-handcrafted-cable-organiser_1.jpg,266,screen printing,390,938.86,2.407
2021-371-1-68-channapatna-handmade-wooden-tube-vase-small_1.jpg,275,channapatna toys craft,1090,840.826,0.771
2021-371-1-67-channapatna-handmade-wooden-tube-vase-small_1.jpg,275,channapatna toys craft,1090,840.826,0.771
2021-371-1-66-channapatna-handmade-wooden-tube-vase-small_1.jpg,275,channapatna toys craft,1090,840.826,0.771
2021-371-1-65-channapatna-handmade-wooden-tube-vase-small_1.jpg,275,channapatna toys craft,1090,840.826,0.771
2021-371-1-64-channapatna-handmade-wooden-tube-vase-small_1.jpg,275,channapatna toys craft,1090,840.826,0.771
2021-371-1-69-channapatna-handmade-wooden-tube-vase-small_1.jpg,275,channapatna toys craft,1090,840.826,0.771
2021-371-1-63-traditional-channapatna-handmade-wooden-test-tube-vase-small_1.jpg,275,channapatna toys craft,1090,840.826,0.771
2021-383-1-36-original-blue-pottery-ceramic-decorative-bottle_1.jpg,278,blue art pottery,1390,632.25,0.455
handcrafted-eco-friendly-coconut-shell-jasmine-soy-scented-candle-for-gifting-03-2025-1013-1-3_1.jpg,279,other,590,761.343,1.29
eco-friendly-premium-tin-coconut-soy-candle-small-43-2025-1166-1-43_1.jpg,283,handmade,690,605.943,0.878
sri-aurobindo-ashram-terracotta-candle-gift-set-assorted_1.jpg,286,handmade,390,662.946,1.7
eco-friendly-premium-tin-coconut-soy-candle-big-38-2025-1166-1-38_1.jpg,283,handmade,790,714.047,0.904
handcrafted-eco-friendly-coconut-shell-rose-soy-scented-candle-for-gifting-08-2025-1229-1-4_1.jpg,279,other,590,748.3,1.268
handcrafted-eco-friendly-coconut-shell-rose-soy-scented-candle-for-gifting-05-2025-1013-1-5_1.jpg,279,other,590,735.504,1.247
lavender-citrus-soy-wax-candle-100ml-2026-217-1-17_1.jpg,292,handmade,690,588.807,0.853
eco-friendly-premium-tin-coconut-soy-candle-small-41-2025-1166-1-41_1.jpg,283,handmade,690,601.824,0.872
eco-friendly-premium-tin-coconut-soy-candle-big-39-2025-1166-1-39_1.jpg,283,handmade,790,701.563,0.888
eco-friendly-premium-tin-coconut-soy-candle-small-44-2025-1166-1-44_1.jpg,283,handmade,690,614.397,0.89
handcrafted-eco-friendly-coconut-shell-lotus-soy-scented-candle-for-gifting-01-2025-1013-1-1_1.jpg,279,other,590,766.417,1.299
eco-friendly-premium-tin-coconut-soy-candle-small-42-2025-1166-1-42_1.jpg,283,handmade,690,609.392,0.883
eco-friendly-premium-tin-coconut-soy-candle-big-40-2025-1166-1-40_1.jpg,283,handmade,790,729.322,0.923
mandala-art-handpainted-wooden-coasters-set-of-6-03-2025-1854-1-3_1.jpg,300,mandala art,1190,570.186,0.479
2023-268-1-32-handmade-lacquered-wooden-honey-serving-spoon_1.jpg,306,lacquer craft,490,836.996,1.708
2022-638-1-25-ceramic-leaf-shape-platter_1.jpg,307,pottery,1290,577.731,0.448
2023-268-1-39-handmade-lacquered-wooden-honey-serving-spoon_1.jpg,306,lacquer craft,490,836.996,1.708
2021-1383-1-17-set-of-4-sanganeri-hand-block-print-cotton-table-napkin-17-x-17-in_1.jpg,325,sanganeri block printing,890,622.372,0.699
traditional-pattachitra-hand-painted-akashmoni-wooden-tray-7-x-7-in-02-2025-1118-1-2_1.jpg,326,pattachitra folk art,1650,2271.97,1.377
2022-735-1-2-handcrafted-mango-wooden-epoxy-resin-bowl-4-x-4-in_1.jpg,328,wood carving,950,847.339,0.892
traditional-pattachitra-hand-painted-akashmoni-wooden-tray-11-x-8-in-39-2025-1118-1-39_1.jpg,326,pattachitra folk art,2490,2263.293,0.909
2020-576-1-13-handmade-bamboo-cereal-tray-set-of-3-yellow_1.jpg,333,bamboo craft,6490,2012.78,0.31
519699-2-block-printed-patchwork-cotton-table-runner-61-x-14-in_1.jpg,337,patchwork,850,1621.361,1.907
jacquard-cotton-table-mat-with-pocket-03-2024-1527-1-3_1.jpg,339,jacquard weaving,450,603.244,1.341
446970-6-handmade-papier-mache-coasters-set-of-6_1.jpg,82,bengal papier mache craft,990,818.608,0.827
mandala-art-handpainted-wooden-coasters-set-of-6-02-2025-1854-1-2_1.jpg,300,mandala art,1190,593.176,0.498
2023-1293-1-35-set-of-4-bagru-block-printed-cotton-table-napkins-18-x-18-in_1.jpg,341,bagru block printing,890,888.259,0.998
handcrafted-fabric-valet-tray-9-x-7-in-03-2025-950-11-3_1.jpg,342,handmade,650,657.415,1.011
2023-1293-1-32-set-of-4-bagru-block-printed-cotton-table-napkins-18-x-18-in_1.jpg,341,bagru block printing,890,886.367,0.996
560182-11-handmade-papier-mache-metal-coated-coasters-set-of-6_1.jpg,349,other,990,896.846,0.906
pintuck-plain-table-napkin-set-of-4-03-2025-1223-1-3_1.jpg,351,pintuck,790,905.912,1.147
2023-1293-1-57-set-of-4-bagru-block-printed-cotton-table-napkins-18-x-18-in_1.jpg,341,bagru block printing,890,906.824,1.019
2024-353-1-27-set-of-4-pintuck-plain-cotton-table-napkins-18-x-18-in-27_1.jpg,351,pintuck,790,930.781,1.178
2023-268-1-37-handmade-lacquered-wooden-honey-serving-spoon_1.jpg,306,lacquer craft,490,836.996,1.708
traditional-pattachitra-hand-painted-akashmoni-wooden-tray-10-x-5-in-11-2025-1118-1-11_1.jpg,326,pattachitra folk art,1850,2299.991,1.243
2023-268-1-14-handmade-lacquered-wooden-honey-serving-spoon_1.jpg,306,lacquer craft,490,836.996,1.708
2020-576-1-48-handmade-sabai-grass-bread-basket-set-of-2-brown_1.jpg,355,other,3100,1816.922,0.586
pintuck-plain-table-napkin-set-of-4-04-2025-1223-1-4_1.jpg,351,pintuck,790,895.567,1.134
pintuck-plain-table-napkin-set-of-4-05-2025-1223-1-5_1.jpg,351,pintuck,790,900.69,1.14
traditional-pattachitra-hand-painted-akashmoni-wooden-tray-11-x-8-in-40-2025-1118-1-40_1.jpg,326,pattachitra folk art,2490,2318.595,0.931
khambadiya-patchwork-table-mat-12-x-18-in-16-2025-1128-3-16_1.jpg,358,khambadiya patchwork,390,1098.257,2.816
2023-268-1-70-handmade-lacquered-wooden-honey-serving-spoon_1.jpg,306,lacquer craft,490,914.776,1.867
2022-1184-1-9-handmade-water-hyacinth-table-mat-from-assam_1.jpg,360,assam water hyacinth craft,650,954.831,1.469
2023-1512-1-17-handmade-water-hyacinth-coasters-from-assam-set-of-6_1.jpg,360,assam water hyacinth craft,1290,704.068,0.546
2022-1184-1-17-handmade-water-hyacinth-coasters-from-assam-set-of-6_1.jpg,360,assam water hyacinth craft,1290,878.594,0.681
2023-630-1-1-handmade-water-hyacinth-coasters-from-assam-set-of-6_1.jpg,360,assam water hyacinth craft,1290,878.594,0.681
562974-1-kadam-haat-handmade-wooden-pizza-base_1.jpg,362,wood carving,590,958.61,1.625
handcrafted-fabric-valet-tray-9-x-7-in-11-2025-950-11-11_1.jpg,342,handmade,550,625.311,1.137
2023-630-1-10-handmade-water-hyacinth-coasters-from-assam-set-of-6_1.jpg,360,assam water hyacinth craft,1290,878.594,0.681
pintuck-plain-table-napkin-set-of-4-01-2025-1223-1-1_1.jpg,351,pintuck,790,930.6,1.178
2023-1293-1-17-set-of-4-bagru-block-printed-cotton-table-napkins-18-x-18-in_1.jpg,341,bagru block printing,890,883.43,0.993
handcrafted-fabric-valet-tray-11-x-9-in-19-2025-950-11-19_1.jpg,342,handmade,690,666.787,0.966
2023-958-1-20-phulkari-hand-embroidery-laminated-coasters-set-of-6_1.jpg,363,phulkari,1990,1394.367,0.701
2023-1512-1-21-handmade-water-hyacinth-coasters-from-assam-set-of-6_1.jpg,360,assam water hyacinth craft,1290,704.068,0.546
2024-353-1-6-set-of-4-pintuck-plain-cotton-table-napkins-18-x-18-in-06_1.jpg,351,pintuck,790,886.623,1.122
traditional-pattachitra-hand-painted-akashmoni-wooden-tray-15-x-7-in-31-2025-1118-1-31_1.jpg,326,pattachitra folk art,2690,2260.836,0.84
handpainted-mandala-art-wooden-coasters-set-of-6-05-2026-004-1-5_1.jpg,300,mandala art,1190,568.729,0.478
2021-645-2-6-handcrafted-seashell-coasters-set-of-6_1.jpg,370,handmade,1590,679.746,0.428
2023-630-1-3-handmade-water-hyacinth-coasters-from-assam-set-of-6_1.jpg,360,assam water hyacinth craft,1290,878.594,0.681
2021-1383-1-20-set-of-4-sanganeri-hand-block-print-cotton-table-napkin-17-x-17-in_1.jpg,325,sanganeri block printing,890,618.376,0.695
pintuck-plain-table-napkin-set-of-4-02-2025-1223-1-2_1.jpg,351,pintuck,790,799.145,1.012
2024-413-1-34-floral-printed-handcrafted-basket-valet-tray-6-x-6-in-34_1.jpg,373,digital printing,950,1138.977,1.199
handcrafted-fabric-valet-tray-9-x-7-in-05-2025-950-11-5_1.jpg,342,handmade,550,624.705,1.136
2024-413-1-35-floral-printed-handcrafted-basket-valet-tray-6-x-6-in-35_1.jpg,373,digital printing,950,1179.84,1.242
traditional-pattachitra-hand-painted-akashmoni-wooden-tray-11-x-8-in-37-2025-1118-1-37_1.jpg,326,pattachitra folk art,2490,2188.291,0.879
2023-268-1-17-handmade-lacquered-wooden-honey-serving-spoon_1.jpg,306,lacquer craft,490,836.996,1.708
2024-711-1-4-handcrafted-jacquard-table-mat-with-pocket-04_1.jpg,374,jacquard weaving,450,638.275,1.418
2023-268-1-24-handmade-lacquered-wooden-honey-serving-spoon_1.jpg,306,lacquer craft,490,836.996,1.708
2023-268-1-56-handmade-lacquered-wooden-honey-serving-spoon_1.jpg,306,lacquer craft,490,893.783,1.824
traditional-pattachitra-hand-painted-akashmoni-wooden-tray-15-x-7-in-32-2025-1118-1-32_1.jpg,326,pattachitra folk art,2690,2287.378,0.85
handcrafted-fabric-valet-tray-9-x-7-in-04-2025-950-11-4_1.jpg,342,handmade,550,648.931,1.18
2023-1293-1-39-set-of-4-bagru-block-printed-cotton-table-napkins-18-x-18-in_1.jpg,341,bagru block printing,890,924.639,1.039
2023-268-1-25-handmade-lacquered-wooden-honey-serving-spoon_1.jpg,306,lacquer craft,490,836.996,1.708
2023-958-1-12-phulkari-hand-embroidery-laminated-coasters-set-of-6_1.jpg,363,phulkari,1990,1394.367,0.701
2024-353-1-8-set-of-4-pintuck-plain-cotton-table-napkins-18-x-18-in-08_1.jpg,351,pintuck,790,917.452,1.161
2021-1383-1-66-set-of-4-ajrakh-hand-block-print-cotton-table-napkin-17-x-17-in_1.jpg,325,ajrakh block printing,890,839.405,0.943
2023-268-1-71-handmade-lacquered-wooden-honey-serving-spoon_1.jpg,306,lacquer craft,490,913.736,1.865
2022-963-1-55-original-blue-pottery-ceramic-serving-plate-9-x-9-in_1.jpg,383,blue art pottery,1690,783.635,0.464
2023-268-1-49-handmade-lacquered-wooden-honey-serving-spoon_1.jpg,306,lacquer craft,490,920.834,1.879
2022-638-1-23-ceramic-dinner-plate-set-of-2_1.jpg,307,pottery,2190,868.479,0.397
mandala-art-handpainted-wooden-coasters-set-of-6-06-2025-1854-1-6_1.jpg,300,mandala art,1190,563.974,0.474
446970-9-handmade-papier-mache-coasters-set-of-6_1.jpg,82,bengal papier mache craft,990,818.608,0.827
2021-1383-1-74-set-of-4-ajrakh-hand-block-print-cotton-table-napkin-17-x-17-in_1.jpg,325,ajrakh block printing,890,770.39,0.866
floral-block-print-cotton-hand-embroidery-table-napkin-02-2024-953-1-2_1.jpg,385,sanganeri block printing,290,494.541,1.705
running-stitch-table-napkin-set-of-4-06-2025-924-1-6_1.jpg,389,running stitch,790,469.899,0.595
2023-268-1-73-handmade-lacquered-wooden-honey-serving-spoon_1.jpg,306,lacquer craft,490,918.51,1.875
560182-4-handmade-papier-mache-metal-coated-coasters-set-of-6_1.jpg,349,other,990,896.846,0.906
traditional-pattachitra-hand-painted-akashmoni-wooden-tray-11-x-6-in-21-2025-1118-1-21_1.jpg,326,pattachitra folk art,1850,4245.1,2.295
2024-413-1-33-floral-printed-handcrafted-basket-valet-tray-6-x-6-in-33_1.jpg,373,digital printing,950,1182.578,1.245
2023-268-1-53-handmade-lacquered-wooden-honey-serving-spoon_1.jpg,306,lacquer craft,490,930.103,1.898
mandala-art-handpainted-wooden-coasters-set-of-6-20-2025-1854-1-20_1.jpg,300,mandala art,1190,568.51,0.478
floral-block-print-cotton-hand-embroidery-table-napkin-07-2024-1084-1-7_1.jpg,398,sanganeri block printing,290,461.722,1.592
running-stitch-table-napkin-set-of-4-09-2025-924-1-10_1.jpg,389,running stitch,790,486.216,0.615
2022-638-1-24-ceramic-dinner-plate-set-of-2_1.jpg,307,pottery,2190,799.154,0.365
2024-353-1-12-set-of-4-pintuck-plain-cotton-table-napkins-18-x-18-in-12_1.jpg,351,pintuck,790,946.745,1.198
2024-711-1-10-handcrafted-jacquard-table-mat-with-pocket-10_1.jpg,374,jacquard weaving,450,643.443,1.43
2023-630-1-8-handmade-water-hyacinth-coasters-from-assam-set-of-6_1.jpg,360,assam water hyacinth craft,1290,878.594,0.681
2023-1512-1-22-handmade-water-hyacinth-coasters-from-assam-set-of-6_1.jpg,360,assam water hyacinth craft,1290,704.068,0.546
2023-268-1-23-handmade-lacquered-wooden-honey-serving-spoon_1.jpg,306,lacquer craft,490,836.996,1.708
2024-711-1-6-handcrafted-jacquard-table-mat-with-pocket-06_1.jpg,374,jacquard weaving,450,627.291,1.394
2022-1184-1-5-handmade-water-hyacinth-table-mat-from-assam_1.jpg,360,assam water hyacinth craft,650,1002.882,1.543
2023-1293-1-37-set-of-4-bagru-block-printed-cotton-table-napkins-18-x-18-in_1.jpg,341,bagru block printing,890,864.803,0.972
khambadiya-patchwork-table-mat-12-x-18-in-12-2025-1128-3-12_1.jpg,358,khambadiya patchwork,390,1080.817,2.771
2022-1184-1-6-handmade-water-hyacinth-table-mat-from-assam_1.jpg,360,assam water hyacinth craft,650,1002.882,1.543
handpainted-mandala-art-wooden-coasters-set-of-6-12-2026-004-1-12_1.jpg,300,mandala art,1190,588.002,0.494
traditional-pattachitra-hand-painted-akashmoni-wooden-tray-15-x-7-in-26-2025-1118-1-26_1.jpg,326,pattachitra folk art,2690,2208.305,0.821
handpainted-mandala-art-wooden-coasters-set-of-6-18-2026-004-1-18_1.jpg,300,mandala art,1190,610.434,0.513
floral-block-print-cotton-hand-embroidery-table-napkin-03-2024-953-1-3_1.jpg,385,sanganeri block printing,290,457.386,1.577
traditional-pattachitra-hand-painted-akashmoni-wooden-tray-15-x-7-in-30-2025-1118-1-30_1.jpg,326,pattachitra folk art,2690,2419.028,0.899
traditional-pattachitra-hand-painted-akashmoni-wooden-tray-11-x-8-in-34-2025-1118-1-34_1.jpg,326,pattachitra folk art,2490,2312.782,0.929
mandala-art-handpainted-wooden-coasters-set-of-6-15-2025-1854-1-15_1.jpg,300,mandala art,1190,577.471,0.485
2022-1184-1-8-handmade-water-hyacinth-table-mat-from-assam_1.jpg,360,assam water hyacinth craft,650,1002.882,1.543
jacquard-cotton-table-mat-with-pocket-11-2024-1527-1-11_1.jpg,339,jacquard weaving,450,599.896,1.333
jacquard-cotton-table-mat-with-pocket-01-2024-1527-1-1_1.jpg,339,jacquard weaving,450,610.303,1.356
traditional-pattachitra-hand-painted-akashmoni-wooden-tray-7-x-6-in-14-2025-1118-1-14_1.jpg,326,pattachitra folk art,1650,2273.01,1.378
2021-1096-1-3-set-of-4-handmade-cotton-fabric-table-napkins_1.jpg,325,sanganeri block printing,890,566.121,0.636
traditional-pattachitra-hand-painted-akashmoni-wooden-tray-13-x-8-in-25-2025-1118-1-25_1.jpg,326,pattachitra folk art,2690,2317.818,0.862
2023-630-1-2-handmade-water-hyacinth-coasters-from-assam-set-of-6_1.jpg,360,assam water hyacinth craft,1290,878.594,0.681
mandala-art-handpainted-wooden-coasters-set-of-6-04-2025-1854-1-4_1.jpg,300,mandala art,1190,567.908,0.477
2023-268-1-21-handmade-lacquered-wooden-honey-serving-spoon_1.jpg,306,lacquer craft,490,836.996,1.708
544435-23-ceramic-dip-bowls-set-of-2_1.jpg,409,pottery,450,669.652,1.488
2020-576-1-35-handmade-bamboo-fruit-basket-set-of-2-black_1.jpg,333,bamboo craft,3690,1298.227,0.352
2020-576-1-38-handmade-bamboo-fruit-basket-with-lid-black_1.jpg,333,bamboo craft,2490,1179.889,0.474
2024-353-1-18-set-of-4-pintuck-plain-cotton-table-napkins-18-x-18-in-18_1.jpg,351,pintuck,790,901.582,1.141
2023-268-1-57-handmade-lacquered-wooden-honey-serving-spoon_1.jpg,306,lacquer craft,490,912.988,1.863
jacquard-cotton-table-mat-with-pocket-04-2024-1527-1-4_1.jpg,339,jacquard weaving,450,593.645,1.319
2023-268-1-35-handmade-lacquered-wooden-honey-serving-spoon_1.jpg,306,lacquer craft,490,836.996,1.708
2022-638-1-58-black-matt-serving-kadhai-platter-with-green-dip-bowl_1.jpg,412,pottery,540,811.712,1.503
handcrafted-fabric-valet-tray-12-x-10-in-34-2025-950-11-34_1.jpg,342,handmade,890,704.373,0.791
2024-711-1-2-handcrafted-jacquard-table-mat-with-pocket-02_1.jpg,374,jacquard weaving,450,635.006,1.411
560182-17-handmade-papier-mache-metal-coated-coasters-set-of-6_1.jpg,349,other,990,896.846,0.906
2023-268-1-68-handmade-lacquered-wooden-honey-serving-spoon_1.jpg,306,lacquer craft,490,912.832,1.863
2022-757-1-2-handcrafted-seashell-square-coasters-set-of-6_1.jpg,370,seashell craft,1950,751.632,0.385
519699-5-block-printed-patchwork-cotton-table-runner-61-x-14-in_1.jpg,337,patchwork,850,1621.361,1.907
handcrafted-fabric-valet-tray-12-x-10-in-25-2025-950-11-25_1.jpg,342,handmade,890,758.431,0.852
mandala-art-handpainted-wooden-coasters-set-of-6-19-2025-1854-1-19_1.jpg,300,mandala art,1190,581.259,0.488
2023-1198-1-36-set-of-4-bagru-block-printed-cotton-table-napkins-18-x-18-in_1.jpg,341,bagru block printing,890,878.694,0.987
519699-1-block-printed-patchwork-cotton-table-runner_1.jpg,337,patchwork,850,1621.361,1.907
2022-1184-1-1-handmade-water-hyacinth-table-mat-from-assam_1.jpg,360,assam water hyacinth craft,650,940.463,1.447
mandala-art-handpainted-wooden-coasters-set-of-6-10-2025-1854-1-10_1.jpg,300,mandala art,1190,576.707,0.485
2024-711-1-9-handcrafted-jacquard-table-mat-with-pocket-09_1.jpg,374,jacquard weaving,450,645.368,1.434
2020-576-1-27-handmade-bamboo-square-tray-small-orange_1.jpg,333,bamboo craft,1890,1207.494,0.639
handcrafted-fabric-valet-tray-12-x-10-in-31-2025-950-11-31_1.jpg,342,handmade,890,691.743,0.777
2024-353-1-15-set-of-4-pintuck-plain-cotton-table-napkins-18-x-18-in-15_1.jpg,351,pintuck,790,967.305,1.224
ikat-cotton-table-mat-with-pocket-15-2024-1527-1-15_1.jpg,339,pochampally ikat weaving,450,709.755,1.577
handcrafted-fabric-valet-tray-12-x-10-in-27-2025-950-11-27_1.jpg,342,handmade,890,659.139,0.741
2023-268-1-41-handmade-lacquered-wooden-honey-serving-spoon_1.jpg,306,lacquer craft,490,836.996,1.708
2023-268-1-85-handmade-lacquered-wooden-honey-serving-spoon_1.jpg,306,lacquer craft,490,906.57,1.85
traditional-pattachitra-hand-painted-akashmoni-wooden-tray-7-x-7-in-01-2025-1118-1-1_1.jpg,326,pattachitra folk art,1650,2252.19,1.365
2023-390-2-47-jute-cotton-hand-braided-table-mat-19-x-24-in_1.jpg,416,jute weaving,490,531.611,1.085
493760-5-handmade-cotton-fabric-table-napkins-18-x-18-in_1.jpg,325,sanganeri block printing,890,711.328,0.799
2020-576-1-26-handmade-bamboo-square-tray-small-olive_1.jpg,333,bamboo craft,2290,1231.604,0.538
2022-638-1-22-handpainted-ceramic-chip-n-dip-platter-with-2-fixed-dip-bowl_1.jpg,412,pottery,1190,950.042,0.798
2023-268-1-30-handmade-lacquered-wooden-honey-serving-spoon_1.jpg,306,lacquer craft,490,836.996,1.708
traditional-pattachitra-hand-painted-akashmoni-wooden-tray-15-x-7-in-27-2025-1118-1-27_1.jpg,326,pattachitra folk art,2690,2296.447,0.854
2023-268-1-50-handmade-lacquered-wooden-honey-serving-spoon_1.jpg,306,lacquer craft,490,918.316,1.874
handcrafted-fabric-valet-tray-11-x-9-in-13-2025-950-11-13_1.jpg,342,handmade,890,670.013,0.753
jacquard-cotton-table-mat-with-pocket-08-2024-1527-1-8_1.jpg,339,jacquard weaving,450,637.071,1.416
running-stitch-table-napkin-set-of-4-01-2025-924-1-1_1.jpg,389,running stitch,790,490.996,0.622
handpainted-mandala-art-wooden-coasters-set-of-6-07-2026-004-1-7_1.jpg,300,mandala art,1190,609.84,0.512
khambadiya-patchwork-beadwork-table-runner-60-x-16-in-08-2025-1128-3-8_1.jpg,420,khambadiya patchwork,1190,1825.089,1.534
khambadiya-patchwork-table-mat-12-x-18-in-13-2025-1128-3-13_1.jpg,358,khambadiya patchwork,390,1040.71,2.668
2023-1293-1-22-set-of-4-bagru-block-printed-cotton-table-napkins-18-x-18-in_1.jpg,341,bagru block printing,890,876.91,0.985
2023-268-1-13-handmade-lacquered-wooden-honey-serving-spoon_1.jpg,306,lacquer craft,490,836.996,1.708
pintuck-plain-table-napkin-set-of-4-07-2025-1223-1-7_1.jpg,351,pintuck,790,915.302,1.159
traditional-pattachitra-hand-painted-akashmoni-wooden-tray-7-x-7-in-03-2025-1118-1-3_1.jpg,326,pattachitra folk art,1650,2238.0,1.356
2023-268-1-55-handmade-lacquered-wooden-honey-serving-spoon_1.jpg,306,lacquer craft,490,918.316,1.874
2020-576-1-11-handmade-bamboo-cereal-tray-set-of-3-red_1.jpg,333,bamboo craft,6490,2026.372,0.312
560182-1-handmade-papier-mache-metal-coated-coasters-set-of-6_1.jpg,349,other,990,896.846,0.906
handmade-cotton-table-runner-05-2025-230-1-5_1.jpg,425,batik block printing,790,928.81,1.176
2021-1383-1-27-set-of-4-sanganeri-hand-block-print-cotton-table-napkin-17-x-17-in_1.jpg,325,sanganeri block printing,890,628.935,0.707
2023-1512-1-20-handmade-water-hyacinth-coasters-from-assam-set-of-6_1.jpg,360,assam water hyacinth craft,1290,704.068,0.546
519699-10-block-printed-patchwork-cotton-table-runner-61-x-14-in_1.jpg,337,patchwork,850,1621.361,1.907
pintuck-plain-table-napkin-set-of-4-06-2025-1223-1-6_1.jpg,351,pintuck,790,891.32,1.128
floral-block-print-cotton-hand-embroidery-table-napkin-10-2024-953-1-10_1.jpg,385,sanganeri block printing,290,482.839,1.665
jacquard-cotton-table-mat-with-pocket-10-2024-1527-1-10_1.jpg,339,jacquard weaving,450,607.71,1.35
562974-29-handcrafted-sheesham-wooden-dry-fruit-tray-11-x-3-in_1.jpg,429,wood carving,1190,1185.75,0.996
2023-464-1-19-handcrafted-mango-wooden-bowl-3-x-3-in_1.jpg,328,wood carving,650,691.987,1.065
2022-963-1-2-original-blue-pottery-ceramic-triangular-tray-5-x-7-in_1.jpg,383,blue art pottery,1190,962.729,0.809
khambadiya-patchwork-table-mat-12-x-18-in-15-2025-1128-3-15_1.jpg,358,khambadiya patchwork,390,1094.616,2.807
jacquard-cotton-table-mat-with-pocket-14-2024-1527-1-14_1.jpg,339,jacquard weaving,450,609.776,1.355
2023-268-1-58-handmade-lacquered-wooden-honey-serving-spoon_1.jpg,306,lacquer craft,490,836.996,1.708
2023-268-1-16-handmade-lacquered-wooden-honey-serving-spoon_1.jpg,306,lacquer craft,490,836.996,1.708
2024-711-1-5-handcrafted-jacquard-table-mat-with-pocket-05_1.jpg,374,jacquard weaving,450,620.441,1.379
2023-630-1-4-handmade-water-hyacinth-coasters-from-assam-set-of-6_1.jpg,360,assam water hyacinth craft,1290,878.594,0.681
2024-711-1-8-handcrafted-ikat-table-mat-with-pocket-08_1.jpg,374,pochampally ikat weaving,450,849.296,1.887
2022-638-1-9-ceramic-hand-glazed-plate-navy-blue-set-of-4_1.jpg,307,pottery,2190,811.011,0.37
pintuck-plain-table-napkin-set-of-4-08-2025-1223-1-8_1.jpg,351,pintuck,790,922.977,1.168
running-stitch-table-napkin-set-of-4-07-2025-924-1-7_1.jpg,389,running stitch,790,469.966,0.595
2022-1184-1-4-handmade-water-hyacinth-table-mat-from-assam_1.jpg,360,assam water hyacinth craft,650,923.859,1.421
2023-268-1-27-handmade-lacquered-wooden-honey-serving-spoon_1.jpg,306,lacquer craft,490,836.996,1.708
560182-15-handmade-papier-mache-metal-coated-coasters-set-of-6_1.jpg,349,other,990,896.846,0.906
handcrafted-fabric-valet-tray-9-x-7-in-12-2025-950-11-12_1.jpg,342,handmade,650,686.1,1.056
handmade-cotton-table-runner-02-2025-230-1-2_1.jpg,425,batik block printing,790,942.684,1.193
2022-1184-1-12-handmade-water-hyacinth-table-mat-from-assam_1.jpg,360,assam water hyacinth craft,650,954.831,1.469
2024-353-1-23-set-of-4-pintuck-plain-cotton-table-napkins-18-x-18-in-23_1.jpg,351,pintuck,790,921.115,1.166
2023-268-1-33-handmade-lacquered-wooden-honey-serving-spoon_1.jpg,306,lacquer craft,490,836.996,1.708
2021-1383-1-18-set-of-4-sanganeri-hand-block-print-cotton-table-napkin-17-x-17-in_1.jpg,325,sanganeri block printing,890,733.491,0.824
2023-268-1-59-handmade-lacquered-wooden-honey-serving-spoon_1.jpg,306,lacquer craft,490,836.996,1.708
2024-353-1-24-set-of-4-pintuck-plain-cotton-table-napkins-18-x-18-in-24_1.jpg,351,pintuck,790,883.039,1.118
2023-268-1-45-handmade-lacquered-wooden-honey-serving-spoon_1.jpg,306,lacquer craft,490,836.996,1.708
519699-11-block-printed-patchwork-cotton-table-runner-61-x-14-in_1.jpg,337,patchwork,850,1621.361,1.907
traditional-pattachitra-hand-painted-akashmoni-wooden-tray-10-x-5-in-22-2025-1118-1-22_1.jpg,326,pattachitra folk art,1850,2264.26,1.224
handpainted-mandala-art-wooden-coasters-set-of-6-16-2026-004-1-16_1.jpg,300,mandala art,1190,615.08,0.517
floral-block-print-cotton-hand-embroidery-table-napkin-04-2024-953-1-4_1.jpg,385,sanganeri block printing,290,488.996,1.686
handpainted-mandala-art-wooden-coasters-set-of-6-03-2026-004-1-3_1.jpg,300,mandala art,1190,574.838,0.483
2021-1383-1-19-set-of-4-sanganeri-hand-block-print-cotton-table-napkin-17-x-17-in_1.jpg,325,sanganeri block printing,890,607.481,0.683
floral-block-print-cotton-hand-embroidery-table-napkin-04-2024-1084-1-4_1.jpg,398,sanganeri block printing,290,454.212,1.566
kashmir-enamelware-floral-handpainted-stainless-steel-breakfast-bowl-01-2025-1104-1-1_1.jpg,437,kashmir enamel work,1290,1926.185,1.493
mandala-art-handpainted-wooden-coasters-set-of-6-07-2025-1854-1-7_1.jpg,300,mandala art,1190,580.098,0.487
ikat-cotton-table-mat-with-pocket-05-2024-1527-1-5_1.jpg,339,pochampally ikat weaving,450,690.445,1.534
handpainted-mandala-art-wooden-coasters-set-of-6-08-2026-004-1-8_1.jpg,300,mandala art,1190,579.003,0.487
handcrafted-fabric-valet-tray-12-x-10-in-28-2025-950-11-28_1.jpg,342,handmade,890,717.423,0.806
handcrafted-fabric-valet-tray-12-x-10-in-23-2025-950-11-23_1.jpg,342,handmade,890,720.885,0.81
2021-1383-1-73-set-of-4-ajrakh-hand-block-print-cotton-table-napkin-17-x-17-in_1.jpg,325,ajrakh block printing,890,839.405,0.943
2023-268-1-65-handmade-lacquered-wooden-honey-serving-spoon_1.jpg,306,lacquer craft,490,836.996,1.708
519699-3-block-printed-patchwork-cotton-table-runner-61-x-14-in_1.jpg,337,patchwork,850,1621.361,1.907
560182-6-handmade-papier-mache-metal-coated-coasters-set-of-6_1.jpg,349,other,990,896.846,0.906
traditional-pattachitra-hand-painted-akashmoni-wooden-tray-11-x-8-in-38-2025-1118-1-38_1.jpg,326,pattachitra folk art,2490,2197.812,0.883
2023-268-1-29-handmade-lacquered-wooden-honey-serving-spoon_1.jpg,306,lacquer craft,490,836.996,1.708
560182-12-handmade-papier-mache-metal-coated-coasters-set-of-6_1.jpg,349,other,990,896.846,0.906
floral-block-print-cotton-hand-embroidery-table-napkin-02-2024-1084-1-2_1.jpg,398,sanganeri block printing,290,482.693,1.664
2023-630-1-5-handmade-water-hyacinth-coasters-from-assam-set-of-6_1.jpg,360,assam water hyacinth craft,1290,878.594,0.681
kashmir-enamelware-floral-handpainted-stainless-steel-breakfast-bowl-04-2025-1104-1-4_1.jpg,437,kashmir enamel work,1290,1925.595,1.493
2021-1096-1-7-set-of-4-handmade-cotton-fabric-table-napkins_1.jpg,325,sanganeri block printing,890,680.395,0.764
mandala-art-handpainted-wooden-coasters-set-of-6-18-2025-1854-1-18_1.jpg,300,mandala art,1190,579.461,0.487
2024-353-1-3-set-of-4-pintuck-plain-cotton-table-napkins-18-x-18-in-03_1.jpg,351,pintuck,790,912.577,1.155
2022-735-1-1-handcrafted-mango-wooden-epoxy-resin-work-bowl-4-x-4-in_1.jpg,328,wood carving,950,847.339,0.892
running-stitch-table-napkin-set-of-4-05-2025-924-1-5_1.jpg,389,running stitch,790,474.366,0.6
floral-block-print-cotton-hand-embroidery-table-napkin-08-2024-953-1-8_1.jpg,385,sanganeri block printing,290,460.679,1.589
493760-4-handmade-cotton-fabric-table-napkins-18-x-18-in_1.jpg,325,sanganeri block printing,890,631.519,0.71
2021-1096-1-5-set-of-4-handmade-cotton-fabric-table-napkins_1.jpg,325,sanganeri block printing,890,566.121,0.636
handcrafted-fabric-valet-tray-9-x-7-in-08-2025-950-11-8_1.jpg,342,handmade,550,606.083,1.102
2022-735-1-11-handcrafted-mango-wooden-square-bowl-6-x-6-in_1.jpg,442,wood carving,1590,584.736,0.368
traditional-pattachitra-hand-painted-akashmoni-wooden-tray-15-x-7-in-29-2025-1118-1-29_1.jpg,326,pattachitra folk art,2690,2289.432,0.851
2023-268-1-64-handmade-lacquered-wooden-honey-serving-spoon_1.jpg,306,lacquer craft,490,836.996,1.708
544435-24-ceramic-dip-bowls-set-of-2_1.jpg,409,pottery,450,656.326,1.459
handcrafted-fabric-valet-tray-9-x-7-in-01-2025-950-11-1_1.jpg,342,handmade,550,616.548,1.121
2023-630-1-7-handmade-water-hyacinth-coasters-from-assam-set-of-6_1.jpg,360,assam water hyacinth craft,1290,878.594,0.681
floral-block-print-cotton-hand-embroidery-table-napkin-09-2024-1187-1-9_1.jpg,398,sanganeri block printing,290,424.478,1.464
560182-5-handmade-papier-mache-metal-coated-coasters-set-of-6_1.jpg,349,other,990,896.846,0.906
2023-268-1-12-handmade-lacquered-wooden-honey-serving-spoon_1.jpg,306,lacquer craft,490,836.996,1.708
2023-268-1-22-handmade-lacquered-wooden-honey-serving-spoon_1.jpg,306,lacquer craft,490,836.996,1.708
2020-576-1-21-handmade-bamboo-square-tray-set-of-3-black_1.jpg,333,bamboo craft,4490,1468.26,0.327
2024-353-1-25-set-of-4-pintuck-plain-cotton-table-napkins-18-x-18-in-25_1.jpg,351,pintuck,790,955.089,1.209
2024-711-1-7-handcrafted-jacquard-table-mat-with-pocket-07_1.jpg,374,jacquard weaving,450,629.067,1.398
mandala-art-handpainted-wooden-coasters-set-of-6-01-2025-1854-1-1_1.jpg,300,mandala art,1190,578.014,0.486
kashmir-enamelware-floral-handpainted-stainless-steel-breakfast-bowl-05-2025-1104-1-5_1.jpg,437,kashmir enamel work,1290,1901.623,1.474
floral-block-print-cotton-hand-embroidery-table-napkin-04-2024-1187-1-4_1.jpg,398,sanganeri block printing,290,419.283,1.446
2024-711-1-3-handcrafted-jacquard-table-mat-with-pocket-03_1.jpg,374,jacquard weaving,450,651.139,1.447
2023-1293-1-27-set-of-4-bagru-block-printed-cotton-table-napkins-18-x-18-in_1.jpg,341,bagru block printing,890,888.259,0.998
560182-2-handmade-papier-mache-metal-coated-coasters-set-of-6_1.jpg,349,other,990,896.846,0.906
mandala-art-handpainted-wooden-coasters-set-of-6-13-2025-1854-1-13_1.jpg,300,mandala art,1190,567.222,0.477
pintuck-plain-table-napkin-set-of-4-09-2025-1223-1-9_1.jpg,351,pintuck,790,783.72,0.992
2022-1184-1-2-handmade-water-hyacinth-table-mat-from-assam_1.jpg,360,assam water hyacinth craft,650,954.831,1.469
khambadiya-patchwork-table-mat-12-x-18-in-14-2025-1128-3-14_1.jpg,358,khambadiya patchwork,390,1125.924,2.887
handcrafted-fabric-valet-tray-12-x-10-in-35-2025-950-11-35_1.jpg,342,handmade,890,699.26,0.786
2023-268-1-40-handmade-lacquered-wooden-honey-serving-spoon_1.jpg,306,lacquer craft,490,836.996,1.708
handpainted-mandala-art-wooden-coasters-set-of-6-19-2026-004-1-19_1.jpg,300,mandala art,1190,611.526,0.514
mandala-art-handpainted-wooden-coasters-set-of-6-17-2025-1854-1-17_1.jpg,300,mandala art,1190,579.461,0.487
2024-353-1-22-set-of-4-pintuck-plain-cotton-table-napkins-18-x-18-in-22_1.jpg,351,pintuck,790,956.65,1.211
2023-268-1-28-handmade-lacquered-wooden-honey-serving-spoon_1.jpg,306,lacquer craft,490,836.996,1.708
jacquard-cotton-table-mat-with-pocket-02-2024-1527-1-2_1.jpg,339,jacquard weaving,450,608.784,1.353
560182-8-handmade-papier-mache-metal-coated-coasters-set-of-6_1.jpg,349,other,990,896.846,0.906
2023-268-1-36-handmade-lacquered-wooden-honey-serving-spoon_1.jpg,306,lacquer craft,490,836.996,1.708
mandala-art-handpainted-wooden-coasters-set-of-6-05-2025-1854-1-5_1.jpg,300,mandala art,1190,566.106,0.476
2023-268-1-19-handmade-lacquered-wooden-honey-serving-spoon_1.jpg,306,lacquer craft,490,836.996,1.708
2020-795-1-47-sukriti-handmade-block-printed-fabric-tissue-box_1.jpg,448,hand block printing,1590,2353.83,1.48
446970-8-handmade-papier-mache-coasters-set-of-6_1.jpg,82,bengal papier mache craft,990,818.608,0.827
handpainted-mandala-art-wooden-coasters-set-of-6-06-2026-004-1-6_1.jpg,300,mandala art,1190,603.227,0.507
handcrafted-fabric-valet-tray-11-x-9-in-17-2025-950-11-17_1.jpg,342,handmade,890,686.332,0.771
2023-268-1-75-handmade-lacquered-wooden-honey-serving-spoon_1.jpg,306,lacquer craft,490,919.577,1.877
2020-576-1-49-handmade-sabai-grass-bread-basket-set-of-2-beige_1.jpg,355,other,3100,1784.384,0.576
mandala-art-handpainted-wooden-coasters-set-of-6-11-2025-1854-1-11_1.jpg,300,mandala art,1190,585.208,0.492
traditional-pattachitra-hand-painted-akashmoni-wooden-tray-11-x-8-in-42-2025-1118-1-42_1.jpg,326,pattachitra folk art,2490,2287.274,0.919
handpainted-mandala-art-wooden-coasters-set-of-6-10-2026-004-1-10_1.jpg,300,mandala art,1190,621.669,0.522
446970-11-handmade-papier-mache-coasters-set-of-6_1.jpg,82,bengal papier mache craft,990,818.608,0.827
handcrafted-fabric-valet-tray-12-x-10-in-24-2025-950-11-24_1.jpg,342,handmade,890,680.027,0.764
handmade-cotton-table-runner-17-2025-230-1-17_1.jpg,425,pochampally ikat weaving,790,979.36,1.24
2023-268-1-15-handmade-lacquered-wooden-honey-serving-spoon_1.jpg,306,lacquer craft,490,836.996,1.708
handcrafted-fabric-valet-tray-11-x-9-in-20-2025-950-11-20_1.jpg,342,handmade,890,677.574,0.761
2023-268-1-78-handmade-lacquered-wooden-honey-serving-spoon_1.jpg,306,lacquer craft,490,920.834,1.879
2022-1184-1-3-handmade-water-hyacinth-table-mat-from-assam_1.jpg,360,assam water hyacinth craft,650,1002.882,1.543
handmade-cotton-table-runner-01-2025-230-1-1_1.jpg,425,jaipur printing,790,870.511,1.102
2022-757-1-1-handcrafted-seashell-round-coasters-set-of-6_1.jpg,370,seashell craft,1590,811.963,0.511
446970-5-handmade-papier-mache-coasters-set-of-6_1.jpg,82,bengal papier mache craft,990,818.608,0.827
2023-268-1-48-handmade-lacquered-wooden-honey-serving-spoon_1.jpg,306,lacquer craft,490,836.996,1.708
running-stitch-table-napkin-set-of-4-02-2025-924-1-2_1.jpg,389,running stitch,790,495.366,0.627
handcrafted-fabric-valet-tray-12-x-10-in-38-2025-950-11-38_1.jpg,342,handmade,890,658.085,0.739
493760-2-handmade-cotton-fabric-table-napkins-18-x-18-in_1.jpg,325,sanganeri block printing,890,660.809,0.742
493760-8-hand-block-printed-cotton-table-napkin_1.jpg,325,hand block printing,890,677.143,0.761
mandala-art-handpainted-wooden-coasters-set-of-6-12-2025-1854-1-12_1.jpg,300,mandala art,1190,588.975,0.495
2021-1383-1-84-set-of-4-ajrakh-hand-block-print-cotton-table-napkin-17-x-17-in_1.jpg,325,ajrakh block printing,890,854.459,0.96
2023-958-1-7-phulkari-hand-embroidery-laminated-coasters-set-of-6_1.jpg,363,phulkari,1990,1394.367,0.701
2021-1383-1-77-set-of-4-ajrakh-hand-block-print-cotton-table-napkin-17-x-17-in_1.jpg,325,ajrakh block printing,890,822.772,0.924
2024-353-1-4-set-of-4-pintuck-plain-cotton-table-napkins-18-x-18-in-04_1.jpg,351,pintuck,790,899.0,1.138
2023-268-1-60-handmade-lacquered-wooden-honey-serving-spoon_1.jpg,306,lacquer craft,490,836.996,1.708
handpainted-mandala-art-wooden-coasters-set-of-6-02-2026-004-1-2_1.jpg,300,mandala art,1190,587.677,0.494
503733-1-mashru-silk-fabric-handmade-tissue-box_1.jpg,448,mashru weaving,890,1688.802,1.898
traditional-pattachitra-hand-painted-akashmoni-wooden-tray-11-x-8-in-44-2025-1118-1-44_1.jpg,326,pattachitra folk art,2490,2294.824,0.922
handpainted-mandala-art-wooden-coasters-set-of-6-15-2026-004-1-15_1.jpg,300,mandala art,1190,579.462,0.487
traditional-pattachitra-hand-painted-akashmoni-wooden-tray-7-x-7-in-17-2025-1118-1-17_1.jpg,326,pattachitra folk art,1650,2177.206,1.32
handcrafted-fabric-valet-tray-11-x-9-in-14-2025-950-11-14_1.jpg,342,handmade,890,689.371,0.775
running-stitch-table-napkin-set-of-4-03-2025-924-1-3_1.jpg,389,running stitch,790,479.782,0.607
handcrafted-fabric-valet-tray-12-x-10-in-37-2025-950-11-37_1.jpg,342,handmade,890,653.688,0.734
handpainted-mandala-art-wooden-coasters-set-of-6-17-2026-004-1-17_1.jpg,300,mandala art,1190,614.392,0.516
handpainted-mandala-art-wooden-coasters-set-of-6-13-2026-004-1-13_1.jpg,300,mandala art,1190,604.422,0.508
446970-7-handmade-papier-mache-coasters-set-of-6_1.jpg,82,bengal papier mache craft,990,818.608,0.827
handcrafted-fabric-valet-tray-12-x-10-in-22-2025-950-11-22_1.jpg,342,handmade,890,706.272,0.794
handpainted-mandala-art-wooden-coasters-set-of-6-14-2026-004-1-14_1.jpg,300,mandala art,1190,620.5,0.521
handcrafted-fabric-valet-tray-12-x-10-in-26-2025-950-11-26_1.jpg,342,handmade,890,694.676,0.781
traditional-pattachitra-hand-painted-akashmoni-wooden-tray-10-x-5-in-23-2025-1118-1-23_1.jpg,326,pattachitra folk art,1850,2188.976,1.183
traditional-pattachitra-hand-painted-akashmoni-wooden-tray-10-x-6-in-18-2025-1118-1-18_1.jpg,326,pattachitra folk art,1850,2190.713,1.184
2022-1184-1-10-handmade-water-hyacinth-table-mat-from-assam_1.jpg,360,assam water hyacinth craft,650,1002.882,1.543
2023-268-1-18-handmade-lacquered-wooden-honey-serving-spoon_1.jpg,306,lacquer craft,490,836.996,1.708
handpainted-mandala-art-wooden-coasters-set-of-6-11-2026-004-1-11_1.jpg,300,mandala art,1190,620.294,0.521
handcrafted-fabric-valet-tray-11-x-9-in-18-2025-950-11-18_1.jpg,342,handmade,890,679.813,0.764
2023-1512-1-19-handmade-water-hyacinth-coasters-from-assam-set-of-6_1.jpg,360,assam water hyacinth craft,1290,704.068,0.546
traditional-pattachitra-hand-painted-akashmoni-wooden-tray-7-x-7-in-04-2025-1118-1-4_1.jpg,326,pattachitra folk art,1650,2251.515,1.365
traditional-pattachitra-hand-painted-akashmoni-wooden-tray-7-x-7-in-05-2025-1118-1-5_1.jpg,326,pattachitra folk art,1650,2227.331,1.35
handcrafted-fabric-valet-tray-11-x-9-in-15-2025-950-11-15_1.jpg,342,handmade,690,640.512,0.928
2022-1184-1-7-handmade-water-hyacinth-table-mat-from-assam_1.jpg,360,assam water hyacinth craft,650,1006.963,1.549
traditional-pattachitra-hand-painted-akashmoni-wooden-tray-15-x-7-in-28-2025-1118-1-28_1.jpg,326,pattachitra folk art,2690,2315.377,0.861
jacquard-cotton-table-mat-with-pocket-07-2024-1527-1-7_1.jpg,339,jacquard weaving,450,599.788,1.333
2021-1383-1-68-set-of-4-ajrakh-hand-block-print-cotton-table-napkin-17-x-17-in_1.jpg,325,ajrakh block printing,890,783.82,0.881
2021-1383-1-81-set-of-4-ajrakh-hand-block-print-cotton-table-napkin-17-x-17-in_1.jpg,325,ajrakh block printing,890,779.674,0.876
handpainted-mandala-art-wooden-coasters-set-of-6-01-2026-004-1-1_1.jpg,300,mandala art,1190,617.771,0.519
2023-1293-1-26-set-of-4-bagru-block-printed-cotton-table-napkins-18-x-18-in_1.jpg,341,bagru block printing,890,876.91,0.985
handpainted-mandala-art-wooden-coasters-set-of-6-04-2026-004-1-4_1.jpg,300,mandala art,1190,616.824,0.518
jacquard-cotton-table-mat-with-pocket-06-2024-1527-1-6_1.jpg,339,jacquard weaving,450,600.87,1.335
2022-1184-1-14-handmade-water-hyacinth-coasters-from-assam-set-of-6_1.jpg,360,assam water hyacinth craft,1290,878.594,0.681
floral-block-print-cotton-hand-embroidery-table-napkin-02-2024-1187-1-2_1.jpg,398,sanganeri block printing,290,434.717,1.499
traditional-pattachitra-hand-painted-akashmoni-wooden-tray-7-x-6-in-15-2025-1118-1-15_1.jpg,326,pattachitra folk art,1650,2277.024,1.38
floral-block-print-cotton-hand-embroidery-table-napkin-03-2024-1084-1-3_1.jpg,398,sanganeri block printing,290,467.536,1.612
2023-390-2-51-jute-cotton-hand-braided-table-mat-12-x-16-in_1.jpg,416,jute weaving,850,548.701,0.646
2023-390-2-49-jute-cotton-hand-braided-table-mat-19-x-24-in_1.jpg,416,jute weaving,490,534.002,1.09
2023-390-2-50-jute-cotton-hand-braided-table-mat-12-x-16-in_1.jpg,416,jute weaving,850,548.701,0.646
2023-630-1-11-handmade-water-hyacinth-coasters-from-assam-set-of-6_1.jpg,360,assam water hyacinth craft,1290,878.594,0.681
khambadiya-patchwork-beadwork-table-runner-60-x-16-in-10-2025-1128-3-10_1.jpg,420,khambadiya patchwork,1190,1838.186,1.545
2023-464-1-21-handcrafted-mango-wooden-bowl-3-x-3-in_1.jpg,328,wood carving,650,691.987,1.065
traditional-pattachitra-hand-painted-akashmoni-wooden-tray-13-x-8-in-24-2025-1118-1-24_1.jpg,326,pattachitra folk art,2690,2163.29,0.804
handcrafted-fabric-valet-tray-12-x-10-in-36-2025-950-11-36_1.jpg,342,handmade,890,697.888,0.784
2023-630-1-6-handmade-water-hyacinth-coasters-from-assam-set-of-6_1.jpg,360,assam water hyacinth craft,1290,878.594,0.681
traditional-pattachitra-hand-painted-akashmoni-wooden-tray-15-x-7-in-69-2025-1118-1-69_1.jpg,326,pattachitra folk art,2690,2297.352,0.854
2021-1096-1-15-set-of-4-handmade-cotton-fabric-table-napkins_1.jpg,325,sanganeri block printing,890,680.395,0.764
traditional-pattachitra-hand-painted-akashmoni-wooden-tray-11-x-8-in-41-2025-1118-1-41_1.jpg,326,pattachitra folk art,2490,2267.017,0.91
2021-1096-1-6-set-of-4-handmade-cotton-fabric-table-napkins_1.jpg,325,sanganeri block printing,890,566.121,0.636
handcrafted-fabric-valet-tray-9-x-7-in-10-2025-950-11-10_1.jpg,342,handmade,650,670.1,1.031
mandala-art-handpainted-wooden-coasters-set-of-6-09-2025-1854-1-9_1.jpg,300,mandala art,1190,579.792,0.487
traditional-pattachitra-hand-painted-akashmoni-wooden-tray-11-x-8-in-43-2025-1118-1-43_1.jpg,326,pattachitra folk art,2490,2276.252,0.914
2021-1096-1-10-set-of-4-handmade-cotton-fabric-table-napkins_1.jpg,325,sanganeri block printing,890,722.538,0.812
handpainted-mandala-art-wooden-coasters-set-of-6-09-2026-004-1-9_1.jpg,300,mandala art,1190,619.541,0.521
2020-576-1-12-handmade-bamboo-cereal-tray-set-of-3-green_1.jpg,333,bamboo craft,6490,2024.451,0.312
handcrafted-fabric-valet-tray-11-x-9-in-16-2025-950-11-16_1.jpg,342,handmade,690,666.053,0.965
handcrafted-fabric-valet-tray-9-x-7-in-07-2025-950-11-7_1.jpg,342,handmade,550,644.916,1.173
sri-aurobindo-ashram-natural-incense-sticks-set-of-4-13-2026-328-1-13_1.jpg,466,handmade,170,1105.766,6.505
sri-aurobindo-ashram-clay-diya-with-wax-set-of-3-05-2025-789-1-5_1.jpg,467,handmade,750,467.511,0.623
2024-876-1-5-original-blue-pottery-ceramic-diyas-set-of-4-05_1.jpg,471,blue art pottery,850,650.15,0.765
sri-aurobindo-ashram-natural-incense-sticks-set-of-10-01-2025-380-1-1_1.jpg,466,handmade,440,1236.049,2.809
2024-876-1-4-original-blue-pottery-ceramic-diyas-set-of-4-04_1.jpg,471,blue art pottery,850,668.016,0.786
2024-876-1-10-original-blue-pottery-ceramic-diyas-set-of-4-10_1.jpg,471,blue art pottery,850,648.569,0.763
sri-aurobindo-ashram-natural-incense-sticks-set-of-2-14-2025-1166-1-14_1.jpg,466,handmade,265,1045.034,3.944
sri-aurobindo-ashram-clay-diya-with-wax-set-of-3-04-2025-789-1-4_1.jpg,467,handmade,750,471.68,0.629
myrrh-sri-aurobindo-ashram-natural-incense-sticks-50-gm-2025-380-1-10_1.jpg,466,handmade,160,956.159,5.976
ketaki-sri-aurobindo-ashram-natural-incense-sticks-50-gm-08-2025-380-1-8_1.jpg,466,handmade,150,991.076,6.607
2024-876-1-7-original-blue-pottery-ceramic-diyas-set-of-4-07_1.jpg,471,blue art pottery,850,659.108,0.775
2024-876-1-2-original-blue-pottery-ceramic-diyas-set-of-4-02_1.jpg,471,blue art pottery,850,702.488,0.826
sri-aurobindo-ashram-clay-diya-with-wax-set-of-3-03-2025-789-1-3_1.jpg,479,handmade,690,592.844,0.859
sri-aurobindo-ashram-clay-diya-with-wax-set-of-3-08-2025-789-1-8_1.jpg,479,handmade,650,598.957,0.921
mattipal-sri-aurobindo-ashram-natural-incense-sticks-50-gm-2025-380-1-2_1.jpg,466,handmade,210,1023.18,4.872
sri-aurobindo-ashram-natural-incense-sticks-set-of-6-13-2025-1166-1-13_1.jpg,466,handmade,260,1190.539,4.579
amber-sri-aurobindo-ashram-natural-incense-sticks-50-gm-07-2025-380-1-7_1.jpg,466,handmade,180,977.06,5.428
sri-aurobindo-ashram-natural-incense-stick-box-set-of-3-14-2026-328-1-14_1.jpg,466,handmade,410,1309.841,3.195
sri-aurobindo-ashram-areca-leaf-basket-gift-set-assorted-06-2025-575-1-6_1.jpg,480,handmade,720,677.774,0.941
2024-876-1-9-original-blue-pottery-ceramic-diyas-set-of-4-09_1.jpg,471,blue art pottery,850,664.541,0.782
jasmine-sri-aurobindo-ashram-natural-incense-sticks-50-gm-2025-380-1-3_1.jpg,466,handmade,180,973.265,5.407
2024-876-1-14-original-blue-pottery-ceramic-diyas-set-of-4-14_1.jpg,471,blue art pottery,850,659.392,0.776
sri-aurobindo-ashram-clay-diya-with-wax-set-of-3-09-2025-789-1-9_1.jpg,479,handmade,650,599.598,0.922
rose-ketaki-sri-aurobindo-ashram-natural-incense-sticks-set-of-2-12-2026-328-1-12_1.jpg,466,handmade,150,1322.919,8.819
sri-aurobindo-ashram-cylindrical-candle-gift-set-assorted-2025-575-1-11_1.jpg,487,handmade,590,745.001,1.263
miharu-tribal-dokra-brass-pendant-necklace-07-2026-185-1-7_1.jpg,495,dokra craft,2590,1501.359,0.58
miharu-tribal-dokra-brass-necklace-08-2026-185-1-8_1.jpg,495,dokra craft,2590,1400.986,0.541
miharu-tribal-dokra-brass-necklace-06-2026-185-1-6_1.jpg,495,dokra craft,2590,1398.599,0.54
miharu-tribal-dokra-brass-pendant-necklace-04-2026-185-1-4_1.jpg,495,dokra craft,2590,1506.155,0.582
miharu-tribal-dokra-brass-choker-necklace-03-2026-185-1-3_1.jpg,495,dokra craft,2590,1695.765,0.655
miharu-tribal-dokra-brass-necklace-01-2026-185-1-1_1.jpg,495,dokra craft,2590,1401.682,0.541
miharu-tribal-dokra-brass-necklace-05-2026-185-1-5_1.jpg,495,dokra craft,2590,1388.494,0.536
miharu-tribal-dokra-brass-necklace-02-2026-185-1-2_1.jpg,495,dokra craft,2590,1412.247,0.545
2016-105-13-17-jugaad-octopus-necklace-cum-hair-tie_1.jpg,497,other,660,640.389,0.97
2016-105-13-18-16jugaad-octopus-necklace-cum-hair-tie_1.jpg,497,other,660,633.465,0.96
2021-023-2-18-handpainted-tholu-bommalata-leather-necklace_1.jpg,10,leather puppetry,2490,2519.056,1.012
2021-023-2-19-handpainted-tholu-bommalata-leather-necklace_1.jpg,10,leather puppetry,2490,2552.343,1.025
miharu-tribal-dokra-brass-necklace-10-2026-185-1-10_1.jpg,495,dokra craft,2590,1408.901,0.544
miharu-tribal-dokra-brass-pendant-necklace-09-2026-185-1-9_1.jpg,495,dokra craft,2590,1516.688,0.586
bead-work-handmade-baiga-tribal-moonga-dana-necklace-24-2026-062-1-24_1.jpg,502,baiga tribal jewelry,1690,3188.812,1.887
bead-work-handmade-baiga-tribal-moonga-dana-necklace-19-2026-062-1-19_1.jpg,502,baiga tribal jewelry,1690,3249.495,1.923
bead-work-handmade-baiga-tribal-moonga-dana-necklace-17-2026-062-1-17_1.jpg,502,baiga tribal jewelry,1690,3223.213,1.907
bead-work-handmade-baiga-tribal-moonga-dana-necklace-11-2026-062-1-11_1.jpg,502,baiga tribal jewelry,1690,3291.48,1.948
bead-work-handmade-baiga-tribal-moonga-dana-necklace-07-2026-062-1-7_1.jpg,502,baiga tribal jewelry,1690,3191.377,1.888
bead-work-handmade-baiga-tribal-moonga-dana-necklace-04-2026-062-1-4_1.jpg,502,baiga tribal jewelry,1690,3205.644,1.897
bead-work-handmade-baiga-tribal-moonga-dana-necklace-02-2026-062-1-2_1.jpg,502,baiga tribal jewelry,1690,3238.397,1.916
brass-metal-handcrafted-necklace-133-2025-1469-1-133_1.jpg,504,metal work,1990,1610.025,0.809
brass-metal-handcrafted-necklace-128-2025-1469-1-128_1.jpg,504,metal work,1890,1610.025,0.852
brass-metal-handcrafted-hasli-necklace-153-2025-1469-1-153_1.jpg,504,metal work,1650,1673.196,1.014
brass-metal-handcrafted-hasli-necklace-146-2025-1469-1-146_1.jpg,504,metal work,1650,1673.196,1.014
brass-metal-handcrafted-hasli-necklace-143-2025-1469-1-143_1.jpg,504,metal work,1650,1673.196,1.014
brass-metal-handcrafted-hasli-necklace-141-2025-1469-1-141_1.jpg,504,metal work,1650,1673.196,1.014
brass-metal-handcrafted-hasli-necklace-138-2025-1469-1-138_1.jpg,504,metal work,1790,1673.196,0.935
brass-metal-handcrafted-hasli-necklace-136-2025-1469-1-136_1.jpg,504,metal work,2190,1673.196,0.764
brass-metal-handcrafted-hasli-necklace-129-2025-1469-1-129_1.jpg,504,metal work,1890,1673.196,0.885
brass-metal-handcrafted-hasli-necklace-126-2025-1469-1-126_1.jpg,504,metal work,1790,1673.196,0.935
brass-metal-handcrafted-hasli-necklace-125-2025-1469-1-125_1.jpg,504,metal work,1790,1673.196,0.935
brass-metal-handcrafted-choker-necklace-132-2025-1469-1-132_1.jpg,504,metal work,1990,1981.962,0.996
brass-metal-handcrafted-choker-necklace-118-2025-1469-1-118_1.jpg,504,handmade,1890,1367.779,0.724
brass-metal-handcrafted-choker-necklace-117-2025-1469-1-117_1.jpg,504,metal work,1890,1981.962,1.049
brass-metal-handcrafted-hasli-necklace-112-2025-1469-1-112_1.jpg,504,metal work,1290,1761.548,1.366
brass-metal-handcrafted-hasli-necklace-109-2025-1469-1-109_1.jpg,504,metal work,1490,1673.196,1.123
brass-metal-handcrafted-hasli-necklace-107-2025-1469-1-107_1.jpg,504,metal work,1390,1673.196,1.204
brass-metal-handcrafted-hasli-necklace-105-2025-1469-1-105_1.jpg,504,metal work,1390,1673.196,1.204
brass-metal-handcrafted-hasli-necklace-102-2025-1469-1-102_1.jpg,504,metal work,1450,1673.196,1.154
brass-metal-handcrafted-choker-necklace-114-2025-1469-1-114_1.jpg,504,metal work,1590,1981.962,1.247
brass-metal-handcrafted-dokra-choker-necklace-32-2024-1749-1-32_1.jpg,504,metal work,1850,992.916,0.537
tribal-odisha-dokra-threadwork-handmade-necklace-47-2024-931-1-47_1.jpg,226,dokra craft,2450,2223.959,0.908
tribal-odisha-dokra-threadwork-handmade-necklace-44-2024-931-1-44_1.jpg,226,dokra craft,2450,2237.477,0.913
2023-910-1-8-lambani-thread-mirror-work-hand-embroidery-necklace_1.jpg,509,lambani craft,2290,2027.511,0.885
2023-145-1-614-handcrafted-paka-meenakari-necklace_1.jpg,514,meenakari work,2990,1388.528,0.464
2023-145-1-613-handcrafted-paka-meenakari-necklace_1.jpg,514,meenakari work,2990,1388.528,0.464
2023-145-1-612-handcrafted-paka-meenakari-necklace_1.jpg,514,meenakari work,2990,1388.528,0.464
2023-145-1-610-handcrafted-paka-meenakari-necklace_1.jpg,514,meenakari work,2990,1443.341,0.483
2022-987-1-8-ikat-cotton-fabric-gs-pendant-necklace_1.jpg,518,oxidised metal craft,2490,438.293,0.176
2022-987-1-5-ikat-silk-fabric-gs-pendant-necklace_1.jpg,518,oxidised metal craft,2490,597.002,0.24
2022-987-1-3-banarasi-brocade-fabric-gs-pendant-necklace_1.jpg,519,oxidised metal craft,2490,486.66,0.195
2022-987-1-4-ikat-silk-fabric-gs-pendant-necklace_1.jpg,518,oxidised metal craft,2490,528.939,0.212
2022-772-4-17-brass-metal-handcrafted-dokra-choker-necklace-by-asalkaar_1.jpg,504,metal work,1450,971.049,0.67
2022-772-4-15-brass-metal-handcrafted-dokra-choker-necklace-by-asalkaar_1.jpg,504,metal work,1450,971.049,0.67
2022-192-3-5-lambani-thread-bead-work-coin-pendant-necklace_1.jpg,525,lambani craft,1990,1764.852,0.887
copy-o-f18-handpainted-kerala-mural-mdf-wood-necklace_1.jpg,528,kerala mural art,590,893.878,1.515
2022-029-1-11-handpainted-kerala-mural-mdf-wood-necklace_1.jpg,528,kerala mural art,590,879.272,1.49
497600-4-bella-modern-art-handpainted-wooden-necklace_1.jpg,535,madhubani folk art,840,952.164,1.134
2021-023-2-22-handpainted-tholu-bommalata-leather-necklace_1.jpg,10,leather puppetry,2490,2519.056,1.012
handmade-wooden-beads-gs-necklace-set-14-2025-1852-1-14_1.jpg,540,bead work,650,645.593,0.993
shell-work-fabart-jute-necklace-set-42-2025-360-1-42_1.jpg,548,fabart,690,795.996,1.154
handmade-thread-braided-shell-necklace-set-16-2024-1638-1-16_1.jpg,552,hand braided,490,840.085,1.714
german-silver-thread-braided-necklace-set-32-2025-672-1-32_1.jpg,556,oxidised metal craft,790,796.299,1.008
shell-work-fabart-jute-necklace-set-47-2025-360-1-47_1.jpg,548,fabart,690,691.975,1.003
german-silver-fabart-choker-necklace-set-with-shell-work-35-2025-978-1-35_1.jpg,558,fabart,690,898.464,1.302
german-silver-necklace-set-with-shell-thread-beads-20-2025-407-1-20_1.jpg,559,oxidised metal craft,950,783.769,0.825
handmade-gs-jute-fabart-necklace-set-01-2024-1750-1-1_1.jpg,563,oxidised metal craft,690,636.174,0.922
handmade-gs-jute-fabart-necklace-set-12-2024-1750-1-12_1.jpg,563,oxidised metal craft,690,681.905,0.988
german-silver-fabart-choker-necklace-set-with-shell-work-31-2025-978-1-31_1.jpg,558,fabart,690,877.681,1.272
german-silver-thread-braided-necklace-set-40-2025-672-1-40_1.jpg,556,oxidised metal craft,790,801.012,1.014
thread-work-german-silver-necklace-set-04-2024-1431-1-4_1.jpg,570,oxidised metal craft,690,579.205,0.839
fabart-jute-choker-necklace-set-27-2025-266-1-27_1.jpg,572,fabart,790,687.013,0.87
shell-work-fabart-jute-necklace-set-39-2025-360-1-39_1.jpg,548,fabart,690,677.63,0.982
german-silver-jute-necklace-set-75-2025-360-1-75_1.jpg,559,oxidised metal craft,650,683.319,1.051
handmade-beadwork-jaali-necklace-set-83-2026-206-1-83_1.jpg,579,bead work,950,967.201,1.018
german-silver-fabart-choker-necklace-set-with-shell-work-33-2025-978-1-33_1.jpg,558,fabart,690,909.664,1.318
handmade-gs-jute-fabart-necklace-set-23-2024-1604-1-23_1.jpg,563,oxidised metal craft,690,639.754,0.927
fabart-jute-choker-necklace-set-20-2025-266-1-20_1.jpg,572,fabart,790,663.944,0.84
2022-1057-1-9-tikuli-art-handpainted-wooden-necklace-set_1.jpg,586,tikuli art,1090,1053.969,0.967
german-silver-thread-beads-necklace-set-20-2025-360-1-20_1.jpg,559,oxidised metal craft,890,671.126,0.754
2022-1057-1-4-tikuli-art-handpainted-wooden-necklace-set_1.jpg,586,tikuli art,1190,1032.662,0.868
german-silver-thread-braided-necklace-set-03-2025-696-1-3_1.jpg,590,oxidised metal craft,850,826.677,0.973
german-silver-jute-necklace-set-79-2025-360-1-79_1.jpg,559,oxidised metal craft,650,678.894,1.044
2022-1057-1-32-tikuli-art-handpainted-wooden-necklace-set_1.jpg,586,tikuli art,1090,1042.859,0.957
2022-422-1-23-handcrafted-bamboo-necklace-set-by-daya-patki_1.jpg,596,bamboo craft,3390,1127.979,0.333
handmade-gs-jute-fabart-necklace-set-04-2024-1604-1-4_1.jpg,563,oxidised metal craft,690,640.595,0.928
fabart-bead-work-necklace-set-10-2025-040-1-10_1.jpg,599,fabart,690,648.425,0.94
thread-work-german-silver-necklace-set-12-2024-1431-1-12_1.jpg,570,oxidised metal craft,690,603.355,0.874
german-silver-jute-necklace-set-72-2025-360-1-72_1.jpg,559,oxidised metal craft,650,671.855,1.034
german-silver-thread-beads-necklace-set-05-2025-360-1-5_1.jpg,559,oxidised metal craft,690,651.737,0.945
fabart-jute-choker-necklace-set-13-2025-266-1-13_1.jpg,572,fabart,790,670.688,0.849
german-silver-jute-necklace-set-73-2025-360-1-73_1.jpg,559,oxidised metal craft,650,703.241,1.082
handmade-gs-jute-fabart-necklace-set-15-2024-1604-1-15_1.jpg,563,oxidised metal craft,690,644.189,0.934
bishnupur-handpainted-terracotta-necklace-set-03-2025-1376-1-3_1.jpg,603,bengal craft,1390,805.355,0.579
fabart-jute-choker-necklace-set-18-2025-266-1-18_1.jpg,572,fabart,790,684.809,0.867
german-silver-thread-braided-necklace-set-04-2025-696-1-4_1.jpg,590,oxidised metal craft,850,803.187,0.945
2022-422-1-22-handcrafted-bamboo-necklace-set-by-daya-patki_1.jpg,596,bamboo craft,3990,922.231,0.231
german-silver-thread-braided-necklace-set-33-2025-672-1-33_1.jpg,556,oxidised metal craft,790,784.402,0.993
handmade-german-silver-necklace-set-09-2025-700-1-9_1.jpg,556,oxidised metal craft,450,750.978,1.669
2022-1057-1-36-tikuli-art-handpainted-wooden-necklace-set_1.jpg,586,tikuli art,1090,1053.969,0.967
shell-work-fabart-jute-necklace-set-44-2025-360-1-44_1.jpg,548,fabart,690,694.277,1.006
handmade-german-silver-necklace-set-08-2025-700-1-8_1.jpg,556,oxidised metal craft,450,800.387,1.779
handmade-wooden-beads-gs-necklace-set-15-2025-1852-1-15_1.jpg,540,bead work,650,654.875,1.007
handmade-gs-jute-fabart-necklace-set-02-2024-1750-1-2_1.jpg,563,oxidised metal craft,690,610.142,0.884
2022-1057-1-34-tikuli-art-handpainted-wooden-necklace-set_1.jpg,586,tikuli art,1090,1053.969,0.967
german-silver-thread-beads-necklace-set-13-2025-360-1-13_1.jpg,559,oxidised metal craft,690,668.556,0.969
handmade-wooden-beads-gs-necklace-set-07-2025-1852-1-7_1.jpg,540,bead work,650,645.623,0.993
german-silver-thread-beads-necklace-set-19-2025-360-1-19_1.jpg,559,oxidised metal craft,890,676.303,0.76
handmade-gs-jute-fabart-necklace-set-08-2024-1604-1-8_1.jpg,563,oxidised metal craft,690,648.499,0.94
2022-1003-1-63-tikuli-art-handpainted-wooden-necklace-set_1.jpg,586,tikuli art,1090,1190.715,1.092
german-silver-thread-beads-necklace-set-06-2025-360-1-6_1.jpg,559,oxidised metal craft,690,681.948,0.988
2022-1057-1-37-tikuli-art-handpainted-wooden-necklace-set_1.jpg,586,tikuli art,1090,1101.671,1.011
handmade-kundan-work-necklace-set-03-2025-862-1-3_1.jpg,608,stone work,550,809.655,1.472
shell-work-fabart-jute-necklace-set-49-2025-360-1-49_1.jpg,548,fabart,690,693.339,1.005
german-silver-thread-beads-necklace-set-18-2025-360-1-18_1.jpg,559,oxidised metal craft,690,674.774,0.978
german-silver-thread-beads-necklace-set-07-2025-360-1-7_1.jpg,559,oxidised metal craft,690,695.91,1.009
german-silver-fabart-choker-necklace-set-with-shell-work-36-2025-978-1-36_1.jpg,558,fabart,690,887.63,1.286
handmade-german-silver-necklace-set-03-2025-700-1-3_1.jpg,556,oxidised metal craft,450,792.98,1.762
german-silver-thread-beads-necklace-set-11-2025-360-1-11_1.jpg,559,oxidised metal craft,690,665.999,0.965
fabart-jute-choker-necklace-set-14-2025-266-1-14_1.jpg,572,fabart,790,669.665,0.848
german-silver-thread-beads-necklace-set-12-2025-360-1-12_1.jpg,559,oxidised metal craft,690,679.711,0.985
bishnupur-handpainted-terracotta-necklace-set-09-2025-1376-1-9_1.jpg,603,bengal craft,1590,832.678,0.524
handmade-gs-jute-fabart-necklace-set-07-2024-1750-1-7_1.jpg,563,oxidised metal craft,690,663.186,0.961
german-silver-necklace-set-with-shell-thread-beads-21-2025-407-1-21_1.jpg,559,oxidised metal craft,950,785.532,0.827
bishnupur-handpainted-terracotta-necklace-set-33-2025-1376-1-33_1.jpg,603,bengal craft,1650,854.051,0.518
bishnupur-handpainted-terracotta-necklace-set-19-2025-1376-1-19_1.jpg,603,bengal craft,2150,845.185,0.393
bishnupur-handpainted-terracotta-necklace-set-35-2025-1376-1-35_1.jpg,603,bengal craft,1590,851.859,0.536
german-silver-thread-braided-necklace-set-38-2025-672-1-38_1.jpg,556,oxidised metal craft,790,792.546,1.003
handmade-gs-jute-fabart-necklace-set-12-2024-1604-1-12_1.jpg,563,oxidised metal craft,690,708.783,1.027
german-silver-thread-beads-necklace-set-04-2025-360-1-4_1.jpg,559,oxidised metal craft,690,667.253,0.967
tikuli-art-handpainted-wooden-necklace-set_1.jpg,586,tikuli art,1090,1167.622,1.071
bishnupur-handpainted-terracotta-necklace-set-05-2025-1376-1-5_1.jpg,603,bengal craft,790,796.033,1.008
2022-1003-1-65-tikuli-art-handpainted-wooden-necklace-set_1.jpg,586,tikuli art,1090,1167.622,1.071
fabart-jute-choker-necklace-set-16-2025-266-1-16_1.jpg,572,fabart,790,690.732,0.874
handmade-german-silver-necklace-set-06-2025-700-1-6_1.jpg,556,oxidised metal craft,450,776.414,1.725
thread-work-german-silver-necklace-set-06-2024-1431-1-6_1.jpg,570,oxidised metal craft,690,573.92,0.832
german-silver-thread-beads-necklace-set-03-2025-360-1-3_1.jpg,559,oxidised metal craft,690,671.676,0.973
german-silver-thread-beads-necklace-set-02-2025-360-1-2_1.jpg,559,oxidised metal craft,690,684.1,0.991
bishnupur-handpainted-terracotta-necklace-set-39-2025-1376-1-39_1.jpg,603,bengal craft,1490,824.545,0.553
thread-work-german-silver-necklace-set-15-2024-1431-1-15_1.jpg,570,oxidised metal craft,690,585.068,0.848
2022-1057-1-13-tikuli-art-handpainted-wooden-necklace-set_1.jpg,586,tikuli art,1090,1054.03,0.967
german-silver-necklace-set-with-shell-thread-beads-25-2025-407-1-25_1.jpg,559,oxidised metal craft,950,807.36,0.85
2023-441-1-38-handcrafted-bamboo-necklace-set-by-daya-patki_1.jpg,596,bamboo craft,3390,1127.979,0.333
fabart-jute-choker-necklace-set-26-2025-266-1-26_1.jpg,572,fabart,790,687.711,0.871
handmade-thread-braided-shell-necklace-24-2024-1638-1-24_1.jpg,552,hand braided,490,682.057,1.392
496994-42-handcrafted-rice-paddy-necklace-set-by-putul-das-mitra_1.jpg,613,other,2490,912.534,0.366
shell-work-fabart-jute-necklace-set-41-2025-360-1-41_1.jpg,548,fabart,690,680.017,0.986
german-silver-jute-necklace-set-83-2025-360-1-83_1.jpg,559,oxidised metal craft,650,671.855,1.034
german-silver-jute-necklace-set-82-2025-360-1-82_1.jpg,559,oxidised metal craft,650,671.855,1.034
handmade-wooden-beads-gs-necklace-set-10-2025-1852-1-10_1.jpg,540,bead work,650,600.116,0.923
handmade-beadwork-jaali-necklace-set-75-2026-206-1-75_1.jpg,579,bead work,950,980.976,1.033
german-silver-jute-necklace-set-77-2025-360-1-77_1.jpg,559,oxidised metal craft,650,655.889,1.009
fabart-bead-work-necklace-set-09-2025-040-1-9_1.jpg,599,fabart,690,596.256,0.864
shell-work-fabart-jute-necklace-set-40-2025-360-1-40_1.jpg,548,fabart,690,695.83,1.008
handmade-gs-jute-fabart-necklace-set-13-2024-1604-1-13_1.jpg,563,oxidised metal craft,690,687.988,0.997
handmade-wooden-beads-gs-necklace-set-03-2025-1852-1-3_1.jpg,540,bead work,650,645.061,0.992
2022-1057-1-25-tikuli-art-handpainted-wooden-necklace-set_1.jpg,586,tikuli art,1090,1042.859,0.957
thread-work-german-silver-necklace-set-10-2024-1431-1-10_1.jpg,570,oxidised metal craft,690,579.612,0.84
german-silver-thread-braided-necklace-set-02-2025-696-1-2_1.jpg,590,oxidised metal craft,850,828.842,0.975
handmade-gs-jute-fabart-necklace-set-13-2024-1750-1-13_1.jpg,563,oxidised metal craft,690,606.713,0.879
handmade-wooden-beads-gs-necklace-set-02-2025-1852-1-2_1.jpg,540,bead work,650,613.364,0.944
handmade-kundan-work-necklace-set-01-2025-862-1-1_1.jpg,608,stone work,550,815.703,1.483
thread-work-german-silver-necklace-set-08-2024-1431-1-8_1.jpg,570,oxidised metal craft,690,580.736,0.842
2022-1057-1-1-tikuli-art-handpainted-wooden-necklace-set_1.jpg,586,tikuli art,1090,1053.969,0.967
fabart-jute-choker-necklace-set-21-2025-266-1-21_1.jpg,572,fabart,790,665.4,0.842
bishnupur-handpainted-terracotta-necklace-set-22-2025-1376-1-22_1.jpg,603,bengal craft,1590,871.751,0.548
2022-422-1-38-handcrafted-bamboo-necklace-set-by-daya-patki_1.jpg,596,bamboo craft,1390,1077.614,0.775
handmade-gs-jute-fabart-necklace-set-09-2024-1604-1-9_1.jpg,563,oxidised metal craft,690,640.479,0.928
bishnupur-handpainted-terracotta-necklace-set-01-2025-1376-1-1_1.jpg,603,bengal craft,990,839.017,0.847
german-silver-jute-necklace-set-76-2025-360-1-76_1.jpg,559,oxidised metal craft,650,670.852,1.032
496994-45-handcrafted-rice-paddy-necklace-set-by-putul-das-mitra_1.jpg,613,other,3690,864.215,0.234
german-silver-thread-braided-necklace-set-06-2025-696-1-6_1.jpg,590,oxidised metal craft,850,816.199,0.96
handmade-wooden-beads-gs-necklace-set-11-2025-1852-1-11_1.jpg,540,bead work,650,651.048,1.002
german-silver-jute-necklace-set-78-2025-360-1-78_1.jpg,559,oxidised metal craft,650,683.319,1.051
bishnupur-handpainted-terracotta-necklace-set-04-2025-1376-1-4_1.jpg,603,bengal craft,1690,801.269,0.474
handmade-gs-jute-fabart-necklace-set-03-2024-1750-1-3_1.jpg,563,oxidised metal craft,690,664.34,0.963
handmade-thread-braided-shell-necklace-set-15-2024-1638-1-15_1.jpg,552,hand braided,490,882.8,1.802
handmade-beadwork-jaali-necklace-set-84-2026-206-1-84_1.jpg,579,bead work,950,990.597,1.043
2022-422-1-24-handcrafted-bamboo-necklace-set-by-daya-patki_1.jpg,596,bamboo craft,3990,1077.614,0.27
2022-1057-1-23-tikuli-art-handpainted-wooden-necklace-set_1.jpg,586,tikuli art,1190,1042.859,0.876
2022-422-1-19-handcrafted-bamboo-necklace-set-by-daya-patki_1.jpg,596,bamboo craft,4990,922.231,0.185
handmade-thread-braided-shell-necklace-set-20-2024-1638-1-20_1.jpg,552,hand braided,490,892.487,1.821
handmade-gs-jute-fabart-necklace-set-01-2024-1604-1-1_1.jpg,563,oxidised metal craft,690,636.873,0.923
german-silver-thread-beads-necklace-set-09-2025-360-1-9_1.jpg,559,oxidised metal craft,690,695.391,1.008
handmade-gs-jute-fabart-necklace-set-02-2024-1604-1-2_1.jpg,563,oxidised metal craft,690,650.064,0.942
german-silver-fabart-choker-necklace-set-with-shell-work-34-2025-978-1-34_1.jpg,558,fabart,690,903.63,1.31
handmade-beadwork-jaali-necklace-set-80-2026-206-1-80_1.jpg,579,bead work,950,997.884,1.05
thread-work-german-silver-necklace-set-01-2024-1431-1-1_1.jpg,570,oxidised metal craft,690,580.721,0.842
handmade-kundan-work-necklace-set-02-2025-862-1-2_1.jpg,608,stone work,550,835.125,1.518
2022-422-1-21-handcrafted-bamboo-necklace-set-by-daya-patki_1.jpg,596,bamboo craft,2490,922.231,0.37
2022-1057-1-5-tikuli-art-handpainted-wooden-necklace-set_1.jpg,586,tikuli art,1090,1053.969,0.967
handmade-german-silver-necklace-set-02-2025-700-1-2_1.jpg,556,oxidised metal craft,450,808.038,1.796
shell-work-fabart-jute-necklace-set-43-2025-360-1-43_1.jpg,548,fabart,690,675.971,0.98
german-silver-thread-braided-necklace-set-07-2025-696-1-7_1.jpg,590,oxidised metal craft,850,817.348,0.962
handmade-gs-jute-fabart-necklace-set-14-2024-1604-1-14_1.jpg,563,oxidised metal craft,690,635.968,0.922
handmade-gs-jute-fabart-necklace-set-07-2024-1604-1-7_1.jpg,563,oxidised metal craft,690,626.405,0.908
german-silver-jute-necklace-set-81-2025-360-1-81_1.jpg,559,oxidised metal craft,650,685.217,1.054
handmade-beadwork-jaali-necklace-set-87-2026-206-1-87_1.jpg,579,bead work,1390,967.201,0.696
thread-work-german-silver-necklace-set-11-2024-1431-1-11_1.jpg,570,oxidised metal craft,690,588.473,0.853
2023-441-1-41-handcrafted-bamboo-necklace-set-by-daya-patki_1.jpg,596,bamboo craft,1600,922.231,0.576
german-silver-jute-necklace-set-74-2025-360-1-74_1.jpg,559,oxidised metal craft,650,678.894,1.044
handmade-thread-braided-shell-necklace-23-2024-1638-1-23_1.jpg,552,hand braided,490,687.488,1.403
bishnupur-handpainted-terracotta-necklace-set-30-2025-1376-1-30_1.jpg,603,bengal craft,1650,874.813,0.53
handmade-kundan-work-necklace-set-06-2025-862-1-6_1.jpg,608,stone work,550,788.963,1.434
handmade-gs-jute-fabart-necklace-set-06-2024-1604-1-6_1.jpg,563,oxidised metal craft,690,676.899,0.981
handmade-wooden-beads-gs-necklace-set-01-2025-1852-1-1_1.jpg,540,bead work,650,597.185,0.919
handmade-german-silver-necklace-set-04-2025-700-1-4_1.jpg,556,oxidised metal craft,450,787.065,1.749
german-silver-thread-beads-necklace-set-01-2025-360-1-1_1.jpg,559,oxidised metal craft,690,669.601,0.97
handmade-gs-jute-fabart-necklace-set-10-2024-1750-1-10_1.jpg,563,oxidised metal craft,690,618.763,0.897
german-silver-necklace-set-with-shell-thread-beads-24-2025-407-1-24_1.jpg,559,oxidised metal craft,950,783.524,0.825
handmade-gs-jute-fabart-necklace-set-05-2024-1604-1-5_1.jpg,563,oxidised metal craft,690,629.713,0.913
german-silver-necklace-set-with-shell-thread-beads-27-2025-407-1-27_1.jpg,559,oxidised metal craft,950,776.396,0.817
fabart-jute-choker-necklace-set-22-2025-266-1-22_1.jpg,572,fabart,790,761.371,0.964
german-silver-thread-beads-necklace-set-10-2025-360-1-10_1.jpg,559,oxidised metal craft,690,674.592,0.978
2022-422-1-25-handcrafted-bamboo-necklace-set-by-daya-patki_1.jpg,596,bamboo craft,2150,1210.935,0.563
handmade-wooden-beads-gs-necklace-set-12-2025-1852-1-12_1.jpg,540,bead work,650,662.607,1.019
shell-work-fabart-jute-necklace-set-46-2025-360-1-46_1.jpg,548,fabart,690,709.969,1.029
2023-441-1-35-handcrafted-bamboo-necklace-set-by-daya-patki_1.jpg,596,bamboo craft,5290,1077.614,0.204
handmade-beadwork-jaali-necklace-set-89-2026-206-1-89_1.jpg,579,bead work,1390,1000.191,0.72
german-silver-necklace-set-with-shell-thread-beads-26-2025-407-1-26_1.jpg,559,oxidised metal craft,950,777.111,0.818
handmade-beadwork-jaali-necklace-set-86-2026-206-1-86_1.jpg,579,bead work,1390,1004.256,0.722
handmade-thread-braided-shell-necklace-set-21-2024-1638-1-21_1.jpg,552,hand braided,490,877.781,1.791
handmade-beadwork-jaali-necklace-set-85-2026-206-1-85_1.jpg,579,bead work,950,967.201,1.018
fabart-jute-choker-necklace-set-24-2025-266-1-24_1.jpg,572,fabart,790,687.012,0.87
2022-422-1-18-handcrafted-bamboo-necklace-set-by-daya-patki_1.jpg,596,bamboo craft,3690,922.231,0.25
bishnupur-handpainted-terracotta-necklace-set-21-2025-1376-1-21_1.jpg,603,bengal craft,1590,832.368,0.524
handmade-wooden-beads-gs-necklace-set-09-2025-1852-1-9_1.jpg,540,bead work,650,602.51,0.927
fabart-jute-choker-necklace-set-19-2025-266-1-19_1.jpg,572,fabart,790,667.611,0.845
fabart-jute-choker-necklace-set-17-2025-266-1-17_1.jpg,572,fabart,790,689.589,0.873
532680-5-vasudha-madhubani-handpainted-wooden-necklace-set_1.jpg,623,madhubani folk art,1540,2255.089,1.464
bishnupur-handpainted-terracotta-necklace-set-02-2025-1376-1-2_1.jpg,603,bengal craft,890,854.215,0.96
thread-work-german-silver-necklace-set-02-2024-1431-1-2_1.jpg,570,oxidised metal craft,690,597.56,0.866
handmade-beadwork-jaali-necklace-set-78-2026-206-1-78_1.jpg,579,bead work,950,1004.256,1.057
handmade-gs-jute-fabart-necklace-set-08-2024-1750-1-8_1.jpg,563,oxidised metal craft,690,618.85,0.897
handmade-wooden-beads-gs-necklace-set-04-2025-1852-1-4_1.jpg,540,bead work,650,607.21,0.934
fabart-jute-choker-necklace-set-15-2025-266-1-15_1.jpg,572,fabart,790,675.179,0.855
german-silver-necklace-set-with-shell-thread-beads-28-2025-407-1-28_1.jpg,559,oxidised metal craft,950,780.852,0.822
handmade-german-silver-necklace-set-01-2025-700-1-1_1.jpg,556,oxidised metal craft,450,793.156,1.763
fabart-jute-choker-necklace-set-23-2025-266-1-23_1.jpg,572,fabart,790,684.234,0.866
german-silver-fabart-choker-necklace-set-with-shell-work-37-2025-978-1-37_1.jpg,558,fabart,690,895.164,1.297
german-silver-fabart-choker-necklace-set-with-shell-work-39-2025-978-1-39_1.jpg,558,fabart,690,871.433,1.263
german-silver-necklace-set-with-shell-thread-beads-29-2025-407-1-29_1.jpg,559,oxidised metal craft,950,779.687,0.821
handmade-gs-jute-fabart-necklace-set-11-2024-1750-1-11_1.jpg,563,oxidised metal craft,690,621.844,0.901
handmade-german-silver-necklace-set-05-2025-700-1-5_1.jpg,556,oxidised metal craft,450,784.21,1.743
german-silver-necklace-set-with-shell-thread-beads-22-2025-407-1-22_1.jpg,559,oxidised metal craft,950,844.27,0.889
2023-441-1-36-handcrafted-bamboo-necklace-set-by-daya-patki_1.jpg,596,bamboo craft,3690,922.231,0.25
german-silver-thread-beads-necklace-set-08-2025-360-1-8_1.jpg,559,oxidised metal craft,690,676.563,0.981
handmade-gs-jute-fabart-necklace-set-06-2024-1750-1-6_1.jpg,563,oxidised metal craft,690,606.993,0.88
german-silver-necklace-set-with-shell-thread-beads-23-2025-407-1-23_1.jpg,559,oxidised metal craft,950,781.189,0.822
thread-work-german-silver-necklace-set-21-2024-1431-1-21_1.jpg,570,oxidised metal craft,690,577.956,0.838
handmade-gs-jute-fabart-necklace-set-19-2024-1604-1-19_1.jpg,563,oxidised metal craft,690,638.845,0.926
bishnupur-handpainted-terracotta-necklace-set-20-2025-1376-1-20_1.jpg,603,bengal craft,1590,811.324,0.51
german-silver-thread-beads-necklace-set-14-2025-360-1-14_1.jpg,559,oxidised metal craft,690,672.083,0.974
handmade-wooden-beads-gs-necklace-set-06-2025-1852-1-6_1.jpg,540,bead work,650,632.863,0.974
shell-work-fabart-jute-necklace-set-45-2025-360-1-45_1.jpg,548,fabart,690,720.266,1.044
2022-1057-1-21-tikuli-art-handpainted-wooden-necklace-set_1.jpg,586,tikuli art,1190,1053.969,0.886
german-silver-jute-necklace-set-70-2025-360-1-70_1.jpg,559,oxidised metal craft,650,679.331,1.045
thread-work-german-silver-necklace-set-20-2024-1431-1-20_1.jpg,570,oxidised metal craft,690,587.214,0.851
2023-441-1-39-handcrafted-bamboo-necklace-set-by-daya-patki_1.jpg,596,bamboo craft,2190,922.231,0.421
handmade-thread-braided-shell-necklace-22-2024-1638-1-22_1.jpg,552,hand braided,490,719.685,1.469
handmade-thread-braided-shell-necklace-set-17-2024-1638-1-17_1.jpg,552,hand braided,490,893.061,1.823
handmade-gs-jute-fabart-necklace-set-05-2024-1750-1-5_1.jpg,563,oxidised metal craft,690,601.722,0.872
handmade-wooden-beads-gs-necklace-set-05-2025-1852-1-5_1.jpg,540,bead work,650,637.765,0.981
handmade-thread-braided-shell-necklace-set-19-2024-1638-1-19_1.jpg,552,hand braided,490,888.339,1.813
german-silver-thread-beads-necklace-set-15-2025-360-1-15_1.jpg,559,oxidised metal craft,690,671.075,0.973
fabart-jute-choker-necklace-set-28-2025-266-1-28_1.jpg,572,fabart,790,682.485,0.864
german-silver-thread-braided-necklace-set-39-2025-672-1-39_1.jpg,556,oxidised metal craft,790,787.077,0.996
2023-441-1-43-handcrafted-bamboo-necklace-set-by-daya-patki_1.jpg,596,bamboo craft,1600,1077.614,0.674
2022-422-1-30-handcrafted-bamboo-necklace-set-by-daya-patki_1.jpg,596,bamboo craft,1390,1077.614,0.775
bishnupur-handpainted-terracotta-necklace-set-23-2025-1376-1-23_1.jpg,603,bengal craft,1790,832.25,0.465
german-silver-thread-beads-necklace-set-17-2025-360-1-17_1.jpg,559,oxidised metal craft,690,669.914,0.971
german-silver-thread-braided-necklace-set-37-2025-672-1-37_1.jpg,556,oxidised metal craft,790,781.124,0.989
2022-1057-1-35-tikuli-art-handpainted-wooden-necklace-set_1.jpg,586,tikuli art,1090,1062.681,0.975
496994-41-handcrafted-rice-paddy-necklace-set-by-putul-das-mitra_1.jpg,613,other,3690,912.534,0.247
bishnupur-handpainted-terracotta-necklace-set-24-2025-1376-1-24_1.jpg,603,bengal craft,1790,844.91,0.472
german-silver-jute-necklace-set-80-2025-360-1-80_1.jpg,559,oxidised metal craft,950,678.894,0.715
german-silver-fabart-choker-necklace-set-with-shell-work-30-2025-978-1-30_1.jpg,558,fabart,690,949.731,1.376
german-silver-thread-braided-necklace-set-34-2025-672-1-34_1.jpg,556,oxidised metal craft,790,807.906,1.023
handmade-thread-braided-shell-necklace-set-18-2024-1638-1-18_1.jpg,552,hand braided,490,833.217,1.7
german-silver-fabart-choker-necklace-set-with-shell-work-32-2025-978-1-32_1.jpg,558,fabart,690,890.018,1.29
miharu-tribal-dokra-brass-earrings-14-2026-185-1-14_1.jpg,495,dokra craft,1590,985.966,0.62
miharu-tribal-dokra-brass-stud-earrings-18-2026-185-1-18_1.jpg,495,dokra craft,1590,846.456,0.532
german-silver-plated-ear-cuff-bugatti-bugadi-earrings-21-2026-111-1-21_1.jpg,628,oxidised metal craft,490,502.561,1.026
german-silver-plated-ear-cuff-bugatti-bugadi-earrings-23-2026-111-1-23_1.jpg,628,oxidised metal craft,390,465.45,1.193
german-silver-plated-ear-cuff-bugatti-bugadi-earrings-11-2026-111-1-11_1.jpg,628,oxidised metal craft,350,484.355,1.384
german-silver-plated-ear-cuff-bugatti-bugadi-earrings-24-2026-111-1-24_1.jpg,628,oxidised metal craft,390,453.273,1.162
german-silver-plated-ear-cuff-bugatti-bugadi-earrings-01-2026-111-1-1_1.jpg,628,oxidised metal craft,350,494.475,1.413
german-silver-plated-ear-cuff-bugatti-bugadi-earrings-28-2026-111-1-28_1.jpg,628,oxidised metal craft,390,472.63,1.212
german-silver-plated-ear-cuff-bugatti-bugadi-earrings-10-2026-111-1-10_1.jpg,628,oxidised metal craft,350,497.502,1.421
2020-652-1-176-handcrafted-rice-paddy-earrings-by-putul-das-mitra_1.jpg,613,other,420,420.756,1.002
2021-023-2-4-handpainted-tholu-bommalata-leather-earrings_1.jpg,10,leather puppetry,590,1813.745,3.074
miharu-tribal-dokra-brass-earrings-19-2026-185-1-19_1.jpg,495,dokra craft,1590,979.795,0.616
miharu-tribal-dokra-brass-earrings-17-2026-185-1-17_1.jpg,495,dokra craft,1590,983.645,0.619
miharu-tribal-dokra-brass-earrings-16-2026-185-1-16_1.jpg,495,dokra craft,1590,984.606,0.619
miharu-tribal-dokra-brass-earrings-15-2026-185-1-15_1.jpg,495,dokra craft,1590,985.234,0.62
miharu-tribal-dokra-brass-earrings-13-2026-185-1-13_1.jpg,495,dokra craft,1590,970.485,0.61
miharu-tribal-dokra-brass-earrings-12-2026-185-1-12_1.jpg,495,dokra craft,1590,995.13,0.626
miharu-tribal-dokra-brass-earrings-11-2026-185-1-11_1.jpg,495,dokra craft,1590,985.311,0.62
german-silver-plated-ear-cuff-bugatti-bugadi-earrings-29-2026-111-1-29_1.jpg,628,oxidised metal craft,390,451.911,1.159
german-silver-plated-ear-cuff-bugatti-bugadi-earrings-27-2026-111-1-27_1.jpg,628,oxidised metal craft,390,453.501,1.163
german-silver-plated-ear-cuff-bugatti-bugadi-earrings-26-2026-111-1-26_1.jpg,628,oxidised metal craft,390,468.338,1.201
german-silver-plated-ear-cuff-bugatti-bugadi-earrings-25-2026-111-1-25_1.jpg,628,oxidised metal craft,390,484.542,1.242
german-silver-plated-ear-cuff-bugatti-bugadi-earrings-19-2026-111-1-19_1.jpg,628,oxidised metal craft,350,480.968,1.374
german-silver-plated-ear-cuff-bugatti-bugadi-earrings-18-2026-111-1-18_1.jpg,628,oxidised metal craft,350,479.849,1.371
german-silver-plated-ear-cuff-bugatti-bugadi-earrings-17-2026-111-1-17_1.jpg,628,oxidised metal craft,350,483.482,1.381
german-silver-plated-ear-cuff-bugatti-bugadi-earrings-16-2026-111-1-16_1.jpg,628,oxidised metal craft,350,484.013,1.383
german-silver-plated-ear-cuff-bugatti-bugadi-earrings-15-2026-111-1-15_1.jpg,628,oxidised metal craft,350,483.443,1.381
german-silver-plated-ear-cuff-bugatti-bugadi-earrings-14-2026-111-1-14_1.jpg,628,oxidised metal craft,350,484.949,1.386
german-silver-plated-ear-cuff-bugatti-bugadi-earrings-13-2026-111-1-13_1.jpg,628,oxidised metal craft,350,474.295,1.355
german-silver-plated-ear-cuff-bugatti-bugadi-earrings-09-2026-111-1-9_1.jpg,628,oxidised metal craft,350,499.651,1.428
german-silver-plated-ear-cuff-bugatti-bugadi-earrings-08-2026-111-1-8_1.jpg,628,oxidised metal craft,350,494.251,1.412
german-silver-plated-ear-cuff-bugatti-bugadi-earrings-07-2026-111-1-7_1.jpg,628,oxidised metal craft,350,492.113,1.406
german-silver-plated-ear-cuff-bugatti-bugadi-earrings-06-2026-111-1-6_1.jpg,628,oxidised metal craft,350,477.711,1.365
german-silver-plated-ear-cuff-bugatti-bugadi-earrings-05-2026-111-1-5_1.jpg,628,oxidised metal craft,350,472.898,1.351
german-silver-plated-ear-cuff-bugatti-bugadi-earrings-04-2026-111-1-4_1.jpg,628,oxidised metal craft,350,479.018,1.369
german-silver-plated-ear-cuff-bugatti-bugadi-earrings-03-2026-111-1-3_1.jpg,628,oxidised metal craft,350,490.828,1.402
german-silver-plated-ear-cuff-bugatti-bugadi-earrings-02-2026-111-1-2_1.jpg,628,oxidised metal craft,350,499.77,1.428
german-silver-plated-ear-cuff-bugatti-bugadi-earrings-20-2026-111-1-20_1.jpg,628,oxidised metal craft,490,500.543,1.022
german-silver-plated-ear-cuff-bugatti-bugadi-earrings-22-2026-111-1-22_1.jpg,628,oxidised metal craft,390,485.027,1.244
afiya-ghungroo-work-thread-earrings-2025-1849-1-11_1.jpg,637,thread work,390,462.04,1.185
noor-ghungroo-work-thread-earrings-2025-1849-1-10_1.jpg,637,thread work,390,457.952,1.174
ruhi-ghungroo-work-thread-earrings-2025-1849-1-9_1.jpg,637,thread work,390,457.952,1.174
hania-ghungroo-work-thread-earrings-2025-1849-1-8_1.jpg,637,thread work,390,462.04,1.185
zareen-ghungroo-work-thread-earrings-2025-1849-1-7_1.jpg,637,thread work,390,466.165,1.195
vaani-ghungroo-work-thread-earrings-2025-1849-1-6_1.jpg,637,thread work,390,462.04,1.185
nikhat-ghungroo-work-thread-earrings-2025-1849-1-5_1.jpg,637,thread work,390,466.165,1.195
ishita-ghungroo-work-thread-earrings-2025-1849-1-4_1.jpg,637,thread work,390,442.689,1.135
navya-ghungroo-work-thread-earrings-2025-1849-1-3_1.jpg,637,thread work,390,462.04,1.185
mayera-ghungroo-work-thread-earrings-2025-1849-1-2_1.jpg,637,thread work,390,466.165,1.195
amaira-ghungroo-work-thread-earrings-2025-1849-1-1_1.jpg,637,thread work,390,466.165,1.195
brass-metal-handcrafted-earrings-100-2025-1469-1-100_1.jpg,504,metal work,850,881.214,1.037
brass-metal-handcrafted-earrings-99-2025-1469-1-99_1.jpg,504,metal work,850,865.17,1.018
brass-metal-handcrafted-earrings-98-2025-1469-1-98_1.jpg,504,metal work,850,865.17,1.018
brass-metal-handcrafted-earrings-97-2025-1469-1-97_1.jpg,504,metal work,850,865.17,1.018
brass-metal-handcrafted-earrings-95-2025-1469-1-95_1.jpg,504,metal work,850,865.17,1.018
brass-metal-handcrafted-earrings-94-2025-1469-1-94_1.jpg,504,metal work,850,865.17,1.018
brass-metal-handcrafted-earrings-93-2025-1469-1-93_1.jpg,504,metal work,850,865.17,1.018
brass-metal-handcrafted-earrings-91-2025-1469-1-91_1.jpg,504,metal work,850,865.17,1.018
brass-metal-handcrafted-earrings-89-2025-1469-1-89_1.jpg,504,metal work,850,865.17,1.018
brass-metal-handcrafted-earrings-87-2025-1469-1-87_1.jpg,504,metal work,850,865.17,1.018
brass-metal-handcrafted-earrings-86-2025-1469-1-86_1.jpg,504,metal work,850,865.17,1.018
brass-metal-handcrafted-earrings-85-2025-1469-1-85_1.jpg,504,metal work,850,865.17,1.018
brass-metal-handcrafted-earrings-84-2025-1469-1-84_1.jpg,504,metal work,850,865.17,1.018
brass-metal-handcrafted-earrings-51-2025-1469-1-51_1.jpg,504,metal work,890,868.791,0.976
brass-metal-handcrafted-earrings-47-2025-1469-1-47_1.jpg,504,metal work,890,880.339,0.989
brass-metal-handcrafted-earrings-42-2025-1469-1-42_1.jpg,504,metal work,890,869.851,0.977
brass-metal-handcrafted-earrings-41-2025-1469-1-41_1.jpg,504,metal work,890,861.833,0.968
brass-metal-handcrafted-earrings-37-2025-1469-1-37_1.jpg,504,metal work,850,866.137,1.019
brass-metal-handcrafted-earrings-36-2025-1469-1-36_1.jpg,504,metal work,850,875.959,1.031
brass-metal-handcrafted-earrings-35-2025-1469-1-35_1.jpg,504,metal work,850,876.591,1.031
brass-metal-handcrafted-earrings-34-2025-1469-1-34_1.jpg,504,metal work,850,882.292,1.038
brass-metal-handcrafted-earrings-31-2025-1469-1-31_1.jpg,504,metal work,850,855.387,1.006
brass-metal-handcrafted-earrings-30-2025-1469-1-30_1.jpg,504,metal work,850,927.301,1.091
brass-metal-handcrafted-earrings-29-2025-1469-1-29_1.jpg,504,metal work,850,868.5,1.022
brass-metal-handcrafted-earrings-27-2025-1469-1-27_1.jpg,504,metal work,750,871.632,1.162
brass-metal-handcrafted-earrings-26-2025-1469-1-26_1.jpg,504,metal work,750,872.494,1.163
brass-metal-handcrafted-earrings-25-2025-1469-1-25_1.jpg,504,metal work,750,902.743,1.204
brass-metal-handcrafted-earrings-23-2025-1469-1-23_1.jpg,504,metal work,750,867.379,1.157
brass-metal-handcrafted-earrings-22-2025-1469-1-22_1.jpg,504,metal work,750,903.836,1.205
fabart-kundan-earrings-maang-tikka-set-20-2025-1406-1-20_1.jpg,640,bead work,590,739.832,1.254
fabart-kundan-earrings-maang-tikka-set-19-2025-1406-1-19_1.jpg,640,bead work,590,741.03,1.256
fabart-kundan-earrings-maang-tikka-set-18-2025-1406-1-18_1.jpg,640,bead work,590,739.71,1.254
fabart-kundan-earrings-maang-tikka-set-17-2025-1406-1-17_1.jpg,640,bead work,590,725.977,1.23
fabart-kundan-earrings-maang-tikka-set-16-2025-1406-1-16_1.jpg,640,bead work,590,727.682,1.233
fabart-kundan-earrings-maang-tikka-set-15-2025-1406-1-15_1.jpg,640,bead work,590,747.191,1.266
fabart-kundan-earrings-maang-tikka-set-14-2025-1406-1-14_1.jpg,640,bead work,590,707.001,1.198
fabart-kundan-earrings-maang-tikka-set-13-2025-1406-1-13_1.jpg,640,bead work,590,709.103,1.202
fabart-kundan-earrings-maang-tikka-set-12-2025-1406-1-12_1.jpg,640,bead work,590,754.506,1.279
fabart-kundan-earrings-maang-tikka-set-10-2025-1406-1-10_1.jpg,640,bead work,590,712.48,1.208
fabart-kundan-earrings-maang-tikka-set-09-2025-1406-1-9_1.jpg,640,bead work,590,714.786,1.212
fabart-kundan-earrings-maang-tikka-set-08-2025-1406-1-8_1.jpg,640,bead work,590,709.422,1.202
fabart-kundan-earrings-maang-tikka-set-07-2025-1406-1-7_1.jpg,640,bead work,590,727.255,1.233
fabart-kundan-earrings-maang-tikka-set-06-2025-1406-1-6_1.jpg,640,bead work,590,710.253,1.204
fabart-kundan-earrings-maang-tikka-set-05-2025-1406-1-5_1.jpg,640,bead work,590,718.242,1.217
fabart-kundan-earrings-maang-tikka-set-04-2025-1406-1-4_1.jpg,640,bead work,590,721.316,1.223
fabart-kundan-earrings-maang-tikka-set-03-2025-1406-1-3_1.jpg,640,bead work,590,707.18,1.199
fabart-kundan-earrings-maang-tikka-set-02-2025-1406-1-2_1.jpg,640,bead work,590,731.357,1.24
fabart-kundan-earrings-maang-tikka-set-01-2025-1406-1-1_1.jpg,640,bead work,590,708.062,1.2
bishnupur-handpainted-terracotta-stud-earrings-178-2025-1376-1-178_1.jpg,603,bengal craft,190,382.867,2.015
bishnupur-handpainted-terracotta-stud-earrings-177-2025-1376-1-177_1.jpg,603,bengal craft,190,384.158,2.022
bishnupur-handpainted-terracotta-stud-earrings-176-2025-1376-1-176_1.jpg,603,bengal craft,190,384.158,2.022
bishnupur-handpainted-terracotta-stud-earrings-173-2025-1376-1-173_1.jpg,603,bengal craft,190,384.158,2.022
bishnupur-handpainted-terracotta-stud-earrings-170-2025-1376-1-170_1.jpg,603,bengal craft,190,381.92,2.01
bishnupur-handpainted-terracotta-earrings-139-2025-1376-1-139_1.jpg,603,bengal craft,350,473.731,1.354
bishnupur-handpainted-terracotta-earrings-137-2025-1376-1-137_1.jpg,603,bengal craft,350,473.731,1.354
bishnupur-handpainted-terracotta-earrings-135-2025-1376-1-135_1.jpg,603,bengal craft,290,489.34,1.687
bishnupur-handpainted-terracotta-earrings-128-2025-1376-1-128_1.jpg,603,bengal craft,250,473.731,1.895
bishnupur-handpainted-terracotta-earrings-120-2025-1376-1-120_1.jpg,603,bengal craft,290,467.845,1.613
bishnupur-handpainted-terracotta-earrings-119-2025-1376-1-119_1.jpg,603,bengal craft,290,473.731,1.634
bishnupur-handpainted-terracotta-earrings-107-2025-1376-1-107_1.jpg,603,bengal craft,250,468.039,1.872
bishnupur-handpainted-terracotta-earrings-105-2025-1376-1-105_1.jpg,603,bengal craft,250,473.229,1.893
bishnupur-handpainted-flower-shape-terracotta-earrings-100-2025-1376-1-100_1.jpg,603,bengal craft,290,608.886,2.1
bishnupur-handpainted-flower-shape-terracotta-earrings-99-2025-1376-1-99_1.jpg,603,bengal craft,290,591.908,2.041
bishnupur-handpainted-flower-shape-terracotta-earrings-98-2025-1376-1-98_1.jpg,603,bengal craft,290,591.908,2.041
bishnupur-handpainted-terracotta-jhumki-earrings-86-2025-1376-1-86_1.jpg,603,bengal craft,290,526.298,1.815
bishnupur-handpainted-terracotta-jhumki-earrings-85-2025-1376-1-85_1.jpg,603,bengal craft,290,526.663,1.816
bishnupur-handpainted-flower-shape-terracotta-stud-earrings-70-2025-1376-1-70_1.jpg,603,bengal craft,190,484.138,2.548
bishnupur-handpainted-terracotta-earrings-56-2025-1376-1-56_1.jpg,603,bengal craft,290,466.945,1.61
bishnupur-handpainted-terracotta-earrings-55-2025-1376-1-55_1.jpg,603,bengal craft,290,466.52,1.609
bishnupur-handpainted-terracotta-earrings-54-2025-1376-1-54_1.jpg,603,bengal craft,290,469.046,1.617
bishnupur-handpainted-terracotta-jhumki-earrings-49-2025-1376-1-49_1.jpg,603,bengal craft,290,533.375,1.839
bishnupur-handpainted-terracotta-jhumki-earrings-48-2025-1376-1-48_1.jpg,603,bengal craft,290,533.878,1.841
bishnupur-handpainted-terracotta-earrings-45-2025-1376-1-45_1.jpg,603,bengal craft,290,480.054,1.655
bishnupur-handpainted-terracotta-stud-earrings-43-2025-1376-1-43_1.jpg,603,bengal craft,190,380.442,2.002
bishnupur-handpainted-terracotta-stud-earrings-42-2025-1376-1-42_1.jpg,603,bengal craft,190,383.854,2.02
bishnupur-handpainted-terracotta-stud-earrings-41-2025-1376-1-41_1.jpg,603,bengal craft,190,384.724,2.025
bishnupur-handpainted-terracotta-stud-earrings-174-2025-1376-1-174_1.jpg,603,bengal craft,190,382.644,2.014
bishnupur-handpainted-terracotta-stud-earrings-101-2025-1376-1-101_1.jpg,603,bengal craft,190,384.414,2.023
bishnupur-handpainted-flower-shape-terracotta-earrings-147-2025-1376-1-147_1.jpg,603,bengal craft,390,603.988,1.549
bishnupur-handpainted-terracotta-jhumki-earrings-155-2025-1376-1-155_1.jpg,603,bengal craft,290,537.425,1.853
bishnupur-handpainted-terracotta-jhumki-earrings-117-2025-1376-1-117_1.jpg,603,bengal craft,290,519.804,1.792
bishnupur-handpainted-terracotta-jhumki-earrings-116-2025-1376-1-116_1.jpg,603,bengal craft,290,528.22,1.821
bishnupur-handpainted-terracotta-earrings-151-2025-1376-1-151_1.jpg,603,bengal craft,290,472.447,1.629
bishnupur-handpainted-terracotta-earrings-141-2025-1376-1-141_1.jpg,603,bengal craft,250,472.447,1.89
bishnupur-handpainted-terracotta-earrings-136-2025-1376-1-136_1.jpg,603,bengal craft,350,466.54,1.333
bishnupur-handpainted-terracotta-earrings-131-2025-1376-1-131_1.jpg,603,bengal craft,290,489.34,1.687
bishnupur-handpainted-terracotta-earrings-127-2025-1376-1-127_1.jpg,603,bengal craft,250,467.845,1.871
bishnupur-handpainted-terracotta-earrings-118-2025-1376-1-118_1.jpg,603,bengal craft,290,463.955,1.6
bishnupur-handpainted-terracotta-earrings-113-2025-1376-1-113_1.jpg,603,bengal craft,290,467.845,1.613
bishnupur-handpainted-terracotta-stud-earrings-169-2025-1376-1-169_1.jpg,603,bengal craft,190,381.92,2.01
bishnupur-handpainted-leaf-shape-terracotta-earrings-108-2025-1376-1-108_1.jpg,603,bengal craft,250,552.306,2.209
bishnupur-handpainted-flower-shape-terracotta-earrings-96-2025-1376-1-96_1.jpg,603,bengal craft,290,586.461,2.022
bishnupur-handpainted-terracotta-jhumki-earrings-47-2025-1376-1-47_1.jpg,603,bengal craft,290,531.9,1.834
bishnupur-handpainted-terracotta-earrings-44-2025-1376-1-44_1.jpg,603,bengal craft,290,474.077,1.635
bishnupur-handpainted-terracotta-stud-earrings-40-2025-1376-1-40_1.jpg,603,bengal craft,190,380.198,2.001
aaradhya-ghungroo-work-fabart-handmade-earrings-2025-1338-1-43_1.jpg,646,fabart,350,379.233,1.084
varisha-german-silver-jhumki-earrings-with-wooden-bird-2025-1119-1-22_1.jpg,651,oxidised metal craft,490,487.455,0.995
aaradhya-german-silver-jhumki-earrings-with-wooden-bird-2025-1119-1-19_1.jpg,651,oxidised metal craft,490,497.4,1.015
avni-german-silver-jhumki-earrings-with-wooden-bird-2025-1119-1-18_1.jpg,651,oxidised metal craft,490,482.821,0.985
ronak-german-silver-jhumki-earrings-with-wooden-bird-2025-1119-1-17_1.jpg,651,oxidised metal craft,490,479.433,0.978
kavya-fabart-earrings-with-kundan-beads-2025-1119-1-15_1.jpg,652,fabart,490,458.088,0.935
noor-german-silver-jhumki-earrings-with-wooden-bird-2025-1119-1-16_1.jpg,651,oxidised metal craft,490,484.855,0.989
alina-wooden-beads-earrings-with-german-silver-birds-2025-612-1-23_1.jpg,662,oxidised metal craft,390,449.207,1.152
trisha-wooden-beads-earrings-with-german-silver-birds-2025-612-1-26_1.jpg,662,oxidised metal craft,390,453.217,1.162
bhavya-wooden-beads-earrings-with-german-silver-birds-2025-612-1-27_1.jpg,662,oxidised metal craft,390,453.217,1.162
swara-wooden-beads-earrings-with-german-silver-birds-2025-612-1-28_1.jpg,662,oxidised metal craft,390,449.207,1.152
ashi-wooden-beads-earrings-with-german-silver-birds-2025-612-1-30_1.jpg,662,oxidised metal craft,390,445.232,1.142
tanvi-wooden-beads-earrings-with-german-silver-birds-2025-612-1-31_1.jpg,662,oxidised metal craft,390,449.207,1.152
lavina-wooden-beads-earrings-with-german-silver-birds-2025-612-1-32_1.jpg,662,oxidised metal craft,390,453.217,1.162
mishti-wooden-beads-earrings-with-german-silver-birds-2025-612-1-33_1.jpg,662,oxidised metal craft,390,453.217,1.162
myra-wooden-beads-earrings-with-german-silver-birds-2025-612-1-35_1.jpg,662,oxidised metal craft,390,445.232,1.142
avni-wooden-beads-earrings-with-german-silver-birds-2025-612-1-19_1.jpg,662,oxidised metal craft,390,445.232,1.142
aaradhya-wooden-beads-earrings-with-german-silver-birds-2025-612-1-17_1.jpg,662,oxidised metal craft,390,461.345,1.183
kavya-wooden-beads-earrings-with-german-silver-birds-2025-612-1-16_1.jpg,662,oxidised metal craft,390,449.207,1.152
saanvi-wooden-beads-earrings-with-german-silver-birds-2025-612-1-15_1.jpg,662,oxidised metal craft,390,453.217,1.162
vanya-wooden-beads-earrings-with-german-silver-birds-2025-612-1-21_1.jpg,662,oxidised metal craft,390,449.207,1.152
avira-wooden-beads-earrings-with-german-silver-birds-2025-612-1-22_1.jpg,662,oxidised metal craft,390,449.207,1.152
anaya-wooden-beads-earrings-with-german-silver-birds-2025-612-1-14_1.jpg,662,oxidised metal craft,390,450.25,1.154
noor-wooden-beads-earrings-with-german-silver-birds-2025-612-1-13_1.jpg,662,oxidised metal craft,390,446.266,1.144
zoya-wooden-beads-earrings-with-german-silver-birds-2025-612-1-12_1.jpg,662,oxidised metal craft,390,445.232,1.142
vedika-thread-work-gs-fabart-earrings-2025-417-1-21_1.jpg,667,fabart,450,415.363,0.923
shipra-thread-work-gs-fabart-earrings-2025-417-1-20_1.jpg,668,fabart,450,400.692,0.89
ruchi-thread-work-gs-fabart-earrings-2025-417-1-19_1.jpg,668,fabart,450,407.707,0.906
sunaina-thread-work-gs-fabart-earrings-2025-417-1-15_1.jpg,668,fabart,450,389.369,0.865
alisha-thread-work-gs-fabart-earrings-2025-417-1-12_1.jpg,668,fabart,450,411.347,0.914
ishita-thread-work-gs-fabart-earrings-2025-417-1-11_1.jpg,668,fabart,450,409.425,0.91
vaani-thread-work-gs-fabart-earrings-2025-417-1-9_1.jpg,667,fabart,450,411.688,0.915
amaira-thread-work-gs-fabart-earrings-2025-417-1-8_1.jpg,668,fabart,450,407.227,0.905
german-silver-plated-ethnic-drop-earrings-100-2025-109-3-100_1.jpg,677,oxidised metal craft,990,960.211,0.97
german-silver-plated-ethnic-drop-earrings-99-2025-109-3-99_1.jpg,677,oxidised metal craft,990,950.123,0.96
german-silver-plated-ethnic-drop-earrings-98-2025-109-3-98_1.jpg,677,oxidised metal craft,990,950.123,0.96
german-silver-plated-ethnic-drop-earrings-97-2025-109-3-97_1.jpg,677,oxidised metal craft,990,950.123,0.96
german-silver-plated-ethnic-drop-earrings-96-2025-109-3-96_1.jpg,677,oxidised metal craft,990,950.123,0.96
german-silver-plated-ethnic-drop-earrings-82-2025-109-3-82_1.jpg,677,oxidised metal craft,990,950.123,0.96
german-silver-plated-ethnic-drop-earrings-81-2025-109-3-81_1.jpg,677,oxidised metal craft,990,950.123,0.96
german-silver-plated-ethnic-drop-earrings-79-2025-109-3-79_1.jpg,677,oxidised metal craft,990,950.123,0.96
german-silver-plated-ethnic-drop-earrings-78-2025-109-3-78_1.jpg,677,oxidised metal craft,990,950.123,0.96
german-silver-plated-ethnic-drop-earrings-77-2025-109-3-77_1.jpg,677,oxidised metal craft,990,950.123,0.96
german-silver-plated-ethnic-drop-earrings-66-2025-109-3-66_1.jpg,677,oxidised metal craft,850,925.0,1.088
german-silver-plated-ethnic-drop-earrings-65-2025-109-3-65_1.jpg,677,oxidised metal craft,850,940.187,1.106
german-silver-plated-ethnic-drop-earrings-64-2025-109-3-64_1.jpg,677,oxidised metal craft,850,950.123,1.118
german-silver-plated-ethnic-drop-earrings-63-2025-109-3-63_1.jpg,677,oxidised metal craft,850,933.267,1.098
german-silver-plated-ethnic-drop-earrings-60-2025-109-3-60_1.jpg,677,oxidised metal craft,1350,924.455,0.685
german-silver-plated-ethnic-drop-earrings-59-2025-109-3-59_1.jpg,677,oxidised metal craft,1350,950.123,0.704
german-silver-plated-ethnic-drop-earrings-58-2025-109-3-58_1.jpg,677,oxidised metal craft,1350,925.0,0.685
german-silver-plated-ethnic-drop-earrings-57-2025-109-3-57_1.jpg,677,oxidised metal craft,1350,933.267,0.691
german-silver-plated-ethnic-drop-earrings-55-2025-109-3-55_1.jpg,677,oxidised metal craft,1350,921.043,0.682
german-silver-plated-ethnic-drop-earrings-54-2025-109-3-54_1.jpg,677,oxidised metal craft,1350,950.439,0.704
german-silver-plated-ethnic-drop-earrings-53-2025-109-3-53_1.jpg,677,oxidised metal craft,1350,940.187,0.696
german-silver-plated-ethnic-drop-earrings-52-2025-109-3-52_1.jpg,677,oxidised metal craft,1350,934.304,0.692
german-silver-plated-ethnic-drop-earrings-51-2025-109-3-51_1.jpg,677,oxidised metal craft,1350,945.889,0.701
german-silver-plated-ethnic-drop-earrings-50-2025-109-3-50_1.jpg,677,oxidised metal craft,1350,940.503,0.697
german-silver-plated-ethnic-drop-earrings-49-2025-109-3-49_1.jpg,677,oxidised metal craft,1350,959.029,0.71
german-silver-plated-ethnic-drop-earrings-48-2025-109-3-48_1.jpg,677,oxidised metal craft,1350,960.065,0.711
german-silver-plated-ethnic-drop-earrings-95-2025-109-3-95_1.jpg,677,oxidised metal craft,990,950.123,0.96
german-silver-plated-ethnic-drop-earrings-76-2025-109-3-76_1.jpg,677,oxidised metal craft,990,950.123,0.96
german-silver-plated-ethnic-drop-earrings-61-2025-109-3-61_1.jpg,677,oxidised metal craft,850,925.972,1.089
german-silver-plated-ethnic-drop-earrings-47-2025-109-3-47_1.jpg,677,oxidised metal craft,1350,956.789,0.709
german-silver-plated-ethnic-drop-earrings-24-2025-109-3-24_1.jpg,677,oxidised metal craft,1950,978.885,0.502
german-silver-plated-ethnic-drop-earrings-23-2025-109-3-23_1.jpg,677,oxidised metal craft,1950,975.21,0.5
german-silver-plated-ethnic-drop-earrings-22-2025-109-3-22_1.jpg,677,oxidised metal craft,1950,959.627,0.492
german-silver-plated-ethnic-drop-earrings-21-2025-109-3-21_1.jpg,677,oxidised metal craft,1950,949.615,0.487
somya-gs-fabart-handmade-earrings-2025-161-1-31_1.jpg,685,oxidised metal craft,350,340.789,0.974
noor-gs-fabart-handmade-earrings-2025-161-1-30_1.jpg,685,oxidised metal craft,350,337.774,0.965
kavya-gs-fabart-handmade-earrings-2025-161-1-17_1.jpg,688,oxidised metal craft,350,348.849,0.997
shifa-gs-fabart-handmade-earrings-2025-161-1-10_1.jpg,688,oxidised metal craft,350,348.849,0.997
alisha-gs-fabart-handmade-earrings-2025-161-1-5_1.jpg,691,oxidised metal craft,350,339.972,0.971
aliya-gs-fabart-handmade-earrings-2025-161-1-2_1.jpg,688,oxidised metal craft,350,348.849,0.997
ayat-fabart-handmade-pearl-earrings-2024-1711-1-20_1.jpg,693,fabart,350,307.471,0.878
noseen-fabart-handmade-pearl-earrings-2024-1711-1-19_1.jpg,693,fabart,350,313.448,0.896
nayra-fabart-handmade-pearl-earrings-2024-1711-1-16_1.jpg,693,fabart,350,304.491,0.87
seenat-fabart-handmade-pearl-earrings-2024-1711-1-15_1.jpg,693,fabart,350,311.35,0.89
shifa-fabart-handmade-pearl-earrings-2024-1711-1-13_1.jpg,693,fabart,350,311.285,0.889
maahi-fabart-handmade-pearl-earrings-2024-1711-1-11_1.jpg,693,fabart,350,310.216,0.886
ishra-fabart-handmade-pearl-earrings-2024-1711-1-10_1.jpg,693,fabart,350,320.672,0.916
vedika-fabart-handmade-pearl-earrings-2024-1711-1-8_1.jpg,693,fabart,350,323.535,0.924
rumi-fabart-handmade-pearl-earrings-2024-1711-1-6_1.jpg,693,fabart,350,305.865,0.874
suhana-fabart-handmade-pearl-earrings-2024-1711-1-5_1.jpg,693,fabart,350,314.064,0.897
jannat-fabart-handmade-pearl-earrings-2024-1711-1-3_1.jpg,693,fabart,350,314.12,0.897
savi-fabart-handmade-pearl-earrings-2024-1711-1-2_1.jpg,693,fabart,350,301.796,0.862
amaira-fabart-handmade-pearl-earrings-2024-1711-1-1_1.jpg,693,fabart,350,307.209,0.878
nidha-stone-work-fabart-earrings-2024-1671-1-15_1.jpg,695,stone work,250,407.094,1.628
sonali-stone-work-fabart-earrings-2024-1671-1-14_1.jpg,695,stone work,250,386.877,1.548
anayza-stone-work-fabart-earrings-2024-1671-1-13_1.jpg,695,stone work,250,393.818,1.575
mahira-stone-work-fabart-earrings-2024-1671-1-12_1.jpg,695,stone work,250,398.161,1.593
aliya-stone-work-fabart-earrings-2024-1671-1-10_1.jpg,695,stone work,250,391.671,1.567
ayat-stone-work-fabart-earrings-2024-1671-1-8_1.jpg,695,stone work,250,391.146,1.565
mayra-stone-work-fabart-earrings-2024-1671-1-5_1.jpg,695,stone work,250,384.45,1.538
shaheen-stone-work-fabart-earrings-2024-1671-1-4_1.jpg,695,stone work,250,390.295,1.561
raahi-stone-work-fabart-earrings-2024-1671-1-3_1.jpg,695,stone work,250,391.671,1.567
shifa-stone-work-fabart-earrings-2024-1671-1-2_1.jpg,695,stone work,250,391.671,1.567
anvika-stone-work-fabart-earrings-2024-1671-1-1_1.jpg,695,stone work,250,393.841,1.575
monika-handcrafted-gs-shell-work-fabart-earrings-2024-1502-1-97_1.jpg,698,oxidised metal craft,350,332.905,0.951
tahira-handcrafted-gs-shell-work-fabart-earrings-2024-1502-1-91_1.jpg,698,oxidised metal craft,350,327.831,0.937
arushi-handcrafted-gs-fabart-phool-kali-earrings-2024-1502-1-79_1.jpg,699,oxidised metal craft,350,335.225,0.958
vedika-handcrafted-gs-fabart-phool-kali-earrings-2024-1502-1-70_1.jpg,699,oxidised metal craft,350,322.581,0.922
ruhani-handcrafted-gs-fabart-phool-kali-earrings-2024-1502-1-68_1.jpg,699,oxidised metal craft,350,332.712,0.951
sana-handcrafted-gs-fabart-phool-kali-earrings-2024-1502-1-51_1.jpg,699,oxidised metal craft,350,327.261,0.935
yasmeen-handcrafted-gs-fabart-phool-kali-earrings-2024-1502-1-50_1.jpg,699,oxidised metal craft,350,338.218,0.966
karina-handcrafted-gs-fabart-phool-kali-earrings-2024-1502-1-48_1.jpg,699,oxidised metal craft,350,332.712,0.951
niya-handcrafted-gs-fabart-jhumki-earrings-2024-1502-1-40_1.jpg,698,oxidised metal craft,490,306.857,0.626
abira-handcrafted-gs-fabart-jhumki-earrings-2024-1502-1-38_1.jpg,698,oxidised metal craft,490,308.426,0.629
reem-handcrafted-gs-fabart-jhumki-earrings-2024-1502-1-36_1.jpg,698,oxidised metal craft,490,305.697,0.624
prachi-handcrafted-gs-fabart-jhumki-earrings-2024-1502-1-35_1.jpg,698,oxidised metal craft,490,317.312,0.648
nayra-handcrafted-gs-fabart-jhumki-earrings-2024-1502-1-33_1.jpg,698,oxidised metal craft,490,314.504,0.642
suchi-handcrafted-gs-fabart-jhumki-earrings-2024-1502-1-30_1.jpg,698,oxidised metal craft,490,309.596,0.632
pihu-handcrafted-gs-fabart-jhumki-earrings-2024-1502-1-27_1.jpg,698,oxidised metal craft,490,306.857,0.626
shipra-handcrafted-gs-fabart-jhumki-earrings-2024-1502-1-26_1.jpg,698,oxidised metal craft,490,316.445,0.646
trisha-handcrafted-gs-fabart-jhumki-earrings-2024-1502-1-24_1.jpg,698,oxidised metal craft,490,311.179,0.635
mayra-handcrafted-gs-fabart-jhumki-earrings-2024-1502-1-21_1.jpg,698,oxidised metal craft,490,309.596,0.632
zeba-handcrafted-gs-fabart-jhumki-earrings-2024-1502-1-19_1.jpg,698,oxidised metal craft,490,306.857,0.626
zesika-handcrafted-gs-shell-work-fabart-earrings-2024-1502-1-10_1.jpg,698,oxidised metal craft,350,344.918,0.985
somya-handcrafted-gs-shell-work-fabart-earrings-2024-1502-1-8_1.jpg,698,oxidised metal craft,350,317.651,0.908
anika-handcrafted-gs-shell-work-fabart-earrings-2024-1502-1-7_1.jpg,698,oxidised metal craft,350,319.25,0.912
rasha-handcrafted-gs-shell-work-fabart-earrings-2024-1502-1-5_1.jpg,698,oxidised metal craft,350,324.93,0.928
sanam-handcrafted-gs-shell-work-fabart-earrings-2024-1502-1-3_1.jpg,698,oxidised metal craft,350,319.25,0.912
ruhi-handcrafted-gs-shell-work-fabart-earrings-2024-1502-1-2_1.jpg,698,oxidised metal craft,350,327.04,0.934
ashika-handcrafted-gs-fabart-phool-kali-earrings-2024-1502-1-45_1.jpg,699,oxidised metal craft,350,332.712,0.951
afreen-handcrafted-gs-fabart-jhumki-earrings-2024-1502-1-16_1.jpg,698,oxidised metal craft,490,361.257,0.737
zohra-handcrafted-gs-shell-work-fabart-earrings-2024-1502-1-1_1.jpg,698,oxidised metal craft,350,324.93,0.928
humera-handcrafted-gs-fabart-earrings-2024-1292-1-10_1.jpg,706,oxidised metal craft,350,479.635,1.37
nikhat-handcrafted-gs-fabart-earrings-2024-1292-1-9_1.jpg,706,oxidised metal craft,350,464.72,1.328
alina-handcrafted-gs-shell-work-fabart-earrings-2024-1292-1-5_1.jpg,706,oxidised metal craft,350,531.114,1.517
zahira-handcrafted-gs-shell-work-fabart-earrings-2024-1292-1-4_1.jpg,706,oxidised metal craft,350,550.965,1.574
anay-handcrafted-gs-shell-work-fabart-earrings-2024-1292-1-3_1.jpg,706,oxidised metal craft,350,541.258,1.546
shifa-handcrafted-gs-shell-work-fabart-earrings-2024-1292-1-2_1.jpg,706,oxidised metal craft,350,526.243,1.504
yasmin-handcrafted-gs-fabart-earrings-2024-1292-1-7_1.jpg,706,oxidised metal craft,350,478.517,1.367
aliya-handcrafted-gs-shell-work-fabart-earrings-01-2024-1292-1-1aliya-handcrafted-gs-shell-work-fabart-earrings-01-2024-1292-1-1_1.jpg,706,oxidised metal craft,350,545.51,1.559
rahima-handcrafted-gs-fabart-earrings-2024-1281-1-9_1.jpg,709,oxidised metal craft,350,368.472,1.053
naimat-handcrafted-gs-fabart-earrings-2024-1281-1-7_1.jpg,711,oxidised metal craft,350,376.832,1.077
falak-german-silver-fabart-earrings-2024-1198-1-12_1.jpg,717,oxidised metal craft,250,327.548,1.31
aliya-german-silver-fabart-earrings-2024-1198-1-11_1.jpg,717,oxidised metal craft,250,327.548,1.31
humera-german-silver-fabart-earrings-2024-1198-1-10_1.jpg,717,oxidised metal craft,350,330.472,0.944
nikhat-german-silver-fabart-earrings-2024-1198-1-9_1.jpg,717,oxidised metal craft,250,334.6,1.338
yasmin-german-silver-fabart-earrings-2024-1198-1-7_1.jpg,717,oxidised metal craft,250,330.638,1.323
somya-german-silver-fabart-earrings-2024-1198-1-6_1.jpg,717,oxidised metal craft,250,331.639,1.327
zahira-german-silver-fabart-earrings-2024-1198-1-4_1.jpg,717,oxidised metal craft,250,336.63,1.347
anay-german-silver-fabart-earrings-2024-1198-1-3_1.jpg,717,oxidised metal craft,250,325.726,1.303
shifa-german-silver-fabart-earrings-2024-1198-1-2_1.jpg,717,oxidised metal craft,250,329.089,1.316
zoya-german-silver-fabart-earrings-2024-1198-1-1_1.jpg,717,oxidised metal craft,250,324.649,1.299
2023-792-1-156-handcrafted-paka-meenakari-stud-earrings_1.jpg,514,meenakari work,690,807.543,1.17
2023-792-1-149-handcrafted-paka-meenakari-stud-earrings_1.jpg,514,meenakari work,690,807.543,1.17
2023-792-1-138-handcrafted-paka-meenakari-earrings_1.jpg,514,meenakari work,450,924.733,2.055
2023-792-1-119-handcrafted-paka-meenakari-earrings_1.jpg,514,meenakari work,450,924.733,2.055
2023-792-1-97-handcrafted-paka-meenakari-earrings_1.jpg,514,meenakari work,450,924.108,2.054
2023-792-1-96-handcrafted-paka-meenakari-earrings_1.jpg,514,meenakari work,450,924.733,2.055
2023-625-1-197-miniature-handpainted-wooden-earrings_1.jpg,744,miniature art,790,1045.379,1.323
2023-625-1-164-miniature-handpainted-wooden-earrings_1.jpg,744,miniature art,790,1043.707,1.321
2023-625-1-117-miniature-handpainted-wooden-earrings_1.jpg,744,miniature art,790,1043.707,1.321
2023-625-1-116-miniature-handpainted-wooden-earrings_1.jpg,744,miniature art,790,1043.707,1.321
2023-625-1-106-miniature-handpainted-wooden-earrings_1.jpg,744,miniature art,790,1045.379,1.323
2023-625-1-84-miniature-handpainted-wooden-earrings_1.jpg,744,miniature art,790,1031.855,1.306
2023-625-1-56-miniature-handpainted-wooden-earrings_1.jpg,744,miniature art,790,1031.855,1.306
2023-625-1-46-miniature-handpainted-wooden-earrings_1.jpg,744,miniature art,790,1031.855,1.306
2023-625-1-42-miniature-handpainted-wooden-earrings_1.jpg,744,miniature art,790,1045.379,1.323
2023-625-1-40-miniature-handpainted-wooden-earrings_1.jpg,744,miniature art,790,1045.379,1.323
2023-510-1-215-handcrafted-fabart-earrings-by-asalkaar_1.jpg,745,fabart,490,428.257,0.874
2023-510-1-201-handcrafted-fabart-earrings-by-asalkaar_1.jpg,745,fabart,490,428.257,0.874
2023-510-1-196-handcrafted-fabart-earrings-by-asalkaar_1.jpg,745,fabart,490,428.257,0.874
2023-510-1-193-handcrafted-fabart-earrings-by-asalkaar_1.jpg,745,fabart,490,412.794,0.842
2023-510-1-171-handcrafted-fabart-earrings-by-asalkaar_1.jpg,745,fabart,490,489.817,1.0
2023-510-1-167-handcrafted-fabart-earrings-by-asalkaar_1.jpg,745,fabart,490,433.267,0.884
2023-510-1-156-handcrafted-fabart-earrings-by-asalkaar_1.jpg,745,fabart,490,428.257,0.874
2023-510-1-155-handcrafted-fabart-earrings-by-asalkaar_1.jpg,745,fabart,490,428.257,0.874
2023-510-1-146-handcrafted-fabart-earrings-by-asalkaar_1.jpg,745,fabart,490,419.381,0.856
2023-510-1-142-handcrafted-fabart-earrings-by-asalkaar_1.jpg,745,fabart,490,433.267,0.884
2023-510-1-137-handcrafted-fabart-earrings-by-asalkaar_1.jpg,745,fabart,490,433.267,0.884
2023-510-1-125-handcrafted-fabart-earrings-by-asalkaar_1.jpg,745,fabart,490,433.267,0.884
2023-510-1-120-handcrafted-fabart-earrings-by-asalkaar_1.jpg,745,fabart,490,421.974,0.861
2023-510-1-119-handcrafted-fabart-earrings-by-asalkaar_1.jpg,745,fabart,490,412.794,0.842
2023-510-1-108-handcrafted-fabart-earrings-by-asalkaar_1.jpg,745,fabart,490,428.257,0.874
2023-510-1-102-handcrafted-fabart-earrings-by-asalkaar_1.jpg,745,fabart,490,433.267,0.884
2023-510-1-99-handcrafted-fabart-earrings-by-asalkaar_1.jpg,745,fabart,490,433.267,0.884
2023-510-1-98-handcrafted-fabart-earrings-by-asalkaar_1.jpg,745,fabart,490,421.974,0.861
2023-510-1-97-handcrafted-fabart-earrings-by-asalkaar_1.jpg,745,fabart,490,433.267,0.884
2023-510-1-96-handcrafted-fabart-earrings-by-asalkaar_1.jpg,745,fabart,490,433.267,0.884
2023-510-1-92-handcrafted-fabart-earrings-by-asalkaar_1.jpg,745,fabart,490,433.267,0.884
2023-510-1-87-handcrafted-fabart-earrings-by-asalkaar_1.jpg,745,fabart,490,433.267,0.884
2023-510-1-86-handcrafted-fabart-earrings-by-asalkaar_1.jpg,745,fabart,490,433.267,0.884
2023-510-1-85-handcrafted-fabart-earrings-by-asalkaar_1.jpg,745,fabart,490,433.267,0.884
2023-510-1-84-handcrafted-fabart-earrings-by-asalkaar_1.jpg,745,fabart,490,433.267,0.884
2023-510-1-80-handcrafted-fabart-earrings-by-asalkaar_1.jpg,745,fabart,490,433.267,0.884
2023-510-1-79-handcrafted-fabart-earrings-by-asalkaar_1.jpg,745,fabart,490,433.267,0.884
2023-510-1-76-handcrafted-fabart-earrings-by-asalkaar_1.jpg,745,fabart,490,428.045,0.874
2023-510-1-75-handcrafted-fabart-earrings-by-asalkaar_1.jpg,745,fabart,490,433.267,0.884
2023-510-1-71-handcrafted-fabart-earrings-by-asalkaar_1.jpg,745,fabart,490,412.794,0.842
2023-510-1-70-handcrafted-fabart-earrings-by-asalkaar_1.jpg,745,fabart,490,419.381,0.856
2023-510-1-67-handcrafted-fabart-earrings-by-asalkaar_1.jpg,745,fabart,490,428.257,0.874
2023-510-1-66-handcrafted-fabart-earrings-by-asalkaar_1.jpg,745,fabart,490,433.267,0.884
2023-510-1-65-handcrafted-fabart-earrings-by-asalkaar_1.jpg,745,fabart,490,433.267,0.884
2023-510-1-61-handcrafted-fabart-earrings-by-asalkaar_1.jpg,745,fabart,490,428.257,0.874
2023-510-1-60-handcrafted-fabart-earrings-by-asalkaar_1.jpg,745,fabart,490,412.794,0.842
2023-510-1-59-handcrafted-fabart-earrings-by-asalkaar_1.jpg,745,fabart,490,423.627,0.865
2023-510-1-58-handcrafted-fabart-earrings-by-asalkaar_1.jpg,745,fabart,490,433.267,0.884
2023-510-1-57-handcrafted-fabart-earrings-by-asalkaar_1.jpg,745,fabart,490,428.257,0.874
2023-510-1-56-handcrafted-fabart-earrings-by-asalkaar_1.jpg,745,fabart,490,428.257,0.874
2023-510-1-55-handcrafted-fabart-earrings-by-asalkaar_1.jpg,745,fabart,490,419.381,0.856
2023-510-1-53-handcrafted-fabart-earrings-by-asalkaar_1.jpg,745,fabart,490,412.794,0.842
2023-510-1-52-handcrafted-fabart-earrings-by-asalkaar_1.jpg,745,fabart,490,419.381,0.856
2023-510-1-51-handcrafted-fabart-earrings-by-asalkaar_1.jpg,745,fabart,490,444.723,0.908
2023-510-1-47-handcrafted-fabart-earrings-by-asalkaar_1.jpg,745,fabart,490,433.267,0.884
2023-510-1-46-handcrafted-fabart-earrings-by-asalkaar_1.jpg,745,fabart,490,433.267,0.884
2023-510-1-44-handcrafted-fabart-earrings-by-asalkaar_1.jpg,745,fabart,490,412.794,0.842
2023-510-1-43-handcrafted-fabart-earrings-by-asalkaar_1.jpg,745,fabart,490,421.974,0.861
2023-510-1-40-handcrafted-fabart-earrings-by-asalkaar_1.jpg,745,fabart,490,433.267,0.884
2023-510-1-39-handcrafted-fabart-earrings-by-asalkaar_1.jpg,745,fabart,490,444.723,0.908
2023-510-1-38-handcrafted-fabart-earrings-by-asalkaar_1.jpg,745,fabart,490,428.257,0.874
2023-510-1-37-handcrafted-fabart-earrings-by-asalkaar_1.jpg,745,fabart,490,433.267,0.884
2023-510-1-36-handcrafted-fabart-earrings-by-asalkaar_1.jpg,745,fabart,490,433.267,0.884
2023-510-1-35-handcrafted-fabart-earrings-by-asalkaar_1.jpg,745,fabart,490,428.257,0.874
2023-510-1-30-handcrafted-fabart-earrings-by-asalkaar_1.jpg,745,fabart,490,419.381,0.856
2023-510-1-29-handcrafted-fabart-earrings-by-asalkaar_1.jpg,745,fabart,490,433.267,0.884
2023-510-1-27-handcrafted-fabart-earrings-by-asalkaar_1.jpg,745,fabart,490,428.257,0.874
2023-510-1-26-handcrafted-fabart-earrings-by-asalkaar-1_1.jpg,745,fabart,490,433.267,0.884
2023-510-1-22-handcrafted-fabart-earrings-by-asalkaar_1.jpg,745,fabart,490,433.267,0.884
2023-510-1-16-handcrafted-fabart-earrings-by-asalkaar_1.jpg,745,fabart,490,428.257,0.874
2023-510-1-15-handcrafted-fabart-earrings-by-asalkaar_1.jpg,745,fabart,490,433.267,0.884
2023-510-1-13-handcrafted-fabart-earrings-by-asalkaar_1.jpg,745,fabart,490,433.267,0.884
2023-510-1-1-handcrafted-fabart-earrings-by-asalkaar_1.jpg,745,fabart,490,433.267,0.884
2023-447-1-12-brass-metal-handcrafted-dokra-earrings-by-asalkaar_1.jpg,504,metal work,750,873.322,1.164
2023-447-1-11-brass-metal-handcrafted-dokra-earrings-by-asalkaar_1.jpg,504,metal work,750,870.567,1.161
2023-447-1-10-brass-metal-handcrafted-dokra-earrings-by-asalkaar_1.jpg,504,metal work,490,428.723,0.875
2023-447-1-9-brass-metal-handcrafted-dokra-earrings-by-asalkaar_1.jpg,504,metal work,550,428.723,0.779
2023-447-1-7-brass-metal-handcrafted-dokra-earrings-by-asalkaar_1.jpg,504,metal work,550,428.723,0.779
2023-447-1-6-brass-metal-handcrafted-dokra-earrings-by-asalkaar_1.jpg,504,metal work,550,428.723,0.779
2023-447-1-5-brass-metal-handcrafted-dokra-earrings-by-asalkaar_1.jpg,504,metal work,490,428.723,0.875
2023-447-1-2-brass-metal-handcrafted-dokra-earrings-by-asalkaar_1.jpg,504,metal work,390,428.723,1.099
2023-441-1-18-handcrafted-bamboo-earrings-by-daya-patki_1.jpg,596,bamboo craft,500,412.435,0.825
2023-441-1-17-handcrafted-bamboo-earrings-by-daya-patki_1.jpg,596,bamboo craft,540,462.945,0.857
2023-441-1-14-handcrafted-bamboo-earrings-by-daya-patki_1.jpg,596,bamboo craft,500,412.435,0.825
2023-441-1-5-handcrafted-bamboo-earrings-by-daya-patki_1.jpg,596,bamboo craft,500,412.435,0.825
2023-290-1-54-tribal-odisha-dokra-threadwork-earrings_1.jpg,226,dokra craft,450,1444.079,3.209
2023-290-1-53-tribal-odisha-dokra-threadwork-earrings_1.jpg,226,dokra craft,450,1444.079,3.209
2023-290-1-50-tribal-odisha-dokra-threadwork-earrings_1.jpg,226,dokra craft,450,1444.079,3.209
2023-290-1-49-tribal-odisha-dokra-threadwork-earrings_1.jpg,226,dokra craft,450,1378.604,3.064
2023-290-1-48-tribal-odisha-dokra-threadwork-earrings_1.jpg,226,dokra craft,450,1444.079,3.209
2023-290-1-47-tribal-odisha-dokra-threadwork-earrings_1.jpg,226,dokra craft,450,1444.079,3.209
2023-290-1-46-tribal-odisha-dokra-threadwork-earrings_1.jpg,226,dokra craft,450,1444.079,3.209
2023-290-1-45-tribal-odisha-dokra-threadwork-earrings_1.jpg,226,dokra craft,450,1444.079,3.209
2023-290-1-43-tribal-odisha-dokra-threadwork-earrings_1.jpg,226,dokra craft,450,1444.079,3.209
2023-290-1-42-tribal-odisha-dokra-threadwork-earrings_1.jpg,226,dokra craft,450,1444.079,3.209
2023-290-1-37-tribal-odisha-dokra-threadwork-earrings_1.jpg,226,dokra craft,590,1444.079,2.448
2023-290-1-29-tribal-odisha-dokra-threadwork-earrings_1.jpg,226,dokra craft,590,1367.904,2.318
2023-290-1-27-tribal-odisha-dokra-threadwork-earrings_1.jpg,226,dokra craft,590,1367.904,2.318
2023-290-1-26-tribal-odisha-dokra-threadwork-earrings_1.jpg,226,dokra craft,590,1367.904,2.318
2023-290-1-25-tribal-odisha-dokra-threadwork-earrings_1.jpg,226,dokra craft,590,1367.904,2.318
2023-290-1-14-tribal-odisha-dokra-threadwork-earrings_1.jpg,226,dokra craft,590,1367.904,2.318
2023-145-1-346-handcrafted-paka-meenakari-earrings_1.jpg,514,meenakari work,650,1032.912,1.589
2023-145-1-321-handcrafted-paka-meenakari-earrings_1.jpg,514,meenakari work,690,1032.912,1.497
2023-145-1-316-handcrafted-paka-meenakari-earrings_1.jpg,514,meenakari work,690,1032.912,1.497
2023-145-1-315-handcrafted-paka-meenakari-earrings_1.jpg,514,meenakari work,690,1032.912,1.497
2023-145-1-314-handcrafted-paka-meenakari-earrings_1.jpg,514,meenakari work,690,1032.912,1.497
2023-145-1-285-handcrafted-paka-meenakari-jhumka-earrings_1.jpg,514,meenakari work,690,985.44,1.428
2023-145-1-282-handcrafted-paka-meenakari-jhumka-earrings_1.jpg,514,meenakari work,690,985.44,1.428
2023-145-1-194-handcrafted-paka-meenakari-earrings_1.jpg,514,meenakari work,450,1032.912,2.295
2023-145-1-185-handcrafted-paka-meenakari-earrings_1.jpg,514,meenakari work,450,902.623,2.006
2023-145-1-184-handcrafted-paka-meenakari-earrings_1.jpg,514,meenakari work,450,902.623,2.006
2023-145-1-143-handcrafted-paka-meenakari-earrings_1.jpg,514,meenakari work,450,1032.912,2.295
2023-145-1-137-handcrafted-paka-meenakari-earrings_1.jpg,514,meenakari work,450,1032.912,2.295
2022-1321-1-180-handcrafted-fabart-earrings-by-sufiyan-khatri_1.jpg,749,fabart,850,563.545,0.663
2022-1321-1-172-handcrafted-fabart-earrings-by-sufiyan-khatri_1.jpg,749,fabart,850,463.861,0.546
2022-1321-1-160-handcrafted-fabart-earrings-by-sufiyan-khatri_1.jpg,749,fabart,850,463.861,0.546
2022-1321-1-153-handcrafted-fabart-earrings-by-sufiyan-khatri_1.jpg,749,fabart,850,535.619,0.63
2022-1321-1-143-handcrafted-fabart-earrings-by-sufiyan-khatri_1.jpg,749,fabart,850,463.861,0.546
2022-1321-1-138-handcrafted-fabart-earrings-by-sufiyan-khatri_1.jpg,749,fabart,850,612.739,0.721
2022-1321-1-137-handcrafted-fabart-earrings-by-sufiyan-khatri_1.jpg,749,fabart,850,463.861,0.546
2022-1321-1-124-handcrafted-fabart-earrings-by-sufiyan-khatri_1.jpg,749,fabart,850,463.861,0.546
2022-1321-1-104-handcrafted-fabart-earrings-by-sufiyan-khatri_1.jpg,749,fabart,850,578.171,0.68
2022-1321-1-103-handcrafted-fabart-earrings-by-sufiyan-khatri_1.jpg,749,fabart,850,463.861,0.546
2022-1321-1-97-handcrafted-fabart-earrings-by-sufiyan-khatri_1.jpg,749,fabart,850,522.691,0.615
2022-1321-1-96-handcrafted-fabart-earrings-by-sufiyan-khatri_1.jpg,749,fabart,850,463.861,0.546
2022-1321-1-93-handcrafted-fabart-earrings-by-sufiyan-khatri_1.jpg,749,fabart,850,463.861,0.546
2022-1321-1-83-handcrafted-fabart-earrings-by-sufiyan-khatri_1.jpg,749,fabart,850,516.976,0.608
2022-1321-1-82-handcrafted-fabart-earrings-by-sufiyan-khatri_1.jpg,749,fabart,850,453.475,0.533
2022-1321-1-73-handcrafted-fabart-earrings-by-sufiyan-khatri_1.jpg,749,fabart,850,463.861,0.546
2022-1321-1-72-handcrafted-fabart-earrings-by-sufiyan-khatri_1.jpg,749,fabart,850,574.418,0.676
2022-1321-1-69-handcrafted-fabart-earrings-by-sufiyan-khatri_1.jpg,749,fabart,850,578.171,0.68
2022-1321-1-68-handcrafted-fabart-earrings-by-sufiyan-khatri_1.jpg,749,fabart,850,463.861,0.546
2022-1321-1-64-handcrafted-fabart-earrings-by-sufiyan-khatri_1.jpg,749,fabart,850,563.545,0.663
2022-1321-1-62-handcrafted-fabart-earrings-by-sufiyan-khatri_1.jpg,749,fabart,850,463.861,0.546
2022-1321-1-61-handcrafted-fabart-earrings-by-sufiyan-khatri_1.jpg,749,fabart,850,463.861,0.546
2022-1321-1-58-handcrafted-fabart-earrings-by-sufiyan-khatri_1.jpg,749,fabart,850,463.861,0.546
2022-1321-1-53-handcrafted-fabart-earrings-by-sufiyan-khatri_1.jpg,749,fabart,850,463.861,0.546
2022-1321-1-46-handcrafted-fabart-earrings-by-sufiyan-khatri_1.jpg,749,fabart,850,563.545,0.663
2022-1321-1-42-handcrafted-fabart-earrings-by-sufiyan-khatri_1.jpg,749,fabart,850,463.861,0.546
2022-1321-1-41-handcrafted-fabart-earrings-by-sufiyan-khatri_1.jpg,749,fabart,850,563.545,0.663
2022-1321-1-28-handcrafted-fabart-earrings-by-sufiyan-khatri_1.jpg,749,fabart,850,578.171,0.68
2022-1321-1-22-handcrafted-fabart-earrings-by-sufiyan-khatri_1.jpg,749,fabart,850,463.861,0.546
2022-1321-1-19-handcrafted-fabart-earrings-by-sufiyan-khatri_1.jpg,749,fabart,850,463.861,0.546
2022-1321-1-16-handcrafted-fabart-earrings-by-sufiyan-khatri_1.jpg,749,fabart,850,563.545,0.663
2022-1321-1-13-handcrafted-fabart-earrings-by-sufiyan-khatri_1.jpg,749,fabart,850,566.419,0.666
2022-1321-1-2-handcrafted-fabart-earrings-by-sufiyan-khatri_1.jpg,749,fabart,850,463.861,0.546
2022-1321-1-1-handcrafted-fabart-earrings-by-sufiyan-khatri_1.jpg,749,fabart,850,578.171,0.68
2022-1259-4-213-handcrafted-fabart-earrings-by-asalkaar_1.jpg,745,fabart,490,433.267,0.884
2022-1259-4-212-handcrafted-fabart-earrings-by-asalkaar_1.jpg,745,fabart,490,428.257,0.874
2022-1259-4-206-handcrafted-fabart-earrings-by-asalkaar_1.jpg,745,fabart,490,444.723,0.908
2022-1259-4-204-handcrafted-fabart-earrings-by-asalkaar_1.jpg,745,fabart,490,431.285,0.88
2022-1259-4-203-handcrafted-fabart-earrings-by-asalkaar_1.jpg,745,fabart,490,423.627,0.865
2022-1259-4-202-handcrafted-fabart-earrings-by-asalkaar_1.jpg,745,fabart,490,421.974,0.861
2022-1259-4-197-handcrafted-fabart-earrings-by-asalkaar_1.jpg,745,fabart,490,414.415,0.846
2022-1259-4-195-handcrafted-fabart-earrings-by-asalkaar_1.jpg,745,fabart,490,428.257,0.874
2022-1259-4-181-handcrafted-fabart-earrings-by-asalkaar_1.jpg,745,fabart,490,433.267,0.884
2022-1259-4-180-handcrafted-fabart-earrings-by-asalkaar_1.jpg,745,fabart,490,433.267,0.884
2022-1259-4-179-handcrafted-fabart-earrings-by-asalkaar_1.jpg,745,fabart,490,489.817,1.0
2022-1259-4-178-handcrafted-fabart-earrings-by-asalkaar_1.jpg,745,fabart,490,506.653,1.034
2022-1259-4-176-handcrafted-fabart-earrings-by-asalkaar_1.jpg,745,fabart,490,456.196,0.931
2022-1259-4-166-handcrafted-fabart-earrings-by-asalkaar_1.jpg,745,fabart,490,433.267,0.884
2022-1259-4-165-handcrafted-fabart-earrings-by-asalkaar_1.jpg,745,fabart,490,428.257,0.874
red-handcrafted-fabart-earrings-by-asalkaar_1.jpg,745,fabart,490,428.257,0.874
2022-1259-4-162-handcrafted-fabart-earrings-by-asalkaar_1.jpg,745,fabart,490,428.257,0.874
2022-1259-4-159-handcrafted-fabart-earrings-by-asalkaar_1.jpg,745,fabart,490,433.267,0.884
2022-1259-4-157-handcrafted-fabart-earrings-by-asalkaar_1.jpg,745,fabart,490,433.267,0.884
2022-1259-4-153-handcrafted-fabart-earrings-by-asalkaar_1.jpg,745,fabart,490,421.974,0.861
2022-1259-4-149-handcrafted-fabart-earrings-by-asalkaar_1.jpg,745,fabart,490,419.381,0.856
2022-1259-4-146-handcrafted-fabart-earrings-by-asalkaar_1.jpg,745,fabart,490,433.267,0.884
2022-1259-4-138-handcrafted-fabart-earrings-by-asalkaar_1.jpg,745,fabart,490,433.267,0.884
2022-1259-4-137-handcrafted-fabart-earrings-by-asalkaar_1.jpg,745,fabart,490,428.045,0.874
2022-1259-4-134-handcrafted-fabart-earrings-by-asalkaar_1.jpg,745,fabart,490,428.257,0.874
2022-1259-4-122-handcrafted-fabart-earrings-by-asalkaar_1.jpg,745,fabart,490,378.157,0.772
2022-1259-4-111-handcrafted-fabart-earrings-by-asalkaar_1.jpg,745,fabart,490,489.817,1.0
2022-1259-4-104-handcrafted-fabart-earrings-by-asalkaar_1.jpg,745,fabart,490,421.974,0.861
2022-1259-4-103-handcrafted-fabart-earrings-by-asalkaar_1.jpg,745,fabart,490,428.257,0.874
2022-1259-4-102-handcrafted-fabart-earrings-by-asalkaar_1.jpg,745,fabart,490,424.142,0.866
2022-1259-4-98-handcrafted-fabart-earrings-by-asalkaar_1.jpg,745,fabart,490,419.381,0.856
2022-1259-4-97-handcrafted-fabart-earrings-by-asalkaar_1.jpg,745,fabart,490,428.257,0.874
2022-1259-4-96-handcrafted-fabart-earrings-by-asalkaar_1.jpg,745,fabart,490,428.257,0.874
2022-1259-4-93-handcrafted-fabart-earrings-by-asalkaar_1.jpg,745,fabart,490,419.381,0.856
2022-1259-4-92-handcrafted-fabart-earrings-by-asalkaar_1.jpg,745,fabart,490,421.974,0.861
2022-1259-4-91-handcrafted-fabart-earrings-by-asalkaar_1.jpg,745,fabart,490,428.257,0.874
2022-1259-4-90-handcrafted-fabart-earrings-by-asalkaar_1.jpg,745,fabart,490,421.974,0.861
2022-1259-4-89-handcrafted-fabart-earrings-by-asalkaar_1.jpg,745,fabart,490,428.257,0.874
2022-1259-4-88-handcrafted-fabart-earrings-by-asalkaar_1.jpg,745,fabart,490,428.257,0.874
2022-1259-4-87-handcrafted-fabart-earrings-by-asalkaar_1.jpg,745,fabart,490,428.045,0.874
2022-1259-4-84-handcrafted-fabart-earrings-by-asalkaar_1.jpg,745,fabart,490,412.794,0.842
2022-1259-4-83-handcrafted-fabart-earrings-by-asalkaar_1.jpg,745,fabart,490,433.267,0.884
2022-1259-4-82-handcrafted-fabart-earrings-by-asalkaar_1.jpg,745,fabart,490,423.627,0.865
2022-1259-4-81-handcrafted-fabart-earrings-by-asalkaar_1.jpg,745,fabart,490,444.723,0.908
2022-1259-4-77-handcrafted-fabart-earrings-by-asalkaar_1.jpg,745,fabart,490,421.974,0.861
2022-1259-4-76-handcrafted-fabart-earrings-by-asalkaar_1.jpg,745,fabart,490,433.299,0.884
2022-1259-4-71-handcrafted-fabart-earrings-by-asalkaar_1.jpg,745,fabart,490,433.267,0.884
2022-1259-4-69-handcrafted-fabart-earrings-by-asalkaar_1.jpg,745,fabart,490,419.381,0.856
2022-1259-4-67-handcrafted-fabart-earrings-by-asalkaar_1.jpg,745,fabart,490,433.299,0.884
2022-1259-4-66-handcrafted-fabart-earrings-by-asalkaar_1.jpg,745,fabart,490,419.381,0.856
2022-1259-4-65-handcrafted-fabart-earrings-by-asalkaar_1.jpg,745,fabart,490,433.267,0.884
2022-1259-4-63-handcrafted-fabart-earrings-by-asalkaar_1.jpg,745,fabart,490,433.267,0.884
2022-1259-4-60-handcrafted-fabart-earrings-by-asalkaar_1.jpg,745,fabart,490,428.257,0.874
2022-1259-4-59-handcrafted-fabart-earrings-by-asalkaar_1.jpg,745,fabart,490,479.0,0.978
2022-1259-4-58-handcrafted-fabart-earrings-by-asalkaar_1.jpg,745,fabart,490,421.974,0.861
2022-1259-4-56-handcrafted-fabart-earrings-by-asalkaar_1.jpg,745,fabart,490,414.415,0.846
2022-1259-4-55-handcrafted-fabart-earrings-by-asalkaar_1.jpg,745,fabart,490,419.381,0.856
2022-1259-4-52-handcrafted-fabart-earrings-by-asalkaar_1.jpg,745,fabart,490,424.468,0.866
2022-1259-4-45-handcrafted-fabart-earrings-by-asalkaar_1.jpg,745,fabart,490,421.974,0.861
2022-1259-4-25-handcrafted-fabart-earrings-by-asalkaar_1.jpg,745,fabart,490,428.045,0.874
2022-1259-4-24-handcrafted-fabart-earrings-by-asalkaar_1.jpg,745,fabart,490,471.499,0.962
2022-1259-4-22-handcrafted-fabart-earrings-by-asalkaar_1.jpg,745,fabart,490,433.267,0.884
2022-1259-4-20-handcrafted-fabart-earrings-by-asalkaar_1.jpg,745,fabart,490,444.723,0.908
2022-1259-4-14-handcrafted-fabart-earrings-by-asalkaar_1.jpg,745,fabart,490,433.267,0.884
2022-1259-4-13-handcrafted-fabart-earrings-by-asalkaar_1.jpg,745,fabart,490,433.267,0.884
2022-1259-4-12-handcrafted-fabart-earrings-by-asalkaar_1.jpg,745,fabart,490,412.794,0.842
2022-1259-4-10-handcrafted-fabart-earrings-by-asalkaar_1.jpg,745,fabart,490,428.257,0.874
2022-1259-4-9-handcrafted-fabart-earrings-by-asalkaar_1.jpg,745,fabart,490,405.946,0.828
2022-1259-4-6-handcrafted-fabart-earrings-by-asalkaar_1.jpg,745,fabart,490,433.267,0.884
2022-1259-4-5-handcrafted-fabart-earrings-by-asalkaar_1.jpg,745,fabart,490,428.045,0.874
2022-1259-4-3-handcrafted-fabart-earrings-by-asalkaar_1.jpg,745,fabart,490,421.974,0.861
2022-1259-4-2-handcrafted-fabart-earrings-by-asalkaar_1.jpg,745,fabart,490,428.257,0.874
2022-1181-1-54-tikuli-art-handpainted-wooden-earrings_1.jpg,586,tikuli art,350,409.964,1.171
2022-1137-1-50-brass-metal-handcrafted-earrings_1.jpg,504,oxidised metal craft,390,319.958,0.82
2022-1137-1-49-brass-metal-handcrafted-earrings_1.jpg,504,copper brass,390,1008.987,2.587
2022-1137-1-47-brass-metal-handcrafted-earrings_1.jpg,504,copper brass,390,1008.987,2.587
2022-1137-1-46-brass-metal-handcrafted-earrings_1.jpg,504,copper brass,390,1083.914,2.779
2022-1137-1-45-brass-metal-handcrafted-earrings_1.jpg,504,copper brass,390,1008.987,2.587
2022-1137-1-44-brass-metal-handcrafted-earrings_1.jpg,504,copper brass,390,1008.987,2.587
2022-1137-1-42-brass-metal-handcrafted-earrings_1.jpg,504,copper brass,390,1008.987,2.587
2022-1137-1-41-brass-metal-handcrafted-earrings_1.jpg,504,copper brass,390,1008.987,2.587
2022-1137-1-39-brass-metal-handcrafted-earrings_1.jpg,504,copper brass,390,1008.987,2.587
2022-1137-1-38-brass-metal-handcrafted-earrings_1.jpg,504,copper brass,390,1008.987,2.587
2022-1137-1-37-brass-metal-handcrafted-earrings_1.jpg,504,copper brass,390,1008.987,2.587
2022-1137-1-36-brass-metal-handcrafted-earrings_1.jpg,504,copper brass,390,1008.987,2.587
2022-1137-1-35-brass-metal-handcrafted-earrings_1.jpg,504,copper brass,390,1008.987,2.587
2022-1137-1-34-brass-metal-handcrafted-earrings_1.jpg,504,copper brass,390,1083.914,2.779
2022-1137-1-32-brass-metal-handcrafted-earrings_1.jpg,504,copper brass,390,1083.914,2.779
572746-52-kerala-mural-handpainted-bamboo-stud-earrings_1.jpg,750,kerala mural art,290,369.951,1.276
572746-48-kerala-mural-handpainted-bamboo-stud-earrings_1.jpg,750,kerala mural art,290,367.237,1.266
572746-40-kerala-mural-handpainted-bamboo-stud-earrings_1.jpg,750,kerala mural art,290,369.884,1.275
572746-38-kerala-mural-handpainted-bamboo-stud-earrings_1.jpg,750,kerala mural art,290,374.94,1.293
572746-34-kerala-mural-handpainted-bamboo-stud-earrings_1.jpg,750,kerala mural art,290,385.631,1.33
572746-33-kerala-mural-handpainted-bamboo-stud-earrings_1.jpg,750,kerala mural art,290,379.729,1.309
572746-32-kerala-mural-handpainted-bamboo-stud-earrings_1.jpg,750,kerala mural art,290,383.893,1.324
572746-31-kerala-mural-handpainted-bamboo-stud-earrings_1.jpg,750,kerala mural art,290,380.3,1.311
572746-30-kerala-mural-handpainted-bamboo-stud-earrings_1.jpg,750,kerala mural art,290,388.792,1.341
572746-27-kerala-mural-handpainted-bamboo-stud-earrings_1.jpg,750,kerala mural art,290,376.094,1.297
572746-25-kerala-mural-handpainted-bamboo-stud-earrings_1.jpg,750,kerala mural art,290,384.597,1.326
572746-22-kerala-mural-handpainted-bamboo-stud-earrings_1.jpg,750,kerala mural art,290,388.414,1.339
572746-18-kerala-mural-handpainted-bamboo-stud-earrings_1.jpg,750,kerala mural art,290,383.851,1.324
572746-17-kerala-mural-handpainted-bamboo-stud-earrings_1.jpg,750,kerala mural art,290,389.274,1.342
572746-16-kerala-mural-handpainted-bamboo-stud-earrings_1.jpg,750,kerala mural art,290,380.591,1.312
572746-12-kerala-mural-handpainted-bamboo-stud-earrings_1.jpg,750,kerala mural art,290,386.25,1.332
572746-8-kerala-mural-handpainted-bamboo-stud-earrings_1.jpg,750,kerala mural art,290,396.446,1.367
572746-7-kerala-mural-handpainted-bamboo-stud-earrings_1.jpg,750,kerala mural art,290,371.09,1.28
572746-6-kerala-mural-handpainted-bamboo-stud-earrings_1.jpg,750,kerala mural art,290,372.906,1.286
572746-3-kerala-mural-handpainted-bamboo-stud-earrings_1.jpg,750,kerala mural art,290,362.142,1.249
2022-1024-1-116-kerala-mural-handpainted-bamboo-stud-earrings_1.jpg,750,kerala mural art,290,362.109,1.249
2022-1024-1-115-kerala-mural-handpainted-bamboo-stud-earrings_1.jpg,750,kerala mural art,290,350.25,1.208
2022-1024-1-95-kerala-mural-handpainted-bamboo-stud-earrings_1.jpg,750,kerala mural art,290,365.412,1.26
2022-1024-1-90-kerala-mural-handpainted-bamboo-stud-earrings_1.jpg,750,kerala mural art,290,360.566,1.243
2022-1024-1-76-kerala-mural-handpainted-bamboo-stud-earrings_1.jpg,750,kerala mural art,290,355.224,1.225
2022-1024-1-75-kerala-mural-handpainted-bamboo-stud-earrings_1.jpg,750,kerala mural art,290,360.417,1.243
2022-1024-1-71-kerala-mural-handpainted-bamboo-stud-earrings_1.jpg,750,kerala mural art,290,377.246,1.301
2022-1024-1-69-kerala-mural-handpainted-bamboo-stud-earrings_1.jpg,750,kerala mural art,290,374.665,1.292
2022-1024-1-68-kerala-mural-handpainted-bamboo-stud-earrings_1.jpg,750,kerala mural art,290,375.429,1.295
2022-1024-1-65-kerala-mural-handpainted-bamboo-stud-earrings_1.jpg,750,kerala mural art,290,370.666,1.278
2022-1024-1-62-kerala-mural-handpainted-bamboo-stud-earrings_1.jpg,750,kerala mural art,290,375.172,1.294
2022-1024-1-61-kerala-mural-handpainted-bamboo-stud-earrings_1.jpg,750,kerala mural art,290,371.586,1.281
2022-1024-1-60-kerala-mural-handpainted-bamboo-stud-earrings_1.jpg,750,kerala mural art,290,365.843,1.262
2022-1024-1-59-kerala-mural-handpainted-bamboo-stud-earrings_1.jpg,750,kerala mural art,290,349.669,1.206
2022-1024-1-58-kerala-mural-handpainted-bamboo-stud-earrings_1.jpg,750,kerala mural art,290,374.989,1.293
2022-1024-1-57-kerala-mural-handpainted-bamboo-stud-earrings_1.jpg,750,kerala mural art,290,356.434,1.229
2022-1024-1-56-kerala-mural-handpainted-bamboo-stud-earrings_1.jpg,750,kerala mural art,290,347.242,1.197
566972-4-tikuli-art-handpainted-wooden-earrings_1.jpg,586,tikuli art,350,504.225,1.441
2022-772-4-75-brass-metal-handcrafted-dokra-earrings-by-asalkaar_1.jpg,504,metal work,750,880.146,1.174
2022-772-4-73-brass-metal-handcrafted-dokra-earrings-by-asalkaar_1.jpg,504,metal work,490,428.723,0.875
2022-772-4-69-brass-metal-handcrafted-dokra-earrings-by-asalkaar_1.jpg,504,metal work,590,428.723,0.727
2022-772-4-68-brass-metal-handcrafted-dokra-earrings-by-asalkaar_1.jpg,504,metal work,750,878.194,1.171
2022-772-4-67-brass-metal-handcrafted-dokra-earrings-by-asalkaar_1.jpg,504,metal work,590,428.723,0.727
2022-772-4-66-brass-metal-handcrafted-dokra-earrings-by-asalkaar_1.jpg,504,metal work,590,428.723,0.727
2022-772-4-65-brass-metal-handcrafted-dokra-earrings-by-asalkaar_1.jpg,504,metal work,750,868.343,1.158
2022-772-4-64-brass-metal-handcrafted-dokra-earrings-by-asalkaar_1.jpg,504,metal work,690,428.723,0.621
2022-772-4-61-brass-metal-handcrafted-dokra-earrings-by-asalkaar_1.jpg,504,metal work,490,428.723,0.875
2022-772-4-60-brass-metal-handcrafted-dokra-earrings-by-asalkaar_1.jpg,504,metal work,750,871.562,1.162
2022-772-4-59-brass-metal-handcrafted-dokra-earrings-by-asalkaar_1.jpg,504,metal work,590,428.723,0.727
2022-772-4-57-brass-metal-handcrafted-dokra-earrings-by-asalkaar_1.jpg,504,metal work,590,428.723,0.727
2022-772-4-56-brass-metal-handcrafted-dokra-earrings-by-asalkaar_1.jpg,504,metal work,590,428.723,0.727
2022-772-4-55-brass-metal-handcrafted-dokra-earrings-by-asalkaar_1.jpg,504,metal work,750,879.407,1.173
2022-772-4-53-brass-metal-handcrafted-dokra-earrings-by-asalkaar_1.jpg,504,metal work,590,428.723,0.727
2022-772-4-52-brass-metal-handcrafted-dokra-earrings-by-asalkaar_1.jpg,504,metal work,590,428.723,0.727
558285-64-tribal-odisha-dokra-threadwork-earrings_1.jpg,226,dokra craft,590,1398.377,2.37
2022-422-1-15-handcrafted-bamboo-earrings-by-daya-patki_1.jpg,596,bamboo craft,500,412.435,0.825
2022-422-1-9-handcrafted-bamboo-earrings-by-daya-patki_1.jpg,596,bamboo craft,400,486.416,1.216
2022-350-1-13-machli-jal-ki-rani-madhubani-handpainted-wooden-earrings_1.jpg,757,madhubani folk art,990,538.671,0.544
532680-17-machhli-jal-ki-rani-madhubani-handpainted-wooden-earrings_1.jpg,757,madhubani folk art,690,731.241,1.06
503649-30-tribal-odisha-dokra-threadwork-earrings_1.jpg,226,dokra craft,590,1566.066,2.654
503649-29-tribal-odisha-dokra-threadwork-earrings_1.jpg,226,dokra craft,590,1543.957,2.617
503649-12-tribal-odisha-dokra-threadwork-earrings_1.jpg,226,dokra craft,590,1543.957,2.617
503649-11-tribal-odisha-dokra-threadwork-earrings_1.jpg,226,dokra craft,590,1543.957,2.617
496994-111-handcrafted-rice-paddy-earrings-by-putul-das-mitra_1.jpg,613,other,290,583.455,2.012
496994-110-handcrafted-rice-paddy-earrings-by-putul-das-mitra_1.jpg,613,other,290,459.153,1.583
496994-109-handcrafted-rice-paddy-earrings-by-putul-das-mitra_1.jpg,613,other,290,574.94,1.983
496994-104-handcrafted-rice-paddy-earrings-by-putul-das-mitra_1.jpg,613,other,290,574.94,1.983
496994-99-handcrafted-rice-paddy-earrings-by-putul-das-mitra_1.jpg,613,other,490,562.469,1.148
496994-89-handcrafted-rice-paddy-earrings-by-putul-das-mitra_1.jpg,613,other,490,574.94,1.173
496994-88-handcrafted-rice-paddy-earrings-by-putul-das-mitra_1.jpg,613,other,490,469.278,0.958
496994-87-handcrafted-rice-paddy-earrings-by-putul-das-mitra_1.jpg,613,other,490,469.278,0.958
496994-86-handcrafted-rice-paddy-earrings-by-putul-das-mitra_1.jpg,613,other,490,469.278,0.958
496994-85-handcrafted-rice-paddy-earrings-by-putul-das-mitra_1.jpg,613,other,490,583.661,1.191
496994-82-handcrafted-rice-paddy-earrings-by-putul-das-mitra_1.jpg,613,other,390,583.455,1.496
496994-66-handcrafted-rice-paddy-earrings-by-putul-das-mitra_1.jpg,613,other,490,583.455,1.191
497591-41-mayuri-madhubani-handpainted-wooden-earrings_1.jpg,535,madhubani folk art,1490,655.101,0.44
497591-39-meraki-madhubani-handpainted-wooden-earrings_1.jpg,535,madhubani folk art,950,614.423,0.647
497591-38-meraki-madhubani-handpainted-wooden-earrings_1.jpg,535,wood carving,950,736.79,0.776
497591-37-vasudha-madhubani-handpainted-wooden-earrings_1.jpg,535,wood carving,950,692.616,0.729
497591-34-bholi-si-surat-madhubani-handpainted-wooden-stud-earrings_1.jpg,535,wood carving,690,748.396,1.085
483105-49-oxidised-antique-finish-dual-tone-stone-gs-jhumki-earrings_1.jpg,766,oxidised metal craft,950,708.594,0.746
483105-48-oxidised-antique-finish-dual-tone-stone-gs-jhumki-earrings_1.jpg,766,oxidised metal craft,950,718.589,0.756
483105-47-oxidised-antique-finish-dual-tone-stone-gs-jhumki-earrings_1.jpg,766,oxidised metal craft,950,703.214,0.74
483105-46-oxidised-antique-finish-dual-tone-stone-gs-jhumki-earrings_1.jpg,766,oxidised metal craft,950,725.921,0.764
483105-45-oxidised-antique-finish-dual-tone-stone-gs-jhumki-earrings_1.jpg,766,oxidised metal craft,950,657.593,0.692
2021-880-1-30-madhubani-handpainted-wooden-earrings_1.jpg,623,wood carving,950,1090.981,1.148
2021-880-1-20-madhubani-handpainted-wooden-stud-earrings_1.jpg,535,wood carving,650,777.415,1.196
2021-626-2-66-tribal-odisha-dokra-thread-work-earrings_1.jpg,226,dokra craft,590,1291.171,2.188
2021-626-2-59-tribal-odisha-dokra-thread-work-earrings_1.jpg,226,bead work,590,1081.46,1.833
2021-023-2-16-handpainted-tholu-bommalata-leather-earrings_1.jpg,10,leather puppetry,590,1902.196,3.224
2023-1169-1-2-bandhani-tie-dye-cotton-elastic-rubber-band-scrunchie_1.jpg,781,bandhani tie dye,150,164.737,1.098
2021-453-1-129-handmade-cotton-elastic-hair-bands-scarf-ponytail-holder-scrunchie-ties_1.jpg,781,handmade,190,197.922,1.042
2023-1169-1-22-handmade-modal-silk-elastic-rubber-band-scrunchie_1.jpg,781,plain solid,250,245.463,0.982
2024-640-1-12-handmade-crochet-rubber-band-12_1.jpg,786,crochet work,190,264.364,1.391
2021-685-1-18-handmade-cotton-elastic-hair-bands-scarf-ponytail-holder-scrunchie-ties_1.jpg,781,handmade,190,197.034,1.037
2024-640-1-29-handmade-crochet-rubber-band-29_1.jpg,786,crochet work,190,258.14,1.359
2021-145-1-14-handmade-cotton-elastic-hair-bands-scarf-ponytail-holder-scrunchie-ties_1.jpg,781,handmade,190,197.922,1.042
2021-245-1-10-handmade-cotton-elastic-hair-bands-scarf-ponytail-holder-scrunchie-ties_1.jpg,781,handmade,190,197.922,1.042
2021-685-1-14-handmade-cotton-elastic-hair-bands-scarf-ponytail-holder-scrunchie-ties_1.jpg,781,handmade,190,197.034,1.037
2024-640-1-17-handmade-crochet-rubber-band-17_1.jpg,786,crochet work,190,259.744,1.367
2021-145-1-12-handmade-cotton-elastic-hair-bands-scarf-ponytail-holder-scrunchie-ties_1.jpg,781,handmade,190,197.922,1.042
2024-108-1-14-handmade-modal-silk-elastic-rubber-band-scrunchie-14_1.jpg,781,modal silk weaves,250,271.008,1.084
2022-1000-1-5-handmade-felt-beadwork-rubber-band_1.jpg,790,plain solid,90,201.407,2.238
2021-145-1-21-handmade-cotton-elastic-hair-bands-scarf-ponytail-holder-scrunchie-ties_1.jpg,781,handmade,190,197.922,1.042
2024-258-1-41-handmade-crochet-rubber-band-41_1.jpg,786,crochet work,190,458.827,2.415
2024-258-1-9-handmade-crochet-rubber-band-09_1.jpg,786,crochet work,190,453.935,2.389
2024-157-1-21-handmade-modal-silk-elastic-rubber-band-scrunchie-28_1.jpg,781,plain solid,250,261.814,1.047
2021-145-1-1-handmade-cotton-elastic-hair-bands-scarf-ponytail-holder-scrunchie-ties_1.jpg,781,handmade,190,197.922,1.042
2024-108-1-3-handmade-modal-silk-elastic-rubber-band-scrunchie-03_1.jpg,781,modal silk weaves,250,267.075,1.068
2022-1000-1-25-flower-handmade-felt-beadwork-rubber-band_1.jpg,790,plain solid,90,219.561,2.44
2023-1169-1-36-handmade-modal-silk-elastic-rubber-band-scrunchie_1.jpg,781,plain solid,250,245.463,0.982
2021-145-1-52-handmade-cotton-elastic-hair-bands-scarf-ponytail-holder-scrunchie-ties_1.jpg,781,handmade,190,197.922,1.042
2021-2051-1-19-handmade-cotton-elastic-hair-bands-scarf-ponytail-holder-scrunchie-ties_1.jpg,781,handmade,190,197.922,1.042
2021-245-1-6-handmade-cotton-elastic-hair-bands-scarf-ponytail-holder-scrunchie-ties_1.jpg,781,handmade,190,197.922,1.042
2021-145-1-33-handmade-cotton-elastic-hair-bands-scarf-ponytail-holder-scrunchie-ties_1.jpg,781,handmade,190,197.922,1.042
2022-1000-1-3-handmade-felt-beadwork-rubber-band_1.jpg,790,plain solid,90,201.407,2.238
2021-145-1-36-handmade-cotton-elastic-hair-bands-scarf-ponytail-holder-scrunchie-ties_1.jpg,781,handmade,190,197.922,1.042
2023-1169-1-5-bandhani-tie-dye-cotton-elastic-rubber-band-scrunchie_1.jpg,781,bandhani tie dye,150,164.737,1.098
2024-258-1-11-handmade-crochet-rubber-band-11_1.jpg,786,crochet work,190,470.252,2.475
2021-453-1-142-handmade-cotton-elastic-hair-bands-scarf-ponytail-holder-scrunchie-ties_1.jpg,781,handmade,190,197.922,1.042
2024-258-1-1-handmade-crochet-rubber-band-01_1.jpg,786,crochet work,190,463.518,2.44
511750-69-handmade-modal-silk-elastic-rubber-band-scrunchie-ties_1.jpg,781,modal silk weaves,250,285.096,1.14
2022-1000-1-56-flower-handmade-felt-beadwork-rubber-band_1.jpg,790,plain solid,150,219.561,1.464
2021-245-1-40-handmade-modal-silk-elastic-hair-bands-scarf-ponytail-holder-scrunchie-ties_1.jpg,781,modal silk weaves,290,387.05,1.335
2024-640-1-31-handmade-crochet-rubber-band-31_1.jpg,786,crochet work,190,253.577,1.335
2024-640-1-8-handmade-crochet-rubber-band-08_1.jpg,786,crochet work,190,256.747,1.351
2022-1000-1-44-flower-handmade-felt-beadwork-rubber-band_1.jpg,790,plain solid,90,219.561,2.44
2024-258-1-8-handmade-crochet-rubber-band-08_1.jpg,786,crochet work,190,463.074,2.437
2024-258-1-33-handmade-crochet-rubber-band-33_1.jpg,786,crochet work,190,472.266,2.486
2024-258-1-4-handmade-crochet-rubber-band-04_1.jpg,786,crochet work,190,463.317,2.439
2021-685-1-25-handmade-cotton-elastic-hair-bands-scarf-ponytail-holder-scrunchie-ties_1.jpg,781,handmade,190,197.034,1.037
fabart-phool-kali-shell-hair-rubber-band-05-2025-287-1-5_1.jpg,793,fabart,290,261.497,0.902
2022-1000-1-23-flower-handmade-felt-beadwork-rubber-band_1.jpg,790,plain solid,90,219.561,2.44
2023-758-1-4-handmade-modal-silk-elastic-rubber-band-scrunchie_1.jpg,781,modal silk weaves,250,285.096,1.14
2021-145-1-39-handmade-cotton-elastic-hair-bands-scarf-ponytail-holder-scrunchie-ties_1.jpg,781,handmade,190,197.922,1.042
2022-1000-1-40-flower-handmade-felt-beadwork-rubber-band_1.jpg,790,plain solid,90,219.561,2.44
2024-258-1-19-handmade-crochet-rubber-band-19_1.jpg,786,crochet work,190,449.281,2.365
2024-157-1-19-handmade-modal-silk-elastic-rubber-band-scrunchie-26_1.jpg,781,plain solid,250,260.067,1.04
fabart-phool-kali-shell-hair-rubber-band-21-2025-287-1-21_1.jpg,793,fabart,290,264.896,0.913
2021-685-1-28-handmade-cotton-elastic-hair-bands-scarf-ponytail-holder-scrunchie-ties_1.jpg,781,handmade,190,197.034,1.037
2021-685-1-16-handmade-cotton-elastic-hair-bands-scarf-ponytail-holder-scrunchie-ties_1.jpg,781,handmade,190,197.034,1.037
2021-2051-1-15-handmade-cotton-elastic-hair-bands-scarf-ponytail-holder-scrunchie-ties_1.jpg,781,handmade,190,197.922,1.042
2023-1169-1-10-bandhani-tie-dye-cotton-elastic-rubber-band-scrunchie_1.jpg,781,bandhani tie dye,150,164.737,1.098
2020-765-1-88-bandhani-tie-dye-cotton-elastic-hair-bands-scarf-ponytail-holder-scrunchy-ties_1.jpg,781,bandhani tie dye,190,244.027,1.284
modal-silk-elastic-handmade-rubber-band-scrunchie-24-2024-603-1-24_1.jpg,781,modal silk weaves,250,482.974,1.932
2023-1169-1-24-handmade-modal-silk-elastic-rubber-band-scrunchie_1.jpg,781,plain solid,250,245.463,0.982
2024-640-1-4-handmade-crochet-rubber-band-04_1.jpg,786,crochet work,190,256.808,1.352
2021-245-1-11-handmade-cotton-elastic-hair-bands-scarf-ponytail-holder-scrunchie-ties_1.jpg,781,handmade,190,197.922,1.042
2024-640-1-16-handmade-crochet-rubber-band-16_1.jpg,786,crochet work,190,260.075,1.369
511750-64-handmade-modal-silk-elastic-rubber-band-scrunchie-ties_1.jpg,781,modal silk weaves,250,285.096,1.14
2023-758-1-3-handmade-modal-silk-elastic-rubber-band-scrunchie_1.jpg,781,modal silk weaves,250,285.096,1.14
2022-1000-1-26-flower-handmade-felt-beadwork-rubber-band_1.jpg,790,plain solid,90,219.561,2.44
2022-1000-1-62-flower-handmade-felt-beadwork-rubber-band_1.jpg,790,plain solid,150,219.561,1.464
2021-2051-1-10-handmade-cotton-elastic-hair-bands-scarf-ponytail-holder-scrunchie-ties_1.jpg,781,handmade,190,197.922,1.042
2024-258-1-21-handmade-crochet-rubber-band-21_1.jpg,786,crochet work,190,462.871,2.436
modal-silk-elastic-handmade-rubber-band-scrunchie-21-2024-603-1-21_1.jpg,781,modal silk weaves,250,511.67,2.047
2023-1169-1-40-handmade-modal-silk-elastic-rubber-band-scrunchie_1.jpg,781,plain solid,250,245.463,0.982
2021-245-1-12-handmade-cotton-elastic-hair-bands-scarf-ponytail-holder-scrunchie-ties_1.jpg,781,handmade,190,197.922,1.042
2021-245-1-1-handmade-cotton-elastic-hair-bands-scarf-ponytail-holder-scrunchie-ties_1.jpg,781,handmade,190,197.922,1.042
2022-1000-1-19-flower-handmade-felt-beadwork-rubber-band_1.jpg,790,other,90,280.132,3.113
2021-145-1-11-handmade-cotton-elastic-hair-bands-scarf-ponytail-holder-scrunchie-ties_1.jpg,781,handmade,190,197.922,1.042
2024-640-1-3-handmade-crochet-rubber-band-03_1.jpg,786,crochet work,190,254.608,1.34
2021-685-1-6-handmade-cotton-elastic-hair-bands-scarf-ponytail-holder-scrunchie-ties_1.jpg,781,handmade,190,197.034,1.037
fabart-phool-kali-shell-hair-rubber-band-02-2025-287-1-2_1.jpg,793,fabart,290,267.488,0.922
2021-2051-1-44-handmade-cotton-elastic-hair-bands-scarf-ponytail-holder-scrunchie-ties_1.jpg,781,handmade,190,197.922,1.042
2023-1169-1-46-handmade-modal-silk-elastic-rubber-band-scrunchie_1.jpg,781,plain solid,250,245.463,0.982
2021-453-1-131-handmade-cotton-elastic-hair-bands-scarf-ponytail-holder-scrunchie-ties_1.jpg,781,handmade,190,197.922,1.042
2023-1169-1-31-handmade-modal-silk-elastic-rubber-band-scrunchie_1.jpg,781,plain solid,250,245.463,0.982
2021-1356-1-111-bandhani-tie-dye-cotton-elastic-hair-bands-scarf-ponytail-holder-scrunchy-ties_1.jpg,781,bandhani tie dye,190,243.983,1.284
2024-640-1-24-handmade-crochet-rubber-band-24_1.jpg,786,crochet work,190,259.033,1.363
2024-108-1-10-handmade-modal-silk-elastic-rubber-band-scrunchie-10_1.jpg,781,modal silk weaves,250,269.768,1.079
2024-640-1-15-handmade-crochet-rubber-band-15_1.jpg,786,crochet work,190,259.586,1.366
2022-1000-1-8-flower-handmade-felt-beadwork-rubber-band_1.jpg,790,plain solid,90,219.561,2.44
2022-1000-1-50-flower-handmade-felt-beadwork-rubber-band_1.jpg,790,plain solid,90,219.561,2.44
2023-1169-1-43-handmade-modal-silk-elastic-rubber-band-scrunchie_1.jpg,781,plain solid,250,245.463,0.982
2021-2051-1-79-handmade-cotton-elastic-hair-bands-scarf-ponytail-holder-scrunchie-ties_1.jpg,781,handmade,190,197.922,1.042
2023-1169-1-20-handmade-modal-silk-elastic-rubber-band-scrunchie_1.jpg,781,plain solid,250,245.463,0.982
2021-2051-1-35-handmade-cotton-elastic-hair-bands-scarf-ponytail-holder-scrunchie-ties_1.jpg,781,handmade,190,197.922,1.042
2021-145-1-24-handmade-cotton-elastic-hair-bands-scarf-ponytail-holder-scrunchie-ties_1.jpg,781,handmade,190,197.922,1.042
fabart-phool-kali-shell-hair-rubber-band-07-2025-287-1-7_1.jpg,793,fabart,290,263.586,0.909
2023-1169-1-25-handmade-modal-silk-elastic-rubber-band-scrunchie_1.jpg,781,plain solid,250,245.463,0.982
2023-1169-1-33-handmade-modal-silk-elastic-rubber-band-scrunchie_1.jpg,781,plain solid,250,245.463,0.982
2021-453-1-126-handmade-cotton-elastic-hair-bands-scarf-ponytail-holder-scrunchie-ties_1.jpg,781,handmade,190,197.922,1.042
2024-640-1-21-handmade-crochet-rubber-band-21_1.jpg,786,crochet work,190,257.23,1.354
2024-640-1-27-handmade-crochet-rubber-band-27_1.jpg,786,crochet work,190,259.209,1.364
2024-157-1-20-handmade-modal-silk-elastic-rubber-band-scrunchie-27_1.jpg,781,plain solid,250,259.889,1.04
2024-108-1-12-handmade-modal-silk-elastic-rubber-band-scrunchie-12_1.jpg,781,modal silk weaves,250,270.451,1.082
2021-2051-1-3-handmade-cotton-elastic-hair-bands-scarf-ponytail-holder-scrunchie-ties_1.jpg,781,handmade,190,197.922,1.042
2024-640-1-11-handmade-crochet-rubber-band-11_1.jpg,786,crochet work,190,260.281,1.37
2024-258-1-5-handmade-crochet-rubber-band-05_1.jpg,786,crochet work,190,455.279,2.396
2022-1000-1-13-flower-handmade-felt-beadwork-rubber-band_1.jpg,790,plain solid,90,219.561,2.44
2024-640-1-13-handmade-crochet-rubber-band-13_1.jpg,786,crochet work,190,253.757,1.336
2024-108-1-8-handmade-modal-silk-elastic-rubber-band-scrunchie-08_1.jpg,781,modal silk weaves,250,268.465,1.074
2021-145-1-30-handmade-cotton-elastic-hair-bands-scarf-ponytail-holder-scrunchie-ties_1.jpg,781,handmade,190,197.922,1.042
2021-2051-1-39-handmade-cotton-elastic-hair-bands-scarf-ponytail-holder-scrunchie-ties_1.jpg,781,handmade,190,197.922,1.042
2021-2051-1-41-handmade-cotton-elastic-hair-bands-scarf-ponytail-holder-scrunchie-ties_1.jpg,781,handmade,190,197.922,1.042
2023-758-1-1-handmade-modal-silk-elastic-rubber-band-scrunchie_1.jpg,781,modal silk weaves,250,285.096,1.14
2022-1000-1-37-flower-handmade-felt-beadwork-rubber-band_1.jpg,790,plain solid,90,219.561,2.44
2022-1000-1-12-flower-handmade-felt-beadwork-rubber-band_1.jpg,790,plain solid,90,219.561,2.44
2023-758-1-10-handmade-modal-silk-elastic-rubber-band-scrunchie_1.jpg,781,modal silk weaves,250,285.096,1.14
2021-2051-1-27-handmade-cotton-elastic-hair-bands-scarf-ponytail-holder-scrunchie-ties_1.jpg,781,handmade,190,197.922,1.042
2023-1169-1-9-bandhani-tie-dye-cotton-elastic-rubber-band-scrunchie_1.jpg,781,bandhani tie dye,150,164.737,1.098
2021-145-1-19-handmade-cotton-elastic-hair-bands-scarf-ponytail-holder-scrunchie-ties_1.jpg,781,handmade,190,197.922,1.042
2021-2051-1-82-handmade-cotton-elastic-hair-bands-scarf-ponytail-holder-scrunchie-ties_1.jpg,781,handmade,190,197.922,1.042
2024-640-1-10-handmade-crochet-rubber-band-10_1.jpg,786,crochet work,190,258.716,1.362
2024-640-1-9-handmade-crochet-rubber-band-09_1.jpg,786,crochet work,190,260.131,1.369
2024-108-1-5-handmade-modal-silk-elastic-rubber-band-scrunchie-05_1.jpg,781,modal silk weaves,250,265.924,1.064
2023-1169-1-21-handmade-modal-silk-elastic-rubber-band-scrunchie_1.jpg,781,plain solid,250,245.463,0.982
2022-1000-1-9-flower-handmade-felt-beadwork-rubber-band_1.jpg,790,plain solid,90,219.561,2.44
fabart-phool-kali-shell-hair-rubber-band-17-2025-287-1-17_1.jpg,793,fabart,290,267.018,0.921
2021-453-1-122-handmade-cotton-elastic-hair-bands-scarf-ponytail-holder-scrunchie-ties_1.jpg,781,handmade,190,197.922,1.042
2023-758-1-8-handmade-modal-silk-elastic-rubber-band-scrunchie_1.jpg,781,modal silk weaves,250,285.096,1.14
2021-2051-1-80-handmade-cotton-elastic-hair-bands-scarf-ponytail-holder-scrunchie-ties_1.jpg,781,handmade,190,197.922,1.042
2022-1000-1-41-flower-handmade-felt-beadwork-rubber-band_1.jpg,790,plain solid,90,219.561,2.44
2024-108-1-11-handmade-modal-silk-elastic-rubber-band-scrunchie-11_1.jpg,781,modal silk weaves,250,270.756,1.083
2024-640-1-7-handmade-crochet-rubber-band-07_1.jpg,786,crochet work,190,255.412,1.344
2021-685-1-2-handmade-cotton-elastic-hair-bands-scarf-ponytail-holder-scrunchie-ties_1.jpg,781,handmade,190,197.034,1.037
fabart-phool-kali-shell-hair-rubber-band-13-2025-287-1-13_1.jpg,793,fabart,290,262.216,0.904
2023-1169-1-37-handmade-modal-silk-elastic-rubber-band-scrunchie_1.jpg,781,plain solid,250,245.463,0.982
2021-245-1-2-handmade-cotton-elastic-hair-bands-scarf-ponytail-holder-scrunchie-ties_1.jpg,781,handmade,190,197.922,1.042
2024-258-1-25-handmade-crochet-rubber-band-25_1.jpg,786,crochet work,190,472.538,2.487
2023-1169-1-38-handmade-modal-silk-elastic-rubber-band-scrunchie_1.jpg,781,plain solid,250,245.463,0.982
2021-2051-1-14-handmade-cotton-elastic-hair-bands-scarf-ponytail-holder-scrunchie-ties_1.jpg,781,handmade,190,197.922,1.042
2024-108-1-4-handmade-modal-silk-elastic-rubber-band-scrunchie-04_1.jpg,781,modal silk weaves,250,268.508,1.074
2024-108-1-2-handmade-modal-silk-elastic-rubber-band-scrunchie-02_1.jpg,781,modal silk weaves,250,270.697,1.083
2022-1000-1-55-flower-handmade-felt-beadwork-rubber-band_1.jpg,790,plain solid,90,219.561,2.44
2024-640-1-18-handmade-crochet-rubber-band-18_1.jpg,786,crochet work,190,257.377,1.355
2021-245-1-39-handmade-modal-silk-elastic-hair-bands-scarf-ponytail-holder-scrunchie-ties_1.jpg,781,modal silk weaves,290,387.05,1.335
2021-2051-1-86-handmade-cotton-elastic-hair-bands-scarf-ponytail-holder-scrunchie-ties_1.jpg,781,handmade,190,197.922,1.042
2024-258-1-44-handmade-crochet-rubber-band-44_1.jpg,786,crochet work,190,467.904,2.463
2021-453-1-120-handmade-cotton-elastic-hair-bands-scarf-ponytail-holder-scrunchie-ties_1.jpg,781,handmade,190,197.922,1.042
2024-258-1-22-handmade-crochet-rubber-band-22_1.jpg,786,crochet work,190,489.662,2.577
2021-685-1-15-handmade-cotton-elastic-hair-bands-scarf-ponytail-holder-scrunchie-ties_1.jpg,781,handmade,190,197.034,1.037
2024-640-1-14-handmade-crochet-rubber-band-14_1.jpg,786,crochet work,190,260.684,1.372
2021-2051-1-1-handmade-cotton-elastic-hair-bands-scarf-ponytail-holder-scrunchie-ties_1.jpg,781,handmade,190,197.922,1.042
modal-silk-elastic-handmade-rubber-band-scrunchie-26-2024-603-1-26_1.jpg,781,modal silk weaves,250,483.588,1.934
2021-2051-1-81-handmade-cotton-elastic-hair-bands-scarf-ponytail-holder-scrunchie-ties_1.jpg,781,handmade,190,197.922,1.042
2024-640-1-1-handmade-crochet-rubber-band-01_1.jpg,786,crochet work,190,256.875,1.352
2024-640-1-20-handmade-crochet-rubber-band-20_1.jpg,786,crochet work,190,255.484,1.345
2021-685-1-21-handmade-cotton-elastic-hair-bands-scarf-ponytail-holder-scrunchie-ties_1.jpg,781,handmade,190,197.034,1.037
2021-2051-1-5-handmade-cotton-elastic-hair-bands-scarf-ponytail-holder-scrunchie-ties_1.jpg,781,handmade,190,197.922,1.042
2023-1169-1-27-handmade-modal-silk-elastic-rubber-band-scrunchie_1.jpg,781,plain solid,250,245.463,0.982
2021-2051-1-87-handmade-cotton-elastic-hair-bands-scarf-ponytail-holder-scrunchie-ties_1.jpg,781,handmade,190,197.922,1.042
2024-157-1-23-handmade-modal-silk-elastic-rubber-band-scrunchie-30_1.jpg,781,plain solid,250,271.773,1.087
2023-1169-1-41-handmade-modal-silk-elastic-rubber-band-scrunchie_1.jpg,781,plain solid,250,245.463,0.982
2024-258-1-12-handmade-crochet-rubber-band-12_1.jpg,786,crochet work,190,464.66,2.446
2024-258-1-7-handmade-crochet-rubber-band-07_1.jpg,786,crochet work,190,444.83,2.341
2024-640-1-19-handmade-crochet-rubber-band-19_1.jpg,786,crochet work,190,258.125,1.359
2024-108-1-9-handmade-modal-silk-elastic-rubber-band-scrunchie-09_1.jpg,781,modal silk weaves,250,270.654,1.083
2021-2051-1-61-handmade-cotton-elastic-hair-bands-scarf-ponytail-holder-scrunchie-ties_1.jpg,781,handmade,190,199.689,1.051
2024-258-1-40-handmade-crochet-rubber-band-40_1.jpg,786,crochet work,190,475.215,2.501
2024-640-1-5-handmade-crochet-rubber-band-05_1.jpg,786,crochet work,190,252.842,1.331
2022-1000-1-21-flower-handmade-felt-beadwork-rubber-band_1.jpg,790,plain solid,90,219.561,2.44
2021-685-1-13-handmade-cotton-elastic-hair-bands-scarf-ponytail-holder-scrunchie-ties_1.jpg,781,handmade,190,197.46,1.039
modal-silk-elastic-handmade-rubber-band-scrunchie-22-2024-603-1-22_1.jpg,781,modal silk weaves,250,500.22,2.001
2023-758-1-9-handmade-modal-silk-elastic-rubber-band-scrunchie_1.jpg,781,modal silk weaves,250,285.096,1.14
fabart-phool-kali-shell-hair-rubber-band-08-2025-287-1-8_1.jpg,793,fabart,290,264.67,0.913
fabart-phool-kali-shell-hair-rubber-band-18-2025-287-1-18_1.jpg,793,fabart,290,265.114,0.914
511750-65-handmade-modal-silk-elastic-rubber-band-scrunchie-ties_1.jpg,781,modal silk weaves,250,285.096,1.14
2021-1356-1-125-sambalpuri-ikat-cotton-elastic-hair-bands-scarf-ponytail-holder-scrunchy-ties_1.jpg,781,sambalpuri ikat weaving,190,294.103,1.548
2024-108-1-26-handmade-modal-silk-elastic-rubber-band-scrunchie-26_1.jpg,781,modal silk weaves,250,270.206,1.081
2024-108-1-6-handmade-modal-silk-elastic-rubber-band-scrunchie-06_1.jpg,781,modal silk weaves,250,267.957,1.072
2023-1169-1-1-bandhani-tie-dye-cotton-elastic-rubber-band-scrunchie_1.jpg,781,bandhani tie dye,150,164.737,1.098
2021-245-1-4-handmade-cotton-elastic-hair-bands-scarf-ponytail-holder-scrunchie-ties_1.jpg,781,handmade,190,197.922,1.042
2021-145-1-56-handmade-cotton-elastic-hair-bands-scarf-ponytail-holder-scrunchie-ties_1.jpg,781,handmade,190,197.922,1.042
2021-2051-1-90-handmade-cotton-elastic-hair-bands-scarf-ponytail-holder-scrunchie-ties_1.jpg,781,handmade,190,197.922,1.042
2023-758-1-12-handmade-modal-silk-elastic-rubber-band-scrunchie_1.jpg,781,modal silk weaves,250,285.096,1.14
2023-1169-1-35-handmade-modal-silk-elastic-rubber-band-scrunchie_1.jpg,781,plain solid,250,245.463,0.982
2021-685-1-42-handmade-cotton-elastic-hair-bands-scarf-ponytail-holder-scrunchie-ties_1.jpg,781,handmade,190,197.034,1.037
2023-1169-1-19-handmade-modal-silk-elastic-rubber-band-scrunchie_1.jpg,781,plain solid,250,245.463,0.982
2024-108-1-16-handmade-modal-silk-elastic-rubber-band-scrunchie-16_1.jpg,781,modal silk weaves,250,270.614,1.082
2023-1169-1-29-handmade-modal-silk-elastic-rubber-band-scrunchie_1.jpg,781,plain solid,250,245.463,0.982
2021-1356-1-110-bandhani-tie-dye-cotton-elastic-hair-bands-scarf-ponytail-holder-scrunchy-ties_1.jpg,781,bandhani tie dye,190,243.983,1.284
2021-2051-1-16-handmade-cotton-elastic-hair-bands-scarf-ponytail-holder-scrunchie-ties_1.jpg,781,handmade,190,197.922,1.042
2021-245-1-14-handmade-cotton-elastic-hair-bands-scarf-ponytail-holder-scrunchie-ties_1.jpg,781,handmade,190,197.922,1.042
2021-2051-1-83-handmade-cotton-elastic-hair-bands-scarf-ponytail-holder-scrunchie-ties_1.jpg,781,handmade,190,197.922,1.042
2023-1169-1-30-handmade-modal-silk-elastic-rubber-band-scrunchie_1.jpg,781,plain solid,250,245.463,0.982
2021-145-1-2-handmade-cotton-elastic-hair-bands-scarf-ponytail-holder-scrunchie-ties_1.jpg,781,handmade,190,197.922,1.042
2022-1000-1-6-flower-handmade-felt-beadwork-rubber-band_1.jpg,790,plain solid,90,219.561,2.44
2023-1169-1-26-handmade-modal-silk-elastic-rubber-band-scrunchie_1.jpg,781,plain solid,250,245.463,0.982
2024-258-1-14-handmade-crochet-rubber-band-14_1.jpg,786,crochet work,190,454.887,2.394
2022-1000-1-45-flower-handmade-felt-beadwork-rubber-band_1.jpg,790,plain solid,90,219.561,2.44
2024-108-1-18-handmade-modal-silk-elastic-rubber-band-scrunchie-18_1.jpg,781,modal silk weaves,250,268.861,1.075
2023-1169-1-47-handmade-modal-silk-elastic-rubber-band-scrunchie_1.jpg,781,plain solid,250,245.463,0.982
2024-108-1-17-handmade-modal-silk-elastic-rubber-band-scrunchie-17_1.jpg,781,modal silk weaves,250,270.393,1.082
2024-157-1-22-handmade-modal-silk-elastic-rubber-band-scrunchie-29_1.jpg,781,plain solid,250,259.218,1.037
2021-245-1-16-handmade-cotton-elastic-hair-bands-scarf-ponytail-holder-scrunchie-ties_1.jpg,781,handmade,190,197.922,1.042
2021-685-1-32-handmade-cotton-elastic-hair-bands-scarf-ponytail-holder-scrunchie-ties_1.jpg,781,handmade,190,197.034,1.037
2022-1000-1-78-flower-handmade-felt-beadwork-rubber-band_1.jpg,790,plain solid,150,219.561,1.464
fabart-phool-kali-shell-hair-rubber-band-06-2025-287-1-6_1.jpg,793,fabart,290,264.044,0.91
fabart-phool-kali-shell-hair-rubber-band-11-2025-287-1-11_1.jpg,793,fabart,290,267.55,0.923
2024-258-1-26-handmade-crochet-rubber-band-26_1.jpg,786,crochet work,190,451.34,2.375
2021-245-1-5-handmade-cotton-elastic-hair-bands-scarf-ponytail-holder-scrunchie-ties_1.jpg,781,handmade,190,197.922,1.042
2023-1169-1-3-bandhani-tie-dye-cotton-elastic-rubber-band-scrunchie_1.jpg,781,bandhani tie dye,150,164.737,1.098
2022-1000-1-33-flower-handmade-felt-beadwork-rubber-band_1.jpg,790,plain solid,90,219.561,2.44
2024-108-1-1-handmade-modal-silk-elastic-rubber-band-scrunchie-01_1.jpg,781,modal silk weaves,250,268.553,1.074
2021-2051-1-7-handmade-cotton-elastic-hair-bands-scarf-ponytail-holder-scrunchie-ties_1.jpg,781,handmade,190,197.922,1.042
2021-2051-1-78-handmade-cotton-elastic-hair-bands-scarf-ponytail-holder-scrunchie-ties_1.jpg,781,handmade,190,197.922,1.042
2021-145-1-72-handmade-cotton-elastic-hair-bands-scarf-ponytail-holder-scrunchie-ties_1.jpg,781,handmade,190,197.922,1.042
2021-685-1-4-handmade-cotton-elastic-hair-bands-scarf-ponytail-holder-scrunchie-ties_1.jpg,781,handmade,190,197.034,1.037
2021-2051-1-52-handmade-cotton-elastic-hair-bands-scarf-ponytail-holder-scrunchie-ties_1.jpg,781,handmade,190,197.922,1.042
2021-245-1-38-handmade-modal-silk-elastic-hair-bands-scarf-ponytail-holder-scrunchie-ties_1.jpg,781,modal silk weaves,290,387.05,1.335
2024-108-1-25-handmade-modal-silk-elastic-rubber-band-scrunchie-25_1.jpg,781,modal silk weaves,250,277.013,1.108
2021-2051-1-6-handmade-cotton-elastic-hair-bands-scarf-ponytail-holder-scrunchie-ties_1.jpg,781,handmade,190,197.922,1.042
2024-258-1-10-handmade-crochet-rubber-band-10_1.jpg,786,crochet work,190,452.285,2.38
2023-1169-1-28-handmade-modal-silk-elastic-rubber-band-scrunchie_1.jpg,781,plain solid,250,245.463,0.982
2021-145-1-34-handmade-cotton-elastic-hair-bands-scarf-ponytail-holder-scrunchie-ties_1.jpg,781,handmade,190,197.922,1.042
2021-453-1-134-handmade-cotton-elastic-hair-bands-scarf-ponytail-holder-scrunchie-ties_1.jpg,781,handmade,190,197.922,1.042
2021-2051-1-8-handmade-cotton-elastic-hair-bands-scarf-ponytail-holder-scrunchie-ties_1.jpg,781,handmade,190,197.922,1.042
fabart-phool-kali-shell-hair-rubber-band-10-2025-287-1-10_1.jpg,793,fabart,290,266.419,0.919
2024-157-1-13-handmade-modal-silk-elastic-rubber-band-scrunchie-20_1.jpg,781,plain solid,250,257.659,1.031
2024-108-1-22-handmade-modal-silk-elastic-rubber-band-scrunchie-22_1.jpg,781,modal silk weaves,250,277.202,1.109
2024-108-1-21-handmade-modal-silk-elastic-rubber-band-scrunchie-21_1.jpg,781,modal silk weaves,250,268.748,1.075
2023-1169-1-34-handmade-modal-silk-elastic-rubber-band-scrunchie_1.jpg,781,plain solid,250,233.994,0.936
2024-640-1-23-handmade-crochet-rubber-band-23_1.jpg,786,crochet work,190,257.57,1.356
2024-258-1-2-handmade-crochet-rubber-band-02_1.jpg,786,crochet work,190,454.35,2.391
2023-1169-1-44-handmade-modal-silk-elastic-rubber-band-scrunchie_1.jpg,781,plain solid,250,245.463,0.982
modal-silk-elastic-handmade-rubber-band-scrunchie-23-2024-603-1-23_1.jpg,781,modal silk weaves,250,480.85,1.923
2021-453-1-152-handmade-cotton-elastic-hair-bands-scarf-ponytail-holder-scrunchie-ties_1.jpg,781,handmade,190,197.922,1.042
2021-2051-1-13-handmade-cotton-elastic-hair-bands-scarf-ponytail-holder-scrunchie-ties_1.jpg,781,handmade,190,197.922,1.042
2021-2051-1-18-handmade-cotton-elastic-hair-bands-scarf-ponytail-holder-scrunchie-ties_1.jpg,781,handmade,190,197.922,1.042
2023-1169-1-32-handmade-modal-silk-elastic-rubber-band-scrunchie_1.jpg,781,plain solid,250,245.463,0.982
2023-1169-1-6-bandhani-tie-dye-cotton-elastic-rubber-band-scrunchie_1.jpg,781,bandhani tie dye,150,164.737,1.098
2021-145-1-66-handmade-cotton-elastic-hair-bands-scarf-ponytail-holder-scrunchie-ties_1.jpg,781,handmade,190,197.922,1.042
2022-1000-1-72-flower-handmade-felt-beadwork-rubber-band_1.jpg,790,plain solid,150,219.561,1.464
2023-758-1-11-handmade-modal-silk-elastic-rubber-band-scrunchie_1.jpg,781,modal silk weaves,250,285.096,1.14
2023-1169-1-4-bandhani-tie-dye-cotton-elastic-rubber-band-scrunchie_1.jpg,781,bandhani tie dye,150,164.737,1.098
2021-453-1-130-handmade-cotton-elastic-hair-bands-scarf-ponytail-holder-scrunchie-ties_1.jpg,781,handmade,190,197.922,1.042
2021-685-1-3-handmade-cotton-elastic-hair-bands-scarf-ponytail-holder-scrunchie-ties_1.jpg,781,handmade,190,197.034,1.037
2021-453-1-127-handmade-cotton-elastic-hair-bands-scarf-ponytail-holder-scrunchie-ties_1.jpg,781,handmade,190,197.922,1.042
2021-245-1-3-handmade-cotton-elastic-hair-bands-scarf-ponytail-holder-scrunchie-ties_1.jpg,781,handmade,190,197.922,1.042
2024-640-1-2-handmade-crochet-rubber-band-02_1.jpg,786,crochet work,190,260.187,1.369
2021-245-1-37-handmade-modal-silk-elastic-hair-bands-scarf-ponytail-holder-scrunchie-ties_1.jpg,781,modal silk weaves,290,387.05,1.335
2021-145-1-46-handmade-cotton-elastic-hair-bands-scarf-ponytail-holder-scrunchie-ties_1.jpg,781,handmade,190,197.922,1.042
2021-145-1-18-handmade-cotton-elastic-hair-bands-scarf-ponytail-holder-scrunchie-ties_1.jpg,781,handmade,190,197.922,1.042
2021-2051-1-91-handmade-cotton-elastic-hair-bands-scarf-ponytail-holder-scrunchie-ties_1.jpg,781,handmade,190,197.922,1.042
2024-258-1-39-handmade-crochet-rubber-band-39_1.jpg,786,crochet work,190,457.49,2.408
2023-1169-1-42-handmade-modal-silk-elastic-rubber-band-scrunchie_1.jpg,781,plain solid,250,245.463,0.982
2023-758-1-2-handmade-modal-silk-elastic-rubber-band-scrunchie_1.jpg,781,modal silk weaves,250,285.096,1.14
2021-145-1-8-handmade-cotton-elastic-hair-bands-scarf-ponytail-holder-scrunchie-ties_1.jpg,781,handmade,190,197.922,1.042
2021-2051-1-12-handmade-cotton-elastic-hair-bands-scarf-ponytail-holder-scrunchie-ties_1.jpg,781,handmade,190,197.922,1.042
2023-1169-1-45-handmade-modal-silk-elastic-rubber-band-scrunchie_1.jpg,781,plain solid,250,245.463,0.982
fabart-phool-kali-shell-hair-rubber-band-01-2025-287-1-1_1.jpg,793,fabart,290,264.801,0.913
2021-145-1-29-handmade-cotton-elastic-hair-bands-scarf-ponytail-holder-scrunchie-ties_1.jpg,781,handmade,190,197.922,1.042
2023-1169-1-48-handmade-modal-silk-elastic-rubber-band-scrunchie_1.jpg,781,plain solid,250,245.463,0.982
2023-1169-1-15-bandhani-tie-dye-cotton-elastic-rubber-band-scrunchie_1.jpg,781,bandhani tie dye,150,164.737,1.098
2021-2051-1-84-handmade-cotton-elastic-hair-bands-scarf-ponytail-holder-scrunchie-ties_1.jpg,781,handmade,190,197.922,1.042
handmade-fabric-bow-hair-clip-05-2025-976-1-5_1.jpg,794,fabart,290,240.044,0.828
handmade-thread-mirror-work-hair-clip-13-2025-1416-1-13_1.jpg,796,handmade,250,263.511,1.054
fab-artwork-tik-tak-hair-clip-for-kids-set-of-2-05-2025-1328-1-5_1.jpg,804,fabart,450,376.852,0.837
handmade-fabart-ghungroo-work-hair-clip-10-2025-1293-1-10_1.jpg,805,fabart,350,265.625,0.759
handmade-fabric-bow-hair-clip-15-2025-976-1-15_1.jpg,794,fabart,290,245.837,0.848
handmade-fabric-bow-hair-clip-39-2025-415-1-39_1.jpg,794,fabart,290,245.133,0.845
handmade-thread-mirror-work-hair-clip-09-2025-1416-1-9_1.jpg,796,handmade,250,280.873,1.123
fab-artwork-tik-tak-hair-clip-for-kids-set-of-2-23-2025-1328-1-23_1.jpg,804,fabart,450,362.779,0.806
handmade-fabric-bow-hair-clip-35-2025-415-1-35_1.jpg,794,fabart,290,243.141,0.838
handmade-fabric-bow-hair-clip-02-2025-397-1-2_1.jpg,794,fabart,290,223.915,0.772
handmade-fabric-bow-hair-clip-28-2025-976-1-28_1.jpg,794,fabart,290,247.67,0.854
handmade-fabart-ghungroo-work-hair-clip-04-2025-1293-1-4_1.jpg,805,fabart,350,263.996,0.754
handmade-fabric-bow-hair-clip-48-2025-415-1-48_1.jpg,794,fabart,290,248.21,0.856
handmade-fabric-bow-hair-clip-07-2025-397-1-7_1.jpg,794,fabart,290,228.575,0.788
handmade-fabric-bow-hair-clip-26-2025-415-1-26_1.jpg,794,fabart,290,238.818,0.824
fab-artwork-tik-tak-hair-clip-for-kids-set-of-2-20-2025-1328-1-20_1.jpg,804,fabart,450,361.663,0.804
handmade-fabric-bow-hair-clip-20-2025-976-1-20_1.jpg,794,fabart,290,239.69,0.827
fab-artwork-tik-tak-hair-clip-for-kids-set-of-2-03-2025-1328-1-3_1.jpg,804,fabart,450,380.926,0.847
handmade-thread-mirror-work-hair-clip-05-2025-1416-1-5_1.jpg,796,handmade,250,259.5,1.038
handmade-fabric-bow-hair-clip-43-2025-415-1-43_1.jpg,794,fabart,290,243.404,0.839
handmade-thread-mirror-work-hair-clip-03-2025-1416-1-3_1.jpg,796,handmade,250,250.003,1.0
fab-artwork-tik-tak-hair-clip-for-kids-set-of-2-12-2025-1328-1-12_1.jpg,804,fabart,450,393.54,0.875
handmade-fabric-bow-hair-clip-09-2025-397-1-9_1.jpg,794,fabart,290,233.092,0.804
handmade-fabart-ghungroo-work-hair-clip-18-2025-1293-1-18_1.jpg,805,fabart,350,266.734,0.762
handmade-thread-mirror-work-hair-clip-06-2025-1416-1-6_1.jpg,796,handmade,250,268.754,1.075
handmade-fabart-ghungroo-work-hair-clip-22-2025-1293-1-22_1.jpg,805,fabart,350,276.867,0.791
fab-artwork-tik-tak-hair-clip-for-kids-set-of-2-32-2025-1328-1-32_1.jpg,804,fabart,450,396.5,0.881
handmade-fabric-bow-hair-clip-27-2025-397-1-27_1.jpg,794,fabart,290,235.805,0.813
handmade-fabric-bow-hair-clip-33-2025-976-1-33_1.jpg,794,fabart,290,247.744,0.854
handmade-fabric-bow-hair-clip-12-2025-415-1-12_1.jpg,794,fabart,290,253.369,0.874
handmade-thread-mirror-work-hair-clip-12-2025-1416-1-12_1.jpg,796,handmade,250,272.276,1.089
2022-1000-1-125-flower-handmade-felt-work-tik-tak-hair-clips-set-of-2_1.jpg,809,plain solid,290,305.777,1.054
handmade-fabric-bow-hair-clip-03-2025-397-1-3_1.jpg,794,fabart,290,228.485,0.788
fab-artwork-tik-tak-hair-clip-for-kids-set-of-2-26-2025-1328-1-26_1.jpg,804,fabart,450,364.558,0.81
handmade-thread-mirror-work-hair-clip-07-2025-1416-1-7_1.jpg,796,handmade,250,263.499,1.054
handmade-fabric-bow-hair-clip-37-2025-976-1-37_1.jpg,794,fabart,290,242.348,0.836
handmade-fabart-ghungroo-work-hair-clip-03-2025-1293-1-3_1.jpg,805,fabart,350,267.365,0.764
handmade-fabric-bow-hair-clip-13-2025-976-1-13_1.jpg,794,fabart,290,242.859,0.837
handmade-fabric-bow-hair-clip-10-2025-397-1-10_1.jpg,794,fabart,290,235.551,0.812
handmade-fabric-bow-hair-clip-04-2025-415-1-4_1.jpg,794,fabart,290,243.125,0.838
handmade-fabric-bow-hair-clip-42-2025-976-1-42_1.jpg,794,fabart,290,244.633,0.844
handmade-fabric-bow-hair-clip-50-2025-397-1-50_1.jpg,794,fabart,290,236.366,0.815
handmade-fabric-bow-hair-clip-17-2025-415-1-17_1.jpg,794,fabart,290,242.297,0.836
handmade-fabric-bow-hair-clip-09-2025-976-1-9_1.jpg,794,fabart,290,249.168,0.859
handmade-fabric-bow-hair-clip-27-2025-976-1-27_1.jpg,794,fabart,290,246.632,0.85
handmade-fabric-bow-hair-clip-11-2025-976-1-11_1.jpg,794,fabart,290,244.824,0.844
handmade-fabric-bow-hair-clip-18-2025-976-1-18_1.jpg,794,fabart,290,229.383,0.791
handmade-fabric-bow-hair-clip-42-2025-397-1-42_1.jpg,794,fabart,290,237.753,0.82
handmade-fabric-bow-hair-clip-08-2025-397-1-8_1.jpg,794,fabart,290,231.368,0.798
fab-artwork-tik-tak-hair-clip-for-kids-set-of-2-24-2025-1328-1-24_1.jpg,804,fabart,450,365.943,0.813
handmade-fabric-bow-hair-clip-54-2025-397-1-54_1.jpg,794,fabart,290,236.976,0.817
handmade-fabart-ghungroo-work-hair-clip-16-2025-1293-1-16_1.jpg,805,fabart,350,267.154,0.763
fab-artwork-tik-tak-hair-clip-for-kids-set-of-2-13-2025-1328-1-13_1.jpg,804,fabart,450,375.642,0.835
handmade-fabric-bow-hair-clip-04-2025-397-1-4_1.jpg,794,fabart,290,231.695,0.799
handmade-fabart-ghungroo-work-hair-clip-25-2025-1293-1-25_1.jpg,805,fabart,350,279.772,0.799
fab-artwork-tik-tak-hair-clip-for-kids-set-of-2-36-2025-1328-1-36_1.jpg,804,fabart,450,381.818,0.848
handmade-fabric-bow-hair-clip-29-2025-397-1-29_1.jpg,794,fabart,290,232.704,0.802
handmade-fabric-bow-hair-clip-49-2025-415-1-49_1.jpg,794,fabart,290,236.133,0.814
handmade-fabart-ghungroo-work-hair-clip-02-2025-1293-1-2_1.jpg,805,fabart,350,271.938,0.777
fab-artwork-tik-tak-hair-clip-for-kids-set-of-2-09-2025-1328-1-9_1.jpg,804,fabart,450,383.942,0.853
handmade-fabart-ghungroo-work-hair-clip-09-2025-1293-1-9_1.jpg,805,fabart,350,278.019,0.794
handmade-fabric-bow-hair-clip-46-2025-415-1-46_1.jpg,794,fabart,290,244.245,0.842
handmade-fabart-ghungroo-work-hair-clip-11-2025-1293-1-11_1.jpg,805,fabart,350,269.606,0.77
handmade-fabric-bow-hair-clip-44-2025-415-1-44_1.jpg,794,fabart,290,247.583,0.854
handmade-fabric-bow-hair-clip-38-2025-976-1-38_1.jpg,794,fabart,290,244.997,0.845
handmade-fabric-bow-hair-clip-25-2025-976-1-25_1.jpg,794,fabart,290,254.096,0.876
handmade-thread-mirror-work-hair-clip-16-2025-1416-1-16_1.jpg,796,handmade,250,271.095,1.084
fab-artwork-tik-tak-hair-clip-for-kids-set-of-2-06-2025-1328-1-6_1.jpg,804,fabart,450,377.308,0.838
handmade-fabric-bow-hair-clip-20-2025-397-1-20_1.jpg,794,fabart,290,232.823,0.803
fab-artwork-tik-tak-hair-clip-for-kids-set-of-2-15-2025-1328-1-15_1.jpg,804,fabart,450,385.237,0.856
2024-403-1-24-handcrafted-seashell-hair-clip-24_1.jpg,810,seashell craft,490,314.098,0.641
handmade-fabric-bow-hair-clip-24-2025-976-1-24_1.jpg,794,fabart,290,245.004,0.845
handmade-fabric-bow-hair-clip-62-2025-397-1-62_1.jpg,794,fabart,290,232.68,0.802
handmade-fabric-bow-hair-clip-38-2025-415-1-38_1.jpg,794,fabart,290,243.558,0.84
handmade-fabric-bow-hair-clip-46-2025-976-1-46_1.jpg,794,fabart,290,231.212,0.797
fab-artwork-tik-tak-hair-clip-for-kids-set-of-2-04-2025-1328-1-4_1.jpg,804,fabart,450,382.383,0.85
fab-artwork-tik-tak-hair-clip-for-kids-set-of-2-34-2025-1328-1-34_1.jpg,804,fabart,450,401.993,0.893
handmade-fabric-bow-hair-clip-40-2025-415-1-40_1.jpg,794,fabart,290,249.364,0.86
handmade-fabric-bow-hair-clip-37-2025-397-1-37_1.jpg,794,fabart,290,230.772,0.796
handmade-fabart-ghungroo-work-hair-clip-20-2025-1293-1-20_1.jpg,805,fabart,350,248.847,0.711
handmade-fabric-bow-hair-clip-17-2025-976-1-17_1.jpg,794,fabart,290,243.781,0.841
handmade-fabric-bow-hair-clip-29-2025-976-1-29_1.jpg,794,fabart,290,246.59,0.85
handmade-fabric-bow-hair-clip-30-2025-415-1-30_1.jpg,794,fabart,290,268.465,0.926
fab-artwork-tik-tak-hair-clip-for-kids-set-of-2-28-2025-1328-1-28_1.jpg,804,fabart,450,383.432,0.852
handmade-fabric-bow-hair-clip-09-2025-415-1-9_1.jpg,794,fabart,290,232.902,0.803
handmade-fabart-ghungroo-work-hair-clip-08-2025-1293-1-8_1.jpg,805,fabart,350,263.93,0.754
handmade-fabric-bow-hair-clip-05-2025-397-1-5_1.jpg,794,fabart,290,233.201,0.804
handmade-fabric-bow-hair-clip-12-2025-976-1-12_1.jpg,794,fabart,290,246.808,0.851
handmade-fabric-bow-hair-clip-53-2025-397-1-53_1.jpg,794,fabart,290,229.214,0.79
handmade-fabric-bow-hair-clip-07-2025-415-1-7_1.jpg,794,fabart,290,253.814,0.875
handmade-fabric-bow-hair-clip-51-2025-415-1-51_1.jpg,794,fabart,290,243.333,0.839
handmade-fabric-bow-hair-clip-34-2025-415-1-34_1.jpg,794,fabart,290,263.058,0.907
fab-artwork-tik-tak-hair-clip-for-kids-set-of-2-11-2025-1328-1-11_1.jpg,804,fabart,450,387.696,0.862
handmade-fabric-bow-hair-clip-44-2025-976-1-44_1.jpg,794,fabart,290,247.663,0.854
handmade-thread-mirror-work-hair-clip-10-2025-1416-1-10_1.jpg,796,handmade,250,265.248,1.061
fab-artwork-tik-tak-hair-clip-for-kids-set-of-2-31-2025-1328-1-31_1.jpg,804,fabart,450,391.776,0.871
handmade-fabart-ghungroo-work-hair-clip-19-2025-1293-1-19_1.jpg,805,fabart,350,261.76,0.748
handmade-fabart-ghungroo-work-hair-clip-06-2025-1293-1-6_1.jpg,805,fabart,350,265.699,0.759
handmade-fabart-ghungroo-work-hair-clip-23-2025-1293-1-23_1.jpg,805,fabart,350,266.785,0.762
handmade-thread-mirror-work-hair-clip-11-2025-1416-1-11_1.jpg,796,handmade,250,271.322,1.085
handmade-fabric-bow-hair-clip-41-2025-415-1-41_1.jpg,794,fabart,290,254.192,0.877
handmade-fabric-bow-hair-clip-47-2025-976-1-47_1.jpg,794,fabart,290,247.909,0.855
handmade-fabric-bow-hair-clip-37-2025-415-1-37_1.jpg,794,fabart,290,246.462,0.85
handmade-fabric-bow-hair-clip-34-2025-397-1-34_1.jpg,794,fabart,290,236.871,0.817
handmade-fabric-bow-hair-clip-30-2025-976-1-30_1.jpg,794,fabart,290,245.498,0.847
handmade-thread-mirror-work-hair-clip-08-2025-1416-1-8_1.jpg,796,handmade,250,267.88,1.072
handmade-fabric-bow-hair-clip-14-2025-397-1-14_1.jpg,794,fabart,290,240.054,0.828
fab-artwork-tik-tak-hair-clip-for-kids-set-of-2-29-2025-1328-1-29_1.jpg,804,fabart,450,378.165,0.84
handmade-fabric-bow-hair-clip-16-2025-415-1-16_1.jpg,794,fabart,290,247.281,0.853
handmade-fabric-bow-hair-clip-32-2025-976-1-32_1.jpg,794,fabart,290,244.061,0.842
handmade-fabart-ghungroo-work-hair-clip-14-2025-1293-1-14_1.jpg,805,fabart,350,267.631,0.765
handmade-fabric-bow-hair-clip-11-2025-397-1-11_1.jpg,794,fabart,290,236.842,0.817
handmade-fabart-ghungroo-work-hair-clip-17-2025-1293-1-17_1.jpg,805,fabart,350,268.581,0.767
handmade-fabric-bow-hair-clip-48-2025-976-1-48_1.jpg,794,fabart,290,246.698,0.851
handmade-fabric-bow-hair-clip-23-2025-976-1-23_1.jpg,794,fabart,290,246.164,0.849
handmade-fabric-bow-hair-clip-03-2024-1188-1-3_1.jpg,794,fabart,290,224.794,0.775
handmade-fabric-bow-hair-clip-17-2025-397-1-17_1.jpg,794,fabart,290,236.335,0.815
handmade-fabric-bow-hair-clip-40-2025-976-1-40_1.jpg,794,fabart,290,248.665,0.857
handmade-fabric-bow-hair-clip-22-2025-415-1-22_1.jpg,794,fabart,290,256.002,0.883
handmade-fabric-bow-hair-clip-27-2025-415-1-27_1.jpg,794,fabart,290,255.882,0.882
handmade-fabric-bow-hair-clip-04-2025-976-1-4_1.jpg,794,fabart,290,248.675,0.857
handmade-fabric-bow-hair-clip-60-2025-397-1-60_1.jpg,794,fabart,290,235.749,0.813
handmade-fabric-bow-hair-clip-39-2025-976-1-39_1.jpg,794,fabart,290,247.157,0.852
handmade-fabric-bow-hair-clip-31-2025-976-1-31_1.jpg,794,fabart,290,240.44,0.829
fab-artwork-tik-tak-hair-clip-for-kids-set-of-2-19-2025-1328-1-19_1.jpg,804,fabart,450,369.215,0.82
fab-artwork-tik-tak-hair-clip-for-kids-set-of-2-21-2025-1328-1-21_1.jpg,804,fabart,450,362.449,0.805
handmade-fabart-ghungroo-work-hair-clip-07-2025-1293-1-7_1.jpg,805,fabart,350,262.826,0.751
handmade-fabric-bow-hair-clip-52-2025-415-1-52_1.jpg,794,fabart,290,247.772,0.854
handmade-fabric-bow-hair-clip-31-2025-415-1-31_1.jpg,794,fabart,290,240.903,0.831
2022-1000-1-123-flower-handmade-felt-work-tik-tak-hair-clips-set-of-2_1.jpg,809,plain solid,290,312.121,1.076
handmade-fabric-bow-hair-clip-42-2025-415-1-42_1.jpg,794,fabart,290,242.112,0.835
handmade-fabart-ghungroo-work-hair-clip-01-2025-1293-1-1_1.jpg,805,fabart,350,275.447,0.787
handmade-fabric-bow-hair-clip-45-2025-976-1-45_1.jpg,794,fabart,290,250.959,0.865
handmade-fabric-bow-hair-clip-20-2025-415-1-20_1.jpg,794,fabart,290,243.077,0.838
handmade-thread-mirror-work-hair-clip-04-2025-1416-1-4_1.jpg,796,handmade,250,268.981,1.076
handmade-fabric-bow-hair-clip-35-2025-397-1-35_1.jpg,794,fabart,290,247.9,0.855
handmade-fabric-bow-hair-clip-33-2025-415-1-33_1.jpg,794,fabart,290,248.313,0.856
handmade-fabart-ghungroo-work-hair-clip-12-2025-1293-1-12_1.jpg,805,fabart,350,275.946,0.788
fab-artwork-tik-tak-hair-clip-for-kids-set-of-2-30-2025-1328-1-30_1.jpg,804,fabart,450,418.913,0.931
handmade-fabric-bow-hair-clip-29-2025-415-1-29_1.jpg,794,fabart,290,247.118,0.852
fab-artwork-tik-tak-hair-clip-for-kids-set-of-2-07-2025-1328-1-7_1.jpg,804,fabart,450,381.28,0.847
2022-1000-1-128-bird-handmade-felt-beadwork-tik-tak-hair-clips-set-of-2_1.jpg,809,bead work,290,350.682,1.209
handmade-fabric-bow-hair-clip-16-2025-397-1-16_1.jpg,794,fabart,290,233.037,0.804
handmade-fabric-bow-hair-clip-01-2025-397-1-1_1.jpg,794,fabart,290,221.227,0.763
handmade-fabric-bow-hair-clip-51-2025-397-1-51_1.jpg,794,fabart,290,232.879,0.803
fab-artwork-tik-tak-hair-clip-for-kids-set-of-2-25-2025-1328-1-25_1.jpg,804,fabart,450,375.021,0.833
handmade-fabric-bow-hair-clip-41-2025-397-1-41_1.jpg,794,fabart,290,242.99,0.838
fab-artwork-tik-tak-hair-clip-for-kids-set-of-2-14-2025-1328-1-14_1.jpg,804,fabart,450,381.374,0.847
handmade-fabric-bow-hair-clip-36-2025-976-1-36_1.jpg,794,fabart,290,242.429,0.836
handmade-fabric-bow-hair-clip-22-2025-976-1-22_1.jpg,794,fabart,290,256.182,0.883
handmade-fabric-bow-hair-clip-06-2025-397-1-6_1.jpg,794,fabart,290,232.026,0.8
handmade-fabart-ghungroo-work-hair-clip-13-2025-1293-1-13_1.jpg,805,fabart,450,267.107,0.594
fab-artwork-tik-tak-hair-clip-for-kids-set-of-2-10-2025-1328-1-10_1.jpg,804,fabart,450,382.23,0.849
handmade-fabric-bow-hair-clip-25-2025-415-1-25_1.jpg,794,fabart,290,256.79,0.885
handmade-fabric-bow-hair-clip-45-2025-415-1-45_1.jpg,794,fabart,290,236.833,0.817
fab-artwork-tik-tak-hair-clip-for-kids-set-of-2-33-2025-1328-1-33_1.jpg,804,fabart,450,386.667,0.859
handmade-fabric-bow-hair-clip-44-2025-397-1-44_1.jpg,794,fabart,290,233.333,0.805
handmade-fabric-bow-hair-clip-28-2025-397-1-28_1.jpg,794,fabart,290,236.19,0.814
fab-artwork-tik-tak-hair-clip-for-kids-set-of-2-01-2025-1328-1-1_1.jpg,804,fabart,450,387.378,0.861
handmade-thread-mirror-work-hair-clip-01-2025-1416-1-1_1.jpg,796,handmade,250,268.019,1.072
handmade-fabric-bow-hair-clip-35-2025-976-1-35_1.jpg,794,fabart,290,242.335,0.836
handmade-thread-mirror-work-hair-clip-15-2025-1416-1-15_1.jpg,796,handmade,250,266.159,1.065
handmade-fabric-bow-hair-clip-08-2025-976-1-8_1.jpg,794,fabart,290,228.924,0.789
handmade-fabart-ghungroo-work-hair-clip-24-2025-1293-1-24_1.jpg,805,fabart,350,271.243,0.775
handmade-fabric-bow-hair-clip-18-2025-415-1-18_1.jpg,794,fabart,290,244.674,0.844
handmade-fabric-bow-hair-clip-12-2025-397-1-12_1.jpg,794,fabart,290,243.37,0.839
handmade-fabric-bow-hair-clip-47-2025-415-1-47_1.jpg,794,fabart,290,244.984,0.845
handmade-thread-mirror-work-hair-clip-02-2025-1416-1-2_1.jpg,796,handmade,250,269.812,1.079
handmade-fabart-ghungroo-work-hair-clip-05-2025-1293-1-5_1.jpg,805,fabart,350,263.227,0.752
fab-artwork-tik-tak-hair-clip-for-kids-set-of-2-22-2025-1328-1-22_1.jpg,804,fabart,450,381.39,0.848
handmade-fabric-bow-hair-clip-23-2025-415-1-23_1.jpg,794,fabart,290,230.575,0.795
fab-artwork-tik-tak-hair-clip-for-kids-set-of-2-02-2025-1328-1-2_1.jpg,804,fabart,450,393.943,0.875
handmade-fabric-bow-hair-clip-02-2025-415-1-2_1.jpg,794,fabart,290,244.751,0.844
2022-1000-1-121-flower-handmade-felt-work-tik-tak-hair-clips-set-of-2_1.jpg,809,plain solid,290,305.227,1.053
handmade-fabric-bow-hair-clip-34-2025-976-1-34_1.jpg,794,fabart,290,246.004,0.848
handmade-fabric-bow-hair-clip-06-2025-976-1-6_1.jpg,794,fabart,290,228.326,0.787
handmade-fabric-bow-hair-clip-11-2025-415-1-11_1.jpg,794,fabart,290,247.509,0.853
handmade-fabric-bow-hair-clip-26-2025-976-1-26_1.jpg,794,fabart,290,245.362,0.846
handmade-fabric-bow-hair-clip-38-2025-397-1-38_1.jpg,794,fabart,290,238.753,0.823
1-5cm-handmade-sambhal-clothing-button-set-of-10-17-806110-17_1.jpg,820,wood carving,240,181.118,0.755
2024-504-1-35-1cm-buttonbaaz-handmade-button-small-set-of-12-35_1.jpg,821,wood carving,150,304.011,2.027
2024-504-1-33-1cm-buttonbaaz-handmade-button-small-set-of-12-33_1.jpg,821,wood carving,150,305.862,2.039
2-2cm-handmade-sambhal-clothing-button-set-of-10-09-806110-9_1.jpg,820,wood carving,200,282.418,1.412
2-2cm-handmade-sambhal-clothing-button-set-of-10-04-806110-4_1.jpg,820,wood carving,200,277.998,1.39
1-8cm-handmade-sambhal-clothing-button-set-of-10-12-806110-12_1.jpg,820,wood carving,240,169.94,0.708
1-6cm-handmade-sambhal-clothing-button-set-of-10-02-806110-2_1.jpg,820,wood carving,200,282.279,1.411
2cm-handmade-sambhal-clothing-button-set-of-10-10-806110-10_1.jpg,820,wood carving,240,277.429,1.156
1-8cm-handmade-sambhal-clothing-button-set-of-10-16-806110-16_1.jpg,820,wood carving,200,282.435,1.412
2-5cm-handmade-sambhal-clothing-button-set-of-10-07-806110-7_1.jpg,820,wood carving,240,177.53,0.74
480863-22-handmade-flower-crochet-wooden-juda-stick-by-samoolam_1.jpg,828,crochet work,350,699.792,1.999
2021-1245-1-48-samoolam-handmade-crochet-hairstick-parrot-multicolour_1.jpg,828,crochet work,440,840.936,1.911
439161-20-jugaad-boria-metal-juda-hairpin_1.jpg,835,handmade,180,398.94,2.216
480863-38-handmade-flower-crochet-wooden-juda-stick-by-samoolam_1.jpg,828,crochet work,350,731.591,2.09
480863-23-handmade-flower-crochet-wooden-juda-stick-by-samoolam_1.jpg,828,crochet work,350,699.792,1.999
handmade-wooden-guldasta-juda-stick-04-2024-1159-1-4_1.jpg,843,wood carving,350,361.412,1.033
480863-33-handmade-flower-crochet-wooden-juda-stick-by-samoolam_1.jpg,828,crochet work,350,859.288,2.455
2024-403-1-33-handcrafted-wooden-seashell-juda-stick-33_1.jpg,844,seashell craft,350,464.666,1.328
2021-1245-1-39-samoolam-handmade-crochet-hairstick-dragonfly_1.jpg,828,crochet work,440,468.852,1.066
handmade-fabart-beadwork-hair-band-20-2024-1346-1-20_1.jpg,846,bead work,390,301.248,0.772
handmade-fabart-beadwork-hair-band-05-2024-1259-1-5_1.jpg,846,bead work,390,243.31,0.624
2022-1000-1-85-flower-handmade-felt-beadwork-hair-band_1.jpg,790,plain solid,490,334.777,0.683
handmade-fabart-beadwork-hair-band-01-2024-1346-1-1_1.jpg,846,bead work,390,299.104,0.767
handmade-fabart-beadwork-hair-band-03-2024-1346-1-3_1.jpg,846,bead work,390,296.618,0.761
handmade-cotton-elastic-pearl-headband-04-2024-1734-1-4_1.jpg,852,fabart,450,247.38,0.55
handmade-fabart-beadwork-hair-band-17-2024-1259-1-17_1.jpg,846,bead work,390,248.602,0.637
handmade-fabart-beadwork-hair-band-13-2024-1259-1-13_1.jpg,846,bead work,390,243.996,0.626
handmade-fabart-beadwork-hair-band-04-2024-1259-1-4_1.jpg,846,bead work,390,246.43,0.632
handmade-cotton-elastic-pearl-headband-40-2024-1734-1-40_1.jpg,852,fabart,450,252.509,0.561
handmade-cotton-elastic-pearl-headband-36-2024-1734-1-36_1.jpg,852,fabart,450,250.296,0.556
handmade-cotton-elastic-pearl-headband-16-2024-1734-1-16_1.jpg,852,fabart,450,249.949,0.555
handmade-cotton-elastic-pearl-headband-03-2024-1734-1-3_1.jpg,852,fabart,450,245.588,0.546
2022-1000-1-94-flower-handmade-felt-beadwork-hair-band_1.jpg,790,plain solid,490,334.777,0.683
handmade-fabart-beadwork-hair-band-01-2024-1259-1-1_1.jpg,846,bead work,390,246.493,0.632
handmade-cotton-elastic-pearl-headband-29-2024-1734-1-29_1.jpg,852,fabart,450,248.132,0.551
2022-1000-1-89-flower-handmade-felt-beadwork-hair-band_1.jpg,790,plain solid,490,334.777,0.683
handmade-fabart-beadwork-hair-band-07-2024-1346-1-7_1.jpg,846,bead work,390,297.465,0.763
handmade-cotton-elastic-pearl-headband-37-2024-1734-1-37_1.jpg,852,fabart,450,247.51,0.55
handmade-fabart-beadwork-hair-band-08-2024-1259-1-8_1.jpg,846,bead work,390,246.361,0.632
2022-1000-1-114-flower-handmade-felt-beadwork-hair-band_1.jpg,790,plain solid,490,334.777,0.683
handmade-cotton-elastic-pearl-headband-23-2024-1734-1-23_1.jpg,852,fabart,450,247.772,0.551
handmade-fabart-beadwork-hair-band-26-2024-1346-1-26_1.jpg,846,bead work,390,304.086,0.78
handmade-fabart-beadwork-hair-band-16-2024-1259-1-16_1.jpg,846,bead work,390,248.914,0.638
handmade-fabart-beadwork-hair-band-20-2024-1259-1-20_1.jpg,846,bead work,390,245.729,0.63
handmade-cotton-elastic-pearl-headband-43-2024-1734-1-43_1.jpg,852,fabart,450,247.513,0.55
handmade-fabart-beadwork-hair-band-14-2024-1259-1-14_1.jpg,846,bead work,390,249.388,0.639
2022-1000-1-101-flower-handmade-felt-beadwork-hair-band_1.jpg,790,plain solid,490,334.777,0.683
handmade-cotton-elastic-pearl-headband-18-2024-1734-1-18_1.jpg,852,fabart,450,247.737,0.551
2022-1000-1-86-flower-handmade-felt-beadwork-hair-band_1.jpg,790,plain solid,490,334.777,0.683
handmade-fabart-beadwork-hair-band-09-2024-1346-1-9_1.jpg,846,bead work,390,305.359,0.783
handmade-cotton-elastic-pearl-headband-30-2024-1734-1-30_1.jpg,852,fabart,450,264.768,0.588
handmade-fabart-beadwork-hair-band-22-2024-1346-1-22_1.jpg,846,bead work,390,316.136,0.811
handmade-cotton-elastic-pearl-headband-19-2024-1734-1-19_1.jpg,852,fabart,450,248.266,0.552
handmade-fabart-beadwork-hair-band-10-2024-1259-1-10_1.jpg,846,bead work,390,248.076,0.636
handmade-cotton-elastic-pearl-headband-02-2024-1734-1-2_1.jpg,852,fabart,450,250.118,0.556
handmade-cotton-elastic-pearl-headband-07-2024-1734-1-7_1.jpg,852,fabart,450,246.232,0.547
handmade-cotton-elastic-pearl-headband-11-2024-1734-1-11_1.jpg,852,fabart,450,250.176,0.556
handmade-cotton-elastic-pearl-headband-15-2024-1734-1-15_1.jpg,852,fabart,450,249.988,0.556
2022-1000-1-84-flower-handmade-felt-beadwork-hair-band_1.jpg,790,plain solid,490,334.777,0.683
2022-1000-1-95-flower-handmade-felt-beadwork-hair-band_1.jpg,790,plain solid,490,334.777,0.683
handmade-cotton-elastic-pearl-headband-24-2024-1734-1-24_1.jpg,852,fabart,450,248.919,0.553
handmade-cotton-elastic-pearl-headband-25-2024-1734-1-25_1.jpg,852,fabart,450,257.844,0.573
handmade-cotton-elastic-pearl-headband-33-2024-1734-1-33_1.jpg,852,fabart,450,251.544,0.559
handmade-fabart-beadwork-hair-band-12-2024-1346-1-12_1.jpg,846,bead work,390,300.399,0.77
handmade-fabart-beadwork-hair-band-06-2024-1259-1-6_1.jpg,846,bead work,390,245.761,0.63
handmade-cotton-elastic-pearl-headband-31-2024-1734-1-31_1.jpg,852,fabart,450,244.406,0.543
handmade-cotton-elastic-pearl-headband-08-2024-1734-1-8_1.jpg,852,fabart,450,247.31,0.55
handmade-cotton-elastic-pearl-headband-17-2024-1734-1-17_1.jpg,852,fabart,450,249.627,0.555
handmade-fabart-beadwork-hair-band-12-2024-1259-1-12_1.jpg,846,bead work,390,252.492,0.647
handmade-cotton-elastic-pearl-headband-01-2024-1734-1-1_1.jpg,852,fabart,450,247.446,0.55
2022-1000-1-91-flower-handmade-felt-beadwork-hair-band_1.jpg,790,plain solid,490,334.777,0.683
handmade-fabart-beadwork-hair-band-11-2024-1259-1-11_1.jpg,846,bead work,390,249.134,0.639
handmade-fabart-beadwork-hair-band-10-2024-1346-1-10_1.jpg,846,bead work,390,301.425,0.773
handmade-fabart-beadwork-hair-band-19-2024-1259-1-19_1.jpg,846,bead work,390,247.284,0.634
2022-1000-1-118-flower-handmade-felt-beadwork-hair-band_1.jpg,790,handmade,490,398.387,0.813
handmade-fabart-beadwork-hair-band-02-2024-1259-1-2_1.jpg,846,bead work,390,249.078,0.639
handmade-cotton-elastic-pearl-headband-05-2024-1734-1-5_1.jpg,852,fabart,450,244.157,0.543
handmade-cotton-elastic-pearl-headband-21-2024-1734-1-21_1.jpg,852,fabart,450,247.501,0.55
2022-1000-1-90-flower-handmade-felt-beadwork-hair-band_1.jpg,790,plain solid,490,334.777,0.683
handmade-cotton-elastic-pearl-headband-22-2024-1734-1-22_1.jpg,852,fabart,450,258.132,0.574
handmade-fabart-beadwork-hair-band-02-2024-1346-1-2_1.jpg,846,bead work,390,302.647,0.776
handmade-cotton-elastic-pearl-headband-10-2024-1734-1-10_1.jpg,852,fabart,450,249.081,0.554
handmade-cotton-elastic-pearl-headband-09-2024-1734-1-9_1.jpg,852,fabart,450,250.017,0.556
handmade-cotton-elastic-pearl-headband-20-2024-1734-1-20_1.jpg,852,fabart,450,246.652,0.548
handmade-fabart-beadwork-hair-band-38-2024-1346-1-38_1.jpg,846,bead work,390,303.347,0.778
handmade-fabart-beadwork-hair-band-03-2024-1259-1-3_1.jpg,846,bead work,390,244.695,0.627
handmade-fabart-beadwork-hair-band-07-2024-1259-1-7_1.jpg,846,bead work,390,245.319,0.629
2022-1000-1-93-flower-handmade-felt-beadwork-hair-band_1.jpg,790,plain solid,490,334.777,0.683
2022-1000-1-117-flower-handmade-felt-beadwork-hair-band_1.jpg,790,handmade,490,398.387,0.813
handmade-cotton-elastic-pearl-headband-47-2024-1734-1-47_1.jpg,852,fabart,450,251.621,0.559
handmade-cotton-elastic-pearl-headband-26-2024-1734-1-26_1.jpg,852,fabart,450,249.257,0.554
handmade-cotton-elastic-pearl-headband-42-2024-1734-1-42_1.jpg,852,fabart,450,248.523,0.552
2022-491-1-14-mirror-work-kutch-embroidery-dori-waist-belt-kamarbandh_1.jpg,865,kutch embroidery,1450,853.541,0.589
2022-739-1-14-kutch-embroidery-mirror-work-dori-waist-belt-kamarbandh_1.jpg,865,kutch embroidery,1650,896.86,0.544
2022-739-1-3-kutch-embroidery-mirror-work-fabric-camera-belt_1.jpg,865,kutch embroidery,1950,842.271,0.432
559549-28-kutch-embroidery-mirror-work-cotton-camera-belt_1.jpg,865,kutch embroidery,1950,861.852,0.442
2022-739-1-5-kutch-embroidery-mirror-work-fabric-camera-belt_1.jpg,865,kutch embroidery,1950,820.579,0.421
559549-7-kutch-embroidery-mirror-work-dori-waist-belt-kamarbandh_1.jpg,865,kutch embroidery,1650,796.665,0.483
473763-2-mirror-work-kutchi-embroidery-cotton-camera-belt_1.jpg,865,kutch embroidery,1950,870.27,0.446
559549-9-kutch-embroidery-mirror-work-dori-waist-belt-kamarbandh_1.jpg,865,kutch embroidery,1650,898.906,0.545
2022-739-1-21-kutch-embroidery-mirror-work-dori-waist-belt-kamarbandh_1.jpg,865,kutch embroidery,1950,896.86,0.46
2021-407-1-100-mirror-work-kutchi-embroidery-fabric-camera-belt_1.jpg,865,kutch embroidery,1950,800.532,0.411
2022-739-1-38-kutch-embroidery-mirror-work-dori-waist-belt-kamarbandh_1.jpg,865,kutch embroidery,1650,941.971,0.571
2022-739-1-24-kutch-embroidery-mirror-work-dori-waist-belt-kamarbandh_1.jpg,865,kutch embroidery,1950,979.965,0.503
559549-30-kutch-embroidery-mirror-work-cotton-camera-belt_1.jpg,865,kutch embroidery,1950,820.579,0.421
559549-17-kutch-embroidery-mirror-work-dori-waist-belt-kamarbandh_1.jpg,865,kutch embroidery,1890,874.493,0.463
2022-739-1-22-kutch-embroidery-mirror-work-dori-waist-belt-kamarbandh_1.jpg,865,kutch embroidery,1950,960.63,0.493
559549-4-kutch-embroidery-mirror-work-dori-waist-belt-kamarbandh_1.jpg,865,kutch embroidery,1650,911.731,0.553
559549-11-kutch-embroidery-mirror-work-dori-waist-belt-kamarbandh_1.jpg,865,kutch embroidery,1650,869.066,0.527
559549-6-kutch-embroidery-mirror-work-dori-waist-belt-kamarbandh_1.jpg,865,kutch embroidery,1650,881.046,0.534
2022-739-1-37-kutch-embroidery-mirror-work-dori-waist-belt-kamarbandh_1.jpg,865,kutch embroidery,1650,975.272,0.591
2022-739-1-4-kutch-embroidery-mirror-work-fabric-camera-belt_1.jpg,865,kutch embroidery,1950,845.802,0.434
2022-491-1-1-mirror-work-kutchi-embroidery-cotton-camera-belt_1.jpg,865,kutch embroidery,1950,849.518,0.436
2022-739-1-10-kutch-embroidery-mirror-work-dori-waist-belt-kamarbandh_1.jpg,865,kutch embroidery,1890,944.01,0.499
2022-395-1-10-mirror-seashell-work-kutch-embroidery-dori-waist-belt-kamarbandh_1.jpg,865,kutch embroidery,1490,876.83,0.588
2022-739-1-41-kutch-embroidery-mirror-work-dori-waist-belt-kamarbandh_1.jpg,865,kutch embroidery,1650,969.316,0.587
2022-739-1-15-kutch-embroidery-mirror-work-dori-waist-belt-kamarbandh_1.jpg,865,kutch embroidery,1650,928.273,0.563
2022-491-1-2-mirror-work-kutch-embroidery-cotton-camera-belt_1.jpg,865,kutch embroidery,1890,854.204,0.452
2022-491-1-12-mirror-work-kutch-embroidery-dori-waist-belt-kamarbandh_1.jpg,865,kutch embroidery,1650,874.179,0.53
2022-739-1-7-kutch-embroidery-mirror-work-dori-waist-belt-kamarbandh_1.jpg,865,kutch embroidery,1650,928.273,0.563
2022-739-1-34-kutch-embroidery-mirror-work-dori-waist-belt-kamarbandh_1.jpg,865,kutch embroidery,1650,944.01,0.572
2021-407-1-104-mirror-work-kutchi-embroidery-fabric-camera-belt_1.jpg,865,kutch embroidery,1950,840.163,0.431
2022-491-1-4-mirror-work-kutch-embroidery-cotton-camera-belt_1.jpg,865,kutch embroidery,1890,853.541,0.452
2022-739-1-40-kutch-embroidery-mirror-work-dori-waist-belt-kamarbandh_1.jpg,865,kutch embroidery,1650,936.0,0.567
559549-23-kutch-embroidery-mirror-work-cotton-camera-belt_1.jpg,865,kutch embroidery,1950,820.579,0.421
2022-739-1-25-kutch-rabari-embroidery-dori-waist-belt-kamarbandh_1.jpg,865,kutch embroidery,1650,1118.244,0.678
559549-19-kutch-embroidery-mirror-work-dori-waist-belt-kamarbandh_1.jpg,865,kutch embroidery,1890,891.737,0.472
2022-739-1-35-kutch-embroidery-mirror-work-dori-waist-belt-kamarbandh_1.jpg,865,kutch embroidery,1650,915.059,0.555
2022-739-1-11-kutch-embroidery-mirror-work-dori-waist-belt-kamarbandh_1.jpg,865,kutch embroidery,1890,896.86,0.475
559549-22-kutch-embroidery-mirror-work-cotton-camera-belt_1.jpg,865,kutch embroidery,1950,842.271,0.432
2022-739-1-8-kutch-embroidery-mirror-work-dori-waist-belt-kamarbandh_1.jpg,865,kutch embroidery,1650,896.86,0.544
2022-739-1-19-kutch-embroidery-mirror-work-dori-waist-belt-kamarbandh_1.jpg,865,kutch embroidery,1950,944.01,0.484
2022-739-1-2-kutch-embroidery-mirror-work-fabric-camera-belt_1.jpg,865,kutch embroidery,1950,854.905,0.438
2022-739-1-39-kutch-embroidery-mirror-work-dori-waist-belt-kamarbandh_1.jpg,865,kutch embroidery,1650,944.01,0.572
559549-20-kutch-embroidery-mirror-work-cotton-camera-belt_1.jpg,865,kutch embroidery,1950,845.802,0.434
2022-739-1-31-kutch-embroidery-mirror-work-dori-waist-belt-kamarbandh_1.jpg,865,kutch embroidery,1650,973.129,0.59
2022-739-1-17-kutch-embroidery-mirror-work-dori-waist-belt-kamarbandh_1.jpg,865,kutch embroidery,1650,959.227,0.581
559549-18-kutch-embroidery-mirror-work-dori-waist-belt-kamarbandh_1.jpg,865,kutch embroidery,1890,908.469,0.481
2022-739-1-9-kutch-embroidery-mirror-work-dori-waist-belt-kamarbandh_1.jpg,865,kutch embroidery,1650,944.01,0.572
559549-25-kutch-embroidery-mirror-work-cotton-camera-belt_1.jpg,865,kutch embroidery,1950,849.518,0.436
2022-739-1-23-kutch-embroidery-mirror-work-dori-waist-belt-kamarbandh_1.jpg,865,kutch embroidery,1950,951.493,0.488
2022-739-1-16-kutch-embroidery-mirror-work-dori-waist-belt-kamarbandh_1.jpg,865,kutch embroidery,1650,944.01,0.572
2022-491-1-9-mirror-work-kutch-embroidery-dori-waist-belt-kamarbandh_1.jpg,865,kutch embroidery,1650,853.541,0.517
2022-491-1-5-mirror-work-kutchi-embroidery-dori-waist-belt-kamarbandh_1.jpg,865,kutch embroidery,1650,853.541,0.517
2022-491-1-6-mirror-work-kutch-embroidery-dori-waist-belt-kamarbandh_1.jpg,865,kutch embroidery,1650,850.343,0.515
2022-739-1-26-kutch-rabari-embroidery-dori-waist-belt-kamarbandh_1.jpg,865,kutch embroidery,1650,1118.244,0.678
2022-739-1-36-kutch-embroidery-mirror-work-dori-waist-belt-kamarbandh_1.jpg,865,kutch embroidery,1650,928.273,0.563
559549-15-kutch-embroidery-mirror-work-dori-waist-belt-kamarbandh_1.jpg,865,kutch embroidery,1650,897.933,0.544
2022-395-1-14-mirror-seashell-work-kutch-embroidery-dori-waist-belt-kamarbandh_1.jpg,865,kutch embroidery,1650,844.989,0.512
2022-739-1-33-kutch-embroidery-mirror-work-dori-waist-belt-kamarbandh_1.jpg,865,kutch embroidery,1650,962.523,0.583
2022-739-1-32-kutch-embroidery-mirror-work-dori-waist-belt-kamarbandh_1.jpg,865,kutch embroidery,1650,981.005,0.595
559549-8-kutch-embroidery-mirror-work-dori-waist-belt-kamarbandh_1.jpg,865,kutch embroidery,1650,876.952,0.531
2022-491-1-10-mirror-work-kutch-embroidery-dori-waist-belt-kamarbandh_1.jpg,865,kutch embroidery,1650,850.343,0.515
2022-739-1-27-kutch-rabari-embroidery-dori-waist-belt-kamarbandh_1.jpg,865,kutch embroidery,1650,1118.244,0.678
559549-24-kutch-embroidery-mirror-work-cotton-camera-belt_1.jpg,865,kutch embroidery,1950,861.852,0.442
2022-739-1-1-mirror-work-kutch-embroidery-fabric-camera-belt_1.jpg,865,kutch embroidery,1950,864.697,0.443
2023-1066-1-23-bijnor-hand-carved-sheesham-wood-comb-medium_1.jpg,870,wood carving,450,476.173,1.058
2023-1558-1-49-hand-carved-sheesham-wood-comb-small_1.jpg,870,wood carving,350,423.673,1.21
559745-3-handcarved-natural-neem-wood-comb-small_1.jpg,871,wood carving,250,390.538,1.562
2023-1558-1-46-hand-carved-sheesham-wood-comb-small_1.jpg,870,wood carving,350,423.673,1.21
2023-1066-1-14-bijnor-hand-carved-sheesham-wood-comb-medium_1.jpg,870,wood carving,450,476.173,1.058
559745-5-hand-carved-neem-wood-comb-big_1.jpg,871,wood carving,350,465.607,1.33
2022-1124-1-16-hand-carved-sheesham-wood-comb-big_1.jpg,870,wood carving,350,466.663,1.333
2023-1558-1-41-hand-carved-sheesham-wood-comb-medium_1.jpg,870,wood carving,450,460.616,1.024
559745-9-hand-carved-neem-wood-comb-big_1.jpg,871,wood carving,350,465.607,1.33
2023-1066-1-16-bijnor-hand-carved-sheesham-wood-comb-medium_1.jpg,870,wood carving,450,476.173,1.058
2023-1066-1-17-bijnor-hand-carved-sheesham-wood-comb-medium_1.jpg,870,wood carving,450,476.173,1.058
2023-1066-1-22-bijnor-hand-carved-sheesham-wood-comb-medium_1.jpg,870,wood carving,450,476.173,1.058
2023-1066-1-18-bijnor-hand-carved-sheesham-wood-comb-medium_1.jpg,870,wood carving,450,476.173,1.058
2023-1066-1-15-bijnor-hand-carved-sheesham-wood-comb-medium_1.jpg,870,wood carving,450,476.173,1.058
2023-1558-1-47-hand-carved-sheesham-wood-comb-small_1.jpg,870,wood carving,350,423.673,1.21
559745-8-hand-carved-neem-wood-comb-big_1.jpg,871,wood carving,350,465.858,1.331
2023-1066-1-20-bijnor-hand-carved-sheesham-wood-comb-medium_1.jpg,870,wood carving,450,476.173,1.058
559745-7-hand-carved-neem-wood-comb-big_1.jpg,871,wood carving,350,465.607,1.33
559745-10-hand-carved-neem-wood-comb-big_1.jpg,871,wood carving,350,465.607,1.33
2023-1066-1-19-bijnor-hand-carved-sheesham-wood-comb-medium_1.jpg,870,wood carving,450,476.173,1.058
2023-1558-1-55-hand-carved-sheesham-wood-comb-small_1.jpg,870,wood carving,350,423.673,1.21
2023-1066-1-12-bijnor-hand-carved-sheesham-wood-comb-medium_1.jpg,870,wood carving,450,476.173,1.058
handmade-cotton-bandana-12-2025-1222-1-12_1.jpg,880,shibori tie dye,390,553.343,1.419
banaras-handpainted-wooden-kumkum-box-11-2026-748-2-11_1.jpg,881,banaras handpainted,250,1589.3,6.357
banaras-handpainted-wooden-kumkum-box-2-inch-12-2026-748-2-12_1.jpg,881,banaras handpainted,390,1729.377,4.434
banaras-handpainted-wooden-kumkum-box-2-inch-14-2026-748-2-14_1.jpg,881,banaras handpainted,390,1695.845,4.348
banaras-handpainted-wooden-kumkum-box-2-inch-13-2026-748-2-13_1.jpg,881,banaras handpainted,390,1688.744,4.33
2023-904-2-133-banjara-embroidery-handmade-keychain_1.jpg,884,banjara embroidery,200,428.383,2.142
handmade-stuffed-keychain-for-key-bag-21-2026-608-1-21_1.jpg,887,handmade,280,388.265,1.387
handmade-stuffed-keychain-for-key-bag-11-2026-608-1-11_1.jpg,887,handmade,280,417.292,1.49
2023-904-2-85-banjara-embroidery-handmade-keychain_1.jpg,884,banjara embroidery,200,370.712,1.854
2023-904-2-83-banjara-embroidery-handmade-keychain_1.jpg,884,banjara embroidery,200,284.363,1.422
2023-904-2-108-banjara-embroidery-handmade-keychain_1.jpg,884,banjara embroidery,200,320.361,1.602
2023-904-2-88-banjara-embroidery-handmade-keychain_1.jpg,884,banjara embroidery,200,314.7,1.573
2023-904-2-93-banjara-embroidery-handmade-keychain_1.jpg,884,banjara embroidery,200,341.227,1.706
2020-768-1-7-bird-handmade-papier-mache-keychain_1.jpg,82,bengal papier mache craft,250,567.484,2.27
butterfly-handpainted-clay-art-keychain-25-2025-840-1-25_1.jpg,909,hand painted,250,291.966,1.168
handmade-stuffed-keychain-for-key-bag-45-2026-608-1-45_1.jpg,887,handmade,280,411.78,1.471
handmade-stuffed-keychain-for-key-bag-29-2026-608-1-29_1.jpg,887,handmade,280,406.186,1.451
handmade-stuffed-keychain-for-key-bag-43-2026-608-1-43_1.jpg,887,handmade,280,394.326,1.408
2022-1192-1-45-handcrafted-kutch-leather-keychain_1.jpg,910,kutch leather craft,290,379.705,1.309
2023-904-2-36-banjara-embroidery-handmade-keychain_1.jpg,884,banjara embroidery,200,362.524,1.813
handmade-stuffed-keychain-for-key-bag-19-2026-608-1-19_1.jpg,887,handmade,280,388.994,1.389
2023-904-2-114-banjara-embroidery-handmade-keychain_1.jpg,884,banjara embroidery,200,287.014,1.435
2022-1192-1-33-handcrafted-kutch-leather-keychain_1.jpg,910,kutch leather craft,290,363.19,1.252
2023-904-2-96-banjara-embroidery-handmade-keychain_1.jpg,884,banjara embroidery,200,287.014,1.435
handmade-stuffed-keychain-for-key-bag-31-2026-608-1-31_1.jpg,887,handmade,280,396.329,1.415
2023-904-2-89-banjara-embroidery-handmade-keychain_1.jpg,884,banjara embroidery,200,340.221,1.701
handmade-stuffed-keychain-for-key-bag-15-2026-608-1-15_1.jpg,887,handmade,280,403.094,1.44
2023-904-2-58-banjara-embroidery-handmade-keychain_1.jpg,884,banjara embroidery,200,301.685,1.508
2023-904-2-115-banjara-embroidery-handmade-keychain_1.jpg,884,banjara embroidery,200,287.014,1.435
2023-904-2-143-banjara-embroidery-handmade-keychain_1.jpg,884,banjara embroidery,200,297.267,1.486
handmade-stuffed-keychain-for-key-bag-07-2026-608-1-7_1.jpg,887,handmade,280,407.887,1.457
handmade-stuffed-keychain-for-key-bag-42-2026-608-1-42_1.jpg,887,handmade,280,395.34,1.412
2023-904-2-35-banjara-embroidery-handmade-keychain_1.jpg,884,banjara embroidery,200,284.363,1.422
2022-1150-1-7-hand-carved-tarkashi-inlay-rosewood-keychain_1.jpg,915,other,390,369.435,0.947
handmade-stuffed-keychain-for-key-bag-03-2026-608-1-3_1.jpg,887,handmade,280,390.425,1.394
2023-904-2-123-banjara-embroidery-handmade-keychain_1.jpg,884,banjara embroidery,200,292.184,1.461
owl-handpainted-clay-art-keychain-19-2025-840-1-19_1.jpg,909,hand painted,250,266.607,1.066
2023-904-2-56-banjara-embroidery-handmade-keychain_1.jpg,884,banjara embroidery,200,368.009,1.84
2023-904-2-122-banjara-embroidery-handmade-keychain_1.jpg,884,banjara embroidery,200,427.403,2.137
handmade-stuffed-keychain-for-key-bag-26-2026-608-1-26_1.jpg,887,handmade,280,399.489,1.427
2023-904-2-137-banjara-embroidery-handmade-keychain_1.jpg,884,banjara embroidery,200,287.014,1.435
butterfly-handpainted-clay-art-keychain-20-2025-840-1-20_1.jpg,909,hand painted,250,278.79,1.115
2023-1099-2-3-handmade-lambani-embroidery-mirror-work-keychain_1.jpg,917,lambani craft,290,885.215,3.052
2023-904-2-57-banjara-embroidery-handmade-keychain_1.jpg,884,banjara embroidery,200,363.252,1.816
handmade-stuffed-keychain-for-key-bag-18-2026-608-1-18_1.jpg,887,handmade,280,383.389,1.369
2023-904-2-121-banjara-embroidery-handmade-keychain_1.jpg,884,banjara embroidery,200,288.513,1.443
handmade-stuffed-keychain-for-key-bag-14-2026-608-1-14_1.jpg,887,handmade,280,401.588,1.434
2023-904-2-98-banjara-embroidery-handmade-keychain_1.jpg,884,banjara embroidery,200,314.782,1.574
handmade-stuffed-keychain-for-key-bag-06-2026-608-1-6_1.jpg,887,handmade,280,405.937,1.45
handmade-stuffed-keychain-for-key-bag-04-2026-608-1-4_1.jpg,887,handmade,280,401.322,1.433
2022-1192-1-37-handcrafted-kutch-leather-keychain_1.jpg,910,kutch leather craft,290,371.319,1.28
2023-904-2-49-banjara-embroidery-handmade-keychain_1.jpg,884,banjara embroidery,200,371.192,1.856
2023-904-2-109-banjara-embroidery-handmade-keychain_1.jpg,884,banjara embroidery,200,320.22,1.601
2020-768-1-11-bird-handmade-papier-mache-keychain_1.jpg,82,bengal papier mache craft,250,564.283,2.257
handmade-stuffed-keychain-for-key-bag-30-2026-608-1-30_1.jpg,887,handmade,280,426.442,1.523
2022-1150-1-6-hand-carved-tarkashi-inlay-rosewood-keychain_1.jpg,915,other,390,369.435,0.947
handmade-stuffed-keychain-for-key-bag-36-2026-608-1-36_1.jpg,887,handmade,280,407.32,1.455
handmade-stuffed-keychain-for-key-bag-35-2026-608-1-35_1.jpg,887,handmade,280,435.786,1.556
2023-1099-2-4-handmade-lambani-embroidery-mirror-work-keychain_1.jpg,917,lambani craft,290,856.48,2.953
handmade-stuffed-keychain-for-key-bag-01-2026-608-1-1_1.jpg,887,handmade,280,407.669,1.456
2023-904-2-60-banjara-embroidery-handmade-keychain_1.jpg,884,banjara embroidery,200,360.517,1.803
2023-904-2-52-banjara-embroidery-handmade-keychain_1.jpg,884,banjara embroidery,200,367.002,1.835
2022-1192-1-48-handcrafted-kutch-leather-keychain_1.jpg,910,kutch leather craft,290,379.705,1.309
handmade-stuffed-keychain-for-key-bag-12-2026-608-1-12_1.jpg,887,handmade,280,400.779,1.431
handmade-stuffed-keychain-for-key-bag-34-2026-608-1-34_1.jpg,887,handmade,280,409.55,1.463
2023-904-2-84-banjara-embroidery-handmade-keychain_1.jpg,884,banjara embroidery,200,283.445,1.417
2023-904-2-90-banjara-embroidery-handmade-keychain_1.jpg,884,banjara embroidery,200,421.02,2.105
handmade-stuffed-keychain-for-key-bag-17-2026-608-1-17_1.jpg,887,handmade,280,404.228,1.444
handmade-stuffed-keychain-for-key-bag-23-2026-608-1-23_1.jpg,887,handmade,280,396.823,1.417
handmade-stuffed-keychain-for-key-bag-20-2026-608-1-20_1.jpg,887,handmade,280,381.641,1.363
dragonfly-handpainted-clay-art-keychain-21-2025-840-1-21_1.jpg,909,hand painted,250,280.404,1.122
2023-904-2-102-banjara-embroidery-handmade-keychain_1.jpg,884,banjara embroidery,200,287.014,1.435
handmade-stuffed-keychain-for-key-bag-28-2026-608-1-28_1.jpg,887,handmade,280,405.858,1.449
2023-904-2-91-banjara-embroidery-handmade-keychain_1.jpg,884,banjara embroidery,200,424.806,2.124
handmade-stuffed-keychain-for-key-bag-16-2026-608-1-16_1.jpg,887,handmade,280,404.416,1.444
2023-1099-2-1-handmade-lambani-embroidery-mirror-work-keychain_1.jpg,917,lambani craft,290,868.502,2.995
handmade-stuffed-keychain-for-key-bag-39-2026-608-1-39_1.jpg,887,handmade,280,391.112,1.397
2023-904-2-107-banjara-embroidery-handmade-keychain_1.jpg,884,banjara embroidery,200,427.877,2.139
handmade-stuffed-keychain-for-key-bag-13-2026-608-1-13_1.jpg,887,handmade,280,406.104,1.45
2023-904-2-103-banjara-embroidery-handmade-keychain_1.jpg,884,banjara embroidery,200,297.827,1.489
handmade-stuffed-keychain-for-key-bag-33-2026-608-1-33_1.jpg,887,handmade,280,414.064,1.479
handmade-stuffed-keychain-for-key-bag-40-2026-608-1-40_1.jpg,887,handmade,280,399.096,1.425
handmade-stuffed-keychain-for-key-bag-41-2026-608-1-41_1.jpg,887,handmade,280,391.909,1.4
2023-904-2-95-banjara-embroidery-handmade-keychain_1.jpg,884,banjara embroidery,200,326.747,1.634
2023-1099-2-2-handmade-lambani-embroidery-mirror-work-keychain_1.jpg,917,lambani craft,290,856.48,2.953
2023-904-2-125-banjara-embroidery-handmade-keychain_1.jpg,884,banjara embroidery,200,299.029,1.495
handmade-stuffed-keychain-for-key-bag-24-2026-608-1-24_1.jpg,887,handmade,280,403.35,1.441
2023-904-2-116-banjara-embroidery-handmade-keychain_1.jpg,884,banjara embroidery,200,287.014,1.435
handmade-stuffed-keychain-for-key-bag-44-2026-608-1-44_1.jpg,887,handmade,280,410.625,1.467
2023-904-2-127-banjara-embroidery-handmade-keychain_1.jpg,884,banjara embroidery,200,288.513,1.443
2023-904-2-134-banjara-embroidery-handmade-keychain_1.jpg,884,banjara embroidery,200,287.014,1.435
2022-1192-1-41-handcrafted-kutch-leather-keychain_1.jpg,910,kutch leather craft,290,363.19,1.252
handmade-stuffed-keychain-for-key-bag-08-2026-608-1-8_1.jpg,887,handmade,280,412.099,1.472
2023-904-2-101-banjara-embroidery-handmade-keychain_1.jpg,884,banjara embroidery,200,288.513,1.443
439161-4-sunflower-keychain-by-jugaad_1.jpg,921,bead work,390,362.065,0.928
2022-1192-1-43-handcrafted-kutch-leather-keychain_1.jpg,910,kutch leather craft,290,379.705,1.309
2023-904-2-111-banjara-embroidery-handmade-keychain_1.jpg,884,banjara embroidery,200,325.581,1.628
handmade-stuffed-keychain-for-key-bag-38-2026-608-1-38_1.jpg,887,handmade,280,386.385,1.38
handmade-stuffed-keychain-for-key-bag-37-2026-608-1-37_1.jpg,887,handmade,280,409.172,1.461
handmade-stuffed-keychain-for-key-bag-05-2026-608-1-5_1.jpg,887,handmade,280,379.087,1.354
2023-904-2-87-banjara-embroidery-handmade-keychain_1.jpg,884,banjara embroidery,200,373.61,1.868
handmade-stuffed-keychain-for-key-bag-22-2026-608-1-22_1.jpg,887,handmade,280,400.613,1.431
2022-1192-1-47-handcrafted-kutch-leather-keychain_1.jpg,910,kutch leather craft,290,379.705,1.309
handmade-stuffed-keychain-for-key-bag-32-2026-608-1-32_1.jpg,887,handmade,280,401.518,1.434
2023-904-2-117-banjara-embroidery-handmade-keychain_1.jpg,884,banjara embroidery,200,434.693,2.173
handmade-stuffed-keychain-for-key-bag-27-2026-608-1-27_1.jpg,887,handmade,280,403.664,1.442
2023-904-2-126-banjara-embroidery-handmade-keychain_1.jpg,884,banjara embroidery,200,429.155,2.146
2023-904-2-112-banjara-embroidery-handmade-keychain_1.jpg,884,banjara embroidery,200,287.014,1.435
handmade-ghungroo-work-bhaiya-bhabhi-rakhi-set-204-2025-1832-1-204_1.jpg,929,handmade,690,605.38,0.877
handmade-german-silver-bhaiya-bhabhi-rakhi-set-11-2026-244-1-11_1.jpg,929,oxidised metal craft,450,821.606,1.826
handmade-german-silver-rudraksh-work-bhaiya-bhabhi-rakhi-set-211-2025-1832-1-211_1.jpg,929,oxidised metal craft,690,838.507,1.215
handmade-german-silver-bhaiya-bhabhi-rakhi-set-183-2025-1832-1-183_1.jpg,929,oxidised metal craft,850,749.461,0.882
handmade-shell-work-bhaiya-bhabhi-rakhi-set-101-2025-1832-1-101_1.jpg,929,handmade,690,675.946,0.98
handmade-german-silver-bhaiya-bhabhi-rakhi-set-167-2025-1832-1-167_1.jpg,929,oxidised metal craft,850,749.461,0.882
handmade-kundan-work-rakhi-15-2026-361-1-15_1.jpg,929,fabart,250,360.019,1.44
handmade-shell-work-rakhi-set-of-6-156-2025-1832-1-156_1.jpg,929,handmade,850,502.305,0.591
handmade-german-silver-rakhi-32-2025-1832-1-32_1.jpg,929,oxidised metal craft,450,397.331,0.883
handmade-pearl-rakhi-set-of-6-03-2026-244-1-3_1.jpg,929,handmade,850,554.192,0.652
handmade-blue-pottery-gs-bead-work-rakhi-lumba-set-27-2026-199-1-27_1.jpg,936,blue art pottery,1290,2047.763,1.587
handmade-german-silver-rudraksh-work-rakhi-48-2025-1832-1-48_1.jpg,929,handmade,490,535.292,1.092
handmade-flower-rakhi-19-2026-361-1-19_1.jpg,929,fabart,250,285.51,1.142
handmade-german-silver-rakhi-03-2025-1832-1-3_1.jpg,929,oxidised metal craft,450,397.724,0.884
handmade-german-silver-rakhi-56-2025-1832-1-56_1.jpg,929,oxidised metal craft,450,437.315,0.972
handmade-flower-rakhi-20-2026-361-1-20_1.jpg,929,fabart,250,284.689,1.139
handmade-thread-work-lumba-rakhi-with-potli-05-2026-534-1-5_1.jpg,938,thread work,790,450.737,0.571
hand-embroidered-thread-work-rakhi-25-2026-243-1-25_1.jpg,929,embroidery,650,956.57,1.472
hand-embroidered-thread-work-rakhi-15-2026-243-1-15_1.jpg,929,embroidery,650,969.017,1.491
hand-embroidered-thread-work-bhaiya-bhabhi-rakhi-set-36-2026-243-1-36_1.jpg,929,embroidery,950,1731.996,1.823
bishnupur-handpainted-terracotta-rakhi-29-2025-1837-1-29_1.jpg,940,hand painted,490,319.385,0.652
bishnupur-handpainted-terracotta-rakhi-17-2025-1837-1-17_1.jpg,940,hand painted,490,320.978,0.655
bishnupur-handpainted-terracotta-rakhi-13-2025-1837-1-13_1.jpg,940,hand painted,490,314.742,0.642
bishnupur-handpainted-terracotta-rakhi-12-2025-1837-1-12_1.jpg,940,hand painted,490,352.675,0.72
bishnupur-handpainted-terracotta-rakhi-34-2025-1837-1-34_1.jpg,940,hand painted,490,321.404,0.656
bishnupur-handpainted-terracotta-rakhi-33-2025-1837-1-33_1.jpg,940,hand painted,490,322.534,0.658
leopard-handmade-beadwork-kids-rakhi-by-jugni-17-2026-381-1-17_1.jpg,929,bead work,650,902.07,1.388
ganesha-face-handmade-beadwork-rakhi-by-jugni-19-2026-381-1-19_1.jpg,929,bead work,650,985.392,1.516
turtle-handmade-beadwork-kids-rakhi-by-jugni-12-2026-381-1-12_1.jpg,929,bead work,650,901.964,1.388
2023-519-1-13-handmade-thread-beadwork-rakhi-by-jugni_1.jpg,929,bead work,650,973.245,1.497
handmade-kundan-work-rakhi-12-2026-361-1-12_1.jpg,929,fabart,250,362.619,1.45
handmade-beads-evil-eye-rakhi-07-2026-244-1-7_1.jpg,929,handmade,350,513.862,1.468
handmade-german-silver-rakhi-07-2025-1832-1-7_1.jpg,929,oxidised metal craft,450,425.073,0.945
handmade-german-silver-rakhi-58-2025-1832-1-58_1.jpg,929,oxidised metal craft,450,414.956,0.922
handmade-shell-work-rakhi-set-of-6-161-2025-1832-1-161_1.jpg,929,handmade,850,502.305,0.591
handmade-flower-rakhi-22-2026-361-1-22_1.jpg,929,fabart,250,291.581,1.166
handmade-kundan-work-rakhi-assorted-set-of-6-08-2026-361-1-8_1.jpg,929,fabart,950,505.022,0.532
handmade-kundan-work-rakhi-assorted-set-of-6-05-2026-361-1-5_1.jpg,929,fabart,1190,499.564,0.42
handmade-kundan-work-rakhi-assorted-set-of-6-07-2026-361-1-7_1.jpg,929,fabart,950,503.143,0.53
handmade-kundan-work-rakhi-18-2026-361-1-18_1.jpg,929,fabart,250,358.038,1.432
handmade-kundan-work-rakhi-assorted-set-of-6-06-2026-361-1-6_1.jpg,929,fabart,1190,497.322,0.418
handmade-kundan-work-rakhi-14-2026-361-1-14_1.jpg,929,fabart,250,360.082,1.44
handmade-kundan-work-rakhi-assorted-set-of-6-09-2026-361-1-9_1.jpg,929,fabart,950,505.251,0.532
handmade-kundan-work-rakhi-assorted-set-of-6-03-2026-361-1-3_1.jpg,929,fabart,950,502.886,0.529
hand-embroidered-thread-work-rakhi-20-2026-243-1-20_1.jpg,929,embroidery,650,963.263,1.482
hand-embroidered-thread-work-rakhi-12-2026-243-1-12_1.jpg,929,embroidery,650,941.469,1.448
hand-embroidered-thread-work-rakhi-11-2026-243-1-11_1.jpg,929,embroidery,650,934.242,1.437
hand-embroidered-thread-work-rakhi-30-2026-243-1-30_1.jpg,929,embroidery,650,1036.648,1.595
hand-embroidered-thread-work-rakhi-24-2026-243-1-24_1.jpg,929,embroidery,650,939.272,1.445
hand-embroidered-thread-work-rakhi-17-2026-243-1-17_1.jpg,929,embroidery,650,969.486,1.492
hand-embroidered-thread-work-rakhi-14-2026-243-1-14_1.jpg,929,embroidery,650,985.715,1.516
hand-embroidered-thread-work-rakhi-13-2026-243-1-13_1.jpg,929,embroidery,650,923.928,1.421
handmade-blue-pottery-gs-bead-work-rakhi-lumba-set-30-2026-199-1-30_1.jpg,936,blue art pottery,1290,1656.609,1.284
handmade-blue-pottery-gs-bead-work-rakhi-lumba-set-29-2026-199-1-29_1.jpg,936,blue art pottery,1290,1540.383,1.194
chocolate-hand-embroidered-felt-rakhi-for-kids-39-2026-228-1-39_1.jpg,945,embroidery,690,537.254,0.779
crawling-baby-hand-embroidered-felt-rakhi-for-kids-03-2026-228-1-3_1.jpg,945,embroidery,690,557.423,0.808
hand-embroidered-thread-bead-work-rakhi-for-brother-14-2026-604-1-14_1.jpg,946,embroidery,490,474.444,0.968
handmade-wooden-beads-shell-work-rakhi-set-of-6-163-2025-1832-1-163_1.jpg,929,handmade,850,519.984,0.612
handmade-shell-work-rakhi-150-2025-1832-1-150_1.jpg,929,handmade,390,394.866,1.012
handmade-wooden-beads-shell-work-rakhi-set-of-6-165-2025-1832-1-165_1.jpg,929,bead work,850,548.011,0.645
handmade-wooden-beads-shell-work-rakhi-set-of-6-162-2025-1832-1-162_1.jpg,929,bead work,850,548.011,0.645
handmade-jute-fabart-shell-work-rakhi-set-of-6-152-2025-1832-1-152_1.jpg,929,fabart,850,543.921,0.64
handmade-beadwork-rakhi-for-brother-03-2026-612-1-3_1.jpg,929,bead work,490,486.129,0.992
handmade-beadwork-rakhi-for-brother-04-2026-612-1-4_1.jpg,929,bead work,490,487.976,0.996
handmade-beadwork-rakhi-for-brother-15-2026-612-1-15_1.jpg,929,bead work,590,491.049,0.832
handmade-beadwork-rakhi-for-brother-09-2026-612-1-9_1.jpg,929,bead work,590,490.608,0.832
handmade-german-silver-rakhi-74-2025-1832-1-74_1.jpg,929,oxidised metal craft,450,433.812,0.964
handmade-german-silver-rakhi-70-2025-1832-1-70_1.jpg,929,oxidised metal craft,450,433.812,0.964
handmade-german-silver-rudraksh-work-rakhi-47-2025-1832-1-47_1.jpg,929,handmade,490,533.992,1.09
handmade-german-silver-rakhi-set-of-6-91-2025-1832-1-91_1.jpg,929,oxidised metal craft,850,546.373,0.643
handmade-german-silver-rudraksh-work-rakhi-46-2025-1832-1-46_1.jpg,929,handmade,490,531.291,1.084
handmade-german-silver-rakhi-80-2025-1832-1-80_1.jpg,929,oxidised metal craft,450,433.812,0.964
handmade-german-silver-rakhi-79-2025-1832-1-79_1.jpg,929,oxidised metal craft,450,433.812,0.964
handmade-german-silver-rakhi-68-2025-1832-1-68_1.jpg,929,oxidised metal craft,450,433.812,0.964
handmade-german-silver-wooden-beads-rakhi-set-of-6-92-2025-1832-1-92_1.jpg,929,handmade,850,593.448,0.698
handmade-german-silver-rakhi-set-of-6-88-2025-1832-1-88_1.jpg,929,oxidised metal craft,850,546.373,0.643
handmade-rudraksh-work-rakhi-set-of-6-96-2025-1832-1-96_1.jpg,929,handmade,850,661.009,0.778
handmade-german-silver-rudraksh-work-rakhi-set-of-6-93-2025-1832-1-93_1.jpg,929,handmade,850,697.003,0.82
handmade-german-silver-rakhi-25-2025-1832-1-25_1.jpg,929,oxidised metal craft,450,408.554,0.908
daisy-flower-hand-embroidered-bead-work-felt-rakhi-12-2026-228-1-12_1.jpg,952,embroidery,490,552.887,1.128
handmade-blue-pottery-gs-bead-work-rakhi-lumba-set-20-2026-199-1-20_1.jpg,936,blue art pottery,1290,1775.836,1.377
handmade-rudraksh-work-rakhi-set-of-6-95-2025-1832-1-95_1.jpg,929,handmade,850,661.009,0.778
handmade-german-silver-rakhi-86-2025-1832-1-86_1.jpg,929,oxidised metal craft,450,468.489,1.041
handmade-german-silver-rakhi-72-2025-1832-1-72_1.jpg,929,oxidised metal craft,450,433.812,0.964
handmade-german-silver-rakhi-63-2025-1832-1-63_1.jpg,929,oxidised metal craft,450,433.812,0.964
handmade-german-silver-rakhi-33-2025-1832-1-33_1.jpg,929,oxidised metal craft,450,427.408,0.95
handmade-german-silver-rakhi-29-2025-1832-1-29_1.jpg,929,oxidised metal craft,450,424.23,0.943
handmade-german-silver-rakhi-18-2025-1832-1-18_1.jpg,929,oxidised metal craft,450,423.989,0.942
handcrafted-kundan-beaded-rakhi-for-brother-with-potli-50-2026-530-1-50_1.jpg,929,bead work,690,647.092,0.938
handcrafted-kundan-rakhi-for-brother-with-potli-29-2026-530-1-29_1.jpg,929,bead work,690,612.126,0.887
handmade-pearl-rakhi-set-of-6-01-2026-244-1-1_1.jpg,929,handmade,850,556.095,0.654
handmade-blue-pottery-gs-bead-work-rakhi-lumba-set-34-2026-199-1-34_1.jpg,936,blue art pottery,1290,1554.596,1.205
handmade-blue-pottery-gs-bead-work-rakhi-lumba-set-33-2026-199-1-33_1.jpg,936,blue art pottery,1290,1624.405,1.259
handmade-blue-pottery-gs-bead-work-rakhi-lumba-set-32-2026-199-1-32_1.jpg,936,blue art pottery,1290,1723.372,1.336
handmade-blue-pottery-gs-bead-work-rakhi-lumba-set-23-2026-199-1-23_1.jpg,936,blue art pottery,1290,1776.378,1.377
handmade-german-silver-rudraksh-work-bhaiya-bhabhi-rakhi-set-190-2025-1832-1-190_1.jpg,929,oxidised metal craft,690,838.507,1.215
handmade-german-silver-rudraksh-work-bhaiya-bhabhi-rakhi-set-188-2025-1832-1-188_1.jpg,929,oxidised metal craft,690,861.437,1.248
handmade-german-silver-bhaiya-bhabhi-rakhi-set-180-2025-1832-1-180_1.jpg,929,oxidised metal craft,850,749.461,0.882
handmade-german-silver-bhaiya-bhabhi-rakhi-set-175-2025-1832-1-175_1.jpg,929,oxidised metal craft,850,703.18,0.827
handmade-german-silver-bhaiya-bhabhi-rakhi-set-174-2025-1832-1-174_1.jpg,929,oxidised metal craft,850,749.461,0.882
handmade-german-silver-bhaiya-bhabhi-rakhi-set-172-2025-1832-1-172_1.jpg,929,oxidised metal craft,850,775.399,0.912
handmade-german-silver-bhaiya-bhabhi-rakhi-set-168-2025-1832-1-168_1.jpg,929,oxidised metal craft,850,749.461,0.882
handmade-german-silver-shell-work-rakhi-set-of-6-157-2025-1832-1-157_1.jpg,929,oxidised metal craft,850,564.888,0.665
handmade-shell-work-rakhi-151-2025-1832-1-151_1.jpg,929,handmade,390,394.866,1.012
handmade-beads-shell-work-bhaiya-bhabhi-rakhi-set-121-2025-1832-1-121_1.jpg,929,bead work,690,760.118,1.102
handmade-german-silver-wooden-beads-rakhi-set-of-6-94-2025-1832-1-94_1.jpg,929,handmade,850,556.935,0.655
handmade-german-silver-rakhi-76-2025-1832-1-76_1.jpg,929,oxidised metal craft,450,433.812,0.964
handmade-german-silver-rakhi-75-2025-1832-1-75_1.jpg,929,oxidised metal craft,450,433.812,0.964
handmade-german-silver-rudraksh-work-rakhi-49-2025-1832-1-49_1.jpg,929,handmade,490,534.94,1.092
handmade-german-silver-rakhi-38-2025-1832-1-38_1.jpg,929,oxidised metal craft,450,424.816,0.944
handmade-german-silver-rakhi-35-2025-1832-1-35_1.jpg,929,oxidised metal craft,450,431.274,0.958
handmade-german-silver-rakhi-31-2025-1832-1-31_1.jpg,929,oxidised metal craft,450,463.7,1.03
handmade-german-silver-rakhi-30-2025-1832-1-30_1.jpg,929,oxidised metal craft,450,439.904,0.978
handmade-german-silver-rakhi-22-2025-1832-1-22_1.jpg,929,oxidised metal craft,450,433.713,0.964
handmade-german-silver-rakhi-20-2025-1832-1-20_1.jpg,929,oxidised metal craft,450,423.229,0.941
handmade-german-silver-rakhi-14-2025-1832-1-14_1.jpg,929,oxidised metal craft,450,399.72,0.888
handmade-german-silver-rakhi-11-2025-1832-1-11_1.jpg,929,oxidised metal craft,450,428.827,0.953
handmade-german-silver-rakhi-06-2025-1832-1-6_1.jpg,929,oxidised metal craft,450,425.517,0.946
handmade-thread-work-lumba-rakhi-with-potli-06-2026-534-1-6_1.jpg,938,thread work,790,453.318,0.574
handmade-thread-work-lumba-rakhi-with-potli-04-2026-534-1-4_1.jpg,938,thread work,790,454.023,0.575
handmade-thread-work-lumba-rakhi-with-potli-02-2026-534-1-2_1.jpg,938,thread work,790,456.796,0.578
handcrafted-kundan-beaded-rakhi-for-brother-with-potli-52-2026-530-1-52_1.jpg,929,bead work,690,651.674,0.944
handcrafted-kundan-beaded-rakhi-for-brother-with-potli-46-2026-530-1-46_1.jpg,929,bead work,690,651.084,0.944
handcrafted-kundan-beaded-rakhi-for-brother-with-potli-42-2026-530-1-42_1.jpg,929,bead work,690,650.258,0.942
handcrafted-meenakari-kundan-rakhi-for-brother-with-potli-34-2026-530-1-34_1.jpg,929,meenakari work,690,1231.92,1.785
handcrafted-kundan-rakhi-for-brother-with-potli-27-2026-530-1-27_1.jpg,929,bead work,690,613.301,0.889
handcrafted-kundan-rakhi-for-brother-with-potli-23-2026-530-1-23_1.jpg,929,bead work,690,611.841,0.887
handcrafted-kundan-rakhi-for-brother-with-potli-20-2026-530-1-20_1.jpg,929,bead work,690,611.383,0.886
handcrafted-kundan-rakhi-for-brother-with-potli-17-2026-530-1-17_1.jpg,929,bead work,690,614.396,0.89
handcrafted-kundan-rakhi-for-brother-with-potli-16-2026-530-1-16_1.jpg,929,bead work,690,614.904,0.891
handcrafted-kundan-rakhi-for-brother-with-potli-08-2026-530-1-8_1.jpg,929,bead work,690,611.601,0.886
handcrafted-kundan-rakhi-for-brother-with-potli-06-2026-530-1-6_1.jpg,929,bead work,690,610.828,0.885
handcrafted-kundan-rakhi-for-brother-with-potli-04-2026-530-1-4_1.jpg,929,bead work,690,611.727,0.887
handcrafted-kundan-beaded-rakhi-for-brother-with-potli-37-2026-530-1-37_1.jpg,929,bead work,690,648.681,0.94
handcrafted-meenakari-kundan-rakhi-for-brother-with-potli-32-2026-530-1-32_1.jpg,929,meenakari work,690,1221.716,1.771
handcrafted-kundan-rakhi-for-brother-with-potli-01-2026-530-1-1_1.jpg,929,bead work,690,611.83,0.887
handmade-kundan-work-rakhi-assorted-set-of-6-02-2026-361-1-2_1.jpg,929,fabart,950,509.735,0.537
handmade-kundan-work-rakhi-assorted-set-of-6-01-2026-361-1-1_1.jpg,929,fabart,1190,504.5,0.424
handmade-beads-evil-eye-bhaiya-bhabhi-rakhi-set-09-2026-244-1-9_1.jpg,929,handmade,450,820.588,1.824
hand-embroidered-thread-work-rakhi-08-2026-243-1-8_1.jpg,929,embroidery,650,965.269,1.485
handmade-beads-evil-eye-bhaiya-bhabhi-rakhi-set-05-2026-244-1-5_1.jpg,929,handmade,590,811.42,1.375
hand-embroidered-thread-work-bhaiya-bhabhi-rakhi-set-32-2026-243-1-32_1.jpg,929,embroidery,950,1724.475,1.815
handmade-blue-pottery-gs-bead-work-rakhi-lumba-set-25-2026-199-1-25_1.jpg,936,blue art pottery,1290,2095.536,1.624
handmade-blue-pottery-gs-bead-work-rakhi-lumba-set-22-2026-199-1-22_1.jpg,936,blue art pottery,1290,1902.029,1.474
handmade-blue-pottery-gs-bead-work-rakhi-16-2026-199-1-16_1.jpg,929,blue art pottery,490,886.458,1.809
handmade-blue-pottery-gs-bead-work-rakhi-13-2026-199-1-13_1.jpg,929,blue art pottery,490,877.431,1.791
handmade-blue-pottery-gs-bead-work-rakhi-07-2026-199-1-7_1.jpg,929,blue art pottery,490,879.912,1.796
handmade-blue-pottery-gs-bead-work-rakhi-01-2026-199-1-1_1.jpg,929,blue art pottery,490,882.119,1.8
hhandmade-german-silver-rudraksh-work-bhaiya-bhabhi-rakhi-set-218-2025-1832-1-218_1.jpg,929,oxidised metal craft,690,838.507,1.215
2022-095-1-7-tribal-dokra-craft-brass-rakhi-by-miharu_1.jpg,963,dokra craft,1090,1174.386,1.077
2023-466-1-6-hand-embroidered-felt-work-bal-krishna-rakhi_1.jpg,945,other,690,602.919,0.874
2022-095-1-9-tribal-dokra-craft-brass-rakhi-by-miharu_1.jpg,963,dokra craft,1090,1178.418,1.081
2023-466-1-12-hand-embroidered-felt-work-car-rakhi_1.jpg,945,embroidery,850,499.336,0.587
2023-466-1-18-hand-embroidered-felt-work-bat-ball-rakhi_1.jpg,945,embroidery,490,643.407,1.313
2023-396-1-8-tribal-dokra-craft-brass-rakhi-by-miharu_1.jpg,963,dokra craft,1090,1182.043,1.084
bird-handmade-sequin-beadwork-lumba-rakhi-by-jugni-03-2026-381-1-3_1.jpg,929,bead work,750,1058.98,1.412
black-bird-handmade-beadwork-lumba-rakhi-by-jugni-06-2026-381-1-6_1.jpg,929,bead work,650,1039.831,1.6
tiger-handmade-beadwork-kids-rakhi-by-jugni-16-2026-381-1-16_1.jpg,929,bead work,650,886.894,1.364
2023-466-1-17-hand-embroidered-felt-work-guitar-rakhi_1.jpg,945,embroidery,550,609.109,1.107
drop-feather-handmade-beadwork-rakhi-by-jugni-11-2026-381-1-11_1.jpg,929,bead work,650,947.799,1.458
elephant-handmade-beadwork-kids-rakhi-by-jugni-14-2026-381-1-14_1.jpg,929,bead work,650,907.821,1.397
2024-296-1-22-hand-embroidered-felt-work-sheesha-rakhi-22_1.jpg,952,embroidery,490,507.865,1.036
shell-handmade-beadwork-lumba-rakhi-by-jugni-05-2026-381-1-5_1.jpg,929,bead work,650,983.538,1.513
2022-095-1-2-tribal-dokra-craft-brass-rakhi-by-miharu_1.jpg,963,dokra craft,1090,1170.071,1.073
2022-095-1-13-tribal-dokra-craft-brass-rakhi-by-miharu_1.jpg,963,dokra craft,1090,1174.502,1.078
bird-handmade-beadwork-lumba-rakhi-by-jugni-02-2026-381-1-2_1.jpg,929,bead work,750,997.901,1.331
2022-095-1-5-tribal-dokra-craft-brass-rakhi-by-miharu_1.jpg,963,dokra craft,1090,1171.312,1.075
handmade-patwa-thread-mirror-work-rakhi-03-2026-056-1-3_1.jpg,976,patwa thread work,550,299.559,0.545
2022-095-1-11-tribal-dokra-craft-brass-rakhi-by-miharu_1.jpg,963,dokra craft,1090,1172.663,1.076
2023-396-1-2-tribal-dokra-craft-brass-rakhi-by-miharu_1.jpg,963,dokra craft,1090,1159.699,1.064
2023-466-1-10-hand-embroidered-felt-work-crawling-baby-rakhi_1.jpg,945,embroidery,690,545.539,0.791
peacock-feather-handmade-beadwork-rakhi-by-jugni-08-2026-381-1-8_1.jpg,929,bead work,650,967.82,1.489
handmade-beadwork-rakhi-for-brother-02-2026-612-1-2_1.jpg,929,bead work,490,490.774,1.002
star-handmade-beadwork-rakhi-by-jugni-25-2026-381-1-25_1.jpg,929,bead work,650,895.506,1.378
peacock-feather-handmade-beadwork-rakhi-by-jugni-07-2026-381-1-7_1.jpg,929,bead work,650,965.731,1.486
handmade-rudraksh-work-rakhi-34-2025-375-1-34_1.jpg,983,handmade,290,405.169,1.397
handmade-rudraksh-work-rakhi-24-2025-375-1-24_1.jpg,983,handmade,290,376.241,1.297
handmade-german-silver-bhaiya-bhabhi-rakhi-set-185-2025-1832-1-185_1.jpg,929,oxidised metal craft,850,748.131,0.88
bishnupur-handpainted-terracotta-rakhi-08-2025-1837-1-8_1.jpg,940,hand painted,490,318.848,0.651
2023-396-1-4-tribal-dokra-craft-brass-rakhi-by-miharu_1.jpg,963,dokra craft,1090,1171.623,1.075
handmade-thread-mirror-work-rakhi-07-2026-056-1-7_1.jpg,976,thread work,550,419.317,0.762
handmade-thread-mirror-work-rakhi-08-2026-056-1-8_1.jpg,976,thread work,550,420.744,0.765
handmade-patwa-thread-mirror-work-rakhi-04-2026-056-1-4_1.jpg,976,patwa thread work,550,301.201,0.548
bishnupur-handpainted-terracotta-rakhi-31-2025-1837-1-31_1.jpg,940,hand painted,490,358.969,0.733
handmade-rudraksh-work-rakhi-14-2025-375-1-14_1.jpg,983,handmade,290,420.771,1.451
2024-296-1-8-daisy-flower-hand-embroidered-felt-work-rakhi-08_1.jpg,952,embroidery,490,527.162,1.076
2024-553-1-2-handmade-beadwork-rakhi-lumba-set-02_1.jpg,989,bead work,450,484.246,1.076
handmade-rudraksh-work-rakhi-03-2025-375-1-3_1.jpg,983,handmade,250,414.375,1.657
handmade-jute-fabart-shell-work-rakhi-set-of-6-153-2025-1832-1-153_1.jpg,929,fabart,850,543.921,0.64
handmade-german-silver-bhaiya-bhabhi-rakhi-set-173-2025-1832-1-173_1.jpg,929,oxidised metal craft,850,749.461,0.882
handmade-german-silver-bhaiya-bhabhi-rakhi-set-182-2025-1832-1-182_1.jpg,929,oxidised metal craft,850,749.461,0.882
handmade-german-silver-bhaiya-bhabhi-rakhi-set-178-2025-1832-1-178_1.jpg,929,oxidised metal craft,850,749.461,0.882
handmade-german-silver-bhaiya-bhabhi-rakhi-set-169-2025-1832-1-169_1.jpg,929,oxidised metal craft,850,703.18,0.827
handmade-shell-work-rakhi-set-of-6-160-2025-1832-1-160_1.jpg,929,handmade,850,502.305,0.591
2022-095-1-8-tribal-dokra-craft-brass-rakhi-by-miharu_1.jpg,963,dokra craft,1090,1180.338,1.083
2022-095-1-15-tribal-dokra-craft-brass-rakhi-by-miharu_1.jpg,963,dokra craft,1090,1203.705,1.104
handmade-beadwork-rakhi-for-brother-12-2026-612-1-12_1.jpg,929,bead work,590,494.531,0.838
handmade-patwa-thread-mirror-work-rakhi-01-2026-056-1-1_1.jpg,976,patwa thread work,550,301.271,0.548
flower-handmade-thread-beadwork-rakhi-by-jugni-23-2026-381-1-23_1.jpg,929,bead work,650,938.063,1.443
turtle-handmade-beadwork-kids-rakhi-by-jugni-13-2026-381-1-13_1.jpg,929,bead work,650,885.91,1.363
handmade-beadwork-rakhi-for-brother-14-2026-612-1-14_1.jpg,929,bead work,590,491.009,0.832
handmade-beadwork-rakhi-for-brother-13-2026-612-1-13_1.jpg,929,bead work,590,485.351,0.823
handmade-beadwork-rakhi-for-brother-11-2026-612-1-11_1.jpg,929,bead work,590,490.814,0.832
handmade-beadwork-rakhi-for-brother-10-2026-612-1-10_1.jpg,929,bead work,590,489.3,0.829
handmade-beadwork-rakhi-for-brother-05-2026-612-1-5_1.jpg,929,bead work,490,484.659,0.989
handmade-beadwork-rakhi-for-brother-01-2026-612-1-1_1.jpg,929,bead work,490,488.056,0.996
peacock-feather-handmade-beadwork-rakhi-by-jugni-10-2026-381-1-10_1.jpg,929,bead work,650,971.843,1.495
peacock-feather-handmade-beadwork-rakhi-by-jugni-09-2026-381-1-9_1.jpg,929,bead work,650,972.977,1.497
flower-handmade-beadwork-rakhi-by-jugni-22-2026-381-1-22_1.jpg,929,bead work,650,922.98,1.42
handmade-patwa-thread-mirror-work-rakhi-02-2026-056-1-2_1.jpg,976,patwa thread work,550,303.696,0.552
handmade-thread-beadwork-rakhi-by-jugni-19-803794-19_1.jpg,929,bead work,750,1017.992,1.357
724862-17-handmade-thread-work-rakhi-by-jugni-03_1.jpg,929,thread work,750,783.817,1.045
bishnupur-handpainted-terracotta-rakhi-32-2025-1837-1-32_1.jpg,940,hand painted,490,362.76,0.74
2024-296-1-18-hand-embroidered-felt-work-sheesha-rakhi-18_1.jpg,952,embroidery,490,519.986,1.061
handmade-german-silver-beads-bhaiya-bhabhi-rakhi-set-195-2025-1832-1-195_1.jpg,929,oxidised metal craft,690,743.002,1.077
handmade-shell-work-bhaiya-bhabhi-rakhi-set-99-2025-1832-1-99_1.jpg,929,handmade,690,669.965,0.971
handmade-beadwork-tutti-frutti-rakhi-lumba-set-10-2025-242-1-10_1.jpg,998,bead work,650,561.807,0.864
2023-396-1-5-tribal-dokra-craft-brass-rakhi-by-miharu_1.jpg,963,dokra craft,1090,1224.768,1.124
handmade-jute-shell-work-rakhi-146-2025-1832-1-146_1.jpg,929,handmade,390,420.19,1.077
handmade-patwa-thread-mirror-work-rakhi-06-2026-056-1-6_1.jpg,976,patwa thread work,550,300.568,0.546
handmade-patwa-thread-mirror-work-rakhi-05-2026-056-1-5_1.jpg,976,patwa thread work,550,298.253,0.542
handmade-german-silver-rakhi-84-2025-1832-1-84_1.jpg,929,oxidised metal craft,450,436.335,0.97
bishnupur-handpainted-terracotta-rakhi-36-2025-1837-1-36_1.jpg,940,hand painted,490,320.754,0.655
bishnupur-handpainted-terracotta-rakhi-30-2025-1837-1-30_1.jpg,940,hand painted,490,335.227,0.684
bishnupur-handpainted-terracotta-rakhi-06-2025-1837-1-6_1.jpg,940,hand painted,490,333.63,0.681
2024-296-1-20-hand-embroidered-felt-work-sheesha-rakhi-20_1.jpg,952,embroidery,490,518.892,1.059
bishnupur-handpainted-terracotta-rakhi-02-2025-1837-1-2_1.jpg,940,hand painted,490,324.765,0.663
bishnupur-handpainted-terracotta-rakhi-51-2025-1837-1-51_1.jpg,940,hand painted,490,332.824,0.679
bishnupur-handpainted-terracotta-rakhi-50-2025-1837-1-50_1.jpg,940,hand painted,490,320.896,0.655
bishnupur-handpainted-terracotta-rakhi-27-2025-1837-1-27_1.jpg,940,hand painted,490,335.617,0.685
bishnupur-handpainted-terracotta-rakhi-21-2025-1837-1-21_1.jpg,940,hand painted,490,334.192,0.682
bishnupur-handpainted-terracotta-rakhi-14-2025-1837-1-14_1.jpg,940,hand painted,490,323.477,0.66
bishnupur-handpainted-terracotta-rakhi-10-2025-1837-1-10_1.jpg,940,hand painted,490,318.431,0.65
2024-296-1-6-daisy-flower-hand-embroidered-felt-work-rakhi-06_1.jpg,952,embroidery,490,524.38,1.07
bishnupur-handpainted-terracotta-rakhi-16-2025-1837-1-16_1.jpg,940,hand painted,490,336.752,0.687
bishnupur-handpainted-terracotta-rakhi-09-2025-1837-1-9_1.jpg,940,hand painted,490,319.58,0.652
handmade-beadwork-tutti-frutti-rakhi-16-2025-242-1-16_1.jpg,998,bead work,420,403.114,0.96
handmade-shell-work-rakhi-143-2025-1832-1-143_1.jpg,929,handmade,290,394.866,1.362
handmade-rudraksh-work-rakhi-29-2025-375-1-29_1.jpg,983,handmade,290,400.245,1.38
handmade-german-silver-rudraksh-work-rakhi-54-2025-1832-1-54_1.jpg,929,handmade,490,513.024,1.047
handmade-shell-work-rakhi-149-2025-1832-1-149_1.jpg,929,handmade,390,394.866,1.012
handmade-shell-work-rakhi-148-2025-1832-1-148_1.jpg,929,handmade,390,394.866,1.012
handmade-shell-work-rakhi-144-2025-1832-1-144_1.jpg,929,handmade,390,420.212,1.077
handmade-german-silver-rudraksh-work-rakhi-41-2025-1832-1-41_1.jpg,929,handmade,490,527.438,1.076
2024-455-1-5-handmade-macrame-rakhi-05_1.jpg,1006,macrame craft,390,347.626,0.891
handmade-german-silver-rakhi-60-2025-1832-1-60_1.jpg,929,oxidised metal craft,450,439.053,0.976
handmade-german-silver-rakhi-04-2025-1832-1-4_1.jpg,929,oxidised metal craft,450,425.692,0.946
handmade-german-silver-rakhi-24-2025-1832-1-24_1.jpg,929,oxidised metal craft,450,398.258,0.885
handmade-german-silver-rakhi-85-2025-1832-1-85_1.jpg,929,oxidised metal craft,450,440.231,0.978
handmade-german-silver-rakhi-82-2025-1832-1-82_1.jpg,929,oxidised metal craft,450,436.335,0.97
handmade-german-silver-rakhi-81-2025-1832-1-81_1.jpg,929,oxidised metal craft,450,433.812,0.964
handmade-german-silver-rakhi-73-2025-1832-1-73_1.jpg,929,oxidised metal craft,450,433.812,0.964
handmade-german-silver-rakhi-62-2025-1832-1-62_1.jpg,929,oxidised metal craft,450,433.812,0.964
handmade-german-silver-rakhi-61-2025-1832-1-61_1.jpg,929,oxidised metal craft,450,429.973,0.955
handmade-german-silver-rakhi-59-2025-1832-1-59_1.jpg,929,oxidised metal craft,450,436.335,0.97
handmade-german-silver-rakhi-27-2025-1832-1-27_1.jpg,929,oxidised metal craft,450,425.08,0.945
handmade-german-silver-rakhi-15-2025-1832-1-15_1.jpg,929,oxidised metal craft,450,399.565,0.888
handmade-german-silver-rakhi-13-2025-1832-1-13_1.jpg,929,oxidised metal craft,450,421.303,0.936
handmade-german-silver-rakhi-09-2025-1832-1-10_1.jpg,929,oxidised metal craft,450,401.681,0.893
handmade-german-silver-rakhi-08-2025-1832-1-8_1.jpg,929,oxidised metal craft,450,426.099,0.947
handmade-rudraksh-work-rakhi-12-2025-375-1-12_1.jpg,983,handmade,290,425.233,1.466
handmade-rudraksh-work-rakhi-26-2025-375-1-26_1.jpg,983,handmade,290,401.694,1.385
handmade-rudraksh-work-rakhi-22-2025-375-1-22_1.jpg,983,handmade,290,412.955,1.424
handmade-rudraksh-work-rakhi-05-2025-375-1-5_1.jpg,983,handmade,290,370.74,1.278
handmade-rudraksh-work-rakhi-02-2025-375-1-2_1.jpg,983,handmade,290,420.414,1.45
handmade-beads-evil-eye-rakhi-14-2026-244-1-14_1.jpg,929,handmade,490,470.368,0.96
honey-bee-handmade-beadwork-rakhi-by-jugni-26-2026-381-1-26_1.jpg,929,bead work,650,776.777,1.195
handmade-beadwork-rakhi-for-brother-08-2026-612-1-8_1.jpg,929,bead work,590,487.881,0.827
handmade-beadwork-rakhi-for-brother-07-2026-612-1-7_1.jpg,929,bead work,590,486.781,0.825
handmade-beadwork-rakhi-for-brother-06-2026-612-1-6_1.jpg,929,bead work,490,487.264,0.994
handmade-thread-work-lumba-rakhi-with-potli-03-2026-534-1-3_1.jpg,938,thread work,790,452.194,0.572
handmade-thread-work-lumba-rakhi-with-potli-01-2026-534-1-1_1.jpg,938,thread work,790,454.099,0.575
handcrafted-kundan-beaded-rakhi-for-brother-with-potli-53-2026-530-1-53_1.jpg,929,bead work,690,649.811,0.942
handcrafted-kundan-beaded-rakhi-for-brother-with-potli-51-2026-530-1-51_1.jpg,929,bead work,690,649.393,0.941
handcrafted-kundan-beaded-rakhi-for-brother-with-potli-49-2026-530-1-49_1.jpg,929,bead work,690,654.918,0.949
handcrafted-kundan-beaded-rakhi-for-brother-with-potli-48-2026-530-1-48_1.jpg,929,bead work,690,655.322,0.95
handcrafted-kundan-beaded-rakhi-for-brother-with-potli-47-2026-530-1-47_1.jpg,929,bead work,690,653.928,0.948
handcrafted-kundan-beaded-rakhi-for-brother-with-potli-45-2026-530-1-45_1.jpg,929,bead work,690,656.391,0.951
handcrafted-kundan-beaded-rakhi-for-brother-with-potli-44-2026-530-1-44_1.jpg,929,bead work,690,651.849,0.945
handcrafted-kundan-beaded-rakhi-for-brother-with-potli-43-2026-530-1-43_1.jpg,929,bead work,690,648.534,0.94
handcrafted-kundan-beaded-rakhi-for-brother-with-potli-41-2026-530-1-41_1.jpg,929,bead work,690,646.892,0.938
handcrafted-kundan-beaded-rakhi-for-brother-with-potli-40-2026-530-1-40_1.jpg,929,bead work,690,655.756,0.95
handcrafted-kundan-beaded-rakhi-for-brother-with-potli-39-2026-530-1-39_1.jpg,929,bead work,690,646.157,0.936
handcrafted-kundan-beaded-rakhi-for-brother-with-potli-38-2026-530-1-38_1.jpg,929,bead work,690,650.465,0.943
handcrafted-meenakari-kundan-rakhi-for-brother-with-potli-36-2026-530-1-36_1.jpg,929,meenakari work,690,1227.384,1.779
handcrafted-meenakari-kundan-rakhi-for-brother-with-potli-35-2026-530-1-35_1.jpg,929,meenakari work,690,1228.568,1.781
handcrafted-kundan-rakhi-for-brother-with-potli-31-2026-530-1-31_1.jpg,929,bead work,690,607.253,0.88
handcrafted-kundan-rakhi-for-brother-with-potli-30-2026-530-1-30_1.jpg,929,bead work,690,633.704,0.918
handcrafted-kundan-rakhi-for-brother-with-potli-28-2026-530-1-28_1.jpg,929,bead work,690,616.524,0.894
handcrafted-kundan-rakhi-for-brother-with-potli-26-2026-530-1-26_1.jpg,929,bead work,690,613.633,0.889
handcrafted-kundan-rakhi-for-brother-with-potli-25-2026-530-1-25_1.jpg,929,bead work,690,624.722,0.905
handcrafted-kundan-rakhi-for-brother-with-potli-24-2026-530-1-24_1.jpg,929,bead work,690,613.255,0.889
handcrafted-kundan-rakhi-for-brother-with-potli-22-2026-530-1-22_1.jpg,929,bead work,690,625.18,0.906
handcrafted-kundan-rakhi-for-brother-with-potli-21-2026-530-1-21_1.jpg,929,bead work,690,611.496,0.886
handcrafted-kundan-rakhi-for-brother-with-potli-19-2026-530-1-19_1.jpg,929,bead work,690,612.555,0.888
handcrafted-kundan-rakhi-for-brother-with-potli-18-2026-530-1-18_1.jpg,929,bead work,690,612.007,0.887
handcrafted-kundan-rakhi-for-brother-with-potli-15-2026-530-1-15_1.jpg,929,bead work,690,615.698,0.892
handcrafted-kundan-rakhi-for-brother-with-potli-14-2026-530-1-14_1.jpg,929,bead work,690,615.531,0.892
handcrafted-kundan-rakhi-for-brother-with-potli-13-2026-530-1-13_1.jpg,929,bead work,690,608.406,0.882
handcrafted-kundan-rakhi-for-brother-with-potli-12-2026-530-1-12_1.jpg,929,bead work,690,620.036,0.899
handcrafted-kundan-rakhi-for-brother-with-potli-10-2026-530-1-10_1.jpg,929,bead work,690,614.185,0.89
handcrafted-kundan-rakhi-for-brother-with-potli-09-2026-530-1-9_1.jpg,929,bead work,690,615.032,0.891
handcrafted-kundan-rakhi-for-brother-with-potli-07-2026-530-1-7_1.jpg,929,bead work,690,610.216,0.884
handcrafted-kundan-rakhi-for-brother-with-potli-05-2026-530-1-5_1.jpg,929,bead work,690,607.543,0.88
handcrafted-kundan-rakhi-for-brother-with-potli-03-2026-530-1-3_1.jpg,929,bead work,690,609.396,0.883
handcrafted-kundan-rakhi-for-brother-with-potli-02-2026-530-1-2_1.jpg,929,bead work,690,615.255,0.892
anant-raksha-thread-work-lumba-rakhi-with-soof-hand-embroidered-potli-47-2026-460-1-47_1.jpg,1007,thread work,990,758.59,0.766
anant-raksha-thread-work-lumba-rakhi-with-soof-hand-embroidered-potli-46-2026-460-1-46_1.jpg,1007,thread work,990,754.232,0.762
anant-raksha-thread-work-lumba-rakhi-with-soof-hand-embroidered-potli-45-2026-460-1-45_1.jpg,1007,thread work,990,762.532,0.77
anant-raksha-thread-work-lumba-rakhi-with-soof-hand-embroidered-potli-44-2026-460-1-44_1.jpg,1007,thread work,990,755.421,0.763
anant-raksha-thread-work-lumba-rakhi-with-soof-hand-embroidered-potli-43-2026-460-1-43_1.jpg,1007,thread work,990,750.266,0.758
anant-raksha-thread-work-lumba-rakhi-with-soof-hand-embroidered-potli-42-2026-460-1-42_1.jpg,1007,thread work,990,753.06,0.761
anant-raksha-thread-work-lumba-rakhi-with-soof-hand-embroidered-potli-41-2026-460-1-41_1.jpg,1007,thread work,990,747.711,0.755
anant-raksha-thread-work-lumba-rakhi-with-soof-hand-embroidered-potli-39-2026-460-1-39_1.jpg,1007,thread work,990,746.602,0.754
anant-raksha-thread-work-rakhi-with-soof-hand-embroidered-potli-35-2026-460-1-35_1.jpg,1007,thread work,990,663.952,0.671
anant-raksha-thread-work-rakhi-with-soof-hand-embroidered-potli-33-2026-460-1-33_1.jpg,1007,thread work,990,665.341,0.672
anant-raksha-thread-work-rakhi-with-soof-hand-embroidered-potli-32-2026-460-1-32_1.jpg,1007,thread work,990,659.062,0.666
anant-raksha-thread-work-rakhi-with-soof-hand-embroidered-potli-31-2026-460-1-31_1.jpg,1007,thread work,990,652.764,0.659
anant-raksha-thread-work-rakhi-with-soof-hand-embroidered-potli-30-2026-460-1-30_1.jpg,1007,thread work,990,689.466,0.696
anant-raksha-thread-work-rakhi-with-soof-hand-embroidered-potli-29-2026-460-1-29_1.jpg,1007,thread work,990,659.484,0.666
anant-raksha-thread-work-rakhi-with-soof-hand-embroidered-potli-27-2026-460-1-27_1.jpg,1007,thread work,990,661.109,0.668
anant-raksha-thread-work-rakhi-with-soof-hand-embroidered-potli-24-2026-460-1-24_1.jpg,1007,thread work,990,661.051,0.668
anant-raksha-thread-work-rakhi-with-soof-hand-embroidered-potli-20-2026-460-1-20_1.jpg,1007,thread work,990,658.53,0.665
anant-raksha-thread-work-rakhi-with-soof-hand-embroidered-potli-19-2026-460-1-19_1.jpg,1007,thread work,990,660.093,0.667
anant-raksha-thread-work-rakhi-with-soof-hand-embroidered-potli-18-2026-460-1-18_1.jpg,1007,thread work,990,659.344,0.666
anant-raksha-thread-work-rakhi-with-soof-hand-embroidered-potli-17-2026-460-1-17_1.jpg,1007,thread work,990,662.642,0.669
anant-raksha-thread-work-rakhi-with-soof-hand-embroidered-potli-16-2026-460-1-16_1.jpg,1007,thread work,990,663.352,0.67
anant-raksha-thread-work-rakhi-with-soof-hand-embroidered-potli-14-2026-460-1-14_1.jpg,1007,thread work,990,664.218,0.671
anant-raksha-thread-work-rakhi-with-soof-hand-embroidered-potli-13-2026-460-1-13_1.jpg,1007,thread work,990,654.382,0.661
anant-raksha-thread-work-rakhi-with-soof-hand-embroidered-potli-12-2026-460-1-12_1.jpg,1007,thread work,990,670.489,0.677
anant-raksha-thread-work-rakhi-with-soof-hand-embroidered-potli-04-2026-460-1-4_1.jpg,1007,thread work,990,658.969,0.666
anant-raksha-thread-work-rakhi-with-soof-hand-embroidered-potli-03-2026-460-1-3_1.jpg,1007,thread work,990,655.75,0.662
anant-raksha-thread-work-rakhi-with-soof-hand-embroidered-potli-15-2026-460-1-15_1.jpg,1007,thread work,990,664.501,0.671
anant-raksha-thread-work-lumba-rakhi-with-soof-hand-embroidered-potli-38-2026-460-1-38_1.jpg,1007,thread work,990,753.311,0.761
panda-handmade-beadwork-kids-rakhi-by-jugni-18-2026-381-1-18_1.jpg,929,bead work,650,882.94,1.358
bird-handmade-beadwork-lumba-rakhi-by-jugni-04-2026-381-1-4_1.jpg,929,bead work,750,992.371,1.323
flower-handmade-beadwork-lumba-rakhi-by-jugni-01-2026-381-1-1_1.jpg,929,bead work,750,1029.105,1.372
handmade-kundan-work-rakhi-17-2026-361-1-17_1.jpg,929,fabart,250,359.441,1.438
handmade-kundan-work-rakhi-assorted-set-of-6-10-2026-361-1-10_1.jpg,929,fabart,950,504.064,0.531
handmade-mirror-beadwork-rakhi-by-jugni-24-2026-381-1-24_1.jpg,929,bead work,650,858.369,1.321
hand-embroidered-thread-work-bhaiya-bhabhi-rakhi-set-35-2026-243-1-35_1.jpg,929,embroidery,950,1734.681,1.826
hand-embroidered-thread-work-bhaiya-bhabhi-rakhi-set-34-2026-243-1-34_1.jpg,929,embroidery,950,1738.228,1.83
hand-embroidered-thread-work-bhaiya-bhabhi-rakhi-set-33-2026-243-1-33_1.jpg,929,embroidery,950,1736.39,1.828
hand-embroidered-thread-work-rakhi-29-2026-243-1-29_1.jpg,929,embroidery,650,962.845,1.481
hand-embroidered-thread-work-rakhi-28-2026-243-1-28_1.jpg,929,embroidery,650,935.802,1.44
hand-embroidered-thread-work-rakhi-27-2026-243-1-27_1.jpg,929,embroidery,650,990.748,1.524
hand-embroidered-thread-work-rakhi-26-2026-243-1-26_1.jpg,929,embroidery,650,973.824,1.498
hand-embroidered-thread-work-rakhi-23-2026-243-1-23_1.jpg,929,embroidery,650,937.178,1.442
hand-embroidered-thread-work-rakhi-22-2026-243-1-22_1.jpg,929,embroidery,650,965.858,1.486
hand-embroidered-thread-work-rakhi-21-2026-243-1-21_1.jpg,929,embroidery,650,945.024,1.454
hand-embroidered-thread-work-rakhi-19-2026-243-1-19_1.jpg,929,embroidery,650,938.294,1.444
hand-embroidered-thread-work-rakhi-18-2026-243-1-18_1.jpg,929,embroidery,650,963.796,1.483
hand-embroidered-thread-work-rakhi-16-2026-243-1-16_1.jpg,929,embroidery,650,967.382,1.488
hand-embroidered-thread-work-rakhi-10-2026-243-1-10_1.jpg,929,embroidery,650,969.44,1.491
hand-embroidered-thread-work-rakhi-09-2026-243-1-9_1.jpg,929,embroidery,650,970.547,1.493
hand-embroidered-thread-work-rakhi-07-2026-243-1-7_1.jpg,929,embroidery,650,918.45,1.413
handmade-pearl-rakhi-set-of-6-04-2026-244-1-4_1.jpg,929,handmade,850,552.47,0.65
handmade-pearl-rakhi-set-of-6-02-2026-244-1-2_1.jpg,929,handmade,850,562.249,0.661
hand-embroidered-thread-work-rakhi-05-2026-243-1-5_1.jpg,929,embroidery,650,930.906,1.432
hand-embroidered-thread-work-rakhi-04-2026-243-1-4_1.jpg,929,embroidery,650,965.483,1.485
hand-embroidered-thread-work-rakhi-03-2026-243-1-3_1.jpg,929,embroidery,650,917.245,1.411
hand-embroidered-thread-work-rakhi-02-2026-243-1-2_1.jpg,929,embroidery,650,970.947,1.494
hand-embroidered-thread-work-rakhi-01-2026-243-1-1_1.jpg,929,embroidery,650,937.379,1.442
handmade-rudraksh-work-rakhi-50-2025-1832-1-50_1.jpg,929,handmade,490,409.403,0.836
handmade-blue-pottery-gs-bead-work-rakhi-lumba-set-28-2026-199-1-28_1.jpg,936,blue art pottery,1290,2184.157,1.693
handmade-blue-pottery-gs-bead-work-rakhi-lumba-set-21-2026-199-1-21_1.jpg,936,blue art pottery,1290,1775.248,1.376
handmade-blue-pottery-gs-bead-work-rakhi-19-2026-199-1-19_1.jpg,929,blue art pottery,490,898.668,1.834
handmade-blue-pottery-gs-bead-work-rakhi-18-2026-199-1-18_1.jpg,929,blue art pottery,490,855.462,1.746
handmade-blue-pottery-gs-bead-work-rakhi-17-2026-199-1-17_1.jpg,929,blue art pottery,490,944.523,1.928
handmade-blue-pottery-gs-bead-work-rakhi-15-2026-199-1-15_1.jpg,929,blue art pottery,490,877.752,1.791
handmade-blue-pottery-gs-bead-work-rakhi-12-2026-199-1-12_1.jpg,929,blue art pottery,490,893.318,1.823
handmade-blue-pottery-gs-bead-work-rakhi-11-2026-199-1-11_1.jpg,929,blue art pottery,490,945.741,1.93
handmade-blue-pottery-gs-bead-work-rakhi-10-2026-199-1-10_1.jpg,929,blue art pottery,490,943.914,1.926
handmade-blue-pottery-gs-bead-work-rakhi-09-2026-199-1-9_1.jpg,929,blue art pottery,490,888.883,1.814
handmade-blue-pottery-gs-bead-work-rakhi-08-2026-199-1-8_1.jpg,929,blue art pottery,490,940.276,1.919
handmade-blue-pottery-gs-bead-work-rakhi-06-2026-199-1-6_1.jpg,929,blue art pottery,490,939.115,1.917
handmade-blue-pottery-gs-bead-work-rakhi-05-2026-199-1-5_1.jpg,929,blue art pottery,490,934.259,1.907
handmade-blue-pottery-gs-bead-work-rakhi-04-2026-199-1-4_1.jpg,929,blue art pottery,490,881.987,1.8
handmade-blue-pottery-gs-bead-work-rakhi-03-2026-199-1-3_1.jpg,929,blue art pottery,490,879.204,1.794
handmade-thread-mirror-work-rakhi-09-2026-056-1-9_1.jpg,976,thread work,550,424.292,0.771
bishnupur-handpainted-terracotta-rakhi-49-2025-1837-1-49_1.jpg,940,hand painted,490,324.839,0.663
bishnupur-handpainted-terracotta-rakhi-44-2025-1837-1-44_1.jpg,940,hand painted,490,319.291,0.652
bishnupur-handpainted-terracotta-rakhi-43-2025-1837-1-43_1.jpg,940,hand painted,490,333.91,0.681
bishnupur-handpainted-terracotta-rakhi-41-2025-1837-1-41_1.jpg,940,hand painted,490,330.944,0.675
bishnupur-handpainted-terracotta-rakhi-40-2025-1837-1-40_1.jpg,940,hand painted,490,325.279,0.664
bishnupur-handpainted-terracotta-rakhi-37-2025-1837-1-37_1.jpg,940,hand painted,490,300.931,0.614
bishnupur-handpainted-terracotta-rakhi-35-2025-1837-1-35_1.jpg,940,hand painted,490,324.952,0.663
bishnupur-handpainted-terracotta-rakhi-28-2025-1837-1-28_1.jpg,940,hand painted,490,322.606,0.658
bishnupur-handpainted-terracotta-rakhi-25-2025-1837-1-25_1.jpg,940,hand painted,490,328.622,0.671
bishnupur-handpainted-terracotta-rakhi-24-2025-1837-1-24_1.jpg,940,hand painted,490,320.19,0.653
bishnupur-handpainted-terracotta-rakhi-23-2025-1837-1-23_1.jpg,940,hand painted,490,334.459,0.683
bishnupur-handpainted-terracotta-rakhi-22-2025-1837-1-22_1.jpg,940,hand painted,490,329.015,0.671
bishnupur-handpainted-terracotta-rakhi-20-2025-1837-1-20_1.jpg,940,hand painted,490,320.248,0.654
bishnupur-handpainted-terracotta-rakhi-19-2025-1837-1-19_1.jpg,940,hand painted,490,312.528,0.638
bishnupur-handpainted-terracotta-rakhi-18-2025-1837-1-18_1.jpg,940,hand painted,490,334.534,0.683
bishnupur-handpainted-terracotta-rakhi-15-2025-1837-1-15_1.jpg,940,hand painted,490,320.091,0.653
bishnupur-handpainted-terracotta-rakhi-11-2025-1837-1-11_1.jpg,940,hand painted,490,314.292,0.641
bishnupur-handpainted-terracotta-rakhi-07-2025-1837-1-7_1.jpg,940,hand painted,490,333.165,0.68
bishnupur-handpainted-terracotta-rakhi-05-2025-1837-1-5_1.jpg,940,hand painted,490,331.109,0.676
bishnupur-handpainted-terracotta-rakhi-04-2025-1837-1-4_1.jpg,940,hand painted,490,334.319,0.682
bishnupur-handpainted-terracotta-rakhi-03-2025-1837-1-3_1.jpg,940,hand painted,490,332.532,0.679
bishnupur-handpainted-terracotta-rakhi-01-2025-1837-1-1_1.jpg,940,hand painted,490,317.217,0.647
handmade-german-silver-rudraksh-work-bhaiya-bhabhi-rakhi-set-198-2025-1832-1-198_1.jpg,929,oxidised metal craft,690,838.507,1.215
handmade-german-silver-bhaiya-bhabhi-rakhi-set-179-2025-1832-1-179_1.jpg,929,oxidised metal craft,850,703.18,0.827
handmade-german-silver-bhaiya-bhabhi-rakhi-set-177-2025-1832-1-177_1.jpg,929,oxidised metal craft,850,703.18,0.827
handmade-german-silver-bhaiya-bhabhi-rakhi-set-176-2025-1832-1-176_1.jpg,929,oxidised metal craft,850,703.18,0.827
handmade-wooden-beads-shell-work-rakhi-set-of-6-164-2025-1832-1-164_1.jpg,929,handmade,850,519.984,0.612
handmade-german-silver-shell-work-rakhi-set-of-6-159-2025-1832-1-159_1.jpg,929,oxidised metal craft,850,564.888,0.665
handmade-beads-shell-work-rakhi-set-of-6-158-2025-1832-1-158_1.jpg,929,fabart,850,534.778,0.629
handmade-beads-shell-work-rakhi-set-of-6-155-2025-1832-1-155_1.jpg,929,bead work,850,573.92,0.675
handmade-beads-shell-work-rakhi-set-of-6-154-2025-1832-1-154_1.jpg,929,handmade,850,544.662,0.641
handmade-beads-shell-work-rakhi-147-2025-1832-1-147_1.jpg,929,handmade,390,456.785,1.171
handmade-jute-shell-work-rakhi-145-2025-1832-1-145_1.jpg,929,handmade,390,447.685,1.148
handmade-beads-shell-work-rakhi-142-2025-1832-1-142_1.jpg,929,handmade,390,428.874,1.1
handmade-shell-work-rakhi-141-2025-1832-1-141_1.jpg,929,handmade,390,394.866,1.012
handmade-beads-shell-work-rakhi-140-2025-1832-1-140_1.jpg,929,handmade,290,428.874,1.479
handmade-beads-shell-work-bhaiya-bhabhi-rakhi-set-127-2025-1832-1-127_1.jpg,929,bead work,690,760.118,1.102
handmade-beads-shell-work-bhaiya-bhabhi-rakhi-set-126-2025-1832-1-126_1.jpg,929,bead work,690,760.118,1.102
handmade-beads-shell-work-bhaiya-bhabhi-rakhi-set-125-2025-1832-1-125_1.jpg,929,bead work,690,760.118,1.102
handmade-beads-shell-work-bhaiya-bhabhi-rakhi-set-124-2025-1832-1-124_1.jpg,929,bead work,690,760.118,1.102
handmade-beads-shell-work-bhaiya-bhabhi-rakhi-set-123-2025-1832-1-123_1.jpg,929,bead work,690,760.118,1.102
handmade-beads-shell-work-bhaiya-bhabhi-rakhi-set-122-2025-1832-1-122_1.jpg,929,bead work,690,760.118,1.102
handmade-beads-shell-work-bhaiya-bhabhi-rakhi-set-120-2025-1832-1-120_1.jpg,929,bead work,690,760.118,1.102
handmade-beads-shell-work-bhaiya-bhabhi-rakhi-set119-2025-1832-1-119_1.jpg,929,bead work,690,760.118,1.102
handmade-beads-shell-work-bhaiya-bhabhi-rakhi-set-118-2025-1832-1-118_1.jpg,929,bead work,690,760.118,1.102
handmade-shell-work-bhaiya-bhabhi-rakhi-set-100-2025-1832-1-100_1.jpg,929,handmade,690,677.627,0.982
handmade-shell-work-bhaiya-bhabhi-rakhi-set-98-2025-1832-1-98_1.jpg,929,handmade,690,669.965,0.971
handmade-german-silver-rudraksh-work-rakhi-set-of-6-89-2025-1832-1-89_1.jpg,929,handmade,850,661.933,0.779
handmade-german-silver-rakhi-77-2025-1832-1-77_1.jpg,929,oxidised metal craft,450,433.812,0.964
handmade-german-silver-rakhi-71-2025-1832-1-71_1.jpg,929,oxidised metal craft,450,433.812,0.964
handmade-german-silver-rakhi-69-2025-1832-1-69_1.jpg,929,oxidised metal craft,450,433.812,0.964
handmade-german-silver-rakhi-67-2025-1832-1-67_1.jpg,929,oxidised metal craft,450,433.812,0.964
handmade-german-silver-rakhi-66-2025-1832-1-66_1.jpg,929,oxidised metal craft,450,433.812,0.964
handmade-german-silver-rakhi-65-2025-1832-1-65_1.jpg,929,oxidised metal craft,450,433.812,0.964
handmade-german-silver-rakhi-64-2025-1832-1-64_1.jpg,929,oxidised metal craft,450,433.812,0.964
handmade-german-silver-rudraksh-work-rakhi-57-2025-1832-1-58_1.jpg,929,oxidised metal craft,450,528.661,1.175
handmade-german-silver-rudraksh-work-rakhi-55-2025-1832-1-55_1.jpg,929,handmade,490,503.66,1.028
handmade-rudraksh-work-rakhi-53-2025-1832-1-53_1.jpg,929,handmade,490,456.93,0.933
handmade-rudraksh-work-rakhi-52-2025-1832-1-52_1.jpg,929,handmade,490,459.126,0.937
handmade-rudraksh-work-rakhi-51-2025-1832-1-51_1.jpg,929,handmade,490,457.321,0.933
handmade-german-silver-rudraksh-work-rakhi-45-2025-1832-1-45_1.jpg,929,handmade,490,509.483,1.04
handmade-rudraksh-work-rakhi-44-2025-1832-1-44_1.jpg,929,handmade,490,459.186,0.937
handmade-german-silver-rudraksh-work-rakhi-43-2025-1832-1-43_1.jpg,929,handmade,490,502.669,1.026
handmade-german-silver-rudraksh-work-rakhi-42-2025-1832-1-43_1.jpg,929,handmade,490,530.403,1.082
handmade-german-silver-rakhi-40-2025-1832-1-40_1.jpg,929,oxidised metal craft,450,428.403,0.952
handmade-german-silver-rakhi-39-2025-1832-1-39_1.jpg,929,oxidised metal craft,450,421.82,0.937
handmade-german-silver-rakhi-37-2025-1832-1-37_1.jpg,929,oxidised metal craft,450,423.561,0.941
handmade-german-silver-rakhi-36-2025-1832-1-36_1.jpg,929,oxidised metal craft,450,399.392,0.888
handmade-german-silver-rakhi-34-2025-1832-1-34_1.jpg,929,oxidised metal craft,450,401.003,0.891
handmade-german-silver-rakhi-28-2025-1832-1-28_1.jpg,929,oxidised metal craft,450,400.551,0.89
handmade-german-silver-rakhi-26-2025-1832-1-26_1.jpg,929,oxidised metal craft,450,398.54,0.886
handmade-german-silver-rakhi-23-2025-1832-1-23_1.jpg,929,oxidised metal craft,450,423.951,0.942
handmade-german-silver-rakhi-21-2025-1832-1-21_1.jpg,929,oxidised metal craft,450,423.695,0.942
handmade-german-silver-rakhi-19-2025-1832-1-19_1.jpg,929,oxidised metal craft,450,424.445,0.943
handmade-german-silver-rakhi-17-2025-1832-1-17_1.jpg,929,oxidised metal craft,450,398.966,0.887
handmade-german-silver-rakhi-16-2025-1832-1-16_1.jpg,929,oxidised metal craft,450,426.097,0.947
handmade-german-silver-rakhi-12-2025-1832-1-12_1.jpg,929,oxidised metal craft,450,405.038,0.9
handmade-german-silver-rakhi-10-2025-1832-1-10_1.jpg,929,oxidised metal craft,450,400.961,0.891
handmade-german-silver-rakhi-05-2025-1832-1-5_1.jpg,929,oxidised metal craft,450,421.879,0.938
handmade-german-silver-rakhi-02-2025-1832-1-2_1.jpg,929,oxidised metal craft,450,436.657,0.97
handmade-german-silver-rakhi-01-2025-1832-1-1_1.jpg,929,oxidised metal craft,450,426.247,0.947
handmade-shell-work-bhaiya-bhabhi-rakhi-set-97-2025-1832-1-97_1.jpg,929,handmade,690,629.554,0.912
handmade-german-silver-bhaiya-bhabhi-rakhi-set-166-2025-1832-1-166_1.jpg,929,oxidised metal craft,850,749.461,0.882
handmade-beads-shell-work-rakhi-139-2025-1832-1-139_1.jpg,929,handmade,390,428.874,1.1
handmade-rudraksh-work-rakhi-set-of-6-87-2025-1832-1-87_1.jpg,929,handmade,850,661.009,0.778
tribal-dokra-craft-brass-rakhi-by-miharu-56-706420-56_1.jpg,963,dokra craft,1090,1016.891,0.933
handmade-rudraksh-work-rakhi-35-2025-375-1-35_1.jpg,983,handmade,290,420.619,1.45
handmade-rudraksh-work-rakhi-32-2025-375-1-32_1.jpg,983,handmade,290,417.205,1.439
handmade-rudraksh-work-rakhi-31-2025-375-1-31_1.jpg,983,handmade,290,412.487,1.422
handmade-rudraksh-work-rakhi-25-2025-375-1-25_1.jpg,983,handmade,290,430.452,1.484
handmade-rudraksh-work-rakhi-21-2025-375-1-21_1.jpg,983,handmade,290,416.734,1.437
handmade-rudraksh-work-rakhi-20-2025-375-1-20_1.jpg,983,handmade,290,416.106,1.435
handmade-rudraksh-work-rakhi-18-2025-375-1-18_1.jpg,983,handmade,290,417.153,1.438
handmade-rudraksh-work-rakhi-13-2025-375-1-13_1.jpg,983,handmade,290,371.565,1.281
handmade-rudraksh-work-rakhi-10-2025-375-1-10_1.jpg,983,handmade,290,419.17,1.445
handmade-rudraksh-work-rakhi-07-2025-375-1-7_1.jpg,983,handmade,290,415.227,1.432
handmade-rudraksh-work-rakhi-06-2025-375-1-6_1.jpg,983,handmade,290,415.847,1.434
handmade-rudraksh-work-rakhi-04-2025-375-1-4_1.jpg,983,handmade,290,416.77,1.437
handmade-rudraksh-work-rakhi-01-2025-375-1-1_1.jpg,983,handmade,290,399.668,1.378
handmade-beadwork-tutti-frutti-rakhi-lumba-set-13-2025-242-1-13_1.jpg,998,bead work,650,560.381,0.862
handmade-beadwork-tutti-frutti-rakhi-lumba-set-11-2025-242-1-11_1.jpg,998,bead work,650,565.691,0.87
handmade-thread-beadwork-rakhi-by-jugni-20-803794-20_1.jpg,1015,bead work,750,349.88,0.467
handmade-gs-stone-work-jute-rakhi-set-of-2-96-2024-1659-1-96_1.jpg,1017,jute weaving,590,491.301,0.833
handmade-gs-stone-work-jute-rakhi-set-of-2-91-2024-1659-1-91_1.jpg,1017,jute weaving,590,546.596,0.926
handmade-gs-stone-work-jute-rakhi-set-of-2-74-2024-1659-1-74_1.jpg,1017,jute weaving,590,536.966,0.91
handmade-gs-stone-work-jute-rakhi-set-of-2-26-2024-1659-1-26_1.jpg,1017,jute weaving,590,519.712,0.881
handmade-gs-stone-work-jute-rakhi-set-of-2-01-2024-1659-1-1_1.jpg,1017,jute weaving,590,528.163,0.895
2024-521-1-12-handcrafted-embroidery-bead-work-fabart-rakhi-lumba-set-12_1.jpg,1021,fabart,590,651.618,1.104
724862-22-handmade-thread-beadwork-rakhi-by-jugni-08_1.jpg,929,bead work,750,980.349,1.307
724862-21-handmade-thread-beadwork-rakhi-by-jugni-07_1.jpg,929,bead work,750,1001.699,1.336
724862-20-handmade-thread-beadwork-rakhi-by-jugni-06_1.jpg,929,bead work,750,925.622,1.234
724862-19-handmade-thread-beadwork-rakhi-by-jugni-05_1.jpg,929,bead work,750,991.412,1.322
724862-18-handmade-thread-beadwork-rakhi-by-jugni-04_1.jpg,929,bead work,650,969.299,1.491
724862-15-handmade-thread-beadwork-rakhi-by-jugni-01_1.jpg,929,bead work,750,937.005,1.249
2024-315-1-6-handmade-pine-needles-beadwork-rakhi-by-daya-patki-06_1.jpg,1022,bamboo craft,350,417.145,1.192
2024-315-1-5-handmade-pine-needles-beadwork-rakhi-by-daya-patki-05_1.jpg,1022,bamboo craft,350,413.453,1.181
2024-315-1-2-handmade-pine-needles-beadwork-rakhi-by-daya-patki-02_1.jpg,1022,bamboo craft,350,422.139,1.206
2024-296-1-21-hand-embroidered-felt-work-sheesha-rakhi-21_1.jpg,952,embroidery,490,519.43,1.06
2024-296-1-9-daisy-flower-hand-embroidered-felt-work-rakhi-09_1.jpg,952,embroidery,490,526.783,1.075
2024-296-1-7-daisy-flower-hand-embroidered-felt-work-rakhi-07_1.jpg,952,embroidery,490,519.677,1.061
2024-266-1-7-handmade-kundan-beadwork-reversible-rakhi-07_1.jpg,1023,bead work,290,380.147,1.311
2023-519-1-28-copy-of-handmade-thread-beadwork-rakhi-by-jugni_1.jpg,929,bead work,650,868.138,1.336
2023-519-1-17-handmade-thread-beadwork-rakhi-by-jugni_1.jpg,929,bead work,650,883.905,1.36
2023-519-1-10-handmade-thread-beadwork-rakhi-by-jugni_1.jpg,929,bead work,650,971.703,1.495
2023-519-1-9-handmade-thread-beadwork-rakhi-by-jugni_1.jpg,929,bead work,650,877.046,1.349
2023-519-1-3-handmade-thread-beadwork-rakhi-by-jugni_1.jpg,929,bead work,650,888.827,1.367
2022-095-1-14-tribal-dokra-craft-brass-rakhi-by-miharu_1.jpg,963,dokra craft,1090,1202.577,1.103
2022-095-1-10-tribal-dokra-craft-brass-rakhi-by-miharu_1.jpg,963,dokra craft,1090,1175.316,1.078
2022-095-1-6-tribal-dokra-craft-brass-rakhi-by-miharu_1.jpg,963,dokra craft,1090,1179.956,1.083
2022-095-1-4-tribal-dokra-craft-brass-rakhi-by-miharu_1.jpg,963,dokra craft,1090,1169.743,1.073
2022-095-1-3-tribal-dokra-craft-brass-rakhi-by-miharu_1.jpg,963,dokra craft,1090,1170.916,1.074
handcrafted-german-silver-bracelet-kada-size-2-4-05-2025-109-2-5_1.jpg,1029,oxidised metal craft,1390,676.807,0.487
brass-metal-handcrafted-bracelet-adjustable-77-2025-1469-1-77_1.jpg,504,metal work,1190,911.108,0.766
bead-work-handmade-baiga-tribal-bracelet-30-2026-062-1-30_1.jpg,502,baiga tribal jewelry,890,2189.798,2.46
2022-1137-1-3-brass-metal-handcrafted-bangle-adjustable_1.jpg,504,copper brass,490,1323.148,2.7
2022-772-4-27-brass-metal-handcrafted-dokra-bracelet-by-asalkaar-adjustable_1.jpg,504,metal work,1190,911.842,0.766
handcrafted-german-silver-bracelet-kada-size-2-6-06-2025-109-2-6_1.jpg,1029,oxidised metal craft,1390,684.099,0.492
2023-1542-1-22-hapur-flower-beadwork-bangles-by-aagaz-set-of-6_1.jpg,1041,hapur bead work,990,699.705,0.707
brass-metal-handcrafted-cuff-bracelet-adjustable-69-2025-1469-1-69_1.jpg,504,metal work,1190,956.188,0.804
2023-1542-1-10-hapur-flower-beadwork-bangles-by-aagaz-set-of-6_1.jpg,1041,hapur bead work,990,697.296,0.704
handcrafted-glass-stone-bracelet-09-2025-1051-1-9_1.jpg,1043,stone work,250,604.677,2.419
brass-metal-handcrafted-dokra-bracelet-adjustable-17-2024-1652-1-17_1.jpg,504,metal work,1190,911.842,0.766
2024-852-1-94-channapatna-handcrafted-wooden-bangle-size-2-6-94_1.jpg,1045,channapatna toys craft,350,666.487,1.904
brass-metal-handcrafted-bracelet-adjustable-81-2025-1469-1-81_1.jpg,504,metal work,1190,911.108,0.766
handcrafted-glass-stone-bracelet-04-2025-1051-1-4_1.jpg,1043,stone work,250,575.797,2.303
2022-1137-1-1-brass-metal-handcrafted-bangle-adjustable_1.jpg,504,copper brass,490,1323.148,2.7
fabart-ghungroo-work-handmade-bangle-so2-size-2-4-09-2025-1658-1-17_1.jpg,1047,fabart,790,499.235,0.632
brass-metal-handcrafted-bracelet-adjustable-83-2025-1469-1-83_1.jpg,504,metal work,1190,911.108,0.766
2023-145-1-453-handcrafted-paka-meenakari-bangle-set-of-2_1.jpg,514,meenakari work,1290,1270.282,0.985
bead-work-handmade-baiga-tribal-bracelet-29-2026-062-1-29_1.jpg,502,baiga tribal jewelry,890,2087.061,2.345
2022-1137-1-7-brass-metal-handcrafted-bangle-adjustable_1.jpg,504,copper brass,490,1323.148,2.7
handcrafted-glass-stone-bracelet-05-2025-1051-1-5_1.jpg,1043,stone work,250,580.85,2.323
brass-metal-handcrafted-cuff-bracelet-adjustable-75-2025-1469-1-75_1.jpg,504,metal work,1190,956.188,0.804
handmade-beadwork-bracelet-01-2024-1122-1-1_1.jpg,1049,bead work,250,364.271,1.457
handcrafted-glass-stone-bracelet-03-2025-1051-1-3_1.jpg,1043,stone work,250,575.924,2.304
bead-work-handmade-baiga-tribal-bracelet-40-2026-062-1-40_1.jpg,502,baiga tribal jewelry,890,2213.765,2.487
2022-1137-1-15-brass-metal-handcrafted-bangle-adjustable_1.jpg,504,copper brass,490,1323.148,2.7
bead-work-handmade-baiga-tribal-bracelet-32-2026-062-1-32_1.jpg,502,baiga tribal jewelry,890,2175.453,2.444
brass-metal-handcrafted-bracelet-adjustable-74-2025-1469-1-74_1.jpg,504,metal work,1190,911.108,0.766
2022-1137-1-14-brass-metal-handcrafted-bangle-adjustable_1.jpg,504,copper brass,490,1403.191,2.864
handcrafted-glass-stone-bracelet-02-2025-1051-1-2_1.jpg,1043,stone work,250,610.027,2.44
2022-1137-1-13-brass-metal-handcrafted-bangle-adjustable_1.jpg,504,copper brass,490,1403.191,2.864
thread-mirror-work-handmade-bangle-set-16-2025-1658-1-22_1.jpg,1054,thread work,1190,540.592,0.454
handcrafted-german-silver-bracelet-kada-size-2-6-03-2025-109-2-3_1.jpg,1029,oxidised metal craft,1390,644.918,0.464
2022-772-4-28-brass-metal-handcrafted-dokra-bracelet-by-asalkaar-adjustable_1.jpg,504,metal work,1190,911.842,0.766
handmade-metal-beadwork-bracelet-06-2024-1122-1-6_1.jpg,1049,bead work,250,649.288,2.597
2022-772-4-30-brass-metal-handcrafted-dokra-bracelet-by-asalkaar-adjustable_1.jpg,504,metal work,1190,911.842,0.766
brass-metal-handcrafted-dokra-bracelet-adjustable-09-2024-1652-1-9_1.jpg,504,metal work,1190,922.761,0.775
bead-work-handmade-baiga-tribal-bracelet-27-2026-062-1-27_1.jpg,502,baiga tribal jewelry,890,2108.418,2.369
brass-metal-handcrafted-dokra-bracelet-adjustable-07-2024-1652-1-7_1.jpg,504,metal work,1190,911.842,0.766
bead-work-handmade-baiga-tribal-bracelet-40-2024-793-1-40_1.jpg,502,baiga tribal jewelry,890,2121.945,2.384
handcrafted-german-silver-bracelet-kada-size-2-6-04-2025-109-2-4_1.jpg,1029,oxidised metal craft,1390,626.854,0.451
brass-metal-handcrafted-bracelet-adjustable-72-2025-1469-1-72_1.jpg,504,metal work,1190,911.108,0.766
2022-895-1-29-bead-work-handmade-baiga-tribal-bracelet_1.jpg,502,baiga tribal jewelry,890,2094.627,2.354
2023-145-1-462-handcrafted-paka-meenakari-bangle-set-of-2_1.jpg,514,meenakari work,1290,1254.362,0.972
handmade-metal-beadwork-bracelet-38-2024-1122-1-38_1.jpg,1049,bead work,250,631.08,2.524
brass-metal-handcrafted-bracelet-adjustable-82-2025-1469-1-82_1.jpg,504,metal work,1190,911.108,0.766
2022-1137-1-5-brass-metal-handcrafted-bangle-adjustable_1.jpg,504,copper brass,490,1323.148,2.7
handcrafted-german-silver-bracelet-kada-size-2-6-08-2025-109-2-8_1.jpg,1029,oxidised metal craft,1390,685.843,0.493
handcrafted-glass-stone-bracelet-07-2025-1051-1-7_1.jpg,1043,stone work,250,572.768,2.291
2022-772-4-32-brass-metal-handcrafted-dokra-bracelet-by-asalkaar-adjustable_1.jpg,504,metal work,1190,911.842,0.766
2022-895-1-32-bead-work-handmade-baiga-tribal-bracelet_1.jpg,502,baiga tribal jewelry,890,2119.299,2.381
brass-metal-handcrafted-dokra-bracelet-adjustable-03-2024-1652-1-3_1.jpg,504,metal work,1190,911.842,0.766
brass-metal-handcrafted-dokra-cuff-bracelet-adjustable-55-2024-1652-1-13_1.jpg,504,metal work,1190,962.444,0.809
bead-work-handmade-baiga-tribal-bracelet-36-2026-062-1-36_1.jpg,502,baiga tribal jewelry,890,2193.796,2.465
2022-772-4-26-brass-metal-handcrafted-dokra-bracelet-by-asalkaar-adjustable_1.jpg,504,metal work,1190,918.866,0.772
handcrafted-glass-stone-bracelet-06-2025-1051-1-6_1.jpg,1043,stone work,250,594.949,2.38
handcrafted-glass-stone-bracelet-01-2025-1051-1-1_1.jpg,1043,stone work,250,559.684,2.239
brass-metal-handcrafted-bracelet-adjustable-67-2025-1469-1-67_1.jpg,504,metal work,1190,911.108,0.766
brass-metal-handcrafted-bracelet-adjustable-80-2025-1469-1-80_1.jpg,504,metal work,1190,911.108,0.766
brass-metal-handcrafted-dokra-bracelet-adjustable-01-2024-1652-1-1_1.jpg,504,metal work,1190,917.968,0.771
fabart-ghungroo-work-handmade-bangle-so2-size-2-4-12-2025-1658-1-18_1.jpg,1047,fabart,790,508.22,0.643
brass-metal-handcrafted-bracelet-adjustable-73-2025-1469-1-73_1.jpg,504,metal work,1190,911.108,0.766
2022-895-1-30-bead-work-handmade-baiga-tribal-bracelet_1.jpg,502,baiga tribal jewelry,890,2047.327,2.3
2022-895-1-31-bead-work-handmade-baiga-tribal-bracelet_1.jpg,502,baiga tribal jewelry,890,2080.431,2.338
2022-772-4-39-brass-metal-handcrafted-dokra-bracelet-by-asalkaar-adjustable-1_1.jpg,504,metal work,1190,911.842,0.766
handmade-beadwork-bracelet-31-2024-1122-1-31_1.jpg,1049,bead work,250,345.238,1.381
brass-metal-handcrafted-cuff-bracelet-adjustable-76-2025-1469-1-76_1.jpg,504,metal work,1190,997.847,0.839
brass-metal-handcrafted-cuff-bracelet-adjustable-66-2025-1469-1-66_1.jpg,504,metal work,1190,956.188,0.804
bead-work-handmade-baiga-tribal-bracelet-26-2026-062-1-26_1.jpg,502,baiga tribal jewelry,890,2184.341,2.454
handcrafted-german-silver-bracelet-kada-size-07-2025-109-2-7_1.jpg,1029,oxidised metal craft,1390,636.847,0.458
handcrafted-glass-stone-bracelet-10-2025-1051-1-10_1.jpg,1043,stone work,250,615.426,2.462
2023-145-1-459-handcrafted-paka-meenakari-bangle-set-of-2_1.jpg,514,meenakari work,1290,1208.135,0.937
brass-metal-handcrafted-bracelet-adjustable-79-2025-1469-1-79_1.jpg,504,metal work,1190,911.108,0.766
handcrafted-german-silver-bracelet-kada-size-2-4-02-2025-109-2-2_1.jpg,1029,oxidised metal craft,1190,693.984,0.583
bead-work-handmade-baiga-tribal-bracelet-25-2026-062-1-25_1.jpg,502,baiga tribal jewelry,890,2135.514,2.399
handcrafted-glass-stone-bracelet-08-2025-1051-1-8_1.jpg,1043,stone work,250,581.217,2.325
handcrafted-german-silver-bracelet-kada-size-2-4-09-2025-109-2-9_1.jpg,1029,oxidised metal craft,1250,633.876,0.507
brass-metal-handcrafted-bracelet-adjustable-71-2025-1469-1-71_1.jpg,504,metal work,1190,911.108,0.766
2023-1040-1-106-handcrafted-patwa-thread-beadwork-anklet_1.jpg,1067,patwa thread work,450,329.959,0.733
2023-1269-1-192-handcrafted-paka-meenakari-anklets-pair_1.jpg,1068,meenakari work,1450,1183.115,0.816
2023-1269-1-184-handcrafted-paka-meenakari-anklets-pair_1.jpg,1068,meenakari work,1450,1183.115,0.816
2023-1040-1-2-handcrafted-patwa-thread-beadwork-anklet_1.jpg,1067,patwa thread work,450,330.747,0.735
2024-565-1-77-handcrafted-patwa-thread-beadwork-anklet-77_1.jpg,1067,patwa thread work,450,331.681,0.737
424288-41-tribal-odisha-dokra-threadwork-anklet_1.jpg,226,bead work,650,1046.678,1.61
2023-1269-1-183-handcrafted-paka-meenakari-anklets-pair_1.jpg,1068,meenakari work,1450,1183.115,0.816
562562-4-handmade-flower-anklet-by-jugaad_1.jpg,1070,upcycled,690,405.368,0.587
562562-9-handmade-flower-anklet-by-jugaad_1.jpg,1070,upcycled,690,405.368,0.587
2024-565-1-21-handcrafted-patwa-thread-ghungroo-work-anklet-21_1.jpg,1067,patwa thread work,450,291.441,0.648
handcrafted-beads-thread-work-patwa-anklet-25-2024-1340-1-25_1.jpg,1067,patwa thread work,450,419.495,0.932
2023-1040-1-91-handcrafted-patwa-thread-beadwork-anklet_1.jpg,1067,patwa thread work,450,303.51,0.674
2023-1040-1-63-handcrafted-patwa-thread-beadwork-anklet_1.jpg,1067,patwa thread work,450,302.481,0.672
2023-1040-1-88-handcrafted-patwa-thread-beadwork-anklet_1.jpg,1067,patwa thread work,450,332.803,0.74
2023-1269-1-182-handcrafted-paka-meenakari-anklets-pair_1.jpg,1068,meenakari work,1450,1183.115,0.816
2023-1269-1-166-handcrafted-paka-meenakari-anklets-pair_1.jpg,1068,meenakari work,1450,1183.115,0.816
2024-565-1-66-handcrafted-patwa-thread-beadwork-anklet-66_1.jpg,1067,patwa thread work,450,278.64,0.619
562562-5-handmade-flower-anklet-by-jugaad_1.jpg,1070,upcycled,690,405.368,0.587
2023-1269-1-173-handcrafted-paka-meenakari-anklets-pair_1.jpg,1068,meenakari work,1450,1183.115,0.816
2024-565-1-52-handcrafted-patwa-thread-sequin-work-anklet-52_1.jpg,1067,patwa thread work,450,293.375,0.652
2024-565-1-93-handcrafted-patwa-thread-beadwork-anklet-93_1.jpg,1067,patwa thread work,450,317.428,0.705
2024-565-1-78-handcrafted-patwa-thread-beadwork-anklet-78_1.jpg,1067,patwa thread work,450,301.096,0.669
2023-1269-1-200-handcrafted-paka-meenakari-anklets-pair_1.jpg,1068,meenakari work,1450,1183.115,0.816
2023-1269-1-191-handcrafted-paka-meenakari-anklets-pair_1.jpg,1068,meenakari work,1450,1183.115,0.816
2023-1269-1-206-handcrafted-paka-meenakari-anklets-pair_1.jpg,1068,meenakari work,1450,1183.115,0.816
2023-1269-1-169-handcrafted-paka-meenakari-anklets-pair_1.jpg,1068,meenakari work,1450,1183.115,0.816
2023-1040-1-90-handcrafted-patwa-thread-beadwork-anklet_1.jpg,1067,patwa thread work,450,241.355,0.536
2023-1269-1-174-handcrafted-paka-meenakari-anklets-pair_1.jpg,1068,meenakari work,1450,1183.115,0.816
2023-1269-1-190-handcrafted-paka-meenakari-anklets-pair_1.jpg,1068,meenakari work,1450,1183.115,0.816
2023-1040-1-92-handcrafted-patwa-thread-beadwork-anklet_1.jpg,1067,patwa thread work,450,300.517,0.668
2022-830-1-22-handcrafted-patwa-thread-beadwork-anklet_1.jpg,1067,patwa thread work,450,335.405,0.745
2023-1040-1-77-handcrafted-patwa-thread-ghungroo-work-anklet_1.jpg,1067,patwa thread work,450,277.328,0.616
2024-565-1-44-handcrafted-patwa-thread-ghungroo-work-anklet-44_1.jpg,1067,patwa thread work,450,277.865,0.617
handcrafted-patwa-thread-ghungroo-work-anklet-19-2025-446-1-8_1.jpg,1067,patwa thread work,450,292.15,0.649
2024-565-1-90-handcrafted-patwa-thread-beadwork-anklet-90_1.jpg,1067,patwa thread work,450,288.129,0.64
2023-1269-1-170-handcrafted-paka-meenakari-anklets-pair_1.jpg,1068,meenakari work,1450,1183.115,0.816
2023-1040-1-1-handcrafted-patwa-thread-beadwork-anklet_1.jpg,1067,patwa thread work,450,300.695,0.668
2023-1269-1-176-handcrafted-paka-meenakari-anklets-pair_1.jpg,1068,meenakari work,1450,1183.115,0.816
2023-1269-1-171-handcrafted-paka-meenakari-anklets-pair_1.jpg,1068,meenakari work,1450,1183.115,0.816
562562-1-handmade-flower-anklet-by-jugaad_1.jpg,1070,upcycled,690,405.368,0.587
562562-2-handmade-flower-anklet-by-jugaad_1.jpg,1070,upcycled,690,405.368,0.587
2024-565-1-53-handcrafted-patwa-thread-sequin-work-anklet-53_1.jpg,1067,patwa thread work,450,290.48,0.646
562562-3-handmade-flower-anklet-by-jugaad_1.jpg,1070,upcycled,690,405.368,0.587
2023-1269-1-199-handcrafted-paka-meenakari-anklets-pair_1.jpg,1068,meenakari work,1450,1183.115,0.816
2023-1040-1-9-handcrafted-patwa-thread-beadwork-anklet_1.jpg,1067,patwa thread work,450,270.616,0.601
2023-1269-1-194-handcrafted-paka-meenakari-anklets-pair_1.jpg,1068,meenakari work,1450,1183.115,0.816
2023-1269-1-196-handcrafted-paka-meenakari-anklets-pair_1.jpg,1068,meenakari work,1450,1183.115,0.816
2023-1269-1-165-handcrafted-paka-meenakari-anklets-pair_1.jpg,1068,meenakari work,1450,1183.115,0.816
562562-8-handmade-flower-anklet-by-jugaad_1.jpg,1070,upcycled,690,405.368,0.587
565174-1-brass-base-oxidised-antique-silver-finish-nose-clip-on_1.jpg,1080,oxidised metal craft,190,514.325,2.707
565174-36-brass-base-oxidised-antique-gold-finish-maharashtrian-nose-clip-on_1.jpg,1080,oxidised metal craft,290,617.945,2.131
565174-34-brass-base-oxidised-antique-gold-finish-maharashtrian-nose-clip-on_1.jpg,1080,oxidised metal craft,350,617.945,1.766
565174-35-brass-base-oxidised-antique-gold-finish-maharashtrian-nose-clip-on_1.jpg,1080,oxidised metal craft,350,617.945,1.766
565174-39-brass-base-oxidised-antique-gold-finish-maharashtrian-nose-clip-on_1.jpg,1080,oxidised metal craft,290,617.945,2.131
565174-3-brass-base-oxidised-antique-silver-finish-nose-clip-on_1.jpg,1080,oxidised metal craft,190,514.325,2.707
565174-30-brass-base-oxidised-antique-gold-finish-maharashtrian-nose-clip-on_1.jpg,1080,oxidised metal craft,350,690.502,1.973
565174-33-brass-base-oxidised-antique-gold-finish-maharashtrian-nose-clip-on_1.jpg,1080,oxidised metal craft,350,617.945,1.766
565174-28-brass-base-oxidised-antique-gold-finish-maharashtrian-nose-clip-on_1.jpg,1080,oxidised metal craft,350,617.945,1.766
565174-31-brass-base-oxidised-antique-gold-finish-maharashtrian-nose-clip-on_1.jpg,1080,oxidised metal craft,350,617.945,1.766
565174-45-brass-base-oxidised-antique-silver-finish-maharashtrian-nose-clip-on_1.jpg,1080,oxidised metal craft,190,657.063,3.458
565174-37-brass-base-oxidised-antique-gold-finish-maharashtrian-nose-clip-on_1.jpg,1080,oxidised metal craft,290,617.945,2.131
antique-silver-finish-oxidised-stone-work-nosepin-set-of-5-05-2025-629-1-5_1.jpg,1082,oxidised metal craft,290,333.786,1.151
antique-silver-finish-oxidised-stone-work-nosepin-set-of-5-02-2025-629-1-2_1.jpg,1082,oxidised metal craft,290,348.152,1.201
565174-27-brass-base-oxidised-antique-gold-finish-maharashtrian-nose-clip-on_1.jpg,1080,oxidised metal craft,350,617.945,1.766
2022-857-1-28-flower-madhubani-handpainted-wooden-ring_1.jpg,1086,wood carving,650,943.24,1.451
brass-metal-handcrafted-dokra-ring-10-2024-1749-1-10_1.jpg,504,metal work,790,444.781,0.563
brass-metal-handcrafted-ring-09-2025-1469-1-9_1.jpg,504,metal work,790,671.74,0.85
brass-metal-handcrafted-dokra-ring-05-2024-1749-1-5_1.jpg,504,metal work,790,435.25,0.551
brass-metal-handcrafted-dokra-ring-06-2024-1749-1-6_1.jpg,504,metal work,590,440.377,0.746
2021-880-1-49-madhubani-handpainted-wooden-ring_1.jpg,1086,wood carving,680,915.226,1.346
2021-880-1-58-machhli-jal-ki-rani-madhubani-handpainted-wooden-ring_1.jpg,757,wood carving,540,842.249,1.56
brass-metal-handcrafted-dokra-ring-02-2024-1749-1-2_1.jpg,504,metal work,790,447.317,0.566
brass-metal-handcrafted-dokra-ring-03-2024-1749-1-3_1.jpg,504,metal work,590,438.155,0.743
brass-metal-handcrafted-ring-14-2025-1469-1-14_1.jpg,504,metal work,790,672.897,0.852
brass-metal-handcrafted-dokra-ring-11-2024-1749-1-11_1.jpg,504,metal work,790,447.484,0.566
2021-880-1-52-madhubani-handpainted-wooden-ring_1.jpg,757,wood carving,530,842.249,1.589
brass-metal-handcrafted-dokra-ring-08-2024-1749-1-8_1.jpg,504,metal work,590,441.681,0.749
brass-metal-handcrafted-ring-10-2025-1469-1-10_1.jpg,504,metal work,790,669.03,0.847
2021-880-1-48-madhubani-handpainted-wooden-ring_1.jpg,1093,wood carving,480,650.944,1.356
srikalahasti-handpainted-kalamkari-sling-bag-by-dwarka-plus-19-2026-658-1-20_1.jpg,1100,srikalahasti penwork kalamkari,1490,2230.029,1.497
528323-2-handcrafted-quilted-sanganeri-block-printed-shoulder-bag_1.jpg,1109,sanganeri block printing,1100,1036.518,0.942
srikalahasti-handpainted-kalamkari-ikat-patch-shoulder-bag-by-dwarka-plus-60-2026-658-1-60_1.jpg,1100,srikalahasti penwork kalamkari,2190,3757.03,1.716
srikalahasti-handpainted-kalamkari-ikat-patch-shoulder-bag-by-dwarka-plus-59-2026-658-1-59_1.jpg,1100,srikalahasti penwork kalamkari,2190,3751.682,1.713
srikalahasti-handpainted-kalamkari-ikat-patch-shoulder-bag-by-dwarka-plus-58-2026-658-1-58_1.jpg,1100,srikalahasti penwork kalamkari,2190,3751.682,1.713
srikalahasti-handpainted-kalamkari-ikat-patch-shoulder-bag-by-dwarka-plus-57-2026-658-1-57_1.jpg,1100,srikalahasti penwork kalamkari,2190,3751.682,1.713
srikalahasti-handpainted-kalamkari-ikat-patch-shoulder-bag-by-dwarka-plus-56-2026-658-1-56_1.jpg,1100,srikalahasti penwork kalamkari,2190,3752.529,1.713
srikalahasti-handpainted-kalamkari-ikat-patch-shoulder-bag-by-dwarka-plus-54-2026-658-1-54_1.jpg,1100,srikalahasti penwork kalamkari,2190,3761.072,1.717
srikalahasti-handpainted-kalamkari-ikat-patch-shoulder-bag-by-dwarka-plus-53-2026-658-1-53_1.jpg,1100,srikalahasti penwork kalamkari,2190,3751.682,1.713
srikalahasti-handpainted-kalamkari-ikat-patch-shoulder-bag-by-dwarka-plus-52-2026-658-1-52_1.jpg,1100,srikalahasti penwork kalamkari,2190,3762.927,1.718
srikalahasti-handpainted-kalamkari-ikat-patch-shoulder-bag-by-dwarka-plus-51-2026-658-1-51_1.jpg,1100,srikalahasti penwork kalamkari,2190,3749.93,1.712
srikalahasti-handpainted-kalamkari-ikat-patch-shoulder-bag-by-dwarka-plus-50-2026-658-1-50_1.jpg,1100,srikalahasti penwork kalamkari,2190,3736.795,1.706
srikalahasti-handpainted-kalamkari-ikat-patch-shoulder-bag-by-dwarka-plus-49-2026-658-1-49_1.jpg,1100,srikalahasti penwork kalamkari,2190,3781.423,1.727
srikalahasti-handpainted-kalamkari-ikat-patch-shoulder-bag-by-dwarka-plus-48-2026-658-1-48_1.jpg,1100,srikalahasti penwork kalamkari,2190,3783.711,1.728
srikalahasti-handpainted-kalamkari-ikat-patch-shoulder-bag-by-dwarka-plus-47-2026-658-1-47_1.jpg,1100,srikalahasti penwork kalamkari,2190,3775.753,1.724
srikalahasti-handpainted-kalamkari-ikat-patch-shoulder-bag-by-dwarka-plus-46-2026-658-1-46_1.jpg,1100,srikalahasti penwork kalamkari,2190,3759.49,1.717
srikalahasti-handpainted-kalamkari-ikat-patch-shoulder-bag-by-dwarka-plus-45-2026-658-1-45_1.jpg,1100,srikalahasti penwork kalamkari,2190,3789.723,1.73
srikalahasti-handpainted-kalamkari-ikat-patch-shoulder-bag-by-dwarka-plus-44-2026-658-1-44_1.jpg,1100,srikalahasti penwork kalamkari,2190,3763.856,1.719
srikalahasti-handpainted-kalamkari-ikat-patch-shoulder-bag-by-dwarka-plus-43-2026-658-1-43_1.jpg,1100,srikalahasti penwork kalamkari,2190,3744.958,1.71
srikalahasti-handpainted-kalamkari-ikat-patch-shoulder-bag-by-dwarka-plus-42-2026-658-1-42_1.jpg,1100,srikalahasti penwork kalamkari,2190,3754.701,1.714
srikalahasti-handpainted-kalamkari-sling-bag-by-dwarka-plus-40-2026-658-1-40_1.jpg,1100,srikalahasti penwork kalamkari,1290,1945.246,1.508
srikalahasti-handpainted-kalamkari-sling-bag-by-dwarka-plus-39-2026-658-1-39_1.jpg,1100,srikalahasti penwork kalamkari,1290,1916.521,1.486
srikalahasti-handpainted-kalamkari-sling-bag-by-dwarka-plus-37-2026-658-1-37_1.jpg,1100,srikalahasti penwork kalamkari,1290,1924.093,1.492
srikalahasti-handpainted-kalamkari-sling-bag-by-dwarka-plus-36-2026-658-1-36_1.jpg,1100,srikalahasti penwork kalamkari,1290,1935.575,1.5
srikalahasti-handpainted-kalamkari-sling-bag-by-dwarka-plus-35-2026-658-1-35_1.jpg,1100,srikalahasti penwork kalamkari,1290,1937.092,1.502
srikalahasti-handpainted-kalamkari-sling-bag-by-dwarka-plus-34-2026-658-1-34_1.jpg,1100,srikalahasti penwork kalamkari,1290,1942.923,1.506
srikalahasti-handpainted-kalamkari-sling-bag-by-dwarka-plus-33-2026-658-1-33_1.jpg,1100,srikalahasti penwork kalamkari,1290,1940.709,1.504
srikalahasti-handpainted-kalamkari-sling-bag-by-dwarka-plus-32-2026-658-1-32_1.jpg,1100,srikalahasti penwork kalamkari,1290,1926.291,1.493
srikalahasti-handpainted-kalamkari-sling-bag-by-dwarka-plus-31-2026-658-1-31_1.jpg,1100,srikalahasti penwork kalamkari,1290,1911.843,1.482
srikalahasti-handpainted-kalamkari-sling-bag-by-dwarka-plus-30-2026-658-1-30_1.jpg,1100,srikalahasti penwork kalamkari,1290,1994.971,1.546
srikalahasti-handpainted-kalamkari-sling-bag-by-dwarka-plus-29-2026-658-1-29_1.jpg,1100,srikalahasti penwork kalamkari,1290,1927.194,1.494
srikalahasti-handpainted-kalamkari-sling-bag-by-dwarka-plus-28-2026-658-1-28_1.jpg,1100,srikalahasti penwork kalamkari,1290,1941.049,1.505
srikalahasti-handpainted-kalamkari-sling-bag-by-dwarka-plus-27-2026-658-1-27_1.jpg,1100,srikalahasti penwork kalamkari,1290,1930.88,1.497
srikalahasti-handpainted-kalamkari-sling-bag-by-dwarka-plus-26-2026-658-1-26_1.jpg,1100,srikalahasti penwork kalamkari,1290,1931.913,1.498
srikalahasti-handpainted-kalamkari-sling-bag-by-dwarka-plus-25-2026-658-1-25_1.jpg,1100,srikalahasti penwork kalamkari,1290,1966.831,1.525
srikalahasti-handpainted-kalamkari-sling-bag-by-dwarka-plus-24-2026-658-1-24_1.jpg,1100,srikalahasti penwork kalamkari,1290,1930.678,1.497
srikalahasti-handpainted-kalamkari-sling-bag-by-dwarka-plus-23-2026-658-1-23_1.jpg,1100,srikalahasti penwork kalamkari,1290,1926.166,1.493
srikalahasti-handpainted-kalamkari-sling-bag-by-dwarka-plus-22-2026-658-1-22_1.jpg,1100,srikalahasti penwork kalamkari,1290,1968.205,1.526
srikalahasti-handpainted-kalamkari-sling-bag-by-dwarka-plus-20-2026-658-1-20_1.jpg,1100,srikalahasti penwork kalamkari,1490,2225.838,1.494
srikalahasti-handpainted-kalamkari-sling-bag-by-dwarka-plus-18-2026-658-1-18_1.jpg,1100,srikalahasti penwork kalamkari,1490,2227.961,1.495
srikalahasti-handpainted-kalamkari-sling-bag-by-dwarka-plus-17-2026-658-1-17_1.jpg,1100,srikalahasti penwork kalamkari,1490,2236.588,1.501
srikalahasti-handpainted-kalamkari-sling-bag-by-dwarka-plus-16-2026-658-1-16_1.jpg,1100,srikalahasti penwork kalamkari,1490,2238.351,1.502
srikalahasti-handpainted-kalamkari-sling-bag-by-dwarka-plus-15-2026-658-1-15_1.jpg,1100,srikalahasti penwork kalamkari,1490,2236.566,1.501
srikalahasti-handpainted-kalamkari-sling-bag-by-dwarka-plus-14-2026-658-1-14_1.jpg,1100,srikalahasti penwork kalamkari,1490,2240.606,1.504
srikalahasti-handpainted-kalamkari-sling-bag-by-dwarka-plus-13-2026-658-1-13_1.jpg,1100,srikalahasti penwork kalamkari,1490,2214.929,1.487
srikalahasti-handpainted-kalamkari-sling-bag-by-dwarka-plus-12-2026-658-1-12_1.jpg,1100,srikalahasti penwork kalamkari,1490,2256.519,1.514
srikalahasti-handpainted-kalamkari-sling-bag-by-dwarka-plus-11-2026-658-1-11_1.jpg,1100,srikalahasti penwork kalamkari,1490,2239.703,1.503
srikalahasti-handpainted-kalamkari-sling-bag-by-dwarka-plus-10-2026-658-1-10_1.jpg,1100,srikalahasti penwork kalamkari,1490,2235.481,1.5
srikalahasti-handpainted-kalamkari-sling-bag-by-dwarka-plus-09-2026-658-1-9_1.jpg,1100,srikalahasti penwork kalamkari,1490,2238.781,1.503
srikalahasti-handpainted-kalamkari-sling-bag-by-dwarka-plus-08-2026-658-1-8_1.jpg,1100,srikalahasti penwork kalamkari,1490,2226.4,1.494
srikalahasti-handpainted-kalamkari-sling-bag-by-dwarka-plus-07-2026-658-1-7_1.jpg,1100,srikalahasti penwork kalamkari,1490,2221.41,1.491
srikalahasti-handpainted-kalamkari-sling-bag-by-dwarka-plus-06-2026-658-1-6_1.jpg,1100,srikalahasti penwork kalamkari,1490,2223.598,1.492
srikalahasti-handpainted-kalamkari-sling-bag-by-dwarka-plus-05-2026-658-1-5_1.jpg,1100,srikalahasti penwork kalamkari,1490,2211.784,1.484
srikalahasti-handpainted-kalamkari-sling-bag-by-dwarka-plus-04-2026-658-1-4_1.jpg,1100,srikalahasti penwork kalamkari,1490,2226.827,1.495
srikalahasti-handpainted-kalamkari-sling-bag-by-dwarka-plus-03-2026-658-1-3_1.jpg,1100,srikalahasti penwork kalamkari,1490,2218.452,1.489
srikalahasti-handpainted-kalamkari-sling-bag-by-dwarka-plus-02-2026-658-1-2_1.jpg,1100,srikalahasti penwork kalamkari,1490,2239.516,1.503
srikalahasti-handpainted-kalamkari-ikat-patch-shoulder-bag-by-dwarka-plus-41-2026-658-1-41_1.jpg,1100,srikalahasti penwork kalamkari,2190,3735.598,1.706
srikalahasti-handpainted-kalamkari-sling-bag-by-dwarka-plus-21-2026-658-1-21_1.jpg,1100,srikalahasti penwork kalamkari,1290,1925.073,1.492
srikalahasti-handpainted-kalamkari-sling-bag-by-dwarka-plus-01-2026-658-1-1_1.jpg,1100,srikalahasti penwork kalamkari,1490,2227.187,1.495
handcrafted-eco-friendly-shopping-jhola-bag-33-2025-1906-1-33_1.jpg,1125,kalamkari block printing,1590,781.944,0.492
handcrafted-eco-friendly-shopping-jhola-bag-32-2025-1906-1-32_1.jpg,1125,kalamkari block printing,1590,772.908,0.486
handcrafted-eco-friendly-shopping-jhola-bag-30-2025-1906-1-30_1.jpg,1125,bandhani tie dye,1590,935.883,0.589
handcrafted-eco-friendly-shopping-jhola-bag-29-2025-1906-1-29_1.jpg,1125,bandhani tie dye,1590,887.112,0.558
handcrafted-eco-friendly-shopping-jhola-bag-28-2025-1906-1-28_1.jpg,1125,bandhani tie dye,1590,897.0,0.564
handcrafted-eco-friendly-shopping-jhola-bag-27-2025-1906-1-27_1.jpg,1125,bandhani tie dye,1590,889.736,0.56
handcrafted-eco-friendly-shopping-jhola-bag-25-2025-1906-1-25_1.jpg,1125,pochampally ikat weaving,1590,936.778,0.589
handcrafted-eco-friendly-shopping-jhola-bag-24-2025-1906-1-24_1.jpg,1125,pochampally ikat weaving,1590,910.505,0.573
handcrafted-eco-friendly-shopping-jhola-bag-23-2025-1906-1-23_1.jpg,1125,pochampally ikat weaving,1590,907.245,0.571
handcrafted-eco-friendly-shopping-jhola-bag-22-2025-1906-1-22_1.jpg,1125,pochampally ikat weaving,1590,937.79,0.59
handcrafted-eco-friendly-shopping-jhola-bag-20-2025-1906-1-20_1.jpg,1125,pochampally ikat weaving,1590,905.685,0.57
handcrafted-eco-friendly-shopping-jhola-bag-19-2025-1906-1-19_1.jpg,1125,pochampally ikat weaving,1590,908.834,0.572
handcrafted-eco-friendly-shopping-jhola-bag-18-2025-1906-1-18_1.jpg,1125,pochampally ikat weaving,1590,907.513,0.571
handcrafted-eco-friendly-shopping-jhola-bag-17-2025-1906-1-17_1.jpg,1125,pochampally ikat weaving,1590,912.991,0.574
handcrafted-eco-friendly-shopping-jhola-bag-15-2025-1906-1-15_1.jpg,1125,pochampally ikat weaving,1590,915.544,0.576
handcrafted-eco-friendly-shopping-jhola-bag-14-2025-1906-1-14_1.jpg,1125,pochampally ikat weaving,1590,915.541,0.576
handcrafted-eco-friendly-shopping-jhola-bag-13-2025-1906-1-13_1.jpg,1125,pochampally ikat weaving,1590,899.252,0.566
handcrafted-eco-friendly-shopping-jhola-bag-12-2025-1906-1-12_1.jpg,1125,pochampally ikat weaving,1590,925.673,0.582
handcrafted-eco-friendly-shopping-jhola-bag-11-2025-1906-1-11_1.jpg,1125,pochampally ikat weaving,1590,914.96,0.575
handcrafted-eco-friendly-shopping-jhola-bag-10-2025-1906-1-10_1.jpg,1125,pochampally ikat weaving,1590,912.257,0.574
handcrafted-eco-friendly-shopping-jhola-bag-09-2025-1906-1-9_1.jpg,1125,pochampally ikat weaving,1590,914.377,0.575
handcrafted-eco-friendly-shopping-jhola-bag-08-2025-1906-1-8_1.jpg,1125,pochampally ikat weaving,1590,906.512,0.57
handcrafted-eco-friendly-shopping-jhola-bag-07-2025-1906-1-7_1.jpg,1125,pochampally ikat weaving,1590,903.349,0.568
handcrafted-eco-friendly-shopping-jhola-bag-06-2025-1906-1-6_1.jpg,1125,pochampally ikat weaving,1590,904.734,0.569
handcrafted-eco-friendly-shopping-jhola-bag-05-2025-1906-1-5_1.jpg,1125,pochampally ikat weaving,1590,897.259,0.564
handcrafted-eco-friendly-shopping-jhola-bag-04-2025-1906-1-4_1.jpg,1125,pochampally ikat weaving,1590,906.78,0.57
handcrafted-eco-friendly-shopping-jhola-bag-03-2025-1906-1-3_1.jpg,1125,pochampally ikat weaving,1590,901.476,0.567
handcrafted-eco-friendly-shopping-jhola-bag-02-2025-1906-1-2_1.jpg,1125,pochampally ikat weaving,1590,914.839,0.575
handcrafted-eco-friendly-shopping-jhola-bag-31-2025-1906-1-31_1.jpg,1125,kalamkari block printing,1590,763.895,0.48
handcrafted-eco-friendly-shopping-jhola-bag-01-2025-1906-1-1_1.jpg,1125,pochampally ikat weaving,1590,907.006,0.57
handcrafted-eco-friendly-shopping-jhola-bag-26-2025-1906-1-27_1.jpg,1125,bandhani tie dye,1590,890.471,0.56
handcrafted-fabric-jhola-bag-29-2025-1888-1-29_1.jpg,1125,jacquard weaving,1590,683.809,0.43
handcrafted-fabric-jhola-bag-28-2025-1888-1-28_1.jpg,1125,jacquard weaving,1590,691.02,0.435
handcrafted-fabric-jhola-bag-27-2025-1888-1-27_1.jpg,1125,jacquard weaving,1590,685.718,0.431
handcrafted-fabric-jhola-bag-26-2025-1888-1-26_1.jpg,1125,jacquard weaving,1590,686.251,0.432
handcrafted-fabric-jhola-bag-24-2025-1888-1-24_1.jpg,1125,ajrakh block printing,1590,756.946,0.476
handcrafted-fabric-jhola-bag-23-2025-1888-1-23_1.jpg,1125,ajrakh block printing,1590,754.32,0.474
handcrafted-fabric-jhola-bag-22-2025-1888-1-22_1.jpg,1125,ajrakh block printing,1590,778.867,0.49
handcrafted-fabric-jhola-bag-21-2025-1888-1-21_1.jpg,1125,ajrakh block printing,1590,753.685,0.474
handcrafted-fabric-jhola-bag-20-2025-1888-1-20_1.jpg,1125,ajrakh block printing,1590,752.999,0.474
handcrafted-fabric-jhola-bag-19-2025-1888-1-19_1.jpg,1125,ajrakh block printing,1590,755.592,0.475
handcrafted-fabric-jhola-bag-18-2025-1888-1-18_1.jpg,1125,ajrakh block printing,1590,754.521,0.475
handcrafted-fabric-jhola-bag-17-2025-1888-1-17_1.jpg,1125,ajrakh block printing,1590,758.93,0.477
handcrafted-fabric-jhola-bag-15-2025-1888-1-15_1.jpg,1125,ajrakh block printing,1590,760.923,0.479
handcrafted-fabric-jhola-bag-14-2025-1888-1-14_1.jpg,1125,ajrakh block printing,1590,760.973,0.479
handcrafted-fabric-jhola-bag-13-2025-1888-1-13_1.jpg,1125,ajrakh block printing,1590,747.869,0.47
handcrafted-fabric-jhola-bag-12-2025-1888-1-12_1.jpg,1125,ajrakh block printing,1590,769.088,0.484
handcrafted-fabric-jhola-bag-11-2025-1888-1-11_1.jpg,1125,ajrakh block printing,1590,760.498,0.478
handcrafted-fabric-jhola-bag-10-2025-1888-1-10_1.jpg,1125,ajrakh block printing,1590,758.305,0.477
handcrafted-fabric-jhola-bag-09-2025-1888-1-9_1.jpg,1125,ajrakh block printing,1590,760.034,0.478
handcrafted-fabric-jhola-bag-08-2025-1888-1-8_1.jpg,1125,ajrakh block printing,1590,753.706,0.474
handcrafted-fabric-jhola-bag-07-2025-1888-1-7_1.jpg,1125,ajrakh block printing,1590,751.162,0.472
handcrafted-fabric-jhola-bag-06-2025-1888-1-6_1.jpg,1125,ajrakh block printing,1590,752.274,0.473
handcrafted-fabric-jhola-bag-05-2025-1888-1-5_1.jpg,1125,ajrakh block printing,1590,746.262,0.469
handcrafted-fabric-jhola-bag-04-2025-1888-1-4_1.jpg,1125,ajrakh block printing,1590,753.919,0.474
handcrafted-fabric-jhola-bag-02-2025-1888-1-2_1.jpg,1125,ajrakh block printing,1590,760.399,0.478
handcrafted-fabric-jhola-bag-26-2025-1882-1-26_1.jpg,1125,kalamkari screen printing,1590,716.02,0.45
handcrafted-fabric-jhola-bag-25-2025-1882-1-25_1.jpg,1125,kalamkari screen printing,1590,735.243,0.462
handcrafted-fabric-jhola-bag-24-2025-1882-1-24_1.jpg,1125,kalamkari screen printing,1590,715.34,0.45
handcrafted-fabric-jhola-bag-23-2025-1882-1-23_1.jpg,1125,kalamkari screen printing,1590,712.866,0.448
handcrafted-fabric-jhola-bag-22-2025-1882-1-22_1.jpg,1125,kalamkari screen printing,1590,736.004,0.463
handcrafted-fabric-jhola-bag-21-2025-1882-1-21_1.jpg,1125,kalamkari screen printing,1590,712.268,0.448
handcrafted-fabric-jhola-bag-20-2025-1882-1-20_1.jpg,1125,kalamkari screen printing,1590,711.641,0.448
handcrafted-fabric-jhola-bag-19-2025-1882-1-19_1.jpg,1125,kalamkari screen printing,1590,714.067,0.449
handcrafted-fabric-jhola-bag-18-2025-1882-1-18_1.jpg,1125,kalamkari screen printing,1590,713.06,0.448
handcrafted-fabric-jhola-bag-17-2025-1882-1-17_1.jpg,1125,kalamkari screen printing,1590,717.215,0.451
handcrafted-fabric-jhola-bag-16-2025-1882-1-16_1.jpg,1125,kalamkari screen printing,1590,718.055,0.452
handcrafted-fabric-jhola-bag-15-2025-1882-1-15_1.jpg,1125,kalamkari screen printing,1590,719.111,0.452
handcrafted-fabric-jhola-bag-14-2025-1882-1-14_1.jpg,1125,kalamkari screen printing,1590,719.143,0.452
handcrafted-fabric-jhola-bag-13-2025-1882-1-13_1.jpg,1125,kalamkari screen printing,1590,706.793,0.445
handcrafted-fabric-jhola-bag-12-2025-1882-1-12_1.jpg,1125,kalamkari screen printing,1590,726.8,0.457
handcrafted-fabric-jhola-bag-11-2025-1882-1-11_1.jpg,1125,kalamkari screen printing,1590,718.698,0.452
handcrafted-fabric-jhola-bag-10-2025-1882-1-10_1.jpg,1125,kalamkari screen printing,1590,716.636,0.451
handcrafted-fabric-jhola-bag-09-2025-1882-1-9_1.jpg,1125,kalamkari screen printing,1590,718.259,0.452
handcrafted-fabric-jhola-bag-08-2025-1882-1-8_1.jpg,1125,kalamkari screen printing,1590,712.295,0.448
handcrafted-fabric-jhola-bag-07-2025-1882-1-7_1.jpg,1125,kalamkari screen printing,1590,709.898,0.446
handcrafted-fabric-jhola-bag-06-2025-1882-1-6_1.jpg,1125,kalamkari screen printing,1590,710.946,0.447
handcrafted-fabric-jhola-bag-05-2025-1882-1-5_1.jpg,1125,kalamkari screen printing,1590,705.279,0.444
handcrafted-fabric-jhola-bag-04-2025-1882-1-4_1.jpg,1125,kalamkari screen printing,1590,712.497,0.448
handcrafted-fabric-jhola-bag-03-2025-1882-1-3_1.jpg,1125,kalamkari screen printing,1590,708.476,0.446
handcrafted-fabric-jhola-bag-02-2025-1882-1-2_1.jpg,1125,kalamkari screen printing,1590,718.605,0.452
handcrafted-fabric-jhola-bag-30-2025-1888-1-30_1.jpg,1125,pochampally ikat weaving,1590,822.883,0.518
handcrafted-fabric-jhola-bag-01-2025-1888-1-1_1.jpg,1125,ajrakh block printing,1590,754.1,0.474
handcrafted-fabric-jhola-bag-01-2025-1882-1-1_1.jpg,1125,kalamkari screen printing,1590,712.668,0.448
zardozi-hand-embroidered-clutch-10-2026-482-1-10_1.jpg,1130,embroidery,2490,2582.083,1.037
zardozi-hand-embroidered-clutch-09-2026-482-1-9_1.jpg,1130,embroidery,2490,2528.491,1.015
zardozi-hand-embroidered-clutch-08-2026-482-1-8_1.jpg,1130,embroidery,2490,2560.033,1.028
zardozi-hand-embroidered-clutch-06-2026-482-1-6_1.jpg,1130,embroidery,2490,2515.593,1.01
zardozi-hand-embroidered-clutch-04-2026-482-1-4_1.jpg,1130,embroidery,2490,2561.469,1.029
zardozi-hand-embroidered-clutch-03-2026-482-1-13_1.jpg,1130,embroidery,2490,2542.609,1.021
zardozi-hand-embroidered-clutch-02-2026-482-1-2_1.jpg,1130,embroidery,2490,2587.531,1.039
zardozi-hand-embroidered-clutch-01-2026-482-1-1_1.jpg,1130,embroidery,2490,3492.531,1.403
handcrafted-fabric-jhola-bag-21-2026-284-1-21_1.jpg,1125,bandhani tie dye,1590,808.586,0.509
handcrafted-fabric-jhola-bag-20-2026-284-1-20_1.jpg,1125,bandhani tie dye,1590,807.692,0.508
handcrafted-fabric-jhola-bag-18-2026-284-1-18_1.jpg,1125,ajrakh block printing,1590,775.625,0.488
handcrafted-fabric-jhola-bag-17-2026-284-1-17_1.jpg,1125,ajrakh block printing,1590,780.143,0.491
handcrafted-fabric-jhola-bag-16-2026-284-1-16_1.jpg,1125,ajrakh block printing,1590,781.041,0.491
handcrafted-fabric-jhola-bag-15-2026-284-1-15_1.jpg,1125,ajrakh block printing,1590,831.479,0.523
handcrafted-fabric-jhola-bag-14-2026-284-1-14_1.jpg,1125,ajrakh block printing,1590,794.394,0.5
handcrafted-fabric-jhola-bag-13-2026-284-1-13_1.jpg,1125,ajrakh block printing,1590,780.796,0.491
handcrafted-fabric-jhola-bag-12-2026-284-1-12_1.jpg,1125,ajrakh block printing,1590,802.794,0.505
handcrafted-fabric-jhola-bag-11-2026-284-1-11_1.jpg,1125,ajrakh block printing,1590,781.722,0.492
handcrafted-fabric-jhola-bag-10-2026-284-1-10_1.jpg,1125,ajrakh block printing,1590,791.609,0.498
handcrafted-fabric-jhola-bag-09-2026-284-1-9_1.jpg,1125,ajrakh block printing,1590,772.625,0.486
handcrafted-fabric-jhola-bag-08-2026-284-1-8_1.jpg,1125,ajrakh block printing,1590,823.653,0.518
handcrafted-fabric-jhola-bag-06-2026-284-1-6_1.jpg,1125,ajrakh block printing,1590,773.304,0.486
handcrafted-fabric-jhola-bag-05-2026-284-1-5_1.jpg,1125,ajrakh block printing,1590,815.619,0.513
handcrafted-fabric-jhola-bag-03-2026-284-1-3_1.jpg,1125,ajrakh block printing,1590,819.281,0.515
handcrafted-fabric-jhola-bag-01-2026-284-1-1_1.jpg,1125,ajrakh block printing,1590,811.351,0.51
handcrafted-fabric-jhola-bag-19-2026-284-1-19_1.jpg,1125,bandhani tie dye,1590,810.6,0.51
handcrafted-fabric-shoulder-bag-24-2026-263-1-24_1.jpg,1125,bandhani tie dye,1590,811.778,0.511
handcrafted-fabric-shoulder-bag-23-2026-263-1-23_1.jpg,1125,bandhani tie dye,1590,808.924,0.509
handcrafted-fabric-shoulder-bag-22-2026-263-1-22_1.jpg,1125,bandhani tie dye,1590,831.583,0.523
handcrafted-fabric-shoulder-bag-21-2026-263-1-21_1.jpg,1125,bandhani tie dye,1590,817.04,0.514
handcrafted-fabric-shoulder-bag-20-2026-263-1-20_1.jpg,1125,bandhani tie dye,1590,816.423,0.513
handcrafted-fabric-shoulder-bag-19-2026-263-1-19_1.jpg,1125,bandhani tie dye,1590,806.372,0.507
handcrafted-fabric-shoulder-bag-18-2026-263-1-18_1.jpg,1125,bandhani tie dye,1590,809.112,0.509
handcrafted-fabric-shoulder-bag-16-2026-263-1-16_1.jpg,1125,bandhani tie dye,1590,810.927,0.51
handcrafted-fabric-shoulder-bag-15-2026-263-1-15_1.jpg,1125,bandhani tie dye,1590,825.094,0.519
handcrafted-fabric-shoulder-bag-14-2026-263-1-14_1.jpg,1125,bandhani tie dye,1590,825.502,0.519
handcrafted-fabric-shoulder-bag-13-2026-263-1-13_1.jpg,1125,bandhani tie dye,1590,810.66,0.51
handcrafted-fabric-shoulder-bag-12-2026-263-1-12_1.jpg,1125,bandhani tie dye,1590,834.108,0.525
handcrafted-fabric-shoulder-bag-11-2026-263-1-11_1.jpg,1125,bandhani tie dye,1590,848.403,0.534
handcrafted-fabric-shoulder-bag-10-2026-263-1-10_1.jpg,1125,bandhani tie dye,1590,817.857,0.514
handcrafted-fabric-shoulder-bag-09-2026-263-1-9_1.jpg,1125,bandhani tie dye,1590,811.728,0.511
handcrafted-fabric-shoulder-bag-08-2026-263-1-8_1.jpg,1125,bandhani tie dye,1590,817.151,0.514
handcrafted-fabric-shoulder-bag-07-2026-263-1-7_1.jpg,1125,bandhani tie dye,1590,805.453,0.507
handcrafted-fabric-shoulder-bag-06-2026-263-1-6_1.jpg,1125,bandhani tie dye,1590,815.554,0.513
handcrafted-fabric-shoulder-bag-05-2026-263-1-5_1.jpg,1125,bandhani tie dye,1590,808.863,0.509
handcrafted-fabric-shoulder-bag-04-2026-263-1-4_1.jpg,1125,bandhani tie dye,1590,817.453,0.514
handcrafted-fabric-shoulder-bag-03-2026-263-1-3_1.jpg,1125,bandhani tie dye,1590,812.583,0.511
handcrafted-fabric-shoulder-bag-02-2026-263-1-2_1.jpg,1125,bandhani tie dye,1590,824.597,0.519
handcrafted-fabric-shoulder-bag-01-2026-263-1-1_1.jpg,1125,bandhani tie dye,1590,804.715,0.506
handcrafted-natural-water-hyacinth-hand-embroidered-sling-bag-27-2026-245-1-27_1.jpg,1131,assamese,2690,3489.653,1.297
handcrafted-natural-water-hyacinth-hand-embroidered-sling-bag-26-2026-245-1-26_1.jpg,1131,assamese,2690,3491.822,1.298
handcrafted-natural-water-hyacinth-hand-embroidered-sling-bag-25-2026-245-1-25_1.jpg,1131,assamese,2690,3564.861,1.325
handcrafted-natural-water-hyacinth-hand-embroidered-sling-bag-24-2026-245-1-24_1.jpg,1131,assamese,2690,3489.275,1.297
handcrafted-natural-water-hyacinth-hand-embroidered-sling-bag-23-2026-245-1-23_1.jpg,1131,assamese,2690,3479.899,1.294
handcrafted-natural-water-hyacinth-hand-embroidered-sling-bag-22-2026-245-1-22_1.jpg,1131,assamese,2690,3567.798,1.326
handcrafted-natural-water-hyacinth-hand-embroidered-sling-bag-21-2026-245-1-21_1.jpg,1131,assamese,2690,3477.623,1.293
handcrafted-natural-water-hyacinth-hand-embroidered-sling-bag-20-2026-245-1-20_1.jpg,1131,assamese,2690,3475.936,1.292
handcrafted-natural-water-hyacinth-hand-embroidered-sling-bag-19-2026-245-1-19_1.jpg,1131,assamese,2690,3484.528,1.295
handcrafted-natural-water-hyacinth-hand-embroidered-sling-bag-18-2026-245-1-18_1.jpg,1131,assamese,2690,3480.787,1.294
handcrafted-natural-water-hyacinth-hand-embroidered-sling-bag-17-2026-245-1-17_1.jpg,1131,assamese,2690,3496.569,1.3
handcrafted-natural-water-hyacinth-hand-embroidered-sling-bag-16-2026-245-1-16_1.jpg,1131,assamese,2690,3499.829,1.301
handcrafted-natural-water-hyacinth-hand-embroidered-sling-bag-15-2026-245-1-15_1.jpg,1131,assamese,2690,3504.346,1.303
handcrafted-natural-water-hyacinth-hand-embroidered-sling-bag-14-2026-245-1-14_1.jpg,1131,assamese,2690,3503.961,1.303
handcrafted-natural-water-hyacinth-hand-embroidered-sling-bag-13-2026-245-1-13_1.jpg,1131,assamese,2690,3456.979,1.285
handcrafted-natural-water-hyacinth-hand-embroidered-sling-bag-12-2026-245-1-12_1.jpg,1131,assamese,2690,3533.289,1.313
handcrafted-natural-water-hyacinth-hand-embroidered-sling-bag-10-2026-245-1-10-copy_1.jpg,1131,assamese,2690,3494.707,1.299
handcrafted-natural-water-hyacinth-hand-embroidered-sling-bag-10-2026-245-1-10_1.jpg,1131,assamese,2690,3502.344,1.302
handcrafted-natural-water-hyacinth-hand-embroidered-sling-bag-09-2026-245-1-9_1.jpg,1131,assamese,2690,3500.631,1.301
handcrafted-natural-water-hyacinth-hand-embroidered-sling-bag-07-2026-245-1-7_1.jpg,1131,assamese,2690,3468.847,1.29
handcrafted-natural-water-hyacinth-hand-embroidered-sling-bag-06-2026-245-1-6_1.jpg,1131,assamese,2690,3472.857,1.291
handcrafted-natural-water-hyacinth-hand-embroidered-sling-bag-05-2026-245-1-5_1.jpg,1131,assamese,2690,3451.244,1.283
handcrafted-natural-water-hyacinth-hand-embroidered-sling-bag-04-2026-245-1-4_1.jpg,1131,assamese,2690,3478.77,1.293
handcrafted-natural-water-hyacinth-hand-embroidered-sling-bag-03-2026-245-1-3_1.jpg,1131,assamese,2690,3463.439,1.288
handcrafted-natural-water-hyacinth-hand-embroidered-sling-bag-02-2026-245-1-2_1.jpg,1131,assamese,2690,3502.011,1.302
handcrafted-natural-water-hyacinth-hand-embroidered-sling-bag-01-2026-245-1-1_1.jpg,1131,assamese,2690,3479.434,1.293
madhubani-handpainted-shoulder-bag-14-2026-180-1-14_1.jpg,1133,madhubani folk art,1190,1479.526,1.243
madhubani-handpainted-shoulder-bag-13-2026-180-1-13_1.jpg,1133,madhubani folk art,1190,1453.695,1.222
madhubani-handpainted-shoulder-bag-12-2026-180-1-12_1.jpg,1133,madhubani folk art,990,1496.227,1.511
madhubani-handpainted-shoulder-bag-11-2026-180-1-11_1.jpg,1133,madhubani folk art,990,1478.755,1.494
madhubani-handpainted-shoulder-bag-10-2026-180-1-10_1.jpg,1133,madhubani folk art,990,1474.86,1.49
madhubani-handpainted-shoulder-bag-09-2026-180-1-9_1.jpg,1133,madhubani folk art,990,1477.736,1.493
handpainted-shoulder-bag-07-2026-180-1-7_1.jpg,1134,hand painted,990,541.322,0.547
handpainted-shoulder-bag-06-2026-180-1-6_1.jpg,1134,hand painted,990,542.336,0.548
handpainted-shoulder-bag-05-2026-180-1-5_1.jpg,1134,hand painted,990,536.783,0.542
handpainted-shoulder-bag-04-2026-180-1-4_1.jpg,1134,hand painted,950,543.853,0.572
handpainted-shoulder-bag-03-2026-180-1-3_1.jpg,1134,hand painted,950,539.918,0.568
madhubani-handpainted-shoulder-bag-08-2026-180-1-8_1.jpg,1133,madhubani folk art,990,1465.294,1.48
handpainted-shoulder-bag-02-2026-180-1-2_1.jpg,1134,hand painted,950,549.855,0.579
handpainted-kalamkari-natural-dyed-ghicha-silk-jewellery-box-30-2026-018-1-30_1.jpg,1138,srikalahasti penwork kalamkari,4290,3448.984,0.804
handpainted-kalamkari-natural-dyed-ghicha-silk-jewellery-box-29-2026-018-1-29_1.jpg,1138,srikalahasti penwork kalamkari,4290,3380.806,0.788
handpainted-kalamkari-natural-dyed-ghicha-silk-jewellery-box-28-2026-018-1-28_1.jpg,1138,srikalahasti penwork kalamkari,4290,3401.216,0.793
handpainted-kalamkari-natural-dyed-ghicha-silk-jewellery-box-27-2026-018-1-27_1.jpg,1138,srikalahasti penwork kalamkari,4290,3386.235,0.789
handpainted-kalamkari-natural-dyed-ghicha-silk-jewellery-box-26-2026-018-1-26_1.jpg,1138,srikalahasti penwork kalamkari,4290,3387.755,0.79
handpainted-kalamkari-natural-dyed-ghicha-silk-jewellery-box-24-2026-018-1-24_1.jpg,1138,srikalahasti penwork kalamkari,4290,3375.071,0.787
handpainted-kalamkari-natural-dyed-ghicha-silk-jewellery-box-23-2026-018-1-23_1.jpg,1138,srikalahasti penwork kalamkari,4290,3323.818,0.775
handpainted-kalamkari-natural-dyed-ghicha-silk-jewellery-box-22-2026-018-1-22_1.jpg,1138,srikalahasti penwork kalamkari,4290,3384.836,0.789
handpainted-kalamkari-natural-dyed-ghicha-silk-jewellery-box-21-2026-018-1-21_1.jpg,1138,srikalahasti penwork kalamkari,4290,3322.229,0.774
handpainted-kalamkari-natural-dyed-ghicha-silk-jewellery-box-20-2026-018-1-20_1.jpg,1138,srikalahasti penwork kalamkari,4290,3320.63,0.774
handpainted-kalamkari-natural-dyed-ghicha-silk-jewellery-box-19-2026-018-1-19_1.jpg,1138,srikalahasti penwork kalamkari,4290,3327.01,0.776
handpainted-kalamkari-natural-dyed-ghicha-silk-jewellery-box-18-2026-018-1-18_1.jpg,1138,srikalahasti penwork kalamkari,4290,3358.495,0.783
handpainted-kalamkari-natural-dyed-ghicha-silk-jewellery-box-17-2026-018-1-17_1.jpg,1138,srikalahasti penwork kalamkari,4290,3369.62,0.785
handpainted-kalamkari-natural-dyed-ghicha-silk-jewellery-box-16-2026-018-1-16_1.jpg,1138,srikalahasti penwork kalamkari,4290,3371.864,0.786
handpainted-kalamkari-natural-dyed-ghicha-silk-jewellery-box-15-2026-018-1-15_1.jpg,1138,srikalahasti penwork kalamkari,4290,3374.659,0.787
handpainted-kalamkari-natural-dyed-ghicha-silk-jewellery-box-14-2026-018-1-14_1.jpg,1138,srikalahasti penwork kalamkari,4290,3374.769,0.787
handpainted-kalamkari-natural-dyed-ghicha-silk-jewellery-box-12-2026-018-1-12_1.jpg,1138,srikalahasti penwork kalamkari,4290,3405.705,0.794
handpainted-kalamkari-natural-dyed-ghicha-silk-jewellery-box-06-2026-018-1-6_1.jpg,1138,srikalahasti penwork kalamkari,4290,3333.856,0.777
handpainted-kalamkari-natural-dyed-ghicha-silk-jewellery-box-11-2026-018-1-11_1.jpg,1138,srikalahasti penwork kalamkari,4290,3384.079,0.789
handpainted-kalamkari-natural-dyed-ghicha-silk-jewellery-box-10-2026-018-1-10_1.jpg,1138,srikalahasti penwork kalamkari,4290,3348.99,0.781
handpainted-kalamkari-natural-dyed-ghicha-silk-jewellery-box-09-2026-018-1-9_1.jpg,1138,srikalahasti penwork kalamkari,4290,3353.316,0.782
handpainted-kalamkari-natural-dyed-ghicha-silk-jewellery-box-08-2026-018-1-8_1.jpg,1138,srikalahasti penwork kalamkari,4290,3337.451,0.778
handpainted-kalamkari-natural-dyed-ghicha-silk-jewellery-box-07-2026-018-1-7_1.jpg,1138,srikalahasti penwork kalamkari,4290,3331.059,0.776
handpainted-kalamkari-natural-dyed-ghicha-silk-jewellery-box-05-2026-018-1-5_1.jpg,1138,srikalahasti penwork kalamkari,4290,3304.293,0.77
handpainted-kalamkari-natural-dyed-ghicha-silk-jewellery-box-04-2026-018-1-4_1.jpg,1138,srikalahasti penwork kalamkari,4290,3323.496,0.775
handpainted-kalamkari-natural-dyed-ghicha-silk-jewellery-box-03-2026-018-1-3_1.jpg,1138,srikalahasti penwork kalamkari,4290,3312.81,0.772
handpainted-kalamkari-natural-dyed-ghicha-silk-jewellery-box-02-2026-018-1-2_1.jpg,1138,srikalahasti penwork kalamkari,4290,3339.678,0.778
handpainted-kalamkari-natural-dyed-ghicha-silk-jewellery-box-01-2026-018-1-1_1.jpg,1138,srikalahasti penwork kalamkari,4290,3323.949,0.775
handcrafted-quilted-kalamkari-block-printed-fabric-tote-bag-by-chhoti-si-asha-171-2025-1759-1-171_1.jpg,1142,kalamkari block printing,2190,1228.335,0.561
handcrafted-quilted-kalamkari-block-printed-fabric-tote-bag-by-chhoti-si-asha-169-2025-1759-1-169_1.jpg,1142,kalamkari block printing,2190,1223.947,0.559
handcrafted-quilted-kalamkari-block-printed-fabric-tote-bag-by-chhoti-si-asha-166-2025-1759-1-166_1.jpg,1142,kalamkari block printing,2190,1228.335,0.561
handcrafted-quilted-kalamkari-block-printed-fabric-tote-bag-by-chhoti-si-asha-164-2025-1759-1-164_1.jpg,1142,kalamkari block printing,2190,1253.836,0.573
handcrafted-quilted-kalamkari-block-printed-fabric-tote-bag-by-chhoti-si-asha-163-2025-1759-1-163_1.jpg,1142,kalamkari block printing,2190,1253.836,0.573
handcrafted-quilted-kalamkari-block-printed-fabric-tote-bag-by-chhoti-si-asha-160-2025-1759-1-160_1.jpg,1142,kalamkari block printing,2190,1223.947,0.559
handcrafted-quilted-kalamkari-block-printed-fabric-tote-bag-by-chhoti-si-asha-159-2025-1759-1-159_1.jpg,1142,kalamkari block printing,2190,1253.836,0.573
handcrafted-quilted-kalamkari-block-printed-fabric-tote-bag-by-chhoti-si-asha-157-2025-1759-1-157_1.jpg,1142,kalamkari block printing,2190,1221.299,0.558
handcrafted-quilted-sanganeri-block-printed-fabric-tote-bag-by-chhoti-si-asha-149-2025-1759-1-149_1.jpg,1142,sanganeri block printing,2190,1272.791,0.581
handcrafted-quilted-sanganeri-block-printed-fabric-tote-bag-by-chhoti-si-asha-148-2025-1759-1-148_1.jpg,1142,sanganeri block printing,2190,1313.458,0.6
handcrafted-quilted-sanganeri-block-printed-fabric-tote-bag-by-chhoti-si-asha-147-2025-1759-1-147_1.jpg,1142,sanganeri block printing,2190,1267.222,0.579
handcrafted-quilted-sanganeri-block-printed-fabric-tote-bag-by-chhoti-si-asha-146-2025-1759-1-146_1.jpg,1142,sanganeri block printing,2190,1234.261,0.564
handcrafted-quilted-sanganeri-block-printed-fabric-tote-bag-by-chhoti-si-asha-145-2025-1759-1-145_1.jpg,1142,sanganeri block printing,2190,1262.978,0.577
handcrafted-quilted-sanganeri-block-printed-fabric-tote-bag-by-chhoti-si-asha-144-2025-1759-1-144_1.jpg,1142,sanganeri block printing,2190,1252.411,0.572
handcrafted-quilted-sanganeri-block-printed-fabric-tote-bag-by-chhoti-si-asha-142-2025-1759-1-142_1.jpg,1142,sanganeri block printing,2190,1259.792,0.575
handcrafted-quilted-sanganeri-block-printed-fabric-tote-bag-by-chhoti-si-asha-140-2025-1759-1-140_1.jpg,1142,sanganeri block printing,2190,1252.411,0.572
handcrafted-quilted-ajrakh-block-printed-fabric-tote-bag-by-chhoti-si-asha-136-2025-1759-1-136_1.jpg,1142,ajrakh block printing,2190,1305.067,0.596
handcrafted-quilted-kalamkari-block-printed-fabric-tote-bag-by-chhoti-si-asha-156-2025-1759-1-156_1.jpg,1142,kalamkari block printing,2190,1223.947,0.559
handcrafted-fabric-jhola-bag-41-2025-1640-1-41_1.jpg,1125,plain solid,1590,914.36,0.575
handcrafted-fabric-jhola-bag-40-2025-1640-1-40_1.jpg,1125,bandhani tie dye,1590,1076.335,0.677
handcrafted-fabric-jhola-bag-38-2025-1640-1-38_1.jpg,1125,pochampally ikat weaving,1590,1071.326,0.674
handcrafted-fabric-jhola-bag-37-2025-1640-1-37_1.jpg,1125,pochampally ikat weaving,1590,1031.986,0.649
handcrafted-fabric-jhola-bag-36-2025-1640-1-36_1.jpg,1125,pochampally ikat weaving,1590,1071.852,0.674
handcrafted-fabric-jhola-bag-35-2025-1640-1-35_1.jpg,1125,pochampally ikat weaving,1590,1073.547,0.675
handcrafted-fabric-jhola-bag-34-2025-1640-1-34_1.jpg,1125,kalamkari block printing,1590,989.653,0.622
handcrafted-fabric-jhola-bag-33-2025-1640-1-33_1.jpg,1125,kalamkari block printing,1590,988.021,0.621
handcrafted-fabric-jhola-bag-32-2025-1640-1-32_1.jpg,1125,kalamkari block printing,1590,929.511,0.585
handcrafted-fabric-jhola-bag-30-2025-1640-1-30_1.jpg,1125,kalamkari block printing,1590,988.774,0.622
handcrafted-fabric-jhola-bag-29-2025-1640-1-29_1.jpg,1125,kalamkari block printing,1590,978.17,0.615
handcrafted-fabric-jhola-bag-27-2025-1640-1-27_1.jpg,1125,kalamkari block printing,1590,956.636,0.602
handcrafted-fabric-jhola-bag-26-2025-1640-1-26_1.jpg,1125,kalamkari block printing,1590,981.713,0.617
handcrafted-fabric-jhola-bag-25-2025-1640-1-25_1.jpg,1125,kalamkari block printing,1590,982.874,0.618
handcrafted-fabric-jhola-bag-24-2025-1640-1-24_1.jpg,1125,kalamkari block printing,1590,956.556,0.602
handcrafted-fabric-jhola-bag-23-2025-1640-1-23_1.jpg,1125,kalamkari block printing,1590,911.735,0.573
handcrafted-fabric-jhola-bag-22-2025-1640-1-22_1.jpg,1125,kalamkari block printing,1590,983.967,0.619
handcrafted-fabric-jhola-bag-21-2025-1640-1-21_1.jpg,1125,kalamkari block printing,1590,949.135,0.597
handcrafted-fabric-jhola-bag-20-2025-1640-1-20_1.jpg,1125,kalamkari block printing,1590,928.858,0.584
handcrafted-fabric-jhola-bag-18-2025-1640-1-18_1.jpg,1125,kalamkari block printing,1590,953.792,0.6
handcrafted-fabric-jhola-bag-17-2025-1640-1-17_1.jpg,1125,kalamkari block printing,1590,935.307,0.588
handcrafted-fabric-jhola-bag-16-2025-1640-1-16_1.jpg,1125,kalamkari block printing,1590,946.44,0.595
handcrafted-fabric-jhola-bag-15-2025-1640-1-15_1.jpg,1125,kalamkari block printing,1590,962.492,0.605
handcrafted-fabric-jhola-bag-14-2025-1640-1-14_1.jpg,1125,kalamkari block printing,1590,986.313,0.62
handcrafted-fabric-jhola-bag-13-2025-1640-1-13_1.jpg,1125,kalamkari block printing,1590,935.01,0.588
handcrafted-fabric-jhola-bag-11-2025-1640-1-11_1.jpg,1125,kalamkari block printing,1590,985.825,0.62
handcrafted-fabric-jhola-bag-10-2025-1640-1-10_1.jpg,1125,kalamkari block printing,1590,958.911,0.603
handcrafted-fabric-jhola-bag-09-2025-1640-1-9_1.jpg,1125,kalamkari block printing,1590,949.983,0.597
handcrafted-fabric-jhola-bag-08-2025-1640-1-8_1.jpg,1125,kalamkari block printing,1590,923.963,0.581
handcrafted-fabric-jhola-bag-07-2025-1640-1-7_1.jpg,1125,kalamkari block printing,1590,920.909,0.579
handcrafted-fabric-jhola-bag-06-2025-1640-1-6_1.jpg,1125,kalamkari block printing,1590,922.261,0.58
handcrafted-fabric-jhola-bag-05-2025-1640-1-5_1.jpg,1125,kalamkari block printing,1590,967.722,0.609
handcrafted-fabric-jhola-bag-04-2025-1640-1-4_1.jpg,1125,kalamkari block printing,1590,977.479,0.615
handcrafted-fabric-jhola-bag-03-2025-1640-1-3_1.jpg,1125,kalamkari block printing,1590,924.314,0.581
handcrafted-fabric-jhola-bag-02-2025-1640-1-2_1.jpg,1125,kalamkari screen printing,1590,1008.91,0.635
handcrafted-fabric-jhola-bag-01-2025-1640-1-1_1.jpg,1125,kalamkari block printing,1590,929.699,0.585
handcrafted-fabric-jhola-bag-69-2025-1551-1-69_1.jpg,1125,kalamkari screen printing,1590,739.154,0.465
handcrafted-fabric-jhola-bag-68-2025-1551-1-68_1.jpg,1125,kalamkari screen printing,1590,737.702,0.464
handcrafted-fabric-jhola-bag-67-2025-1551-1-67_1.jpg,1125,kalamkari screen printing,1590,718.921,0.452
handcrafted-fabric-jhola-bag-66-2025-1551-1-66_1.jpg,1125,kalamkari screen printing,1590,733.941,0.462
handcrafted-fabric-jhola-bag-64-2025-1551-1-64_1.jpg,1125,kalamkari block printing,1590,717.078,0.451
handcrafted-fabric-jhola-bag-63-2025-1551-1-63_1.jpg,1125,kalamkari block printing,1590,764.255,0.481
handcrafted-fabric-jhola-bag-62-2025-1551-1-62_1.jpg,1125,kalamkari block printing,1590,764.255,0.481
handcrafted-fabric-jhola-bag-60-2025-1551-1-60_1.jpg,1125,kalamkari block printing,1590,766.029,0.482
handcrafted-fabric-jhola-bag-59-2025-1551-1-59_1.jpg,1125,kalamkari block printing,1590,722.171,0.454
handcrafted-fabric-jhola-bag-58-2025-1551-1-58_1.jpg,1125,kalamkari block printing,1590,764.255,0.481
handcrafted-fabric-jhola-bag-57-2025-1551-1-57_1.jpg,1125,kalamkari block printing,1590,738.015,0.464
handcrafted-fabric-jhola-bag-54-2025-1551-1-54_1.jpg,1125,kalamkari block printing,1590,767.626,0.483
handcrafted-fabric-jhola-bag-53-2025-1551-1-53_1.jpg,1125,kalamkari block printing,1590,764.255,0.481
handcrafted-fabric-jhola-bag-52-2025-1551-1-52_1.jpg,1125,kalamkari block printing,1590,768.464,0.483
handcrafted-fabric-jhola-bag-51-2025-1551-1-51_1.jpg,1125,kalamkari block printing,1590,716.449,0.451
handcrafted-fabric-jhola-bag-50-2025-1551-1-50_1.jpg,1125,kalamkari block printing,1590,757.069,0.476
handcrafted-fabric-jhola-bag-49-2025-1551-1-49_1.jpg,1125,kalamkari block printing,1590,776.588,0.488
handcrafted-fabric-jhola-bag-48-2025-1551-1-48_1.jpg,1125,kalamkari block printing,1590,777.617,0.489
handcrafted-fabric-jhola-bag-47-2025-1551-1-47_1.jpg,1125,kalamkari block printing,1590,732.431,0.461
handcrafted-fabric-jhola-bag-46-2025-1551-1-47_1.jpg,1125,kalamkari block printing,1590,767.042,0.482
handcrafted-fabric-jhola-bag-45-2025-1551-1-45_1.jpg,1125,bagru block printing,1590,783.78,0.493
handcrafted-fabric-jhola-bag-44-2025-1551-1-44_1.jpg,1125,bagru block printing,1590,772.233,0.486
handcrafted-fabric-jhola-bag-43-2025-1551-1-43_1.jpg,1125,bagru block printing,1590,763.862,0.48
handcrafted-fabric-jhola-bag-42-2025-1551-1-42_1.jpg,1125,bagru block printing,1590,776.234,0.488
handcrafted-fabric-jhola-bag-41-2025-1551-1-41_1.jpg,1125,bagru block printing,1590,740.46,0.466
handcrafted-fabric-jhola-bag-40-2025-1551-1-40_1.jpg,1125,bagru block printing,1590,780.642,0.491
handcrafted-fabric-jhola-bag-39-2025-1551-1-39_1.jpg,1125,bagru block printing,1590,729.886,0.459
handcrafted-fabric-jhola-bag-38-2025-1551-1-38_1.jpg,1125,bagru block printing,1590,768.708,0.483
handcrafted-fabric-jhola-bag-37-2025-1551-1-37_1.jpg,1125,bagru block printing,1590,758.749,0.477
handcrafted-fabric-jhola-bag-36-2025-1551-1-36_1.jpg,1125,bagru block printing,1590,773.835,0.487
handcrafted-fabric-jhola-bag-35-2025-1551-1-35_1.jpg,1125,bagru block printing,1590,819.836,0.516
handcrafted-fabric-jhola-bag-34-2025-1551-1-34_1.jpg,1125,bagru block printing,1590,780.033,0.491
handcrafted-fabric-jhola-bag-33-2025-1551-1-33_1.jpg,1125,bagru block printing,1590,758.086,0.477
handcrafted-fabric-jhola-bag-32-2025-1551-1-32_1.jpg,1125,bagru block printing,1590,746.505,0.47
handcrafted-fabric-jhola-bag-31-2025-1551-1-31_1.jpg,1125,bagru block printing,1590,734.058,0.462
handcrafted-fabric-jhola-bag-30-2025-1551-1-30_1.jpg,1125,bagru block printing,1590,825.119,0.519
handcrafted-fabric-jhola-bag-28-2025-1551-1-28_1.jpg,1125,bagh block printing,1590,793.089,0.499
handcrafted-fabric-jhola-bag-27-2025-1551-1-27_1.jpg,1125,bagh block printing,1590,790.249,0.497
handcrafted-fabric-jhola-bag-25-2025-1551-1-25_1.jpg,1125,bagh block printing,1590,815.109,0.513
handcrafted-fabric-jhola-bag-24-2025-1551-1-24_1.jpg,1125,bagh block printing,1590,790.106,0.497
handcrafted-fabric-jhola-bag-23-2025-1551-1-23_1.jpg,1125,bagh block printing,1590,780.625,0.491
handcrafted-fabric-jhola-bag-22-2025-1551-1-22_1.jpg,1125,bagh block printing,1590,840.623,0.529
handcrafted-fabric-jhola-bag-21-2025-1551-1-21_1.jpg,1125,bagh block printing,1590,802.331,0.505
handcrafted-fabric-jhola-bag-18-2025-1551-1-18_1.jpg,1125,sanganeri block printing,1590,726.696,0.457
handcrafted-fabric-jhola-bag-17-2025-1551-1-17_1.jpg,1125,sanganeri block printing,1590,749.103,0.471
handcrafted-fabric-jhola-bag-16-2025-1551-1-16_1.jpg,1125,sanganeri block printing,1590,750.395,0.472
handcrafted-fabric-jhola-bag-15-2025-1551-1-15_1.jpg,1125,sanganeri block printing,1590,725.114,0.456
handcrafted-fabric-jhola-bag-14-2025-1551-1-14_1.jpg,1125,sanganeri block printing,1590,724.106,0.455
handcrafted-fabric-jhola-bag-13-2025-1551-1-13_1.jpg,1125,sanganeri block printing,1590,725.109,0.456
handcrafted-fabric-jhola-bag-11-2025-1551-1-11_1.jpg,1125,sanganeri block printing,1590,738.119,0.464
handcrafted-fabric-jhola-bag-09-2025-1551-1-9_1.jpg,1125,bandhani tie dye,1590,828.197,0.521
handcrafted-fabric-jhola-bag-08-2025-1551-1-8_1.jpg,1125,bandhani tie dye,1590,819.497,0.515
handcrafted-fabric-jhola-bag-07-2025-1551-1-7_1.jpg,1125,jacquard weaving,1590,752.595,0.473
handcrafted-fabric-jhola-bag-06-2025-1551-1-6_1.jpg,1125,jacquard weaving,1590,734.866,0.462
handcrafted-fabric-jhola-bag-05-2025-1551-1-5_1.jpg,1125,jacquard weaving,1590,745.624,0.469
handcrafted-fabric-jhola-bag-04-2025-1551-1-4_1.jpg,1125,jacquard weaving,1590,756.541,0.476
handcrafted-fabric-jhola-bag-03-2025-1551-1-3_1.jpg,1125,jacquard weaving,1590,731.285,0.46
handcrafted-fabric-jhola-bag-02-2025-1551-1-2_1.jpg,1125,jacquard weaving,1590,782.43,0.492
handcrafted-fabric-jhola-bag-01-2025-1551-1-1_1.jpg,1125,jacquard weaving,1590,736.443,0.463
handcrafted-fabric-jhola-bag-93-2025-1514-1-93_1.jpg,1125,bagh block printing,1590,828.941,0.521
handcrafted-fabric-jhola-bag-92-2025-1514-1-92_1.jpg,1125,bagh block printing,1590,778.128,0.489
handcrafted-fabric-jhola-bag-91-2025-1514-1-91_1.jpg,1125,kalamkari block printing,1590,715.952,0.45
handcrafted-fabric-jhola-bag-90-2025-1514-1-90_1.jpg,1125,kalamkari block printing,1590,715.952,0.45
handcrafted-fabric-jhola-bag-88-2025-1514-1-88_1.jpg,1125,kalamkari block printing,1590,714.189,0.449
handcrafted-fabric-jhola-bag-87-2025-1514-1-87_1.jpg,1125,kalamkari block printing,1590,720.226,0.453
handcrafted-fabric-jhola-bag-86-2025-1514-1-86_1.jpg,1125,kalamkari block printing,1590,714.189,0.449
handcrafted-fabric-jhola-bag-85-2025-1514-1-85_1.jpg,1125,kalamkari block printing,1590,743.119,0.467
handcrafted-fabric-jhola-bag-84-2025-1514-1-84_1.jpg,1125,kalamkari block printing,1590,760.826,0.479
handcrafted-fabric-jhola-bag-83-2025-1514-1-83_1.jpg,1125,kalamkari block printing,1590,760.826,0.479
handcrafted-fabric-jhola-bag-82-2025-1514-1-82_1.jpg,1125,kalamkari block printing,1590,714.189,0.449
handcrafted-fabric-jhola-bag-80-2025-1514-1-80_1.jpg,1125,kalamkari block printing,1590,717.145,0.451
handcrafted-fabric-jhola-bag-79-2025-1514-1-79_1.jpg,1125,kalamkari block printing,1590,760.826,0.479
handcrafted-fabric-jhola-bag-78-2025-1514-1-78_1.jpg,1125,kalamkari block printing,1590,760.826,0.479
handcrafted-fabric-jhola-bag-77-2025-1514-1-77_1.jpg,1125,kalamkari block printing,1590,714.189,0.449
handcrafted-fabric-jhola-bag-75-2025-1514-1-75_1.jpg,1125,kalamkari block printing,1590,702.829,0.442
handcrafted-fabric-jhola-bag-74-2025-1514-1-74_1.jpg,1125,kalamkari block printing,1590,720.226,0.453
handcrafted-fabric-jhola-bag-73-2025-1514-1-73_1.jpg,1125,kalamkari block printing,1590,760.826,0.479
handcrafted-fabric-jhola-bag-72-2025-1514-1-72_1.jpg,1125,kalamkari block printing,1590,760.826,0.479
handcrafted-fabric-jhola-bag-70-2025-1514-1-70_1.jpg,1125,kalamkari block printing,1590,675.813,0.425
handcrafted-fabric-jhola-bag-69-2025-1514-1-69_1.jpg,1125,handmade,1590,789.612,0.497
handcrafted-fabric-jhola-bag-68-2025-1514-1-68_1.jpg,1125,kalamkari block printing,1590,701.606,0.441
handcrafted-fabric-jhola-bag-67-2025-1514-1-67_1.jpg,1125,kalamkari block printing,1590,760.826,0.479
handcrafted-fabric-jhola-bag-65-2025-1514-1-65_1.jpg,1125,jacquard weaving,1590,738.605,0.465
handcrafted-fabric-jhola-bag-64-2025-1514-1-64_1.jpg,1125,bagru block printing,1590,788.878,0.496
handcrafted-fabric-jhola-bag-62-2025-1514-1-62_1.jpg,1125,bagru block printing,1590,788.878,0.496
handcrafted-fabric-jhola-bag-61-2025-1514-1-61_1.jpg,1125,bagru block printing,1590,788.878,0.496
handcrafted-fabric-jhola-bag-60-2025-1514-1-60_1.jpg,1125,bagru block printing,1590,766.838,0.482
handcrafted-fabric-jhola-bag-59-2025-1514-1-59_1.jpg,1125,bagru block printing,1590,780.128,0.491
handcrafted-fabric-jhola-bag-58-2025-1514-1-58_1.jpg,1125,bagru block printing,1590,807.676,0.508
handcrafted-fabric-jhola-bag-56-2025-1514-1-56_1.jpg,1125,bagru block printing,1590,747.001,0.47
handcrafted-fabric-jhola-bag-55-2025-1514-1-55_1.jpg,1125,bagru block printing,1590,747.801,0.47
handcrafted-fabric-jhola-bag-52-2025-1514-1-52_1.jpg,1125,bagru block printing,1590,752.698,0.473
handcrafted-fabric-jhola-bag-51-2025-1514-1-51_1.jpg,1125,bagru block printing,1590,806.411,0.507
handcrafted-fabric-jhola-bag-49-2025-1514-1-49_1.jpg,1125,bagru block printing,1590,758.771,0.477
handcrafted-fabric-jhola-bag-48-2025-1514-1-48_1.jpg,1125,bagru block printing,1590,743.898,0.468
handcrafted-fabric-jhola-bag-47-2025-1514-1-47_1.jpg,1125,bagru block printing,1590,757.882,0.477
handcrafted-fabric-jhola-bag-46-2025-1514-1-46_1.jpg,1125,bagru block printing,1590,749.764,0.472
handcrafted-fabric-jhola-bag-45-2025-1514-1-45_1.jpg,1125,bagru block printing,1590,762.125,0.479
handcrafted-fabric-jhola-bag-44-2025-1514-1-44_1.jpg,1125,pochampally ikat weaving,1590,822.182,0.517
handcrafted-fabric-jhola-bag-43-2025-1514-1-43_1.jpg,1125,pochampally ikat weaving,1590,807.348,0.508
handcrafted-fabric-jhola-bag-42-2025-1514-1-42_1.jpg,1125,pochampally ikat weaving,1590,818.107,0.515
handcrafted-fabric-jhola-bag-41-2025-1514-1-41_1.jpg,1125,pochampally ikat weaving,1590,803.26,0.505
handcrafted-fabric-jhola-bag-37-2025-1514-1-37_1.jpg,1125,pochampally ikat weaving,1590,794.91,0.5
handcrafted-fabric-jhola-bag-36-2025-1514-1-36_1.jpg,1125,pochampally ikat weaving,1590,821.037,0.516
handcrafted-fabric-jhola-bag-35-2025-1514-1-35_1.jpg,1125,pochampally ikat weaving,1590,807.262,0.508
handcrafted-fabric-jhola-bag-33-2025-1514-1-33_1.jpg,1125,pochampally ikat weaving,1590,821.502,0.517
handcrafted-fabric-jhola-bag-32-2025-1514-1-32_1.jpg,1125,pochampally ikat weaving,1590,777.407,0.489
handcrafted-fabric-jhola-bag-31-2025-1514-1-31_1.jpg,1125,pochampally ikat weaving,1590,797.599,0.502
handcrafted-fabric-jhola-bag-28-2025-1514-1-28_1.jpg,1125,pochampally ikat weaving,1590,810.448,0.51
handcrafted-fabric-jhola-bag-27-2025-1514-1-27_1.jpg,1125,pochampally ikat weaving,1590,813.368,0.512
handcrafted-fabric-jhola-bag-26-2025-1514-1-26_1.jpg,1125,pochampally ikat weaving,1590,801.395,0.504
handcrafted-fabric-jhola-bag-24-2025-1514-1-24_1.jpg,1125,pochampally ikat weaving,1590,780.848,0.491
handcrafted-fabric-jhola-bag-23-2025-1514-1-23_1.jpg,1125,pochampally ikat weaving,1590,796.691,0.501
handcrafted-fabric-jhola-bag-22-2025-1514-1-22_1.jpg,1125,pochampally ikat weaving,1590,851.782,0.536
handcrafted-fabric-jhola-bag-21-2025-1514-1-21_1.jpg,1125,pochampally ikat weaving,1590,812.51,0.511
handcrafted-fabric-jhola-bag-20-2025-1514-1-20_1.jpg,1125,pochampally ikat weaving,1590,807.937,0.508
handcrafted-fabric-jhola-bag-19-2025-1514-1-19_1.jpg,1125,pochampally ikat weaving,1590,793.405,0.499
handcrafted-fabric-jhola-bag-18-2025-1514-1-18_1.jpg,1125,pochampally ikat weaving,1590,842.292,0.53
handcrafted-fabric-jhola-bag-17-2025-1514-1-17_1.jpg,1125,pochampally ikat weaving,1590,803.276,0.505
handcrafted-fabric-jhola-bag-16-2025-1514-1-16_1.jpg,1125,pochampally ikat weaving,1590,821.32,0.517
handcrafted-fabric-jhola-bag-15-2025-1514-1-15_1.jpg,1125,bandhani tie dye,1590,802.644,0.505
handcrafted-fabric-jhola-bag-14-2025-1514-1-14_1.jpg,1125,bandhani tie dye,1590,824.913,0.519
handcrafted-fabric-jhola-bag-13-2025-1514-1-13_1.jpg,1125,bandhani tie dye,1590,784.876,0.494
handcrafted-fabric-jhola-bag-12-2025-1514-1-12_1.jpg,1125,bandhani tie dye,1590,832.933,0.524
handcrafted-fabric-jhola-bag-11-2025-1514-1-11_1.jpg,1125,bandhani tie dye,1590,822.75,0.517
handcrafted-fabric-jhola-bag-10-2025-1514-1-10_1.jpg,1125,bandhani tie dye,1590,799.04,0.503
handcrafted-fabric-jhola-bag-09-2025-1514-1-10_1.jpg,1125,bandhani tie dye,1590,822.04,0.517
handcrafted-fabric-jhola-bag-08-2025-1514-1-8_1.jpg,1125,bandhani tie dye,1590,812.7,0.511
handcrafted-fabric-jhola-bag-07-2025-1514-1-7_1.jpg,1125,bandhani tie dye,1590,795.807,0.501
handcrafted-fabric-jhola-bag-06-2025-1514-1-6_1.jpg,1125,bandhani tie dye,1590,797.38,0.501
handcrafted-fabric-jhola-bag-05-2025-1514-1-5_1.jpg,1125,bandhani tie dye,1590,782.711,0.492
handcrafted-fabric-jhola-bag-04-2025-1514-1-4_1.jpg,1125,bandhani tie dye,1590,799.703,0.503
handcrafted-fabric-jhola-bag-03-2025-1514-1-3_1.jpg,1125,bandhani tie dye,1590,806.729,0.507
handcrafted-fabric-jhola-bag-02-2025-1514-1-2_1.jpg,1125,bandhani tie dye,1590,822.614,0.517
handcrafted-fabric-jhola-bag-28-2025-1482-1-28_1.jpg,1125,pochampally ikat weaving,1590,810.448,0.51
handcrafted-fabric-jhola-bag-26-2025-1482-1-26_1.jpg,1125,pochampally ikat weaving,1590,818.1,0.515
handcrafted-fabric-jhola-bag-25-2025-1482-1-25_1.jpg,1125,pochampally ikat weaving,1590,868.705,0.546
handcrafted-fabric-jhola-bag-23-2025-1482-1-23_1.jpg,1125,jacquard weaving,1590,732.286,0.461
handcrafted-fabric-jhola-bag-21-2025-1482-1-21_1.jpg,1125,jacquard weaving,1590,718.209,0.452
handcrafted-fabric-jhola-bag-20-2025-1482-1-20_1.jpg,1125,jacquard weaving,1590,753.531,0.474
handcrafted-fabric-jhola-bag-18-2025-1482-1-18_1.jpg,1125,jacquard weaving,1590,732.559,0.461
handcrafted-fabric-jhola-bag-17-2025-1482-1-17_1.jpg,1125,jacquard weaving,1590,724.773,0.456
handcrafted-fabric-jhola-bag-16-2025-1482-1-16_1.jpg,1125,jacquard weaving,1590,745.618,0.469
handcrafted-fabric-jhola-bag-15-2025-1482-1-15_1.jpg,1125,jacquard weaving,1590,745.893,0.469
handcrafted-fabric-jhola-bag-14-2025-1482-1-14_1.jpg,1125,jacquard weaving,1590,757.662,0.477
handcrafted-fabric-jhola-bag-13-2025-1482-1-13_1.jpg,1125,jacquard weaving,1590,730.071,0.459
handcrafted-fabric-jhola-bag-12-2025-1482-1-12_1.jpg,1125,jacquard weaving,1590,757.868,0.477
handcrafted-fabric-jhola-bag-11-2025-1482-1-11_1.jpg,1125,jacquard weaving,1590,757.071,0.476
handcrafted-fabric-jhola-bag-10-2025-1482-1-10_1.jpg,1125,jacquard weaving,1590,742.34,0.467
handcrafted-fabric-jhola-bag-09-2025-1482-1-9_1.jpg,1125,jacquard weaving,1590,745.909,0.469
handcrafted-fabric-jhola-bag-08-2025-1482-1-8_1.jpg,1125,jacquard weaving,1590,720.949,0.453
handcrafted-fabric-jhola-bag-07-2025-1482-1-7_1.jpg,1125,jacquard weaving,1590,734.36,0.462
handcrafted-fabric-jhola-bag-06-2025-1482-1-6_1.jpg,1125,jacquard weaving,1590,734.347,0.462
handcrafted-fabric-jhola-bag-05-2025-1482-1-5_1.jpg,1125,jacquard weaving,1590,786.048,0.494
handcrafted-fabric-jhola-bag-04-2025-1482-1-4_1.jpg,1125,jacquard weaving,1590,736.505,0.463
handcrafted-fabric-jhola-bag-03-2025-1482-1-3_1.jpg,1125,jacquard weaving,1590,732.401,0.461
handcrafted-fabric-jhola-bag-02-2025-1482-1-2_1.jpg,1125,jacquard weaving,1590,756.95,0.476
handcrafted-fabric-jhola-bag-31-2025-1482-1-31_1.jpg,1125,kalamkari block printing,950,748.703,0.788
handcrafted-fabric-jhola-bag-29-2025-1482-1-29_1.jpg,1125,bagru block printing,950,748.059,0.787
handcrafted-fabric-jhola-bag-24-2025-1482-1-24_1.jpg,1125,pochampally ikat weaving,1590,780.848,0.491
handcrafted-fabric-jhola-bag-01-2025-1514-1-1_1.jpg,1125,bandhani tie dye,1590,799.963,0.503
handcrafted-fabric-jhola-bag-01-2025-1482-1-1_1.jpg,1125,jacquard weaving,1590,754.732,0.475
handcrafted-fabric-jhola-bag-40-2025-1380-1-40_1.jpg,1125,kalamkari screen printing,1590,618.165,0.389
handcrafted-fabric-jhola-bag-35-2025-1380-1-35_1.jpg,1125,kalamkari screen printing,1590,742.039,0.467
handcrafted-fabric-jhola-bag-34-2025-1380-1-34_1.jpg,1125,kalamkari screen printing,1590,600.452,0.378
handcrafted-fabric-jhola-bag-32-2025-1380-1-32_1.jpg,1125,kalamkari screen printing,1590,738.625,0.465
handcrafted-fabric-jhola-bag-29-2025-1380-1-29_1.jpg,1125,pochampally ikat weaving,1590,809.769,0.509
handcrafted-fabric-jhola-bag-28-2025-1380-1-28_1.jpg,1125,pochampally ikat weaving,1590,834.233,0.525
handcrafted-fabric-jhola-bag-27-2025-1380-1-27_1.jpg,1125,pochampally ikat weaving,1590,655.868,0.412
handcrafted-fabric-jhola-bag-25-2025-1380-1-25_1.jpg,1125,pochampally ikat weaving,1590,669.962,0.421
handcrafted-fabric-jhola-bag-24-2025-1380-1-24_1.jpg,1125,pochampally ikat weaving,1590,640.048,0.403
handcrafted-fabric-jhola-bag-23-2025-1380-1-23_1.jpg,1125,pochampally ikat weaving,1590,636.651,0.4
handcrafted-fabric-jhola-bag-22-2025-1380-1-22_1.jpg,1125,pochampally ikat weaving,1590,684.444,0.43
handcrafted-fabric-jhola-bag-21-2025-1380-1-21_1.jpg,1125,pochampally ikat weaving,1590,651.293,0.41
handcrafted-fabric-jhola-bag-20-2025-1380-1-20_1.jpg,1125,pochampally ikat weaving,1590,649.436,0.408
handcrafted-fabric-jhola-bag-16-2025-1380-1-16_1.jpg,1125,bandhani tie dye,1590,648.039,0.408
handcrafted-fabric-jhola-bag-15-2025-1380-1-15_1.jpg,1125,bandhani tie dye,1590,831.041,0.523
handcrafted-fabric-jhola-bag-13-2025-1380-1-13_1.jpg,1125,bandhani tie dye,1590,812.965,0.511
handcrafted-fabric-jhola-bag-12-2025-1380-1-12_1.jpg,1125,bandhani tie dye,1590,846.149,0.532
handcrafted-fabric-jhola-bag-10-2025-1380-1-10_1.jpg,1125,bandhani tie dye,1590,658.287,0.414
handcrafted-fabric-jhola-bag-09-2025-1380-1-9_1.jpg,1125,bandhani tie dye,1590,831.826,0.523
handcrafted-fabric-jhola-bag-08-2025-1380-1-8_1.jpg,1125,bandhani tie dye,1590,652.526,0.41
handcrafted-fabric-jhola-bag-07-2025-1380-1-7_1.jpg,1125,bandhani tie dye,1590,636.979,0.401
handcrafted-fabric-jhola-bag-06-2025-1380-1-6_1.jpg,1125,bandhani tie dye,1590,650.619,0.409
handcrafted-fabric-jhola-bag-05-2025-1380-1-5_1.jpg,1125,bandhani tie dye,1590,642.75,0.404
handcrafted-fabric-jhola-bag-04-2025-1380-1-4_1.jpg,1125,bandhani tie dye,1590,822.362,0.517
handcrafted-fabric-jhola-bag-03-2025-1380-1-3_1.jpg,1125,bandhani tie dye,1590,664.914,0.418
handcrafted-fabric-jhola-bag-19-2025-1380-1-19_1.jpg,1125,pochampally ikat weaving,1590,653.721,0.411
handcrafted-fabric-jhola-bag-02-2025-1380-1-2_1.jpg,1125,bandhani tie dye,1590,832.438,0.524
handcrafted-fabric-jhola-bag-49-2025-1217-1-49_1.jpg,1125,kalamkari block printing,1590,776.588,0.488
handcrafted-fabric-jhola-bag-44-2025-1217-1-44_1.jpg,1125,kalamkari block printing,1590,768.956,0.484
handcrafted-fabric-jhola-bag-42-2025-1217-1-42_1.jpg,1125,kalamkari block printing,1590,718.369,0.452
handcrafted-fabric-jhola-bag-40-2025-1217-1-40_1.jpg,1125,kalamkari block printing,1590,778.893,0.49
handcrafted-fabric-jhola-bag-39-2025-1217-1-39_1.jpg,1125,kalamkari block printing,1590,729.348,0.459
handcrafted-fabric-jhola-bag-37-2025-1217-1-37_1.jpg,1125,bagh block printing,1590,829.207,0.522
handcrafted-fabric-jhola-bag-36-2025-1217-1-36_1.jpg,1125,bagh block printing,1590,794.209,0.5
handcrafted-fabric-jhola-bag-35-2025-1217-1-35_1.jpg,1125,bagh block printing,1590,812.983,0.511
handcrafted-fabric-jhola-bag-34-2025-1217-1-34_1.jpg,1125,bagh block printing,1590,817.826,0.514
handcrafted-fabric-jhola-bag-32-2025-1217-1-32_1.jpg,1125,bagh block printing,1590,831.308,0.523
handcrafted-fabric-jhola-bag-31-2025-1217-1-31_1.jpg,1125,bagh block printing,1590,818.381,0.515
handcrafted-fabric-jhola-bag-30-2025-1217-1-30_1.jpg,1125,bagh block printing,1590,839.671,0.528
handcrafted-fabric-jhola-bag-29-2025-1217-1-29_1.jpg,1125,bagh block printing,1590,787.065,0.495
handcrafted-fabric-jhola-bag-27-2025-1217-1-27_1.jpg,1125,bagh block printing,1590,790.249,0.497
handcrafted-fabric-jhola-bag-26-2025-1217-1-26_1.jpg,1125,bagh block printing,1590,836.479,0.526
handcrafted-fabric-jhola-bag-25-2025-1217-1-25_1.jpg,1125,bagh block printing,1590,868.465,0.546
handcrafted-fabric-jhola-bag-23-2025-1217-1-23_1.jpg,1125,bagh block printing,1590,786.246,0.494
handcrafted-fabric-jhola-bag-22-2025-1217-1-22_1.jpg,1125,bagh block printing,1590,816.354,0.513
handcrafted-fabric-jhola-bag-21-2025-1217-1-21_1.jpg,1125,bagh block printing,1590,765.209,0.481
handcrafted-fabric-jhola-bag-20-2025-1217-1-20_1.jpg,1125,bagh block printing,1590,784.738,0.494
handcrafted-fabric-jhola-bag-18-2025-1217-1-18_1.jpg,1125,jacquard weaving,1590,757.32,0.476
handcrafted-fabric-jhola-bag-17-2025-1217-1-17_1.jpg,1125,jacquard weaving,1590,743.909,0.468
handcrafted-fabric-jhola-bag-16-2025-1217-1-16_1.jpg,1125,jacquard weaving,1590,745.16,0.469
handcrafted-fabric-jhola-bag-15-2025-1217-1-15_1.jpg,1125,jacquard weaving,1590,746.927,0.47
handcrafted-fabric-jhola-bag-13-2025-1217-1-13_1.jpg,1125,jacquard weaving,1590,747.888,0.47
handcrafted-fabric-jhola-bag-12-2025-1217-1-12_1.jpg,1125,jacquard weaving,1590,778.453,0.49
handcrafted-fabric-jhola-bag-10-2025-1217-1-10_1.jpg,1125,jacquard weaving,1590,742.282,0.467
handcrafted-fabric-jhola-bag-09-2025-1217-1-9_1.jpg,1125,jacquard weaving,1590,744.602,0.468
handcrafted-fabric-jhola-bag-05-2025-1217-1-5_1.jpg,1125,bandhani tie dye,1590,810.5,0.51
handcrafted-fabric-jhola-bag-04-2025-1217-1-4_1.jpg,1125,bandhani tie dye,1590,822.362,0.517
handcrafted-fabric-jhola-bag-03-2025-1217-1-3_1.jpg,1125,bandhani tie dye,1590,807.577,0.508
handcrafted-fabric-jhola-bag-18-2025-1380-1-18_1.jpg,1125,pochampally ikat weaving,1590,669.995,0.421
handcrafted-fabric-jhola-bag-01-2025-1380-1-1_1.jpg,1125,bandhani tie dye,1590,820.133,0.516
handcrafted-fabric-jhola-bag-38-2025-1217-1-38_1.jpg,1125,kalamkari screen printing,1590,722.178,0.454
handcrafted-fabric-jhola-bag-19-2025-1217-1-19_1.jpg,1125,bagh block printing,1590,790.608,0.497
handcrafted-fabric-jhola-bag-08-2025-1217-1-8_1.jpg,1125,jacquard weaving,1590,736.816,0.463
handcrafted-fabric-jhola-bag-06-2025-1217-1-6_1.jpg,1125,sanganeri block printing,1590,731.214,0.46
handcrafted-fabric-jhola-bag-02-2025-1217-1-2_1.jpg,1125,bandhani tie dye,1590,829.895,0.522
handcrafted-fabric-jhola-bag-86-2025-1282-1-86_1.jpg,1125,kalamkari screen printing,1590,730.984,0.46
handcrafted-fabric-jhola-bag-83-2025-1282-1-83_1.jpg,1125,kalamkari screen printing,1590,730.984,0.46
handcrafted-fabric-jhola-bag-72-2025-1282-1-72_1.jpg,1125,kalamkari screen printing,1590,730.984,0.46
handcrafted-fabric-jhola-bag-71-2025-1282-1-71_1.jpg,1125,kalamkari screen printing,1590,780.401,0.491
handcrafted-fabric-jhola-bag-70-2025-1282-1-70_1.jpg,1125,kalamkari screen printing,1590,719.357,0.452
handcrafted-fabric-jhola-bag-66-2025-1282-1-66_1.jpg,1125,kalamkari screen printing,1590,760.594,0.478
handcrafted-fabric-jhola-bag-64-2025-1282-1-64_1.jpg,1125,kalamkari screen printing,1590,720.719,0.453
handcrafted-fabric-jhola-bag-63-2025-1282-1-63_1.jpg,1125,kalamkari screen printing,1590,737.163,0.464
handcrafted-fabric-jhola-bag-62-2025-1282-1-62_1.jpg,1125,kalamkari screen printing,1590,732.788,0.461
handcrafted-fabric-jhola-bag-61-2025-1282-1-61_1.jpg,1125,kalamkari screen printing,1590,730.984,0.46
handcrafted-fabric-jhola-bag-60-2025-1282-1-60_1.jpg,1125,kalamkari screen printing,1590,739.343,0.465
handcrafted-fabric-jhola-bag-59-2025-1282-1-59_1.jpg,1125,kalamkari screen printing,1590,760.594,0.478
handcrafted-fabric-jhola-bag-58-2025-1282-1-58_1.jpg,1125,kalamkari screen printing,1590,730.984,0.46
handcrafted-fabric-jhola-bag-57-2025-1282-1-57_1.jpg,1125,kalamkari screen printing,1590,780.401,0.491
handcrafted-fabric-jhola-bag-56-2025-1282-1-56_1.jpg,1125,kalamkari screen printing,1590,737.547,0.464
handcrafted-fabric-jhola-bag-55-2025-1282-1-55_1.jpg,1125,kalamkari block printing,1590,719.918,0.453
handcrafted-fabric-jhola-bag-52-2025-1282-1-52_1.jpg,1125,sanganeri block printing,1590,735.384,0.463
handcrafted-fabric-jhola-bag-49-2025-1282-1-49_1.jpg,1125,sanganeri block printing,1590,742.636,0.467
handcrafted-fabric-jhola-bag-47-2025-1282-1-47_1.jpg,1125,sanganeri block printing,1590,766.436,0.482
handcrafted-fabric-jhola-bag-44-2025-1282-1-44_1.jpg,1125,sanganeri block printing,1590,716.217,0.45
handcrafted-fabric-jhola-bag-43-2025-1282-1-43_1.jpg,1125,sanganeri block printing,1590,713.522,0.449
handcrafted-fabric-jhola-bag-39-2025-1282-1-39_1.jpg,1125,sanganeri block printing,1590,727.937,0.458
handcrafted-fabric-jhola-bag-36-2025-1282-1-36_1.jpg,1125,sanganeri block printing,1590,737.131,0.464
handcrafted-fabric-jhola-bag-35-2025-1282-1-35_1.jpg,1125,sanganeri block printing,1590,738.431,0.464
handcrafted-fabric-jhola-bag-34-2025-1282-1-34_1.jpg,1125,sanganeri block printing,1590,722.708,0.455
handcrafted-fabric-jhola-bag-33-2025-1282-1-33_1.jpg,1125,sanganeri block printing,1590,710.955,0.447
handcrafted-fabric-jhola-bag-31-2025-1282-1-31_1.jpg,1125,sanganeri block printing,1590,719.689,0.453
handcrafted-fabric-jhola-bag-29-2025-1282-1-29_1.jpg,1125,sanganeri block printing,1590,733.492,0.461
handcrafted-fabric-jhola-bag-27-2025-1282-1-27_1.jpg,1125,sanganeri block printing,1590,703.979,0.443
handcrafted-fabric-jhola-bag-26-2025-1282-1-26_1.jpg,1125,sanganeri block printing,1590,719.626,0.453
handcrafted-fabric-jhola-bag-20-2025-1282-1-20_1.jpg,1125,bagh block printing,1590,807.55,0.508
handcrafted-fabric-jhola-bag-17-2025-1282-1-17_1.jpg,1125,bagh block printing,1590,786.328,0.495
handcrafted-fabric-jhola-bag-15-2025-1282-1-15_1.jpg,1125,bagh block printing,1590,787.209,0.495
handcrafted-fabric-jhola-bag-13-2025-1282-1-13_1.jpg,1125,bagh block printing,1590,775.032,0.487
handcrafted-fabric-jhola-bag-12-2025-1282-1-12_1.jpg,1125,bagh block printing,1590,805.022,0.506
handcrafted-fabric-jhola-bag-09-2025-1282-1-9_1.jpg,1125,jacquard weaving,1590,765.605,0.482
handcrafted-fabric-jhola-bag-07-2025-1282-1-7_1.jpg,1125,jacquard weaving,1590,748.246,0.471
handcrafted-fabric-jhola-bag-06-2025-1282-1-6_1.jpg,1125,bandhani tie dye,1590,815.222,0.513
handcrafted-fabric-jhola-bag-05-2025-1282-1-5_1.jpg,1125,bandhani tie dye,1590,787.268,0.495
handcrafted-fabric-jhola-bag-04-2025-1282-1-4_1.jpg,1125,bandhani tie dye,1590,813.026,0.511
handcrafted-fabric-jhola-bag-03-2025-1282-1-3_1.jpg,1125,ajrakh block printing,1590,764.266,0.481
handcrafted-fabric-jhola-bag-02-2025-1282-1-2_1.jpg,1125,ajrakh block printing,1590,785.322,0.494
handcrafted-fabric-jhola-bag-25-2025-1282-1-25_1.jpg,1125,sanganeri block printing,1590,787.699,0.495
handcrafted-fabric-jhola-bag-11-2025-1282-1-11_1.jpg,1125,bagh block printing,1590,792.842,0.499
handcrafted-fabric-jhola-bag-58-2025-1239-1-58_1.jpg,1125,bandhani tie dye,950,792.797,0.835
handcrafted-fabric-jhola-bag-57-2025-1239-1-57_1.jpg,1125,bandhani tie dye,950,792.797,0.835
handcrafted-fabric-jhola-bag-54-2025-1239-1-54_1.jpg,1125,bandhani tie dye,950,808.649,0.851
handcrafted-fabric-jhola-bag-52-2025-1239-1-52_1.jpg,1125,bandhani tie dye,950,791.607,0.833
handcrafted-fabric-jhola-bag-46-2025-1239-1-46_1.jpg,1125,bandhani tie dye,950,796.744,0.839
handcrafted-fabric-jhola-bag-45-2025-1239-1-45_1.jpg,1125,bandhani tie dye,950,809.767,0.852
handcrafted-fabric-jhola-bag-41-2025-1239-1-41_1.jpg,1125,bagh block printing,950,794.887,0.837
handcrafted-fabric-jhola-bag-39-2025-1239-1-39_1.jpg,1125,kalamkari screen printing,950,706.58,0.744
handcrafted-fabric-jhola-bag-38-2025-1239-1-38_1.jpg,1125,kalamkari screen printing,950,728.002,0.766
handcrafted-fabric-jhola-bag-33-2025-1239-1-33_1.jpg,1125,kalamkari screen printing,950,763.677,0.804
handcrafted-fabric-jhola-bag-26-2025-1239-1-26_1.jpg,1125,sanganeri block printing,950,714.171,0.752
handcrafted-fabric-jhola-bag-24-2025-1239-1-24_1.jpg,1125,sanganeri block printing,950,769.871,0.81
handcrafted-fabric-jhola-bag-23-2025-1239-1-23_1.jpg,1125,sanganeri block printing,950,708.601,0.746
handcrafted-fabric-jhola-bag-22-2025-1239-1-22_1.jpg,1125,sanganeri block printing,950,723.727,0.762
handcrafted-fabric-jhola-bag-21-2025-1239-1-21_1.jpg,1125,sanganeri block printing,950,765.542,0.806
handcrafted-fabric-jhola-bag-20-2025-1239-1-20_1.jpg,1125,sanganeri block printing,950,689.879,0.726
handcrafted-fabric-jhola-bag-12-2025-1239-1-12_1.jpg,1125,sanganeri block printing,950,727.48,0.766
handcrafted-fabric-jhola-bag-03-2025-1239-1-3_1.jpg,1125,pochampally ikat weaving,1590,763.737,0.48
handcrafted-fabric-jhola-bag-02-2025-1239-1-2_1.jpg,1125,pochampally ikat weaving,1590,792.34,0.498
handcrafted-fabric-jhola-bag-44-2025-1239-1-44_1.jpg,1125,bandhani tie dye,950,842.041,0.886
handcrafted-fabric-jhola-bag-01-2025-1239-1-1_1.jpg,1125,pochampally ikat weaving,1590,788.929,0.496
handcrafted-fabric-jhola-bag-129-2025-1025-1-129_1.jpg,1125,bagh block printing,950,610.134,0.642
handcrafted-fabric-jhola-bag-123-2025-1025-1-123_1.jpg,1125,bagh block printing,950,602.46,0.634
handcrafted-fabric-jhola-bag-117-2025-1025-1-117_1.jpg,1125,bagh block printing,950,643.856,0.678
handcrafted-fabric-jhola-bag-116-2025-1025-1-116_1.jpg,1125,bagh block printing,950,610.134,0.642
handcrafted-fabric-jhola-bag-113-2025-1025-1-113_1.jpg,1125,bagh block printing,950,610.134,0.642
handcrafted-fabric-jhola-bag-112-2025-1025-1-112_1.jpg,1125,bagh block printing,950,643.856,0.678
handcrafted-fabric-jhola-bag-110-2025-1025-1-110_1.jpg,1125,bagh block printing,950,613.241,0.646
handcrafted-fabric-jhola-bag-108-2025-1025-1-108_1.jpg,1125,bagh block printing,950,610.134,0.642
handcrafted-fabric-jhola-bag-104-2025-1025-1-104_1.jpg,1125,bagh block printing,950,610.134,0.642
handcrafted-fabric-jhola-bag-102-2025-1025-1-102_1.jpg,1125,bagh block printing,950,630.694,0.664
handcrafted-fabric-jhola-bag-100-2025-1025-1-100_1.jpg,1125,bagh block printing,950,618.221,0.651
handcrafted-fabric-jhola-bag-99-2025-1025-1-99_1.jpg,1125,bagh block printing,950,602.909,0.635
handcrafted-fabric-jhola-bag-98-2025-1025-1-98_1.jpg,1125,bagh block printing,950,616.682,0.649
handcrafted-fabric-jhola-bag-97-2025-1025-1-97_1.jpg,1125,bagh block printing,950,638.158,0.672
handcrafted-fabric-jhola-bag-93-2025-1025-1-93_1.jpg,1125,pochampally ikat weaving,1590,632.618,0.398
handcrafted-fabric-jhola-bag-91-2025-1025-1-91_1.jpg,1125,pochampally ikat weaving,1590,629.414,0.396
handcrafted-fabric-jhola-bag-90-2025-1025-1-90_1.jpg,1125,pochampally ikat weaving,1590,629.414,0.396
handcrafted-fabric-jhola-bag-89-2025-1025-1-89_1.jpg,1125,pochampally ikat weaving,1590,632.618,0.398
handcrafted-fabric-jhola-bag-88-2025-1025-1-88_1.jpg,1125,pochampally ikat weaving,1590,635.05,0.399
handcrafted-fabric-jhola-bag-86-2025-1025-1-86_1.jpg,1125,pochampally ikat weaving,1590,632.618,0.398
handcrafted-fabric-jhola-bag-83-2025-1025-1-83_1.jpg,1125,pochampally ikat weaving,1590,629.414,0.396
handcrafted-fabric-jhola-bag-79-2025-1025-1-79_1.jpg,1125,kalamkari screen printing,950,599.494,0.631
handcrafted-fabric-jhola-bag-78-2025-1025-1-78_1.jpg,1125,kalamkari screen printing,950,570.988,0.601
handcrafted-fabric-jhola-bag-77-2025-1025-1-77_1.jpg,1125,kalamkari screen printing,950,579.319,0.61
handcrafted-fabric-jhola-bag-76-2025-1025-1-76_1.jpg,1125,kalamkari screen printing,950,568.096,0.598
handcrafted-fabric-jhola-bag-75-2025-1025-1-75_1.jpg,1125,kalamkari screen printing,950,568.096,0.598
handcrafted-fabric-jhola-bag-69-2025-1025-1-69_1.jpg,1125,kalamkari screen printing,950,568.096,0.598
handcrafted-fabric-jhola-bag-64-2025-1025-1-64_1.jpg,1125,kalamkari screen printing,950,599.494,0.631
handcrafted-fabric-jhola-bag-63-2025-1025-1-63_1.jpg,1125,kalamkari screen printing,950,560.951,0.59
handcrafted-fabric-jhola-bag-62-2025-1025-1-62_1.jpg,1125,kalamkari screen printing,950,599.494,0.631
handcrafted-fabric-jhola-bag-57-2025-1025-1-57_1.jpg,1125,kalamkari screen printing,950,568.096,0.598
handcrafted-fabric-jhola-bag-53-2025-1025-1-53_1.jpg,1125,sanganeri block printing,950,570.254,0.6
handcrafted-fabric-jhola-bag-51-2025-1025-1-51_1.jpg,1125,sanganeri block printing,950,570.448,0.6
handcrafted-fabric-jhola-bag-48-2025-1025-1-48_1.jpg,1125,sanganeri block printing,950,570.57,0.601
handcrafted-fabric-jhola-bag-44-2025-1025-1-44_1.jpg,1125,batik block printing,950,580.883,0.611
handcrafted-fabric-jhola-bag-37-2025-1025-1-37_1.jpg,1125,batik block printing,950,576.951,0.607
handcrafted-fabric-jhola-bag-34-2025-1025-1-34_1.jpg,1125,batik block printing,950,592.724,0.624
handcrafted-fabric-jhola-bag-30-2025-1025-1-30_1.jpg,1125,batik block printing,950,617.618,0.65
handcrafted-fabric-jhola-bag-28-2025-1025-1-28_1.jpg,1125,batik block printing,950,584.702,0.615
handcrafted-fabric-jhola-bag-23-2025-1025-1-23_1.jpg,1125,batik block printing,950,577.741,0.608
handcrafted-fabric-jhola-bag-21-2025-1025-1-21_1.jpg,1125,batik block printing,950,579.045,0.61
handcrafted-fabric-jhola-bag-18-2025-1025-1-18_1.jpg,1125,batik block printing,950,577.748,0.608
handcrafted-fabric-jhola-bag-17-2025-1025-1-17_1.jpg,1125,batik block printing,950,582.986,0.614
handcrafted-fabric-jhola-bag-16-2025-1025-1-16_1.jpg,1125,batik block printing,950,585.788,0.617
handcrafted-fabric-jhola-bag-13-2025-1025-1-13_1.jpg,1125,batik block printing,950,576.134,0.606
handcrafted-fabric-jhola-bag-12-2025-1025-1-12_1.jpg,1125,batik block printing,950,596.875,0.628
handcrafted-fabric-jhola-bag-11-2025-1025-1-11_1.jpg,1125,batik block printing,950,585.463,0.616
handcrafted-fabric-jhola-bag-06-2025-1025-1-6_1.jpg,1125,batik block printing,950,575.373,0.606
handcrafted-fabric-jhola-bag-03-2025-1025-1-3_1.jpg,1125,batik block printing,950,604.169,0.636
handcrafted-cotton-jhola-bag-39-2025-946-1-39_1.jpg,1125,sanganeri block printing,950,788.944,0.83
handcrafted-cotton-jhola-bag-37-2025-946-1-37_1.jpg,1125,sanganeri block printing,950,751.201,0.791
handcrafted-cotton-jhola-bag-36-2025-946-1-36_1.jpg,1125,sanganeri block printing,950,775.372,0.816
handcrafted-cotton-jhola-bag-35-2025-946-1-35_1.jpg,1125,sanganeri block printing,950,823.677,0.867
handcrafted-patchwork-cotton-jhola-bag-32-2025-946-1-32_1.jpg,1125,patchwork,1250,912.136,0.73
handcrafted-cotton-jhola-bag-13-2025-946-1-13_1.jpg,1125,kalamkari block printing,950,791.265,0.833
handcrafted-cotton-jhola-bag-10-2025-946-1-10_1.jpg,1125,ajrakh block printing,1590,870.111,0.547
handcrafted-cotton-jhola-bag-06-2025-946-1-6_1.jpg,1125,ajrakh block printing,1590,814.071,0.512
handcrafted-cotton-jhola-bag-04-2025-946-1-4_1.jpg,1125,ajrakh block printing,1590,797.822,0.502
handcrafted-cotton-jhola-bag-02-2025-946-1-2_1.jpg,1125,ajrakh block printing,1590,806.822,0.507
handcrafted-cotton-jhola-bag-01-2025-946-1-1_1.jpg,1125,ajrakh block printing,1590,863.497,0.543
handcrafted-cotton-jhola-bag-11-2025-913-1-11_1.jpg,1125,sanganeri block printing,950,779.1,0.82
handcrafted-cotton-jhola-bag-10-2025-913-1-10_1.jpg,1125,pochampally ikat weaving,1590,873.391,0.549
handcrafted-cotton-jhola-bag-06-2025-913-1-6_1.jpg,1125,bandhani tie dye,950,837.802,0.882
handcrafted-cotton-jhola-bag-05-2025-913-1-5_1.jpg,1125,bandhani tie dye,950,848.266,0.893
handcrafted-cotton-jhola-bag-04-2025-913-1-4_1.jpg,1125,bandhani tie dye,950,851.331,0.896
handcrafted-cotton-jhola-bag-03-2025-913-1-3_1.jpg,1125,bandhani tie dye,950,848.773,0.893
handcrafted-cotton-jhola-bag-02-2025-913-1-2_1.jpg,1125,bandhani tie dye,950,878.385,0.925
handcrafted-quilted-cotton-hand-bag-01-2024-1389-1-1_1.jpg,1171,bandhani tie dye,850,594.549,0.699
handcrafted-quilted-cotton-hand-bag-02-2024-1389-1-2_1.jpg,1171,bandhani tie dye,850,591.561,0.696
handcrafted-quilted-cotton-hand-bag-04-2024-1389-1-4_1.jpg,1171,bandhani tie dye,850,598.627,0.704
handcrafted-quilted-cotton-hand-bag-03-2024-1389-1-3_1.jpg,1171,bandhani tie dye,850,602.643,0.709
handcrafted-quilted-cotton-hand-bag-05-2024-1389-1-5_1.jpg,1171,bandhani tie dye,850,587.439,0.691
handcrafted-quilted-cotton-hand-bag-06-2024-1389-1-6_1.jpg,1171,bandhani tie dye,850,597.236,0.703
handcrafted-quilted-cotton-hand-bag-07-2024-1389-1-7_1.jpg,1171,bandhani tie dye,850,596.245,0.701
handcrafted-quilted-cotton-hand-bag-01-2024-1404-1-1_1.jpg,1171,bagh block printing,850,581.566,0.684
handcrafted-quilted-cotton-hand-bag-02-2024-1404-1-2_1.jpg,1171,bandhani tie dye,850,605.539,0.712
handcrafted-quilted-cotton-hand-bag-04-2024-1404-1-4_1.jpg,1171,bagh block printing,850,569.748,0.67
handcrafted-quilted-cotton-hand-bag-06-2024-1404-1-6_1.jpg,1171,bagh block printing,850,579.967,0.682
handcrafted-quilted-cotton-hand-bag-09-2024-1404-1-9_1.jpg,1171,bagh block printing,850,586.962,0.691
handcrafted-quilted-cotton-hand-bag-10-2024-1404-1-10_1.jpg,1171,pipad block printing,850,536.726,0.631
handcrafted-quilted-cotton-hand-bag-07-2024-1404-1-7_1.jpg,1171,bindaas block printing,850,580.476,0.683
handcrafted-quilted-cotton-hand-bag-01-2024-1450-1-1_1.jpg,1171,sanganeri block printing,850,539.903,0.635
handcrafted-quilted-cotton-hand-bag-02-2024-1450-1-2_1.jpg,1171,sanganeri block printing,850,561.226,0.66
handcrafted-quilted-cotton-hand-bag-06-2024-1450-1-6_1.jpg,1171,sanganeri block printing,850,531.207,0.625
handcrafted-quilted-cotton-hand-bag-07-2024-1450-1-7_1.jpg,1171,sanganeri block printing,850,517.7,0.609
handcrafted-quilted-cotton-hand-bag-09-2024-1450-1-9_1.jpg,1171,bagh block printing,850,581.382,0.684
handcrafted-quilted-cotton-hand-bag-10-2024-1450-1-10_1.jpg,1171,bagru block printing,850,563.816,0.663
handcrafted-quilted-cotton-hand-bag-11-2024-1450-1-11_1.jpg,1171,sanganeri block printing,850,548.099,0.645
handcrafted-quilted-cotton-hand-bag-12-2024-1450-1-12_1.jpg,1171,pipad block printing,850,545.251,0.641
handcrafted-quilted-cotton-hand-bag-14-2024-1450-1-14_1.jpg,1171,sanganeri block printing,850,538.476,0.634
handcrafted-quilted-cotton-hand-bag-15-2024-1450-1-15_1.jpg,1171,other,850,503.14,0.592
handcrafted-quilted-cotton-hand-bag-17-2024-1450-1-17_1.jpg,1171,sanganeri block printing,850,560.553,0.659
handcrafted-quilted-cotton-hand-bag-19-2024-1450-1-19_1.jpg,1171,sanganeri block printing,850,529.102,0.622
handcrafted-quilted-cotton-hand-bag-21-2024-1450-1-21_1.jpg,1171,sanganeri block printing,850,527.63,0.621
handcrafted-quilted-cotton-hand-bag-25-2024-1450-1-25_1.jpg,1171,bagru block printing,850,564.302,0.664
handcrafted-quilted-cotton-hand-bag-26-2024-1450-1-26_1.jpg,1171,bandhani tie dye,850,609.79,0.717
handcrafted-quilted-cotton-hand-bag-31-2024-1450-1-31_1.jpg,1171,bagru block printing,850,559.55,0.658
handcrafted-quilted-cotton-hand-bag-32-2024-1450-1-32_1.jpg,1171,jaipur printing,850,531.174,0.625
handcrafted-quilted-cotton-hand-bag-33-2024-1450-1-33_1.jpg,1171,kalamkari block printing,850,525.062,0.618
handcrafted-quilted-cotton-hand-bag-37-2024-1450-1-37_1.jpg,1171,jacquard weaving,850,554.912,0.653
handcrafted-quilted-cotton-hand-bag-39-2024-1450-1-39_1.jpg,1171,plain solid,850,508.106,0.598
handcrafted-quilted-cotton-hand-bag-40-2024-1450-1-40_1.jpg,1171,bandhani tie dye,850,604.744,0.711
handcrafted-quilted-cotton-hand-bag-23-2024-1450-1-23_1.jpg,1171,sanganeri block printing,850,568.537,0.669
handcrafted-quilted-cotton-hand-bag-41-2024-1450-1-41_1.jpg,1171,jaipur printing,850,510.352,0.6
handcrafted-quilted-cotton-hand-bag-43-2024-1450-1-43_1.jpg,1171,bagru block printing,850,554.044,0.652
handcrafted-quilted-cotton-hand-bag-45-2024-1450-1-45_1.jpg,1171,bagh block printing,850,606.973,0.714
handcrafted-quilted-cotton-hand-bag-48-2024-1450-1-48_1.jpg,1171,bagru block printing,850,554.301,0.652
handcrafted-quilted-cotton-hand-bag-50-2024-1450-1-50_1.jpg,1171,sanganeri block printing,850,538.146,0.633
handcrafted-quilted-cotton-hand-bag-56-2024-1450-1-56_1.jpg,1171,sanganeri block printing,850,570.195,0.671
handcrafted-quilted-cotton-hand-bag-63-2024-1450-1-63_1.jpg,1171,other,850,507.689,0.597
handcrafted-quilted-cotton-hand-bag-64-2024-1450-1-64_1.jpg,1171,sanganeri block printing,850,520.692,0.613
handcrafted-quilted-cotton-hand-bag-66-2024-1450-1-66_1.jpg,1171,bagru block printing,850,542.829,0.639
handcrafted-quilted-cotton-hand-bag-91-2024-1450-1-91_1.jpg,1171,pipad block printing,850,515.453,0.606
handcrafted-quilted-cotton-hand-bag-92-2024-1450-1-92_1.jpg,1171,pipad block printing,850,527.213,0.62
handcrafted-quilted-cotton-hand-bag-93-2024-1450-1-93_1.jpg,1171,bindaas block printing,850,593.121,0.698
handcrafted-quilted-cotton-hand-bag-94-2024-1450-1-94_1.jpg,1171,bindaas block printing,850,591.599,0.696
handcrafted-quilted-cotton-hand-bag-98-2024-1450-1-98_1.jpg,1171,bindaas block printing,850,581.741,0.684
handcrafted-quilted-cotton-hand-bag-72-2024-1450-1-72_1.jpg,1171,kalamkari block printing,850,532.703,0.627
handcrafted-quilted-cotton-hand-bag-74-2024-1450-1-74_1.jpg,1171,sanganeri block printing,850,572.458,0.673
handcrafted-quilted-cotton-hand-bag-77-2024-1450-1-77_1.jpg,1171,kalamkari block printing,850,531.879,0.626
handcrafted-quilted-cotton-hand-bag-78-2024-1450-1-78_1.jpg,1171,sanganeri block printing,850,543.984,0.64
handcrafted-quilted-cotton-hand-bag-82-2024-1450-1-82_1.jpg,1171,kalamkari block printing,850,531.879,0.626
handcrafted-quilted-cotton-hand-bag-83-2024-1450-1-83_1.jpg,1171,kalamkari block printing,850,562.179,0.661
handcrafted-quilted-cotton-hand-bag-84-2024-1450-1-84_1.jpg,1171,ajrakh block printing,850,606.794,0.714
handcrafted-quilted-cotton-hand-bag-85-2024-1450-1-85_1.jpg,1171,ajrakh block printing,850,582.892,0.686
handcrafted-quilted-cotton-hand-bag-86-2024-1450-1-86_1.jpg,1171,ajrakh block printing,850,557.944,0.656
handcrafted-quilted-cotton-hand-bag-87-2024-1450-1-87_1.jpg,1171,kalamkari block printing,850,516.25,0.607
handcrafted-quilted-cotton-hand-bag-89-2024-1450-1-89_1.jpg,1171,kalamkari block printing,850,532.703,0.627
handcrafted-quilted-cotton-hand-bag-01-2024-1469-1-1_1.jpg,1171,bagh block printing,850,586.418,0.69
handcrafted-quilted-cotton-hand-bag-02-2024-1469-1-2_1.jpg,1171,bindaas block printing,850,594.355,0.699
handcrafted-quilted-cotton-hand-bag-03-2024-1469-1-3_1.jpg,1171,bagh block printing,850,577.643,0.68
handcrafted-quilted-cotton-hand-bag-04-2024-1469-1-4_1.jpg,1171,sanganeri block printing,850,556.004,0.654
handcrafted-quilted-cotton-hand-bag-06-2024-1469-1-6_1.jpg,1171,bagh block printing,850,572.46,0.673
handcrafted-quilted-cotton-hand-bag-07-2024-1469-1-7_1.jpg,1171,bindaas block printing,850,586.047,0.689
handcrafted-quilted-cotton-hand-bag-09-2024-1469-1-9_1.jpg,1171,jaipur printing,850,537.812,0.633
handcrafted-quilted-cotton-hand-bag-10-2024-1469-1-10_1.jpg,1171,bindaas block printing,850,592.163,0.697
handcrafted-quilted-cotton-hand-bag-12-2024-1469-1-12_1.jpg,1171,sanganeri block printing,850,555.781,0.654
handcrafted-quilted-cotton-hand-bag-14-2024-1469-1-14_1.jpg,1171,bindaas block printing,850,621.34,0.731
handcrafted-quilted-cotton-hand-bag-15-2024-1469-1-15_1.jpg,1171,bagh block printing,850,606.126,0.713
handcrafted-quilted-cotton-hand-bag-16-2024-1469-1-16_1.jpg,1171,akola block printing,850,601.305,0.707
handcrafted-quilted-cotton-hand-bag-17-2024-1469-1-17_1.jpg,1171,bindaas block printing,850,593.288,0.698
handcrafted-quilted-cotton-hand-bag-18-2024-1469-1-18_1.jpg,1171,bagru block printing,850,555.836,0.654
handcrafted-quilted-cotton-hand-bag-19-2024-1469-1-19_1.jpg,1171,bindaas block printing,850,616.463,0.725
handcrafted-quilted-cotton-hand-bag-20-2024-1469-1-20_1.jpg,1171,sanganeri block printing,850,554.42,0.652
handcrafted-quilted-cotton-handbag-02-2024-1499-1-2_1.jpg,1171,akola block printing,850,882.772,1.039
handcrafted-quilted-cotton-handbag-04-2024-1499-1-4_1.jpg,1171,bindaas block printing,850,849.149,0.999
handcrafted-quilted-cotton-handbag-05-2024-1499-1-5_1.jpg,1171,batik block printing,850,777.846,0.915
handcrafted-quilted-cotton-handbag-06-2024-1499-1-6_1.jpg,1171,akola block printing,850,874.968,1.029
handcrafted-quilted-cotton-handbag-07-2024-1499-1-7_1.jpg,1171,sanganeri block printing,850,783.349,0.922
handcrafted-quilted-cotton-handbag-10-2024-1499-1-10_1.jpg,1171,pipad block printing,850,772.341,0.909
handcrafted-quilted-cotton-handbag-12-2024-1499-1-12_1.jpg,1171,bagru block printing,850,877.146,1.032
handcrafted-quilted-cotton-handbag-13-2024-1499-1-13_1.jpg,1171,bagru block printing,850,797.521,0.938
handcrafted-quilted-cotton-handbag-14-2024-1499-1-14_1.jpg,1171,bagru block printing,850,870.549,1.024
kala-raksha-jat-hand-embroidered-cotton-coin-purse-53-2024-1159-1-53_1.jpg,1180,kutch embroidery,990,1349.862,1.363
handcrafted-cotton-frill-jhola-bag-78-2024-1072-1-78_1.jpg,1185,plain solid,950,594.039,0.625
handcrafted-cotton-frill-jhola-bag-75-2024-1072-1-75_1.jpg,1185,kalamkari screen printing,950,585.099,0.616
handcrafted-cotton-frill-jhola-bag-62-2024-1072-1-62_1.jpg,1185,hand block printing,950,626.022,0.659
handcrafted-cotton-frill-jhola-bag-61-2024-1072-1-61_1.jpg,1185,kalamkari screen printing,950,620.466,0.653
handcrafted-cotton-frill-jhola-bag-55-2024-1072-1-55_1.jpg,1185,batik block printing,950,608.19,0.64
handcrafted-cotton-frill-jhola-bag-49-2024-1072-1-49_1.jpg,1185,jacquard weaving,950,627.773,0.661
handcrafted-cotton-frill-jhola-bag-48-2024-1072-1-48_1.jpg,1185,bagh block printing,950,653.43,0.688
handcrafted-cotton-frill-jhola-bag-46-2024-1072-1-46_1.jpg,1185,kalamkari screen printing,950,590.683,0.622
handcrafted-cotton-frill-jhola-bag-25-2024-1072-1-25_1.jpg,1185,ajrakh block printing,1590,661.739,0.416
handcrafted-cotton-frill-jhola-bag-17-2024-1072-1-17_1.jpg,1185,bagh block printing,950,645.721,0.68
handcrafted-cotton-frill-jhola-bag-15-2024-1072-1-15_1.jpg,1185,jacquard weaving,950,607.587,0.64
handcrafted-cotton-frill-jhola-bag-14-2024-1072-1-14_1.jpg,1185,bagru block printing,950,631.368,0.665
handcrafted-cotton-frill-jhola-bag-11-2024-1072-1-11_1.jpg,1185,kalamkari screen printing,950,644.512,0.678
handcrafted-cotton-frill-jhola-bag-10-2024-1072-1-10_1.jpg,1185,jacquard weaving,950,605.103,0.637
handcrafted-cotton-frill-jhola-bag-08-2024-1072-1-8_1.jpg,1185,batik block printing,950,609.276,0.641
handcrafted-cotton-frill-jhola-bag-07-2024-1072-1-7_1.jpg,1185,kalamkari screen printing,950,586.821,0.618
handcrafted-cotton-frill-jhola-bag-06-2024-1072-1-6_1.jpg,1185,plain solid,950,548.746,0.578
handcrafted-cotton-frill-jhola-bag-04-2024-1072-1-4_1.jpg,1185,pochampally ikat weaving,950,667.034,0.702
handcrafted-cotton-frill-jhola-bag-02-2024-1072-1-2_1.jpg,1185,kalamkari screen printing,950,628.359,0.661
handcrafted-cotton-frill-jhola-bag-01-2024-1072-1-1_1.jpg,1185,kalamkari screen printing,950,586.256,0.617
handmade-cotton-shopping-hand-bag-28-2024-974-1-28_1.jpg,1186,ajrakh block printing,750,629.418,0.839
handmade-cotton-shopping-hand-bag-27-2024-974-1-27_1.jpg,1186,handmade,750,679.399,0.906
handmade-cotton-shopping-hand-bag-26-2024-974-1-26_1.jpg,1186,handmade,750,682.898,0.911
handmade-cotton-shopping-hand-bag-25-2024-974-1-25_1.jpg,1186,handmade,750,699.65,0.933
handmade-cotton-shopping-hand-bag-23-2024-974-1-23_1.jpg,1186,handmade,750,691.664,0.922
handmade-cotton-shopping-hand-bag-20-2024-974-1-20_1.jpg,1186,jacquard weaving,750,612.184,0.816
handmade-cotton-shopping-hand-bag-19-2024-974-1-19_1.jpg,1186,handmade,750,709.19,0.946
handmade-cotton-shopping-hand-bag-17-2024-974-1-17_1.jpg,1186,jacquard weaving,750,615.311,0.82
handmade-cotton-shopping-hand-bag-16-2024-974-1-16_1.jpg,1186,kalamkari block printing,750,606.684,0.809
handmade-cotton-shopping-hand-bag-15-2024-974-1-15_1.jpg,1186,pochampally ikat weaving,750,663.7,0.885
handmade-cotton-shopping-hand-bag-14-2024-974-1-14_1.jpg,1186,ajrakh block printing,750,622.333,0.83
handmade-cotton-shopping-hand-bag-12-2024-974-1-12_1.jpg,1186,handmade,750,663.883,0.885
handmade-cotton-shopping-hand-bag-11-2024-974-1-11_1.jpg,1186,sanganeri block printing,750,597.131,0.796
handmade-cotton-shopping-hand-bag-09-2024-974-1-9_1.jpg,1186,handmade,750,677.623,0.903
handmade-cotton-shopping-hand-bag-08-2024-974-1-8_1.jpg,1186,handmade,750,706.514,0.942
handmade-cotton-shopping-hand-bag-07-2024-974-1-7_1.jpg,1186,bagh block printing,750,640.681,0.854
handmade-cotton-shopping-hand-bag-06-2024-974-1-6_1.jpg,1186,handmade,750,672.911,0.897
handmade-cotton-shopping-hand-bag-05-2024-974-1-5_1.jpg,1186,kalamkari block printing,750,573.265,0.764
handmade-cotton-shopping-hand-bag-04-2024-974-1-4_1.jpg,1186,handmade,750,677.714,0.904
handmade-cotton-shopping-hand-bag-03-2024-974-1-3_1.jpg,1186,handmade,750,669.768,0.893
handmade-cotton-shopping-hand-bag-02-2024-974-1-2_1.jpg,1186,running stitch,750,521.698,0.696
handcrafted-cotton-frill-jhola-bag-60-2024-972-1-60_1.jpg,1185,batik block printing,950,609.541,0.642
handcrafted-cotton-frill-jhola-bag-47-2024-972-1-47_1.jpg,1185,batik block printing,950,604.629,0.636
handcrafted-cotton-frill-jhola-bag-37-2024-972-1-37_1.jpg,1185,batik block printing,950,608.948,0.641
handcrafted-cotton-frill-jhola-bag-25-2024-972-1-25_1.jpg,1185,bandhani tie dye,950,692.846,0.729
handcrafted-cotton-frill-jhola-bag-17-2024-972-1-17_1.jpg,1185,batik block printing,950,615.161,0.648
handcrafted-cotton-frill-jhola-bag-16-2024-972-1-16_1.jpg,1185,batik block printing,950,612.512,0.645
handcrafted-cotton-frill-jhola-bag-15-2024-972-1-15_1.jpg,1185,batik block printing,950,612.987,0.645
handcrafted-cotton-frill-jhola-bag-14-2024-972-1-14_1.jpg,1185,batik block printing,950,617.324,0.65
handcrafted-cotton-frill-jhola-bag-12-2024-972-1-12_1.jpg,1185,other,950,555.973,0.585
handcrafted-cotton-frill-jhola-bag-11-2024-972-1-11_1.jpg,1185,batik block printing,950,626.747,0.66
handcrafted-cotton-frill-jhola-bag-10-2024-972-1-10_1.jpg,1185,sanganeri block printing,950,627.856,0.661
handcrafted-cotton-frill-jhola-bag-09-2024-972-1-9_1.jpg,1185,bagh block printing,950,646.871,0.681
handcrafted-cotton-frill-jhola-bag-08-2024-972-1-8_1.jpg,1185,batik block printing,950,594.164,0.625
handcrafted-cotton-frill-jhola-bag-07-2024-972-1-7_1.jpg,1185,batik block printing,950,606.134,0.638
handcrafted-cotton-frill-jhola-bag-06-2024-972-1-6_1.jpg,1185,sanganeri block printing,950,584.964,0.616
handcrafted-cotton-frill-jhola-bag-04-2024-972-1-4_1.jpg,1185,shibori tie dye,950,665.28,0.7
handcrafted-cotton-frill-jhola-bag-03-2024-972-1-3_1.jpg,1185,plain solid,950,556.829,0.586
handmade-cotton-shopping-hand-bag-01-2024-974-1-1_1.jpg,1186,handmade,750,676.178,0.902
handcrafted-cotton-frill-jhola-bag-01-2024-972-1-1_1.jpg,1185,plain solid,950,584.865,0.616
2024-925-1-45-handcrafted-cotton-frill-jhola-bag-45_1.jpg,1185,batik block printing,950,623.507,0.656
2024-925-1-37-handcrafted-cotton-frill-jhola-bag-37_1.jpg,1185,kalamkari block printing,950,580.762,0.611
2024-925-1-31-handcrafted-cotton-frill-jhola-bag-31_1.jpg,1185,batik block printing,950,586.566,0.617
2024-925-1-30-handcrafted-cotton-frill-jhola-bag-30_1.jpg,1185,bagru block printing,950,641.032,0.675
2024-925-1-29-handcrafted-cotton-frill-jhola-bag-29_1.jpg,1185,batik block printing,950,599.681,0.631
2024-925-1-16-handcrafted-cotton-frill-jhola-bag-16_1.jpg,1185,batik block printing,950,600.813,0.632
2024-925-1-15-handcrafted-cotton-frill-jhola-bag-15_1.jpg,1185,bagru block printing,950,682.384,0.718
2024-925-1-3-handcrafted-cotton-frill-jhola-bag-03_1.jpg,1185,batik block printing,950,597.57,0.629
2024-924-1-10-handmade-cotton-shopping-hand-bag-10_1.jpg,1186,handmade,750,682.676,0.91
2024-924-1-9-handmade-cotton-shopping-hand-bag-09_1.jpg,1186,plain solid,750,557.993,0.744
2024-924-1-8-handmade-cotton-shopping-hand-bag-08_1.jpg,1186,handmade,750,682.295,0.91
2024-924-1-7-handmade-cotton-shopping-hand-bag-7_1.jpg,1186,bagru block printing,750,586.092,0.781
2024-924-1-6-handmade-cotton-shopping-hand-bag-06_1.jpg,1186,handmade,750,672.911,0.897
2024-924-1-5-handmade-cotton-shopping-hand-bag-05_1.jpg,1186,handmade,750,662.919,0.884
2024-924-1-4-handmade-cotton-shopping-hand-bag-04_1.jpg,1186,handmade,750,672.009,0.896
2024-924-1-3-handmade-cotton-shopping-hand-bag-03_1.jpg,1186,sanganeri block printing,750,560.768,0.748
2024-924-1-2-handmade-cotton-shopping-hand-bag-02_1.jpg,1186,ajrakh block printing,750,678.602,0.905
handmade-cotton-shopping-hand-bag-01_1.jpg,1186,ajrakh block printing,750,670.993,0.895
2024-317-1-80-handcrafted-quilted-cotton-hand-bag-80_1.jpg,1171,jacquard weaving,850,464.031,0.546
2024-317-1-79-handcrafted-quilted-cotton-hand-bag-79_1.jpg,1171,shibori tie dye,850,514.748,0.606
2024-317-1-78-handcrafted-quilted-cotton-hand-bag-78_1.jpg,1171,shibori tie dye,850,498.577,0.587
2024-317-1-76-handcrafted-quilted-cotton-hand-bag-76_1.jpg,1171,shibori tie dye,850,490.675,0.577
2024-317-1-73-handcrafted-quilted-cotton-hand-bag-73_1.jpg,1171,ajrakh block printing,850,488.024,0.574
2024-317-1-71-handcrafted-quilted-cotton-hand-bag-71_1.jpg,1171,ajrakh block printing,850,483.143,0.568
2024-317-1-65-handcrafted-quilted-cotton-hand-bag-65_1.jpg,1171,ajrakh block printing,850,483.143,0.568
2024-317-1-64-handcrafted-quilted-cotton-hand-bag-64_1.jpg,1171,ajrakh block printing,850,487.762,0.574
2024-317-1-63-handcrafted-quilted-cotton-hand-bag-63_1.jpg,1171,pochampally ikat weaving,850,512.724,0.603
2024-317-1-61-handcrafted-quilted-cotton-hand-bag-61_1.jpg,1171,pochampally ikat weaving,850,515.77,0.607
2024-317-1-60-handcrafted-quilted-cotton-hand-bag-60_1.jpg,1171,pochampally ikat weaving,850,523.277,0.616
2024-317-1-55-handcrafted-quilted-cotton-hand-bag-55_1.jpg,1171,sanganeri block printing,850,461.929,0.543
2024-317-1-52-handcrafted-quilted-cotton-hand-bag-52_1.jpg,1171,sanganeri block printing,850,462.191,0.544
2024-317-1-51-handcrafted-quilted-cotton-hand-bag-51_1.jpg,1171,sanganeri block printing,850,461.734,0.543
2024-317-1-50-handcrafted-quilted-cotton-hand-bag-50_1.jpg,1171,sanganeri block printing,850,458.843,0.54
2024-317-1-47-handcrafted-quilted-cotton-hand-bag-47_1.jpg,1171,sanganeri block printing,850,467.136,0.55
2024-317-1-46-handcrafted-quilted-cotton-hand-bag-46_1.jpg,1171,sanganeri block printing,850,489.251,0.576
2024-317-1-45-handcrafted-quilted-cotton-hand-bag-45_1.jpg,1171,sanganeri block printing,850,469.712,0.553
2024-317-1-44-handcrafted-quilted-cotton-hand-bag-44_1.jpg,1171,sanganeri block printing,850,461.964,0.543
2024-317-1-42-handcrafted-quilted-cotton-hand-bag-42_1.jpg,1171,sanganeri block printing,850,464.083,0.546
2024-317-1-37-handcrafted-quilted-cotton-hand-bag-37_1.jpg,1171,sanganeri block printing,850,462.217,0.544
2024-317-1-36-handcrafted-quilted-cotton-hand-bag-36_1.jpg,1171,sanganeri block printing,850,467.112,0.55
2024-317-1-35-handcrafted-quilted-cotton-hand-bag-35_1.jpg,1171,sanganeri block printing,850,466.53,0.549
2024-317-1-33-handcrafted-quilted-cotton-hand-bag-33_1.jpg,1171,sanganeri block printing,850,468.738,0.551
2024-317-1-32-handcrafted-quilted-cotton-hand-bag-32_1.jpg,1171,ajrakh block printing,850,493.767,0.581
2024-317-1-27-handcrafted-quilted-cotton-hand-bag-27_1.jpg,1171,kalamkari block printing,850,479.734,0.564
2024-317-1-26-handcrafted-quilted-cotton-hand-bag-26_1.jpg,1171,kalamkari block printing,850,480.151,0.565
2024-317-1-25-handcrafted-quilted-cotton-hand-bag-25_1.jpg,1171,kalamkari block printing,850,476.37,0.56
2024-317-1-24-handcrafted-quilted-cotton-hand-bag-24_1.jpg,1171,bagru block printing,850,487.279,0.573
2024-317-1-22-handcrafted-quilted-cotton-hand-bag-22_1.jpg,1171,kalamkari block printing,850,461.306,0.543
2024-317-1-21-handcrafted-quilted-cotton-hand-bag-21_1.jpg,1171,kalamkari block printing,850,458.997,0.54
2024-317-1-20-handcrafted-quilted-cotton-hand-bag-20_1.jpg,1171,kalamkari block printing,850,457.287,0.538
2024-317-1-19-handcrafted-quilted-cotton-hand-bag-19_1.jpg,1171,kalamkari block printing,850,455.177,0.536
2024-317-1-18-handcrafted-quilted-cotton-hand-bag-18_1.jpg,1171,kalamkari block printing,850,454.266,0.534
2024-317-1-16-handcrafted-quilted-cotton-hand-bag-16_1.jpg,1171,kalamkari block printing,850,481.27,0.566
2024-317-1-14-handcrafted-quilted-cotton-hand-bag-14_1.jpg,1171,kalamkari block printing,850,458.705,0.54
2024-317-1-13-handcrafted-quilted-cotton-hand-bag-13_1.jpg,1171,kalamkari block printing,850,439.885,0.518
2024-317-1-12-handcrafted-quilted-cotton-hand-bag-12_1.jpg,1171,kalamkari block printing,850,487.656,0.574
2024-317-1-11-handcrafted-quilted-cotton-hand-bag-11_1.jpg,1171,kalamkari block printing,850,463.389,0.545
2024-317-1-10-handcrafted-quilted-cotton-hand-bag-10_1.jpg,1171,kalamkari block printing,850,479.641,0.564
2024-317-1-9-handcrafted-quilted-cotton-hand-bag-09_1.jpg,1171,kalamkari block printing,850,460.715,0.542
2024-317-1-8-handcrafted-quilted-cotton-hand-bag-08_1.jpg,1171,kalamkari block printing,850,455.33,0.536
2024-317-1-6-handcrafted-quilted-cotton-hand-bag-06_1.jpg,1171,kalamkari block printing,850,455.13,0.535
2024-317-1-3-handcrafted-quilted-cotton-hand-bag-03_1.jpg,1171,kalamkari block printing,850,453.293,0.533
2024-317-1-1-handcrafted-quilted-cotton-hand-bag-01_1.jpg,1171,kalamkari block printing,850,444.001,0.522
2024-272-1-25-handcrafted-quilted-cotton-hand-bag-25_1.jpg,1171,kalamkari block printing,850,473.874,0.557
2024-272-1-24-handcrafted-quilted-cotton-hand-bag-24_1.jpg,1171,kalamkari block printing,850,479.543,0.564
2024-272-1-23-handcrafted-quilted-cotton-hand-bag-23_1.jpg,1171,ajrakh block printing,850,490.455,0.577
2024-272-1-22-handcrafted-quilted-cotton-hand-bag-22_1.jpg,1171,kalamkari block printing,850,495.681,0.583
2024-272-1-19-handcrafted-quilted-cotton-hand-bag-19_1.jpg,1171,kalamkari block printing,850,455.177,0.536
2024-272-1-18-handcrafted-quilted-cotton-hand-bag-18_1.jpg,1171,kalamkari block printing,850,477.393,0.562
2024-272-1-17-handcrafted-quilted-cotton-hand-bag-17_1.jpg,1171,ajrakh block printing,850,496.627,0.584
2024-272-1-15-handcrafted-quilted-cotton-hand-bag-15_1.jpg,1171,kalamkari block printing,850,452.124,0.532
2024-272-1-13-handcrafted-quilted-cotton-hand-bag-13_1.jpg,1171,kalamkari block printing,850,452.105,0.532
2024-272-1-8-handcrafted-quilted-cotton-hand-bag-08_1.jpg,1171,ajrakh block printing,850,508.235,0.598
2024-272-1-9-handcrafted-quilted-cotton-hand-bag-09_1.jpg,1171,ajrakh block printing,850,489.46,0.576
2024-272-1-5-handcrafted-quilted-cotton-hand-bag-05_1.jpg,1171,ajrakh block printing,850,483.744,0.569
2024-272-1-4-handcrafted-quilted-cotton-hand-bag-04_1.jpg,1171,ajrakh block printing,850,489.536,0.576
2024-272-1-2-handcrafted-quilted-cotton-hand-bag-02_1.jpg,1171,ajrakh block printing,850,513.46,0.604
2024-109-1-21-handmade-bagru-block-printed-cotton-shopping-bag-21_1.jpg,1202,bagru block printing,590,592.771,1.005
2024-109-1-18-handmade-ajrakh-block-printed-cotton-shopping-bag-18_1.jpg,1202,ajrakh block printing,590,620.333,1.051
2024-109-1-17-handmade-indigo-block-printed-cotton-shopping-bag-17_1.jpg,1202,bagru block printing,590,617.191,1.046
2024-109-1-14-handmade-ajrakh-block-printed-cotton-shopping-bag-14_1.jpg,1202,ajrakh block printing,590,601.502,1.019
2024-109-1-8-handmade-bagru-block-printed-cotton-shopping-bag-08_1.jpg,1202,bagru block printing,590,600.184,1.017
2024-109-1-12-handmade-ajrakh-block-printed-cotton-shopping-bag-12_1.jpg,1202,ajrakh block printing,590,599.538,1.016
2024-109-1-1-handmade-ajrakh-block-printed-cotton-shopping-bag-11_1.jpg,1202,ajrakh block printing,590,649.605,1.101
2024-109-1-7-handmade-ajrakh-block-printed-cotton-shopping-bag-07_1.jpg,1202,ajrakh block printing,590,583.731,0.989
2024-109-1-6-handmade-ajrakh-block-printed-cotton-shopping-bag-06_1.jpg,1202,ajrakh block printing,590,584.707,0.991
2024-109-1-2-handmade-ajrakh-block-printed-cotton-shopping-bag-02_1.jpg,1202,ajrakh block printing,590,649.454,1.101
2024-109-1-13-handmade-indigo-block-printed-cotton-shopping-bag-13_1.jpg,1202,bagru block printing,590,600.526,1.018
2024-109-1-20-handmade-bindaas-block-printed-cotton-shopping-bag-20_1.jpg,1202,bindaas block printing,590,647.762,1.098
2024-109-1-19-handmade-bagh-block-printed-cotton-shopping-bag-19_1.jpg,1202,bagh block printing,590,678.358,1.15
2024-109-1-9-handmade-nui-shibori-tie-dye-cotton-shopping-bag-09_1.jpg,1202,shibori tie dye,590,495.15,0.839
2024-109-1-4-handmade-akola-block-printed-cotton-shopping-bag-04_1.jpg,1202,akola block printing,590,651.831,1.105
2024-109-1-3-handmade-bagru-block-printed-cotton-shopping-bag-03_1.jpg,1202,bagru block printing,590,588.348,0.997
2024-109-1-1-handmade-ajrakh-block-printed-cotton-shopping-bag-01_1.jpg,1202,ajrakh block printing,590,594.861,1.008
2024-036-1-24-hand-batik-printed-quilted-cotton-sling-bag-24_1.jpg,1171,batik block printing,390,786.623,2.017
2024-036-1-12-hand-batik-printed-quilted-cotton-sling-bag-12_1.jpg,1171,batik block printing,390,815.001,2.09
2024-036-1-1-hand-batik-printed-quilted-cotton-sling-bag-01_1.jpg,1171,batik block printing,390,785.226,2.013
2023-1564-1-11-jugaad-handmade-running-stitch-cotton-flap-sling-bag_1.jpg,1207,hand block printing,1100,1182.881,1.075
2023-1496-1-22-handmade-shibori-tie-dye-cotton-shopping-bag_1.jpg,1202,shibori tie dye,590,443.805,0.752
2023-1496-1-19-handmade-shibori-tie-dye-cotton-shopping-bag_1.jpg,1202,shibori tie dye,590,473.772,0.803
2023-1496-1-17-handmade-sanganeri-block-printed-cotton-shopping-bag_1.jpg,1202,sanganeri block printing,590,558.035,0.946
2023-1496-1-8-handmade-pipad-block-printed-cotton-shopping-bag_1.jpg,1202,pipad block printing,590,515.361,0.873
2023-1496-1-7-handmade-ajrakh-block-printed-cotton-shopping-bag_1.jpg,1202,ajrakh block printing,590,630.138,1.068
2023-1496-1-5-handmade-jacquard-cotton-shopping-bag_1.jpg,1202,jacquard weaving,590,459.426,0.779
2023-1496-1-4-handmade-ajrakh-block-printed-cotton-shopping-bag_1.jpg,1202,ajrakh block printing,590,630.138,1.068
2023-1496-1-6-handmade-pipad-block-printed-cotton-shopping-bag_1.jpg,1202,pipad block printing,590,515.361,0.873
2023-1496-1-15-handmade-shibori-tie-dye-cotton-shopping-bag_1.jpg,1202,shibori tie dye,590,467.585,0.793
2023-1496-1-11-handmade-jaipur-printed-cotton-shopping-bag_1.jpg,1202,jaipur printing,590,548.648,0.93
2023-1496-1-2-handmade-bagh-block-printed-cotton-shopping-bag_1.jpg,1202,bagh block printing,590,779.219,1.321
2023-1496-1-1-handmade-jacquard-cotton-shopping-bag_1.jpg,1202,jacquard weaving,590,435.215,0.738
2023-1222-2-45-handmade-gamcha-fabric-embroiderd-canvas-cotton-sling-bag_1.jpg,1209,fabart,2250,1002.982,0.446
2023-1222-2-42-handmade-gamcha-fabric-embroiderd-canvas-cotton-sling-bag_1.jpg,1209,fabart,2250,964.476,0.429
2023-1222-2-40-handmade-gamcha-fabric-kantha-work-canvas-cotton-sling-bag_1.jpg,1209,fabart,2690,1154.495,0.429
2023-1222-2-37-handmade-gamcha-fabric-kantha-work-canvas-cotton-sling-bag_1.jpg,1209,fabart,2690,1154.495,0.429
2023-1222-2-34-handmade-gamcha-fabric-kantha-work-tote-bag_1.jpg,1210,fabart,2950,1181.304,0.4
2023-1222-2-33-handmade-gamcha-fabric-kantha-work-tote-bag_1.jpg,1210,fabart,2950,1174.922,0.398
2023-1222-2-31-handmade-gamcha-fabric-kantha-work-tote-bag_1.jpg,1210,fabart,2950,1191.22,0.404
2023-1222-2-29-handmade-gamcha-fabric-kantha-work-tote-bag_1.jpg,1210,fabart,2950,1191.22,0.404
2023-1222-2-27-handmade-gamcha-fabric-kantha-work-tote-bag_1.jpg,1210,fabart,2950,1186.552,0.402
2023-1222-2-25-handmade-gamcha-fabric-kantha-work-tote-bag_1.jpg,1210,fabart,2950,1191.22,0.404
2023-1222-2-24-handmade-gamcha-fabric-kantha-work-tote-bag_1.jpg,1210,fabart,2950,1181.304,0.4
2023-1222-2-23-handmade-gamcha-fabric-kantha-work-tote-bag_1.jpg,1210,fabart,2950,1191.22,0.404
2023-1222-2-20-handmade-gamcha-fabric-kantha-work-tote-bag_1.jpg,1210,fabart,2950,1181.304,0.4
2023-1222-2-18-handmade-gamcha-fabric-kantha-work-tote-bag_1.jpg,1210,fabart,2950,1209.044,0.41
2023-1222-2-17-handmade-gamcha-fabric-kantha-work-tote-bag_1.jpg,1210,fabart,2950,1191.22,0.404
2023-1222-2-16-handmade-gamcha-fabric-kantha-work-tote-bag_1.jpg,1210,fabart,2950,1209.044,0.41
2023-1222-2-15-handmade-gamcha-fabric-kantha-work-tote-bag_1.jpg,1210,fabart,2950,1191.22,0.404
2023-1222-2-13-handmade-gamcha-fabric-kantha-work-tote-bag_1.jpg,1210,fabart,2950,1191.22,0.404
2023-1222-2-12-handmade-gamcha-fabric-kantha-work-tote-bag_1.jpg,1210,fabart,2950,1191.22,0.404
2023-1222-2-36-handmade-gamcha-fabric-kantha-work-canvas-cotton-sling-bag_1.jpg,1209,fabart,2690,1116.731,0.415
2023-1222-2-11-handmade-gamcha-fabric-kantha-work-tote-bag_1.jpg,1210,fabart,2950,1191.22,0.404
2023-1201-1-37-handmade-organic-water-hyacinth-sling-bag-from-assam_1.jpg,1131,assamese,2690,2969.905,1.104
2023-1201-1-35-handmade-organic-water-hyacinth-sling-bag-from-assam_1.jpg,1131,assamese,2690,2984.163,1.109
2023-1201-1-33-handmade-organic-water-hyacinth-sling-bag-from-assam_1.jpg,1131,assamese,2690,2984.163,1.109
2023-1070-3-56-handcrafted-jacquard-weave-leather-wallet_1.jpg,1216,shantiniketan leather craft,2190,942.618,0.43
2023-1070-3-54-handcrafted-jacquard-weave-leather-wallet_1.jpg,1216,shantiniketan leather craft,2190,925.859,0.423
2023-1070-3-53-handcrafted-jacquard-weave-leather-wallet_1.jpg,1216,shantiniketan leather craft,2190,929.564,0.424
2023-1070-3-52-handcrafted-jacquard-weave-leather-wallet_1.jpg,1216,shantiniketan leather craft,2190,925.859,0.423
2023-1070-3-51-handcrafted-jacquard-weave-leather-wallet_1.jpg,1216,shantiniketan leather craft,2190,929.564,0.424
2023-1070-3-50-handcrafted-jacquard-weave-leather-wallet_1.jpg,1216,shantiniketan leather craft,2190,929.564,0.424
2023-1070-3-49-handcrafted-jacquard-weave-leather-wallet_1.jpg,1216,shantiniketan leather craft,2190,942.618,0.43
2023-1070-3-48-handcrafted-jacquard-weave-leather-wallet_1.jpg,1216,shantiniketan leather craft,2190,942.618,0.43
2023-1070-3-47-handcrafted-jacquard-weave-leather-wallet_1.jpg,1216,shantiniketan leather craft,2190,956.45,0.437
2023-1070-3-46-handcrafted-jacquard-weave-leather-wallet_1.jpg,1216,shantiniketan leather craft,2190,911.075,0.416
2023-1070-3-45-handcrafted-jacquard-weave-leather-wallet_1.jpg,1216,shantiniketan leather craft,2190,942.618,0.43
2023-1070-3-44-handcrafted-jacquard-weave-leather-wallet_1.jpg,1216,shantiniketan leather craft,2190,946.251,0.432
2023-1070-3-43-handcrafted-jacquard-weave-leather-wallet_1.jpg,1216,shantiniketan leather craft,2190,942.618,0.43
2023-1070-3-42-handcrafted-jacquard-weave-leather-wallet_1.jpg,1216,shantiniketan leather craft,2190,929.564,0.424
2023-1070-3-41-handcrafted-jacquard-weave-leather-wallet_1.jpg,1216,shantiniketan leather craft,2190,946.251,0.432
2023-1070-3-40-handcrafted-jacquard-weave-leather-wallet_1.jpg,1216,shantiniketan leather craft,2190,911.075,0.416
2023-1070-3-39-handcrafted-jacquard-weave-leather-wallet_1.jpg,1216,shantiniketan leather craft,2190,956.45,0.437
2023-1070-3-38-handcrafted-jacquard-weave-leather-wallet_1.jpg,1216,shantiniketan leather craft,2190,929.564,0.424
2023-1070-3-37-handcrafted-jacquard-weave-leather-wallet_1.jpg,1216,shantiniketan leather craft,2190,927.244,0.423
2023-1070-3-36-handcrafted-jacquard-weave-leather-wallet_1.jpg,1216,shantiniketan leather craft,2190,942.618,0.43
2023-1070-3-35-handcrafted-jacquard-weave-leather-wallet_1.jpg,1216,shantiniketan leather craft,2190,938.237,0.428
2023-1070-3-32-handcrafted-ikat-weave-leather-wallet_1.jpg,1216,shantiniketan leather craft,1590,1026.179,0.645
2023-1070-3-28-handcrafted-ikat-weave-leather-wallet_1.jpg,1216,shantiniketan leather craft,1590,1012.586,0.637
2023-1070-3-25-handcrafted-ikat-weave-leather-wallet_1.jpg,1216,shantiniketan leather craft,1590,1023.436,0.644
2023-1070-3-24-handcrafted-ikat-weave-leather-wallet_1.jpg,1216,shantiniketan leather craft,1590,988.366,0.622
2023-1070-3-23-handcrafted-ikat-weave-leather-wallet_1.jpg,1216,shantiniketan leather craft,1590,1039.158,0.654
2023-1070-3-22-handcrafted-ikat-weave-leather-wallet_1.jpg,1216,shantiniketan leather craft,1590,1027.527,0.646
2023-1070-3-21-handcrafted-ikat-weave-leather-wallet_1.jpg,1216,shantiniketan leather craft,1590,1026.179,0.645
2023-1070-3-20-handcrafted-ikat-weave-leather-wallet_1.jpg,1216,shantiniketan leather craft,1590,1023.436,0.644
2023-1070-3-18-handcrafted-ikat-weave-leather-wallet_1.jpg,1216,shantiniketan leather craft,1590,1023.436,0.644
2023-1070-3-17-handcrafted-ikat-weave-leather-wallet_1.jpg,1216,shantiniketan leather craft,1590,1020.737,0.642
2023-1070-3-16-handcrafted-ikat-weave-leather-wallet_1.jpg,1216,shantiniketan leather craft,1590,1027.527,0.646
2023-1070-3-15-handcrafted-ikat-weave-leather-wallet_1.jpg,1216,shantiniketan leather craft,1590,1012.586,0.637
2023-1070-3-13-handcrafted-ikat-weave-leather-wallet_1.jpg,1216,shantiniketan leather craft,1590,1054.198,0.663
2023-1070-3-11-handcrafted-ikat-weave-leather-wallet_1.jpg,1216,shantiniketan leather craft,1590,999.131,0.628
2023-1070-3-10-handcrafted-ikat-weave-leather-wallet_1.jpg,1216,shantiniketan leather craft,1590,1023.436,0.644
2023-1070-3-9-handcrafted-ikat-weave-leather-wallet_1.jpg,1216,shantiniketan leather craft,1590,1023.436,0.644
2023-1070-3-8-handcrafted-ikat-weave-leather-wallet_1.jpg,1216,shantiniketan leather craft,1590,999.131,0.628
2023-1070-3-7-handcrafted-ikat-weave-leather-wallet_1.jpg,1216,shantiniketan leather craft,1590,1023.436,0.644
2023-1070-3-6-handcrafted-ikat-weave-leather-wallet_1.jpg,1216,shantiniketan leather craft,1590,999.131,0.628
2023-1070-3-5-handcrafted-ikat-weave-leather-wallet_1.jpg,1216,shantiniketan leather craft,1590,1012.586,0.637
2023-1070-3-4-handcrafted-ikat-weave-leather-wallet_1.jpg,1216,shantiniketan leather craft,1590,1026.179,0.645
2023-1070-3-3-handcrafted-ikat-weave-leather-wallet_1.jpg,1216,shantiniketan leather craft,1590,1023.436,0.644
2023-1070-3-34-handcrafted-jacquard-weave-leather-wallet_1.jpg,1216,shantiniketan leather craft,2190,929.564,0.424
2023-1070-3-1-handcrafted-ikat-weave-leather-wallet_1.jpg,1216,shantiniketan leather craft,1590,1023.436,0.644
2023-511-1-39-handcrafted-natural-water-reed-embroidered-sling-bag_1.jpg,1131,manipuri weaving,2690,1869.391,0.695
2023-511-1-38-handcrafted-natural-water-reed-embroidered-sling-bag_1.jpg,1131,manipuri weaving,2690,1815.733,0.675
2023-511-1-35-handcrafted-natural-water-reed-embroidered-sling-bag_1.jpg,1131,manipuri weaving,2690,1914.369,0.712
2023-511-1-32-handcrafted-natural-water-reed-embroidered-sling-bag_1.jpg,1131,manipuri weaving,2690,1861.664,0.692
2023-511-1-31-handcrafted-natural-water-reed-embroidered-sling-bag_1.jpg,1131,manipuri weaving,2690,1866.425,0.694
2023-511-1-24-handcrafted-natural-water-reed-embroidered-sling-bag_1.jpg,1131,manipuri weaving,2690,1815.733,0.675
2023-511-1-16-handcrafted-natural-water-reed-embroidered-sling-bag_1.jpg,1131,manipuri weaving,2690,1815.733,0.675
2023-511-1-15-handcrafted-natural-water-reed-embroidered-sling-bag_1.jpg,1131,manipuri weaving,2690,1815.733,0.675
2023-511-1-14-handcrafted-natural-water-reed-embroidered-sling-bag_1.jpg,1131,manipuri weaving,2690,1815.733,0.675
2023-511-1-12-handcrafted-natural-water-reed-embroidered-sling-bag_1.jpg,1131,manipuri weaving,2690,1815.733,0.675
2023-511-1-27-handcrafted-natural-water-reed-embroidered-sling-bag_1.jpg,1131,manipuri weaving,2690,1873.644,0.697
2023-511-1-18-handcrafted-natural-water-reed-embroidered-sling-bag_1.jpg,1131,manipuri weaving,2690,1815.733,0.675
2023-511-1-11-handcrafted-natural-water-reed-embroidered-sling-bag_1.jpg,1131,manipuri weaving,2690,1815.733,0.675
2023-179-1-13-fabric-embellished-embroidered-party-hand-bag_1.jpg,1261,banaras weaving,1790,1597.248,0.892
2023-100-1-86-handcrafted-printed-tussar-silk-clutch_1.jpg,1264,screen printing,1190,792.939,0.666
2023-062-1-8-handcrafted-kutch-embroidery-cotton-leather-wallet_1.jpg,1266,kutch leather craft,890,765.087,0.86
2022-1221-1-63-kutch-embroidery-mashru-silk-sling-bag_1.jpg,1274,kutch embroidery,1450,1659.556,1.145
2022-1017-1-7-handcrafted-suede-leather-fringe-sling-bag_1.jpg,1281,other,1590,2242.617,1.41
2022-1017-1-5-handcrafted-suede-leather-fringe-sling-bag_1.jpg,1281,other,1590,2110.168,1.327
2022-1017-1-4-handcrafted-suede-leather-fringe-sling-bag_1.jpg,1281,other,1590,2110.168,1.327
567793-6-handwoven-upcycled-cotton-laptop-bag-11-x-16-in_1.jpg,1286,upcycled,1490,1713.538,1.15
567793-5-handwoven-upcycled-cotton-laptop-bag-11-x-16-in_1.jpg,1286,upcycled,1490,1713.538,1.15
567793-3-handwoven-upcycled-cotton-laptop-bag-11-x-16-in_1.jpg,1286,upcycled,1490,1713.538,1.15
567793-1-handwoven-upcycled-cotton-laptop-bag_1.jpg,1286,upcycled,1490,1713.538,1.15
2022-772-2-30-bengal-kantha-work-handcrafted-hexagon-jewelry-box-set-of-3_1.jpg,1292,bengal kantha work,1850,1440.911,0.779
2022-772-2-28-bengal-kantha-work-handcrafted-hexagon-jewelry-box-set-of-3_1.jpg,1292,bengal kantha work,1850,1440.911,0.779
2022-772-2-27-bengal-kantha-work-handcrafted-hexagon-jewelry-box-set-of-3_1.jpg,1292,bengal kantha work,1850,1415.428,0.765
2022-772-2-26-bengal-kantha-work-handcrafted-hexagon-jewelry-box-set-of-3_1.jpg,1292,bengal kantha work,1850,1446.016,0.782
2022-772-2-25-bengal-kantha-work-handcrafted-hexagon-jewelry-box-set-of-3_1.jpg,1292,bengal kantha work,1850,1440.911,0.779
2022-772-2-24-bengal-kantha-work-handcrafted-hexagon-jewelry-box-set-of-3_1.jpg,1292,bengal kantha work,1850,1446.016,0.782
2022-772-2-23-bengal-kantha-work-handcrafted-hexagon-jewelry-box-set-of-3_1.jpg,1292,bengal kantha work,1850,1409.875,0.762
2022-772-2-22-bengal-kantha-work-handcrafted-hexagon-jewelry-box-set-of-3_1.jpg,1292,bengal kantha work,1850,1442.525,0.78
2022-772-2-21-bengal-kantha-work-handcrafted-hexagon-jewelry-box-set-of-3_1.jpg,1292,bengal kantha work,1850,1442.525,0.78
552223-86-handcrafted-kutch-rabari-embroidery-leather-shoulder-bag_1.jpg,1293,kutch leather craft,7990,1391.354,0.174
2022-772-2-20-bengal-kantha-work-handcrafted-hexagon-jewelry-box-set-of-3_1.jpg,1292,bengal kantha work,1850,1399.217,0.756
559578-28-gamcha-fabric-hand-embroidered-sling-bag_1.jpg,1294,fabart,1150,1237.99,1.077
559578-23-gamcha-fabric-hand-embroidered-sling-bag_1.jpg,1294,fabart,1150,1237.99,1.077
559578-19-gamcha-fabric-hand-embroidered-sling-bag_1.jpg,1294,fabart,1150,1182.909,1.029
557316-28-handcrafted-audio-tape-clutch-wallet_1.jpg,1298,upcycled,790,1653.244,2.093
557316-27-handcrafted-audio-tape-clutch-wallet_1.jpg,1298,upcycled,790,1621.304,2.052
557316-26-handcrafted-audio-tape-clutch-wallet_1.jpg,1298,upcycled,790,1649.505,2.088
557316-25-handcrafted-audio-tape-clutch-wallet_1.jpg,1298,upcycled,790,1608.537,2.036
557316-24-handcrafted-audio-tape-clutch-wallet_1.jpg,1298,upcycled,790,1625.427,2.058
557316-23-handcrafted-audio-tape-clutch-wallet_1.jpg,1298,upcycled,790,1676.177,2.122
557316-22-handcrafted-audio-tape-clutch-wallet_1.jpg,1298,upcycled,790,1621.304,2.052
557316-21-handcrafted-audio-tape-clutch-wallet_1.jpg,1298,upcycled,790,1608.537,2.036
552223-85-handcrafted-kutch-rabari-embroidery-leather-shoulder-bag_1.jpg,1293,kutch leather craft,7990,1391.354,0.174
552223-79-handcrafted-kutch-leather-shoulder-bag_1.jpg,1305,kutch leather craft,5590,1274.987,0.228
2022-358-1-24-kala-raksha-jat-hand-embroidered-cotton-coin-pouch_1.jpg,1180,kutch embroidery,990,1051.931,1.063
528323-108-handcrafted-quilted-sanganeri-block-printed-shoulder-bag_1.jpg,1109,sanganeri block printing,1100,1054.683,0.959
528323-109-handcrafted-quilted-sanganeri-block-printed-shoulder-bag_1.jpg,1109,sanganeri block printing,1100,1032.111,0.938
528323-106-handcrafted-quilted-sanganeri-block-printed-shoulder-bag_1.jpg,1109,sanganeri block printing,1100,1085.838,0.987
528323-107-handcrafted-quilted-sanganeri-block-printed-shoulder-bag_1.jpg,1109,sanganeri block printing,1100,1011.416,0.919
528323-96-handcrafted-quilted-sanganeri-block-printed-shoulder-bag_1.jpg,1109,sanganeri block printing,1100,1032.111,0.938
528323-92-handcrafted-quilted-shibori-tie-dye-cotton-shoulder-bag_1.jpg,1313,shibori tie dye,1100,1051.664,0.956
528323-86-handcrafted-quilted-sanganeri-block-printed-shoulder-bag_1.jpg,1109,sanganeri block printing,1100,1108.82,1.008
528323-85-handcrafted-quilted-sanganeri-block-printed-shoulder-bag_1.jpg,1109,sanganeri block printing,1100,1077.501,0.98
528323-81-handcrafted-quilted-sanganeri-block-printed-shoulder-bag_1.jpg,1109,sanganeri block printing,1100,1049.801,0.954
528323-80-handcrafted-quilted-sanganeri-block-printed-shoulder-bag_1.jpg,1109,sanganeri block printing,1100,1077.501,0.98
528323-76-handcrafted-quilted-sanganeri-block-printed-shoulder-bag_1.jpg,1109,sanganeri block printing,1100,1079.876,0.982
528323-75-handcrafted-quilted-sanganeri-block-printed-shoulder-bag_1.jpg,1109,sanganeri block printing,1100,1048.696,0.953
528323-71-handcrafted-quilted-sanganeri-block-printed-shoulder-bag_1.jpg,1109,sanganeri block printing,1100,1032.111,0.938
528323-73-handcrafted-quilted-sanganeri-block-printed-shoulder-bag_1.jpg,1109,sanganeri block printing,1100,1108.82,1.008
528323-72-handcrafted-quilted-shibori-tie-dye-cotton-shoulder-bag_1.jpg,1313,shibori tie dye,1100,1006.825,0.915
528323-70-handcrafted-quilted-sanganeri-block-printed-shoulder-bag_1.jpg,1109,sanganeri block printing,1100,1032.111,0.938
528323-69-handcrafted-quilted-sanganeri-block-printed-shoulder-bag_1.jpg,1109,sanganeri block printing,1100,1032.111,0.938
528323-65-handcrafted-quilted-sanganeri-block-printed-shoulder-bag_1.jpg,1109,sanganeri block printing,1100,1077.501,0.98
528323-64-handcrafted-quilted-sanganeri-block-printed-shoulder-bag_1.jpg,1109,sanganeri block printing,1100,1077.501,0.98
528323-63-handcrafted-quilted-sanganeri-block-printed-shoulder-bag_1.jpg,1109,sanganeri block printing,1100,1077.501,0.98
528323-61-handcrafted-quilted-sanganeri-block-printed-shoulder-bag_1.jpg,1109,sanganeri block printing,1100,1011.416,0.919
528323-60-handcrafted-quilted-sanganeri-block-printed-shoulder-bag_1.jpg,1109,sanganeri block printing,1100,1077.501,0.98
528323-58-handcrafted-quilted-sanganeri-block-printed-shoulder-bag_1.jpg,1109,sanganeri block printing,1100,1077.501,0.98
528323-57-handcrafted-quilted-sanganeri-block-printed-shoulder-bag_1.jpg,1109,sanganeri block printing,1100,1037.122,0.943
528323-54-handcrafted-quilted-sanganeri-block-printed-shoulder-bag_1.jpg,1109,sanganeri block printing,1100,1032.111,0.938
528323-52-handcrafted-quilted-sanganeri-block-printed-shoulder-bag_1.jpg,1109,sanganeri block printing,1100,1043.196,0.948
528323-53-handcrafted-quilted-sanganeri-block-printed-shoulder-bag_1.jpg,1109,sanganeri block printing,1100,1085.838,0.987
528323-51-handcrafted-quilted-sanganeri-block-printed-shoulder-bag_1.jpg,1109,sanganeri block printing,1100,1048.696,0.953
528323-48-handcrafted-quilted-sanganeri-block-printed-shoulder-bag_1.jpg,1109,sanganeri block printing,1100,1032.111,0.938
528323-47-handcrafted-quilted-sanganeri-block-printed-shoulder-bag_1.jpg,1109,sanganeri block printing,1100,1086.869,0.988
528323-44-handcrafted-quilted-sanganeri-block-printed-shoulder-bag_1.jpg,1109,sanganeri block printing,1100,1151.85,1.047
528323-38-handcrafted-quilted-sanganeri-block-printed-shoulder-bag_1.jpg,1109,sanganeri block printing,1100,1077.501,0.98
528323-33-handcrafted-quilted-sanganeri-block-printed-shoulder-bag_1.jpg,1109,sanganeri block printing,1100,1077.501,0.98
528323-34-handcrafted-quilted-sanganeri-block-printed-shoulder-bag_1.jpg,1109,sanganeri block printing,1100,1049.801,0.954
528323-31-handcrafted-quilted-sanganeri-block-printed-shoulder-bag_1.jpg,1109,sanganeri block printing,1100,1049.801,0.954
528323-29-handcrafted-quilted-sanganeri-block-printed-shoulder-bag_1.jpg,1109,sanganeri block printing,1100,1032.111,0.938
528323-28-handcrafted-quilted-sanganeri-block-printed-shoulder-bag_1.jpg,1109,sanganeri block printing,1100,1036.518,0.942
528323-27-handcrafted-quilted-sanganeri-block-printed-shoulder-bag_1.jpg,1109,sanganeri block printing,1100,1048.696,0.953
528323-23-handcrafted-quilted-sanganeri-block-printed-shoulder-bag_1.jpg,1109,sanganeri block printing,1100,1006.543,0.915
528323-24-handcrafted-quilted-sanganeri-block-printed-shoulder-bag_1.jpg,1109,sanganeri block printing,1100,1086.869,0.988
528323-22-handcrafted-quilted-sanganeri-block-printed-shoulder-bag_1.jpg,1109,sanganeri block printing,1100,1011.416,0.919
528323-19-handcrafted-quilted-sanganeri-block-printed-shoulder-bag_1.jpg,1109,sanganeri block printing,1100,1032.111,0.938
528323-20-handcrafted-quilted-sanganeri-block-printed-shoulder-bag_1.jpg,1109,sanganeri block printing,1100,1054.683,0.959
528323-17-handcrafted-quilted-sanganeri-block-printed-shoulder-bag_1.jpg,1109,sanganeri block printing,1100,1086.869,0.988
528323-18-handcrafted-quilted-sanganeri-block-printed-shoulder-bag_1.jpg,1109,sanganeri block printing,1100,1032.111,0.938
528323-15-handcrafted-quilted-sanganeri-block-printed-shoulder-bag_1.jpg,1109,sanganeri block printing,1100,1086.869,0.988
528323-13-handcrafted-quilted-sanganeri-block-printed-shoulder-bag_1.jpg,1109,sanganeri block printing,1100,1048.696,0.953
528323-12-handcrafted-quilted-sanganeri-block-printed-shoulder-bag_1.jpg,1109,sanganeri block printing,1100,1077.501,0.98
528323-11-handcrafted-quilted-sanganeri-block-printed-shoulder-bag_1.jpg,1109,sanganeri block printing,1100,1048.696,0.953
528323-8-handcrafted-quilted-sanganeri-block-printed-shoulder-bag_1.jpg,1109,sanganeri block printing,1100,1006.543,0.915
528323-10-handcrafted-quilted-sanganeri-block-printed-shoulder-bag_1.jpg,1109,sanganeri block printing,1100,1086.869,0.988
528323-5-handcrafted-quilted-sanganeri-block-printed-shoulder-bag_1.jpg,1109,sanganeri block printing,1100,1054.683,0.959
528323-7-handcrafted-quilted-sanganeri-block-printed-shoulder-bag_1.jpg,1109,sanganeri block printing,1100,1006.543,0.915
528323-6-handcrafted-quilted-sanganeri-block-printed-shoulder-bag_1.jpg,1109,sanganeri block printing,1100,1077.501,0.98
528323-3-handcrafted-quilted-sanganeri-block-printed-shoulder-bag_1.jpg,1109,sanganeri block printing,1100,1086.869,0.988
2022-312-1-79-handcrafted-kutch-leather-wallet_1.jpg,1315,kutch leather craft,850,1319.067,1.552
2022-312-1-78-handcrafted-kutch-leather-wallet_1.jpg,1315,kutch leather craft,850,1296.653,1.525
2022-312-1-75-handcrafted-kutch-leather-wallet_1.jpg,1315,kutch leather craft,850,1375.303,1.618
2021-1259-1-31-handcrafted-cotton-running-sticth-shoulder-bag_1.jpg,1320,screen printing,1150,1299.21,1.13
2021-1126-1-16-handmade-cotton-hand-bag-with-keychain_1.jpg,1325,handmade,1250,672.564,0.538
461264-48-tribal-hand-embroidered-jute-office-sling-bag_1.jpg,1330,jute weaving,2490,1448.561,0.582
2021-763-2-5-upcycled-handmade-denim-hand-bag_1.jpg,1331,recycled,1190,712.984,0.599
2021-763-2-4-upcycled-handmade-denim-hand-bag_1.jpg,1331,recycled,1190,712.984,0.599
2021-763-2-12-upcycled-handmade-denim-hand-bag_1.jpg,1331,recycled,1290,825.518,0.64
2021-888-1-13-kutch-printed-cotton-sling-bag_1.jpg,1335,screen printing,1190,822.817,0.691
2021-888-1-11-kutch-printed-cotton-sling-bag_1.jpg,1335,screen printing,1190,818.748,0.688
2021-888-1-9-kutch-printed-cotton-sling-bag_1.jpg,1335,screen printing,1190,859.13,0.722
447285-23-hand-block-print-cotton-hand-bag_1.jpg,1339,hand block printing,1990,965.581,0.485
447285-20-hand-block-print-cotton-shoulder-bag_1.jpg,1341,hand block printing,2290,1426.934,0.623
447285-22-hand-block-print-cotton-hand-bag_1.jpg,1339,handmade,1990,1093.311,0.549
2021-801-1-35-gamcha-fabric-hand-embroidered-sling-bag_1.jpg,1294,fabart,990,1137.152,1.149
2021-620-1-38-upcycled-weave-handmade-sling-bag_1.jpg,1346,recycled,1950,2068.153,1.061
2021-620-1-159-upcycled-weave-handmade-fanny-pack-bag_1.jpg,1347,recycled,1290,1880.473,1.458
2021-620-1-158-upcycled-weave-handmade-fanny-pack-bag_1.jpg,1347,recycled,1290,1880.473,1.458
2021-620-1-157-upcycled-weave-handmade-fanny-pack-bag_1.jpg,1347,recycled,1290,1880.473,1.458
2021-620-1-156-upcycled-weave-handmade-fanny-pack-bag_1.jpg,1347,recycled,1290,1880.473,1.458
2021-620-1-153-upcycled-weave-handmade-fanny-pack-bag_1.jpg,1347,recycled,1290,1880.473,1.458
2021-620-1-151-upcycled-weave-handmade-fanny-pack-bag_1.jpg,1347,recycled,1290,1880.473,1.458
2021-620-1-150-upcycled-weave-handmade-fanny-pack-bag_1.jpg,1347,recycled,1290,1880.473,1.458
2021-620-1-36-upcycled-weave-handmade-sling-bag_1.jpg,1346,recycled,1950,2114.942,1.085
2021-620-1-34-upcycled-weave-handmade-sling-bag_1.jpg,1346,recycled,1950,2135.242,1.095
2021-620-1-32-upcycled-weave-handmade-sling-bag_1.jpg,1346,recycled,1950,2068.153,1.061
2021-620-1-28-upcycled-weave-handmade-sling-bag_1.jpg,1346,recycled,1790,2033.776,1.136
2021-620-1-27-upcycled-weave-handmade-sling-bag_1.jpg,1346,recycled,1790,2053.266,1.147
2021-620-1-26-upcycled-weave-handmade-sling-bag_1.jpg,1346,recycled,1790,2090.208,1.168
2021-620-1-25-upcycled-weave-handmade-sling-bag_1.jpg,1346,recycled,1790,2053.266,1.147
2021-620-1-149-upcycled-weave-handmade-fanny-pack-bag_1.jpg,1347,recycled,1050,1880.473,1.791
2021-620-1-31-upcycled-weave-handmade-sling-bag_1.jpg,1346,recycled,1950,2068.153,1.061
419738-102-kutchi-embroidery-handmade-clutch-wallet_1.jpg,1351,kutch embroidery,550,1204.165,2.189
srikalahasti-handpainted-kalamkari-ikat-patch-shoulder-bag-by-dwarka-plus-55-2026-658-1-55_1.jpg,1100,srikalahasti penwork kalamkari,2190,3750.781,1.713
handcrafted-fabric-jhola-bag-03-2025-1888-1-3_1.jpg,1125,ajrakh block printing,1590,749.654,0.471
handcrafted-fabric-jhola-bag-39-2025-1514-1-39_1.jpg,1125,pochampally ikat weaving,1590,801.399,0.504
handcrafted-fabric-jhola-bag-53-2025-1217-1-53_1.jpg,1125,kalamkari block printing,1590,724.308,0.456
handcrafted-fabric-jhola-bag-52-2025-1217-1-52_1.jpg,1125,kalamkari block printing,1590,768.464,0.483
handcrafted-fabric-jhola-bag-50-2025-1217-1-50_1.jpg,1125,kalamkari block printing,1590,714.582,0.449
handcrafted-fabric-jhola-bag-47-2025-1217-1-47_1.jpg,1125,kalamkari block printing,1590,732.431,0.461
handcrafted-fabric-jhola-bag-46-2025-1217-1-46_1.jpg,1125,kalamkari block printing,1590,727.896,0.458
handcrafted-fabric-jhola-bag-17-2025-1239-1-17_1.jpg,1125,sanganeri block printing,950,696.918,0.734
handcrafted-fabric-jhola-bag-70-2025-1025-1-70_1.jpg,1125,kalamkari screen printing,950,570.988,0.601
handcrafted-fabric-jhola-bag-26-2025-1025-1-26_1.jpg,1125,batik block printing,950,579.442,0.61
handcrafted-fabric-jhola-bag-24-2025-1025-1-24_1.jpg,1125,batik block printing,950,612.017,0.644
handcrafted-cotton-jhola-bag-38-2025-946-1-38_1.jpg,1125,sanganeri block printing,950,755.258,0.795
2024-317-1-7-handcrafted-quilted-cotton-hand-bag-07_1.jpg,1171,kalamkari block printing,850,474.708,0.558
567793-7-handwoven-upcycled-cotton-laptop-bag-11-x-16-in_1.jpg,1286,upcycled,1490,1713.538,1.15
2021-1089-1-3-marudhara-hand-block-printed-kantha-work-laptop-bag_1.jpg,1363,other,1350,1482.048,1.098
447285-24-hand-block-print-cotton-hand-bag_1.jpg,1339,handmade,1990,1066.562,0.536
handpainted-handmade-paper-diary-10-2025-239-1-10_1.jpg,1384,handmade stationery,690,638.456,0.925
handpainted-handmade-paper-diary-17-2025-239-1-17_1.jpg,1384,handmade stationery,690,694.794,1.007
2020-795-2-18-sukriti-handmade-classic-notebook-with-pencil-large_1.jpg,1387,handmade stationery,790,676.598,0.856
2021-044-1-30-digital-printed-handmade-notebook_1.jpg,1388,digital printing,550,713.622,1.297
2022-1189-1-104-floral-printed-handmade-classic-notebook-with-pencil-small_1.jpg,1387,digital printing,690,850.484,1.233
2021-044-1-11-digital-printed-handmade-notebook_1.jpg,1388,digital printing,550,685.654,1.247
handpainted-handmade-paper-diary-16-2025-239-1-16_1.jpg,1384,handmade stationery,690,640.315,0.928
handpainted-handmade-paper-notebook-24-2025-239-1-24_1.jpg,1401,handmade stationery,790,718.364,0.909
2020-795-2-2-sukriti-handmade-classic-notebook-with-pencil-small_1.jpg,1387,handmade stationery,690,483.132,0.7
2021-044-1-6-digital-printed-handmade-notebook_1.jpg,1388,digital printing,550,627.345,1.141
2022-1189-1-109-floral-printed-handmade-classic-notebook-with-pencil-large_1.jpg,1387,digital printing,790,1161.135,1.47
handpainted-handmade-paper-notebook-26-2025-239-1-26_1.jpg,1401,handmade stationery,790,759.395,0.961
2021-044-1-16-digital-printed-handmade-notebook_1.jpg,1388,digital printing,550,627.345,1.141
2020-795-2-3-sukriti-handmade-classic-notebook-with-pencil-small_1.jpg,1387,handmade stationery,690,472.551,0.685
2021-044-1-9-digital-printed-handmade-notebook_1.jpg,1403,digital printing,550,1408.841,2.562
2020-795-2-5-sukriti-handmade-classic-notebook-with-pencil-small_1.jpg,1387,handmade stationery,690,496.561,0.72
2020-795-2-20-sukriti-handmade-classic-notebook-with-pencil-large_1.jpg,1387,handmade stationery,790,673.262,0.852
handpainted-handmade-paper-diary-09-2025-239-1-9_1.jpg,1384,handmade stationery,690,655.416,0.95
2020-795-2-16-handmade-classic-notebook-with-pencil-large_1.jpg,1387,handmade stationery,790,594.213,0.752
2020-795-2-17-sukriti-handmade-classic-notebook-with-pencil-large_1.jpg,1387,handmade stationery,790,657.84,0.833
2020-795-2-9-sukriti-handmade-classic-notebook-with-pencil-large_1.jpg,1387,handmade stationery,790,668.736,0.847
2020-795-2-1-sukriti-handmade-classic-notebook-with-pencil-small_1.jpg,1387,handmade stationery,690,492.847,0.714
564547-34-rajasthani-men-handmade-puppet-kathputli_1.jpg,6,wood carving,1390,752.344,0.541
564547-15-rajasthani-dancing-couple-handmade-puppet-kathputli-small-4-pc-assorted_1.jpg,6,wood carving,290,994.741,3.43
kutch-hand-block-ajrakh-print-natural-dyed-cotton-hakoba-fabric-30-2026-738-1-30_1.jpg,1431,ajrakh block printing,790,715.353,0.906
kutch-hand-block-ajrakh-print-natural-dyed-cotton-hakoba-fabric-29-2026-738-1-29_1.jpg,1431,ajrakh block printing,790,691.924,0.876
kutch-hand-block-ajrakh-print-natural-dyed-cotton-hakoba-fabric-28-2026-738-1-28_1.jpg,1431,ajrakh block printing,790,689.648,0.873
kutch-hand-block-ajrakh-print-natural-dyed-cotton-hakoba-fabric-27-2026-738-1-27_1.jpg,1431,ajrakh block printing,790,685.476,0.868
akola-hand-block-print-slub-cotton-fabric-12-2026-138-1-12_1.jpg,1443,akola block printing,620,362.534,0.585
pure-handwoven-merino-wool-fabric-in-akola-block-prints-27-2026-590-2-27_1.jpg,1450,akola block printing,2890,3495.477,1.21
pure-handwoven-merino-wool-fabric-in-akola-block-prints-26-2026-590-2-26_1.jpg,1450,akola block printing,2890,3482.278,1.205
pure-handwoven-merino-wool-fabric-in-akola-block-prints-25-2026-590-2-25_1.jpg,1450,akola block printing,2890,3475.448,1.203
pure-handwoven-merino-wool-fabric-in-akola-block-prints-24-2026-590-2-24_1.jpg,1450,akola block printing,2890,3479.788,1.204
bindaas-hand-block-art-print-natural-dyed-cotton-fabric-23-2026-581-1-23_1.jpg,1451,bindaas block printing,520,580.222,1.116
bindaas-hand-block-art-print-natural-dyed-cotton-fabric-21-2026-581-1-21_1.jpg,1451,bindaas block printing,520,577.367,1.11
bindaas-hand-block-art-print-natural-dyed-cotton-fabric-19-2026-581-1-19_1.jpg,1451,bindaas block printing,520,586.44,1.128
bindaas-hand-block-art-print-natural-dyed-cotton-fabric-14-2026-581-1-14_1.jpg,1451,bindaas block printing,520,682.464,1.312
natural-dyed-cotton-hand-block-pipad-print-fabric-01-2025-1287-1-1_1.jpg,1452,pipad block printing,450,612.141,1.36
natural-dyed-cotton-hand-block-pipad-print-fabric-04-2025-1087-1-4_1.jpg,1452,pipad block printing,450,555.21,1.234
jahota-hand-block-print-natural-dyed-pure-mul-cotton-fabric-02-2026-009-1-2_1.jpg,1454,other,490,506.855,1.034
2023-637-1-13-jahota-block-printed-cotton-fabric_1.jpg,1455,other,450,756.617,1.681
khun-weave-silk-cotton-fabric-08-2026-293-1-8_1.jpg,1460,khun weaving,490,658.652,1.344
bindaas-hand-block-art-print-natural-dyed-cotton-fabric-13-2026-581-1-13_1.jpg,1451,bindaas block printing,520,569.836,1.096
bindaas-hand-block-art-print-natural-dyed-cotton-fabric-11-2026-581-1-11_1.jpg,1451,bindaas block printing,520,571.983,1.1
bindaas-hand-block-art-print-natural-dyed-cotton-fabric-10-2026-581-1-10_1.jpg,1451,bindaas block printing,520,564.589,1.086
bindaas-hand-block-art-print-natural-dyed-cotton-fabric-08-2026-581-1-8_1.jpg,1451,bindaas block printing,520,565.936,1.088
kota-doria-cotton-plain-fabric-01-2025-1760-1-1_1.jpg,1465,kota doria weaving,290,629.3,2.17
ajrakh-hand-block-print-natural-dyed-pure-mul-cotton-fabric-08-2026-487-1-8_1.jpg,1431,ajrakh block printing,690,812.484,1.178
ajrakh-hand-block-print-natural-dyed-pure-mul-cotton-fabric-07-2026-487-1-7_1.jpg,1431,ajrakh block printing,690,811.902,1.177
pochampally-central-asian-ikat-pure-cotton-fabric-06-2026-697-3-6_1.jpg,1468,pochampally ikat weaving,1790,590.553,0.33
pochampally-central-asian-ikat-pure-cotton-fabric-07-2026-600-1-7_1.jpg,1468,pochampally ikat weaving,1290,545.224,0.423
pochampally-central-asian-ikat-pure-cotton-fabric-05-2026-600-1-5_1.jpg,1468,pochampally ikat weaving,1290,537.951,0.417
pochampally-central-asian-ikat-pure-cotton-fabric-04-2026-600-1-4_1.jpg,1468,pochampally ikat weaving,1290,548.829,0.425
dharwad-cotton-plain-fabric-with-zari-border-23-2026-481-1-23_1.jpg,1470,dharwad weaving,490,719.93,1.469
dharwad-cotton-plain-fabric-with-zari-border-22-2026-481-1-22_1.jpg,1470,dharwad weaving,490,744.009,1.518
dharwad-cotton-plain-fabric-with-thread-border-19-2026-481-1-19_1.jpg,1470,dharwad weaving,490,591.533,1.207
dharwad-cotton-plain-fabric-with-thread-border-17-2026-481-1-17_1.jpg,1470,dharwad weaving,490,594.005,1.212
jhiri-pure-handloom-plain-cotton-fabric-26-2026-120-1-26_1.jpg,1471,plain solid,520,691.19,1.329
jhiri-pure-handloom-plain-cotton-fabric-25-2026-120-1-25_1.jpg,1471,plain solid,520,719.783,1.384
jhiri-pure-handloom-plain-cotton-fabric-24-2026-120-1-24_1.jpg,1471,plain solid,520,700.233,1.347
jhiri-pure-handloom-plain-cotton-fabric-23-2026-120-1-23_1.jpg,1471,plain solid,520,694.545,1.336
pure-handwoven-mashru-fabric-width-22-in-04-2026-745-1-4_1.jpg,1475,mashru weaving,990,1000.122,1.01
prewashed-fine-cotton-handloom-plain-fabric-24-2026-294-1-24_1.jpg,1485,bijnor weaving,520,1427.1,2.744
prewashed-fine-cotton-handloom-plain-fabric-55-2026-294-1-55_1.jpg,1485,bijnor weaving,520,1406.279,2.704
prewashed-fine-cotton-handloom-plain-fabric-54-2026-294-1-54_1.jpg,1485,bijnor weaving,520,1411.894,2.715
kutch-hand-block-ajrakh-print-natural-dyed-mashru-silk-fabric-09-2026-778-1-9_1.jpg,1431,ajrakh block printing,750,929.514,1.239
kutch-hand-block-ajrakh-print-natural-dyed-mashru-silk-fabric-08-2026-778-1-8_1.jpg,1431,ajrakh block printing,750,915.863,1.221
kutch-hand-block-ajrakh-print-natural-dyed-mashru-silk-fabric-06-2026-778-1-6_1.jpg,1431,ajrakh block printing,750,939.25,1.252
kutch-hand-block-ajrakh-print-natural-dyed-mashru-silk-fabric-05-2026-778-1-5_1.jpg,1431,ajrakh block printing,750,906.599,1.209
kutch-hand-block-ajrakh-print-natural-dyed-mashru-silk-fabric-04-2026-778-1-4_1.jpg,1431,ajrakh block printing,750,918.071,1.224
kutch-hand-block-ajrakh-print-natural-dyed-mashru-silk-fabric-03-2026-778-1-3_1.jpg,1431,ajrakh block printing,750,908.479,1.211
kutch-hand-block-ajrakh-print-natural-dyed-mashru-silk-fabric-02-2026-778-1-2_1.jpg,1431,ajrakh block printing,750,916.81,1.222
kutch-hand-block-ajrakh-print-natural-dyed-mashru-silk-fabric-07-2026-778-1-7_1.jpg,1431,ajrakh block printing,750,942.828,1.257
kutch-hand-block-ajrakh-print-natural-dyed-mashru-silk-fabric-13-2026-778-1-13_1.jpg,1431,ajrakh block printing,750,921.062,1.228
kutch-hand-block-ajrakh-print-natural-dyed-mashru-silk-fabric-11-2026-778-1-11_1.jpg,1431,ajrakh block printing,750,921.901,1.229
ajrakh-hand-block-print-natural-dyed-pure-mul-cotton-fabric-03-2026-487-1-3_1.jpg,1431,ajrakh block printing,690,805.077,1.167
rasa-lobhi-champa-motif-floral-hand-block-printed-cotton-fabric-04-2026-587-1-4_1.jpg,1490,sanganeri block printing,790,572.66,0.725
rasa-lobhi-champa-motif-floral-hand-block-printed-cotton-fabric-02-2026-587-1-2_1.jpg,1490,sanganeri block printing,790,549.811,0.696
kutch-hand-block-batik-print-pure-cotton-fabric-06-2026-536-1-6_1.jpg,1491,batik block printing,480,547.4,1.14
ajrakh-hand-block-print-natural-dyed-pure-mul-cotton-fabric-06-2026-487-1-6_1.jpg,1431,ajrakh block printing,690,854.418,1.238
rasa-lobhi-champa-motif-floral-hand-block-printed-cotton-fabric-07-2026-587-1-7_1.jpg,1490,sanganeri block printing,790,547.394,0.693
akola-hand-block-print-slub-cotton-fabric-02-2026-475-1-5_1.jpg,1443,akola block printing,620,359.592,0.58
rasa-lobhi-champa-motif-floral-hand-block-printed-cotton-fabric-13-2026-587-1-13_1.jpg,1490,sanganeri block printing,790,552.342,0.699
kutch-hand-block-batik-print-pure-cotton-fabric-65-2026-536-1-65_1.jpg,1491,batik block printing,480,565.516,1.178
ajrakh-hand-block-print-natural-dyed-pure-mul-cotton-fabric-02-2026-487-1-2_1.jpg,1431,ajrakh block printing,690,819.633,1.188
kutch-hand-block-batik-print-pure-cotton-fabric-67-2026-536-1-67_1.jpg,1491,batik block printing,480,559.598,1.166
natural-dyed-hand-block-print-ajrakh-cotton-hakoba-fabric-23-2026-506-1-23_1.jpg,1431,ajrakh block printing,790,865.553,1.096
natural-dyed-hand-block-print-ajrakh-cotton-hakoba-fabric-17-2026-506-1-17_1.jpg,1431,ajrakh block printing,790,869.169,1.1
kutch-hand-block-batik-print-pure-cotton-fabric-68-2026-536-1-68_1.jpg,1491,batik block printing,480,556.416,1.159
kutch-hand-block-batik-print-pure-cotton-fabric-02-2026-536-1-3_1.jpg,1491,batik block printing,480,533.652,1.112
akola-hand-block-print-slub-cotton-fabric-01-2026-475-1-4_1.jpg,1443,akola block printing,620,360.403,0.581
ajrakh-hand-block-print-natural-dyed-pure-mul-cotton-fabric-01-2026-487-1-1_1.jpg,1431,ajrakh block printing,690,812.699,1.178
kutch-hand-block-batik-print-pure-cotton-fabric-60-2026-536-1-60_1.jpg,1491,batik block printing,480,544.028,1.133
kutch-hand-block-batik-print-pure-cotton-fabric-23-2026-536-1-23_1.jpg,1491,batik block printing,480,556.828,1.16
kutch-hand-block-batik-print-pure-cotton-fabric-69-2026-536-1-69_1.jpg,1491,batik block printing,480,540.647,1.126
kutch-hand-block-batik-print-pure-cotton-fabric-59-2026-536-1-59_1.jpg,1491,batik block printing,480,559.845,1.166
kutch-hand-block-batik-print-pure-cotton-fabric-54-2026-536-1-54_1.jpg,1491,batik block printing,480,523.34,1.09
kutch-hand-block-batik-print-pure-cotton-fabric-39-2026-536-1-39_1.jpg,1491,batik block printing,480,557.207,1.161
rasa-lobhi-champa-motif-floral-hand-block-printed-cotton-fabric-01-2026-587-1-1_1.jpg,1490,sanganeri block printing,790,541.963,0.686
kutch-hand-block-batik-print-pure-cotton-fabric-56-2026-536-1-56_1.jpg,1491,batik block printing,480,558.328,1.163
kutch-hand-block-batik-print-pure-cotton-fabric-01-2026-536-1-1_1.jpg,1491,batik block printing,480,547.737,1.141
rasa-lobhi-champa-motif-floral-hand-block-printed-cotton-fabric-10-2026-587-1-10_1.jpg,1490,sanganeri block printing,790,544.045,0.689
kutch-hand-block-batik-print-pure-cotton-fabric-38-2026-536-1-38_1.jpg,1491,batik block printing,480,559.682,1.166
kutch-hand-block-batik-print-pure-cotton-fabric-64-2026-536-1-64_1.jpg,1491,batik block printing,480,559.845,1.166
kutch-hand-block-batik-print-pure-cotton-fabric-42-2026-536-1-42_1.jpg,1491,batik block printing,480,557.941,1.162
natural-dyed-hand-block-print-ajrakh-cotton-hakoba-fabric-28-2026-506-1-28_1.jpg,1431,ajrakh block printing,790,882.584,1.117
ajrakh-hand-block-print-natural-dyed-pure-mul-cotton-fabric-05-2026-487-1-5_1.jpg,1431,ajrakh block printing,690,798.262,1.157
ajrakh-hand-block-print-natural-dyed-pure-mul-cotton-fabric-04-2026-487-1-4_1.jpg,1431,ajrakh block printing,690,854.551,1.238
kutch-hand-block-batik-print-pure-cotton-fabric-21-2026-536-1-21_1.jpg,1491,batik block printing,480,556.978,1.16
kutch-hand-block-batik-print-pure-cotton-fabric-14-2026-536-1-14_1.jpg,1491,batik block printing,480,568.725,1.185
natural-dyed-hand-block-print-ajrakh-cotton-hakoba-fabric-08-2026-506-1-8_1.jpg,1431,ajrakh block printing,790,880.23,1.114
kutch-hand-block-ajrakh-print-natural-dyed-cotton-hakoba-fabric-26-2026-738-1-26_1.jpg,1431,ajrakh block printing,790,685.867,0.868
kutch-hand-block-batik-print-pure-cotton-fabric-20-2026-536-1-20_1.jpg,1491,batik block printing,480,560.552,1.168
rasa-lobhi-champa-motif-floral-hand-block-printed-cotton-fabric-14-2026-587-1-14_1.jpg,1490,sanganeri block printing,790,556.523,0.704
kutch-hand-block-batik-print-pure-cotton-fabric-17-2026-536-1-17_1.jpg,1491,batik block printing,480,560.722,1.168
handspun-handloom-mulberry-silk-plain-fabric-09-2026-661-1-9_1.jpg,1499,plain solid,2190,1700.38,0.776
natural-dyed-hand-block-print-ajrakh-cotton-hakoba-fabric-26-2026-506-1-26_1.jpg,1431,ajrakh block printing,790,878.132,1.112
kutch-hand-block-ajrakh-print-natural-dyed-cotton-hakoba-fabric-20-2026-738-1-20_1.jpg,1431,ajrakh block printing,790,689.974,0.873
pochampally-central-asian-ikat-pure-cotton-fabric-01-2026-483-1-1_1.jpg,1468,pochampally ikat weaving,1790,895.877,0.5
natural-dyed-hand-block-print-ajrakh-cotton-hakoba-fabric-25-2026-506-1-25_1.jpg,1431,ajrakh block printing,790,885.093,1.12
natural-dyed-hand-block-print-ajrakh-cotton-hakoba-fabric-14-2026-506-1-14_1.jpg,1431,ajrakh block printing,790,861.807,1.091
pochampally-central-asian-ikat-pure-cotton-fabric-06-2026-483-1-6_1.jpg,1468,pochampally ikat weaving,1790,886.667,0.495
kutch-hand-block-batik-print-pure-cotton-fabric-28-2026-536-1-28_1.jpg,1491,batik block printing,480,547.628,1.141
kutch-hand-block-batik-print-pure-cotton-fabric-40-2026-536-1-40_1.jpg,1491,batik block printing,480,566.923,1.181
kutch-hand-block-batik-print-pure-cotton-fabric-09-2026-536-1-9_1.jpg,1491,batik block printing,480,553.002,1.152
natural-dyed-hand-block-print-ajrakh-cotton-hakoba-fabric-29-2026-506-1-29_1.jpg,1431,ajrakh block printing,790,875.91,1.109
pure-handwoven-merino-wool-fabric-in-akola-block-prints-22-2026-590-2-22_1.jpg,1450,akola block printing,2890,3478.341,1.204
rasa-lobhi-champa-motif-floral-hand-block-printed-cotton-fabric-11-11-2026-587-1-11_1.jpg,1490,sanganeri block printing,790,552.909,0.7
kutch-hand-block-batik-print-pure-cotton-fabric-46-2026-536-1-46_1.jpg,1491,batik block printing,480,559.224,1.165
kutch-hand-block-batik-print-pure-cotton-fabric-26-2026-536-1-26_1.jpg,1491,batik block printing,480,544.48,1.134
kutch-hand-block-batik-print-pure-cotton-fabric-22-2026-536-1-22_1.jpg,1491,batik block printing,480,576.359,1.201
natural-dyed-hand-block-print-ajrakh-cotton-hakoba-fabric-32-2026-506-1-32_1.jpg,1431,ajrakh block printing,790,875.557,1.108
kutch-hand-block-ajrakh-print-natural-dyed-cotton-hakoba-fabric-14-2026-738-1-14_1.jpg,1431,ajrakh block printing,790,683.228,0.865
kutch-hand-block-batik-print-pure-cotton-fabric-43-2026-536-1-43_1.jpg,1491,batik block printing,480,557.097,1.161
kutch-hand-block-batik-print-pure-cotton-fabric-13-2026-536-1-13_1.jpg,1491,batik block printing,480,550.231,1.146
handspun-handloom-mulberry-silk-plain-fabric-08-2026-661-1-8_1.jpg,1499,plain solid,2190,1680.84,0.768
kutch-hand-block-batik-print-pure-cotton-fabric-48-2026-536-1-48_1.jpg,1491,batik block printing,480,563.994,1.175
kutch-hand-block-batik-print-pure-cotton-fabric-11-2026-536-1-11_1.jpg,1491,batik block printing,480,550.822,1.148
natural-dyed-hand-block-print-ajrakh-cotton-hakoba-fabric-20-2026-506-1-20_1.jpg,1431,ajrakh block printing,790,864.334,1.094
kutch-hand-block-ajrakh-print-natural-dyed-cotton-hakoba-fabric-21-2026-738-1-21_1.jpg,1431,ajrakh block printing,790,686.917,0.87
pochampally-ikat-cotton-fabric-with-kalamkari-border-07-2026-498-1-7_1.jpg,1503,pochampally ikat weaving,1250,916.895,0.734
kutch-hand-block-batik-print-pure-cotton-fabric-15-2026-536-1-15_1.jpg,1491,batik block printing,480,559.137,1.165
natural-dyed-hand-block-print-ajrakh-cotton-hakoba-fabric-33-2026-506-1-33_1.jpg,1431,ajrakh block printing,790,882.651,1.117
kutch-hand-block-ajrakh-print-natural-dyed-cotton-hakoba-fabric-18-2026-738-1-18_1.jpg,1431,ajrakh block printing,790,687.22,0.87
kutch-hand-block-ajrakh-print-natural-dyed-cotton-hakoba-fabric-15-2026-738-1-15_1.jpg,1431,ajrakh block printing,790,687.945,0.871
kutch-hand-block-ajrakh-print-natural-dyed-cotton-hakoba-fabric-09-2026-738-1-9_1.jpg,1431,ajrakh block printing,790,680.609,0.862
kutch-hand-block-batik-print-pure-cotton-fabric-66-2026-536-1-66_1.jpg,1491,batik block printing,480,555.137,1.157
kutch-hand-block-batik-print-pure-cotton-fabric-44-2026-536-1-44_1.jpg,1491,batik block printing,480,560.041,1.167
kutch-hand-block-batik-print-pure-cotton-fabric-18-2026-536-1-18_1.jpg,1491,batik block printing,480,542.288,1.13
kutch-hand-block-batik-print-pure-cotton-fabric-08-2026-536-1-8_1.jpg,1491,batik block printing,480,532.971,1.11
natural-dyed-hand-block-print-ajrakh-cotton-hakoba-fabric-06-2026-506-1-6_1.jpg,1431,ajrakh block printing,790,874.415,1.107
pochampally-central-asian-ikat-pure-cotton-fabric-05-2026-483-1-5_1.jpg,1468,pochampally ikat weaving,1790,880.306,0.492
kutch-hand-block-batik-print-pure-cotton-fabric-62-2026-536-1-62_1.jpg,1491,batik block printing,480,558.393,1.163
kutch-hand-block-batik-print-pure-cotton-fabric-47-2026-536-1-47_1.jpg,1491,batik block printing,480,562.477,1.172
kutch-hand-block-batik-print-pure-cotton-fabric-35-2026-536-1-35_1.jpg,1491,batik block printing,480,561.042,1.169
kutch-hand-block-batik-print-pure-cotton-fabric-24-2026-536-1-24_1.jpg,1491,batik block printing,480,559.029,1.165
natural-dyed-hand-block-print-ajrakh-cotton-hakoba-fabric-09-2026-506-1-9_1.jpg,1431,ajrakh block printing,790,884.022,1.119
pochampally-ikat-cotton-fabric-with-kalamkari-border-08-2026-498-1-8_1.jpg,1503,pochampally ikat weaving,1250,920.455,0.736
pochampally-ikat-cotton-fabric-with-kalamkari-border-06-2026-498-1-6_1.jpg,1503,pochampally ikat weaving,1250,918.437,0.735
rasa-lobhi-champa-motif-floral-hand-block-printed-cotton-fabric-06-2026-587-1-6_1.jpg,1490,sanganeri block printing,790,544.967,0.69
pochampally-central-asian-ikat-pure-cotton-fabric-07-2026-483-1-7_1.jpg,1468,pochampally ikat weaving,1790,892.089,0.498
kutch-hand-block-batik-print-pure-cotton-fabric-29-2026-536-1-29_1.jpg,1491,batik block printing,480,542.923,1.131
kutch-hand-block-batik-print-pure-cotton-fabric-19-2026-536-1-19_1.jpg,1491,batik block printing,480,554.37,1.155
natural-dyed-hand-block-print-ajrakh-cotton-hakoba-fabric-27-2026-506-1-27_1.jpg,1431,ajrakh block printing,790,877.657,1.111
pochampally-ikat-cotton-fabric-with-kalamkari-border-02-2026-498-1-2_1.jpg,1503,pochampally ikat weaving,1250,929.797,0.744
pochampally-central-asian-ikat-pure-cotton-fabric-03-2026-483-1-3_1.jpg,1468,pochampally ikat weaving,1790,883.391,0.494
kutch-hand-block-batik-print-pure-cotton-fabric-25-2026-536-1-25_1.jpg,1491,batik block printing,480,556.339,1.159
kutch-hand-block-batik-print-pure-cotton-fabric-03-2026-536-1-3_1.jpg,1491,batik block printing,480,542.569,1.13
natural-dyed-hand-block-print-ajrakh-cotton-hakoba-fabric-30-2026-506-1-21_1.jpg,1431,ajrakh block printing,790,908.262,1.15
kutch-hand-block-ajrakh-print-natural-dyed-cotton-hakoba-fabric-24-2026-738-1-24_1.jpg,1431,ajrakh block printing,790,685.271,0.867
kutch-hand-block-ajrakh-print-natural-dyed-cotton-hakoba-fabric-22-2026-738-1-22_1.jpg,1431,ajrakh block printing,790,704.572,0.892
pure-handwoven-merino-wool-fabric-in-akola-block-prints-11-2026-590-2-11_1.jpg,1450,akola block printing,2890,3508.522,1.214
rasa-lobhi-champa-motif-floral-hand-block-printed-cotton-fabric-12-2026-587-1-12_1.jpg,1490,sanganeri block printing,790,554.794,0.702
rasa-lobhi-champa-motif-floral-hand-block-printed-cotton-fabric-03-2026-587-1-3_1.jpg,1490,sanganeri block printing,790,543.39,0.688
kutch-hand-block-ajrakh-print-natural-dyed-cotton-hakoba-fabric-06-2026-738-1-6_1.jpg,1431,ajrakh block printing,790,672.478,0.851
pochampally-central-asian-ikat-pure-cotton-fabric-01-2026-600-1-1_1.jpg,1468,pochampally ikat weaving,1290,547.407,0.424
pure-handwoven-merino-wool-fabric-in-akola-block-prints-21-2026-590-2-21_1.jpg,1450,akola block printing,2890,3483.629,1.205
pochampally-ikat-cotton-fabric-with-kalamkari-border-01-2026-498-1-1_1.jpg,1503,pochampally ikat weaving,1250,920.975,0.737
kutch-hand-block-batik-print-pure-cotton-fabric-49-2026-536-1-49_1.jpg,1491,batik block printing,480,549.04,1.144
kutch-hand-block-batik-print-pure-cotton-fabric-05-2026-536-1-5_1.jpg,1491,batik block printing,480,536.915,1.119
natural-dyed-hand-block-print-ajrakh-cotton-hakoba-fabric-22-2026-506-1-22_1.jpg,1431,ajrakh block printing,790,885.634,1.121
kutch-hand-block-ajrakh-print-natural-dyed-cotton-hakoba-fabric-19-2026-738-1-19_1.jpg,1431,ajrakh block printing,790,692.018,0.876
kutch-hand-block-ajrakh-print-natural-dyed-cotton-hakoba-fabric-04-2026-738-1-4_1.jpg,1431,ajrakh block printing,790,673.778,0.853
pochampally-central-asian-ikat-pure-cotton-fabric-03-2026-600-1-3_1.jpg,1468,pochampally ikat weaving,1290,539.902,0.419
ajrakh-hand-block-prints-pure-handloom-chanderi-silk-fabric-of-kutch-10-2026-709-1-10_1.jpg,1431,ajrakh block printing,1250,1292.79,1.034
pure-handwoven-merino-wool-fabric-in-akola-block-prints-17-2026-590-2-17_1.jpg,1450,akola block printing,2890,3502.611,1.212
rasa-lobhi-champa-motif-floral-hand-block-printed-cotton-fabric-09-2026-587-1-9_1.jpg,1490,sanganeri block printing,790,551.844,0.699
pochampally-central-asian-ikat-pure-cotton-fabric-04-2026-483-1-4_1.jpg,1468,pochampally ikat weaving,1790,859.484,0.48
kutch-hand-block-batik-print-pure-cotton-fabric-55-2026-536-1-55_1.jpg,1491,batik block printing,480,558.539,1.164
kutch-hand-block-batik-print-pure-cotton-fabric-52-2026-536-1-52_1.jpg,1491,batik block printing,480,558.425,1.163
kutch-hand-block-batik-print-pure-cotton-fabric-50-2026-536-1-50_1.jpg,1491,batik block printing,480,565.899,1.179
kutch-hand-block-batik-print-pure-cotton-fabric-16-2026-536-1-16_1.jpg,1491,batik block printing,480,545.356,1.136
natural-dyed-hand-block-print-ajrakh-cotton-hakoba-fabric-02-2026-506-1-2_1.jpg,1431,ajrakh block printing,790,881.27,1.116
kutch-hand-block-batik-print-pure-cotton-fabric-57-2026-536-1-57_1.jpg,1491,batik block printing,480,555.137,1.157
kutch-hand-block-batik-print-pure-cotton-fabric-34-2026-536-1-34_1.jpg,1491,batik block printing,480,548.482,1.143
kutch-hand-block-batik-print-pure-cotton-fabric-10-2026-536-1-10_1.jpg,1491,batik block printing,480,545.956,1.137
kutch-hand-block-batik-print-pure-cotton-fabric-07-2026-536-1-7_1.jpg,1491,batik block printing,480,545.865,1.137
kutch-hand-block-batik-print-pure-cotton-fabric-04-2026-536-1-4_1.jpg,1491,batik block printing,480,548.717,1.143
natural-dyed-hand-block-print-ajrakh-cotton-hakoba-fabric-18-2026-506-1-18_1.jpg,1431,ajrakh block printing,790,865.478,1.096
natural-dyed-hand-block-print-ajrakh-cotton-hakoba-fabric-03-2026-506-1-3_1.jpg,1431,ajrakh block printing,790,872.151,1.104
kutch-hand-block-ajrakh-print-natural-dyed-cotton-hakoba-fabric-05-2026-738-1-5_1.jpg,1431,ajrakh block printing,790,664.141,0.841
ajrakh-hand-block-prints-pure-handloom-chanderi-silk-fabric-of-kutch-07-2026-709-1-7_1.jpg,1431,ajrakh block printing,1250,1284.678,1.028
pochampally-ikat-cotton-fabric-with-kalamkari-border-04-2026-498-1-4_1.jpg,1503,pochampally ikat weaving,1250,920.733,0.737
pure-handwoven-merino-wool-fabric-in-akola-block-prints-20-2026-590-2-20_1.jpg,1450,akola block printing,2890,3467.868,1.2
kutch-hand-block-batik-print-pure-cotton-fabric-37-2026-536-1-37_1.jpg,1491,batik block printing,480,542.106,1.129
ajrakh-hand-block-prints-pure-handloom-chanderi-silk-fabric-of-kutch-06-2026-709-1-6_1.jpg,1431,ajrakh block printing,1250,1314.39,1.052
pure-handwoven-merino-wool-fabric-in-akola-block-prints-14-2026-590-2-14_1.jpg,1450,akola block printing,2890,3510.042,1.215
kutch-hand-block-batik-print-pure-cotton-fabric-53-2026-536-1-53_1.jpg,1491,batik block printing,480,555.137,1.157
kutch-hand-block-batik-print-pure-cotton-fabric-30-2026-536-1-30_1.jpg,1491,batik block printing,480,584.239,1.217
pure-handwoven-mashru-fabric-width-22-in-03-2026-745-1-3_1.jpg,1475,mashru weaving,990,1005.046,1.015
pochampally-central-asian-ikat-pure-cotton-fabric-02-2026-600-1-2_1.jpg,1468,pochampally ikat weaving,1290,548.225,0.425
kutch-hand-block-ajrakh-print-natural-dyed-cotton-hakoba-fabric-25-2026-738-1-25_1.jpg,1431,ajrakh block printing,790,700.062,0.886
kutch-hand-block-ajrakh-print-natural-dyed-cotton-hakoba-fabric-17-2026-738-1-17_1.jpg,1431,ajrakh block printing,790,694.267,0.879
kutch-hand-block-ajrakh-print-natural-dyed-cotton-hakoba-fabric-16-2026-738-1-16_1.jpg,1431,ajrakh block printing,790,688.899,0.872
kutch-hand-block-ajrakh-print-natural-dyed-cotton-hakoba-fabric-13-2026-738-1-13_1.jpg,1431,ajrakh block printing,790,678.303,0.859
kutch-hand-block-ajrakh-print-natural-dyed-cotton-hakoba-fabric-12-2026-738-1-12_1.jpg,1431,ajrakh block printing,790,684.398,0.866
kutch-hand-block-ajrakh-print-natural-dyed-cotton-hakoba-fabric-11-2026-738-1-11_1.jpg,1431,ajrakh block printing,790,678.949,0.859
kutch-hand-block-ajrakh-print-natural-dyed-cotton-hakoba-fabric-10-2026-738-1-10_1.jpg,1431,ajrakh block printing,790,674.582,0.854
kutch-hand-block-ajrakh-print-natural-dyed-cotton-hakoba-fabric-08-2026-738-1-8_1.jpg,1431,ajrakh block printing,790,677.396,0.857
kutch-hand-block-ajrakh-print-natural-dyed-cotton-hakoba-fabric-07-2026-738-1-7_1.jpg,1431,ajrakh block printing,790,675.346,0.855
kutch-hand-block-ajrakh-print-natural-dyed-cotton-hakoba-fabric-03-2026-738-1-3_1.jpg,1431,ajrakh block printing,790,684.059,0.866
kutch-hand-block-ajrakh-print-natural-dyed-cotton-hakoba-fabric-01-2026-738-1-1_1.jpg,1431,ajrakh block printing,790,691.101,0.875
handspun-handloom-mulberry-silk-plain-fabric-10-2026-661-1-10_1.jpg,1499,plain solid,2190,1682.949,0.768
ajrakh-hand-block-prints-pure-handloom-chanderi-silk-fabric-of-kutch-09-2026-709-1-9_1.jpg,1431,ajrakh block printing,1250,1270.386,1.016
ajrakh-hand-block-prints-pure-handloom-chanderi-silk-fabric-of-kutch-08-2026-709-1-8_1.jpg,1431,ajrakh block printing,1250,1287.761,1.03
ajrakh-hand-block-prints-pure-handloom-chanderi-silk-fabric-of-kutch-05-2026-709-1-5_1.jpg,1431,ajrakh block printing,1250,1255.132,1.004
ajrakh-hand-block-prints-pure-handloom-chanderi-silk-fabric-of-kutch-04-2026-709-1-4_1.jpg,1431,ajrakh block printing,1250,1263.05,1.01
ajrakh-hand-block-prints-pure-handloom-chanderi-silk-fabric-of-kutch-03-2026-709-1-3_1.jpg,1431,ajrakh block printing,1250,1282.832,1.026
ajrakh-hand-block-prints-pure-handloom-chanderi-silk-fabric-of-kutch-02-2026-709-1-2_1.jpg,1431,ajrakh block printing,1250,1324.448,1.06
ajrakh-hand-block-prints-pure-handloom-chanderi-silk-fabric-of-kutch-01-2026-709-1-1_1.jpg,1431,ajrakh block printing,1250,1316.611,1.053
pochampally-ikat-cotton-fabric-with-kalamkari-border-03-2026-498-1-3_1.jpg,1503,pochampally ikat weaving,1250,914.779,0.732
pure-handwoven-merino-wool-fabric-in-akola-block-prints-23-2026-590-2-23_1.jpg,1450,akola block printing,2890,3485.888,1.206
pure-handwoven-merino-wool-fabric-in-akola-block-prints-18-2026-590-2-18_1.jpg,1450,akola block printing,2890,3471.539,1.201
pure-handwoven-merino-wool-fabric-in-akola-block-prints-16-2026-590-2-16_1.jpg,1450,akola block printing,2890,3412.685,1.181
pure-handwoven-merino-wool-fabric-in-akola-block-prints-15-2026-590-2-15_1.jpg,1450,akola block printing,2890,3487.381,1.207
pure-handwoven-merino-wool-fabric-in-akola-block-prints-13-2026-590-2-13_1.jpg,1450,akola block printing,2890,3463.339,1.198
rasa-lobhi-champa-motif-floral-hand-block-printed-cotton-fabric-08-2026-587-1-8_1.jpg,1490,sanganeri block printing,790,534.92,0.677
bindaas-hand-block-art-print-natural-dyed-cotton-fabric-01-2026-581-1-1_1.jpg,1451,bindaas block printing,520,565.987,1.088
kutch-hand-block-batik-print-pure-cotton-fabric-63-2026-536-1-63_1.jpg,1491,batik block printing,480,553.226,1.153
kutch-hand-block-batik-print-pure-cotton-fabric-58-2026-536-1-58_1.jpg,1491,batik block printing,480,555.653,1.158
kutch-hand-block-batik-print-pure-cotton-fabric-51-2026-536-1-51_1.jpg,1491,batik block printing,480,561.099,1.169
kutch-hand-block-batik-print-pure-cotton-fabric-45-2026-536-1-45_1.jpg,1491,batik block printing,480,568.025,1.183
kutch-hand-block-batik-print-pure-cotton-fabric-41-2026-536-1-41_1.jpg,1491,batik block printing,480,554.835,1.156
kutch-hand-block-batik-print-pure-cotton-fabric-36-2026-536-1-36_1.jpg,1491,batik block printing,480,545.984,1.137
kutch-hand-block-batik-print-pure-cotton-fabric-31-2026-536-1-31_1.jpg,1491,batik block printing,480,555.266,1.157
kutch-hand-block-batik-print-pure-cotton-fabric-27-2026-536-1-27_1.jpg,1491,batik block printing,480,544.15,1.134
kutch-hand-block-batik-print-pure-cotton-fabric-12-2026-536-1-12_1.jpg,1491,batik block printing,480,556.112,1.159
natural-dyed-hand-block-print-ajrakh-cotton-hakoba-fabric-16-2026-506-1-16_1.jpg,1431,ajrakh block printing,790,869.792,1.101
kutch-hand-block-ajrakh-print-natural-dyed-mashru-silk-fabric-01-2026-778-1-1_1.jpg,1431,ajrakh block printing,750,916.736,1.222
pure-handwoven-mashru-fabric-width-22-in-02-2026-745-1-2_1.jpg,1475,mashru weaving,990,1007.722,1.018
kutch-hand-block-ajrakh-print-natural-dyed-cotton-hakoba-fabric-23-2026-738-1-23_1.jpg,1431,ajrakh block printing,790,683.315,0.865
kutch-hand-block-ajrakh-print-natural-dyed-cotton-hakoba-fabric-02-2026-738-1-2_1.jpg,1431,ajrakh block printing,790,691.789,0.876
pure-handwoven-mashru-fabric-width-22-in-01-2026-745-1-1_1.jpg,1475,mashru weaving,990,1010.268,1.02
ajrakh-hand-block-prints-pure-handloom-chanderi-silk-fabric-of-kutch-11-2026-709-1-11_1.jpg,1431,ajrakh block printing,1250,1270.819,1.017
pochampally-ikat-cotton-fabric-with-kalamkari-border-10-2026-498-1-10_1.jpg,1503,pochampally ikat weaving,1250,926.715,0.741
pochampally-ikat-cotton-fabric-with-kalamkari-border-09-2026-498-1-9_1.jpg,1503,pochampally ikat weaving,1250,929.34,0.743
pochampally-ikat-cotton-fabric-with-kalamkari-border-05-2026-498-1-5_1.jpg,1503,pochampally ikat weaving,1250,910.039,0.728
pure-handwoven-merino-wool-fabric-in-akola-block-prints-28-2026-590-2-28_1.jpg,1450,akola block printing,2890,3423.167,1.184
pure-handwoven-merino-wool-fabric-in-akola-block-prints-19-2026-590-2-19_1.jpg,1450,akola block printing,2890,3490.558,1.208
pure-handwoven-merino-wool-fabric-in-akola-block-prints-12-2026-590-2-12_1.jpg,1450,akola block printing,2890,3445.27,1.192
pure-handwoven-merino-wool-fabric-in-akola-block-prints-10-2026-590-2-10_1.jpg,1450,akola block printing,2890,3501.16,1.211
pure-handwoven-merino-wool-fabric-in-akola-block-prints-09-2026-590-2-9_1.jpg,1450,akola block printing,2890,3413.481,1.181
pure-handwoven-merino-wool-fabric-in-akola-block-prints-08-2026-590-2-8_1.jpg,1450,akola block printing,2890,3467.164,1.2
pure-handwoven-merino-wool-fabric-in-akola-block-prints-06-2026-590-2-6_1.jpg,1450,akola block printing,2890,3386.657,1.172
pure-handwoven-merino-wool-fabric-in-akola-block-prints-05-2026-590-2-5_1.jpg,1450,akola block printing,2890,3457.677,1.196
pure-handwoven-merino-wool-fabric-in-akola-block-prints-04-2026-590-2-4_1.jpg,1450,akola block printing,2890,3483.614,1.205
pure-handwoven-merino-wool-fabric-in-akola-block-prints-03-2026-590-2-3_1.jpg,1450,akola block printing,2890,3454.446,1.195
pure-handwoven-merino-wool-fabric-in-akola-block-prints-02-2026-590-2-2_1.jpg,1450,akola block printing,2890,3520.049,1.218
pure-handwoven-merino-wool-fabric-in-akola-block-prints-01-2026-590-2-1_1.jpg,1450,akola block printing,2890,3561.416,1.232
ajrakh-hand-block-print-natural-dyed-cotton-hakoba-fabric-42-2026-647-1-42_1.jpg,1431,ajrakh block printing,790,701.918,0.889
ajrakh-hand-block-print-natural-dyed-cotton-hakoba-fabric-41-2026-647-1-41_1.jpg,1431,ajrakh block printing,790,698.347,0.884
ajrakh-hand-block-print-natural-dyed-cotton-hakoba-fabric-40-2026-647-1-40_1.jpg,1431,ajrakh block printing,790,708.543,0.897
ajrakh-hand-block-print-natural-dyed-cotton-hakoba-fabric-39-2026-647-1-39_1.jpg,1431,ajrakh block printing,790,697.286,0.883
ajrakh-hand-block-print-natural-dyed-cotton-hakoba-fabric-38-2026-647-1-38_1.jpg,1431,ajrakh block printing,790,702.516,0.889
ajrakh-hand-block-print-natural-dyed-cotton-hakoba-fabric-37-2026-647-1-37_1.jpg,1431,ajrakh block printing,790,700.289,0.886
ajrakh-hand-block-print-natural-dyed-cotton-hakoba-fabric-36-2026-647-1-36_1.jpg,1431,ajrakh block printing,790,685.3,0.867
ajrakh-hand-block-print-natural-dyed-cotton-hakoba-fabric-35-2026-647-1-35_1.jpg,1431,ajrakh block printing,790,704.025,0.891
ajrakh-hand-block-print-natural-dyed-cotton-hakoba-fabric-34-2026-647-1-34_1.jpg,1431,ajrakh block printing,790,688.228,0.871
ajrakh-hand-block-print-natural-dyed-cotton-hakoba-fabric-31-2026-647-1-31_1.jpg,1431,ajrakh block printing,790,674.376,0.854
ajrakh-hand-block-print-natural-dyed-cotton-hakoba-fabric-29-2026-647-1-29_1.jpg,1431,ajrakh block printing,790,680.481,0.861
ajrakh-hand-block-print-natural-dyed-cotton-hakoba-fabric-26-2026-647-1-26_1.jpg,1431,ajrakh block printing,790,682.3,0.864
ajrakh-hand-block-print-natural-dyed-cotton-hakoba-fabric-23-2026-647-1-23_1.jpg,1431,ajrakh block printing,790,683.236,0.865
ajrakh-hand-block-print-natural-dyed-cotton-hakoba-fabric-22-2026-647-1-22_1.jpg,1431,ajrakh block printing,790,700.061,0.886
ajrakh-hand-block-print-natural-dyed-cotton-hakoba-fabric-19-2026-647-1-19_1.jpg,1431,ajrakh block printing,790,684.013,0.866
ajrakh-hand-block-print-natural-dyed-cotton-hakoba-fabric-17-2026-647-1-17_1.jpg,1431,ajrakh block printing,790,686.205,0.869
ajrakh-hand-block-print-natural-dyed-cotton-hakoba-fabric-15-2026-647-1-15_1.jpg,1431,ajrakh block printing,790,673.307,0.852
ajrakh-hand-block-print-natural-dyed-cotton-hakoba-fabric-14-2026-647-1-14_1.jpg,1431,ajrakh block printing,790,668.606,0.846
ajrakh-hand-block-print-natural-dyed-cotton-hakoba-fabric-13-2026-647-1-13_1.jpg,1431,ajrakh block printing,790,663.901,0.84
ajrakh-hand-block-print-natural-dyed-cotton-hakoba-fabric-12-2026-647-1-12_1.jpg,1431,ajrakh block printing,790,669.763,0.848
ajrakh-hand-block-print-natural-dyed-cotton-hakoba-fabric-08-2026-647-1-8_1.jpg,1431,ajrakh block printing,790,660.277,0.836
ajrakh-hand-block-print-natural-dyed-cotton-hakoba-fabric-07-2026-647-1-7_1.jpg,1431,ajrakh block printing,790,670.462,0.849
ajrakh-hand-block-print-natural-dyed-cotton-hakoba-fabric-06-2026-647-1-6_1.jpg,1431,ajrakh block printing,790,655.592,0.83
ajrakh-hand-block-print-natural-dyed-cotton-hakoba-fabric-05-2026-647-1-5_1.jpg,1431,ajrakh block printing,790,675.011,0.854
ajrakh-hand-block-print-natural-dyed-cotton-hakoba-fabric-04-2026-647-1-4_1.jpg,1431,ajrakh block printing,790,690.712,0.874
ajrakh-hand-block-print-natural-dyed-cotton-hakoba-fabric-03-2026-647-1-3_1.jpg,1431,ajrakh block printing,790,681.939,0.863
ajrakh-hand-block-print-natural-dyed-cotton-hakoba-fabric-02-2026-647-1-2_1.jpg,1431,ajrakh block printing,790,689.468,0.873
pochampally-central-asian-ikat-pure-cotton-fabric-19-2026-441-1-19_1.jpg,1468,pochampally ikat weaving,1290,900.212,0.698
pochampally-central-asian-ikat-pure-cotton-fabric-17-2026-441-1-17_1.jpg,1468,pochampally ikat weaving,1290,882.486,0.684
pochampally-central-asian-ikat-pure-cotton-fabric-14-2026-441-1-14_1.jpg,1468,pochampally ikat weaving,1290,885.055,0.686
pochampally-central-asian-ikat-pure-cotton-fabric-12-2026-441-1-12_1.jpg,1468,pochampally ikat weaving,1290,873.925,0.677
pochampally-central-asian-ikat-pure-cotton-fabric-11-2026-441-1-11_1.jpg,1468,pochampally ikat weaving,1290,866.097,0.671
pochampally-central-asian-ikat-pure-cotton-fabric-10-2026-441-1-10_1.jpg,1468,pochampally ikat weaving,1290,852.367,0.661
pochampally-central-asian-ikat-pure-cotton-fabric-08-2026-441-1-8_1.jpg,1468,pochampally ikat weaving,1290,838.738,0.65
pochampally-central-asian-ikat-pure-cotton-fabric-07-2026-441-1-7_1.jpg,1468,pochampally ikat weaving,1290,888.098,0.688
pochampally-central-asian-ikat-pure-cotton-fabric-06-2026-441-1-6_1.jpg,1468,pochampally ikat weaving,1290,859.951,0.667
pochampally-central-asian-ikat-pure-cotton-fabric-05-2026-441-1-5_1.jpg,1468,pochampally ikat weaving,1290,856.118,0.664
pochampally-central-asian-ikat-pure-cotton-fabric-04-2026-441-1-4_1.jpg,1468,pochampally ikat weaving,1290,859.329,0.666
ajrakh-hand-block-print-natural-dyed-cotton-hakoba-fabric-01-2026-647-1-1_1.jpg,1431,ajrakh block printing,790,688.802,0.872
rasa-lobhi-champa-motif-floral-hand-block-printed-cotton-fabric-05-2026-587-1-5_1.jpg,1490,sanganeri block printing,790,528.017,0.668
pochampally-central-asian-ikat-pure-cotton-fabric-08-2026-483-1-8_1.jpg,1468,pochampally ikat weaving,1790,857.495,0.479
pochampally-central-asian-ikat-pure-cotton-fabric-02-2026-483-1-2_1.jpg,1468,pochampally ikat weaving,1790,870.74,0.486
bindaas-hand-block-art-print-natural-dyed-cotton-fabric-18-2026-581-1-18_1.jpg,1451,bindaas block printing,520,576.073,1.108
bindaas-hand-block-art-print-natural-dyed-cotton-fabric-17-2026-581-1-17_1.jpg,1451,bindaas block printing,520,604.082,1.162
bindaas-hand-block-art-print-natural-dyed-cotton-fabric-16-2026-581-1-16_1.jpg,1451,bindaas block printing,520,589.182,1.133
bindaas-hand-block-art-print-natural-dyed-cotton-fabric-07-2026-581-1-7_1.jpg,1451,bindaas block printing,520,565.394,1.087
bindaas-hand-block-art-print-natural-dyed-cotton-fabric-06-2026-581-1-6_1.jpg,1451,bindaas block printing,520,562.481,1.082
bindaas-hand-block-art-print-natural-dyed-cotton-fabric-05-2026-581-1-5_1.jpg,1451,bindaas block printing,520,559.0,1.075
bindaas-hand-block-art-print-natural-dyed-cotton-fabric-04-2026-581-1-4_1.jpg,1451,bindaas block printing,520,567.175,1.091
dharwad-cotton-plain-fabric-with-zari-border-21-2026-481-1-21_1.jpg,1470,dharwad weaving,490,719.299,1.468
dharwad-cotton-plain-fabric-with-thread-border-16-2026-481-1-16_1.jpg,1470,dharwad weaving,490,594.585,1.213
dharwad-cotton-plain-fabric-with-thread-border-15-2026-481-1-15_1.jpg,1470,dharwad weaving,490,594.611,1.213
dharwad-cotton-plain-fabric-with-thread-border-14-2026-481-1-14_1.jpg,1470,dharwad weaving,490,595.477,1.215
dharwad-cotton-plain-fabric-with-thread-border-13-2026-481-1-13_1.jpg,1470,dharwad weaving,490,585.324,1.195
dharwad-cotton-plain-fabric-with-thread-border-12-2026-481-1-12_1.jpg,1470,dharwad weaving,490,646.463,1.319
dharwad-cotton-plain-fabric-with-thread-border-11-2026-481-1-11_1.jpg,1470,dharwad weaving,490,638.9,1.304
dharwad-cotton-plain-fabric-with-thread-border-10-2026-481-1-10_1.jpg,1470,dharwad weaving,490,628.164,1.282
dharwad-cotton-plain-fabric-with-thread-border-09-2026-481-1-9_1.jpg,1470,dharwad weaving,490,639.533,1.305
dharwad-cotton-buti-plain-fabric-with-thread-border-05-2026-481-1-5_1.jpg,1470,dharwad weaving,490,657.269,1.341
dharwad-cotton-buti-plain-fabric-with-thread-border-03-2026-481-1-3_1.jpg,1470,dharwad weaving,490,663.017,1.353
dharwad-cotton-buti-plain-fabric-with-thread-border-02-2026-481-1-2_1.jpg,1470,dharwad weaving,490,661.7,1.35
dharwad-cotton-plain-fabric-with-thread-border-08-2026-481-1-8_1.jpg,1470,dharwad weaving,490,633.352,1.293
dharwad-cotton-plain-fabric-with-zari-border-20-2026-481-1-20_1.jpg,1470,dharwad weaving,490,717.644,1.465
kutch-hand-block-batik-print-pure-cotton-fabric-61-2026-536-1-61_1.jpg,1491,batik block printing,480,556.416,1.159
kutch-hand-block-batik-print-pure-cotton-fabric-33-2026-536-1-33_1.jpg,1491,batik block printing,480,562.296,1.171
kutch-hand-block-batik-print-pure-cotton-fabric-32-2026-536-1-32_1.jpg,1491,batik block printing,480,557.128,1.161
natural-dyed-hand-block-print-ajrakh-cotton-hakoba-fabric-70-2026-506-1-70_1.jpg,1431,ajrakh block printing,790,867.232,1.098
natural-dyed-hand-block-print-ajrakh-cotton-hakoba-fabric-66-2026-506-1-66_1.jpg,1431,ajrakh block printing,790,869.309,1.1
natural-dyed-hand-block-print-ajrakh-cotton-hakoba-fabric-63-2026-506-1-63_1.jpg,1431,ajrakh block printing,790,867.232,1.098
natural-dyed-hand-block-print-ajrakh-cotton-hakoba-fabric-62-2026-506-1-62_1.jpg,1431,ajrakh block printing,790,873.201,1.105
natural-dyed-hand-block-print-ajrakh-cotton-hakoba-fabric-60-2026-506-1-60_1.jpg,1431,ajrakh block printing,790,877.438,1.111
natural-dyed-hand-block-print-ajrakh-cotton-hakoba-fabric-59-2026-506-1-59_1.jpg,1431,ajrakh block printing,790,873.201,1.105
natural-dyed-hand-block-print-ajrakh-cotton-hakoba-fabric-58-2026-506-1-58_1.jpg,1431,ajrakh block printing,790,873.201,1.105
natural-dyed-hand-block-print-ajrakh-cotton-hakoba-fabric-56-2026-506-1-56_1.jpg,1431,ajrakh block printing,790,877.086,1.11
natural-dyed-hand-block-print-ajrakh-cotton-hakoba-fabric-55-2026-506-1-55_1.jpg,1431,ajrakh block printing,790,876.616,1.11
natural-dyed-hand-block-print-ajrakh-cotton-hakoba-fabric-53-2026-506-1-53_1.jpg,1431,ajrakh block printing,790,867.232,1.098
natural-dyed-hand-block-print-ajrakh-cotton-hakoba-fabric-51-2026-506-1-51_1.jpg,1431,ajrakh block printing,790,870.344,1.102
natural-dyed-hand-block-print-ajrakh-cotton-hakoba-fabric-48-2026-506-1-48_1.jpg,1431,ajrakh block printing,790,878.813,1.112
natural-dyed-hand-block-print-ajrakh-cotton-hakoba-fabric-47-2026-506-1-47_1.jpg,1431,ajrakh block printing,790,876.745,1.11
natural-dyed-hand-block-print-ajrakh-cotton-hakoba-fabric-46-2026-506-1-46_1.jpg,1431,ajrakh block printing,790,872.337,1.104
natural-dyed-hand-block-print-ajrakh-cotton-hakoba-fabric-44-2026-506-1-44_1.jpg,1431,ajrakh block printing,790,869.825,1.101
natural-dyed-hand-block-print-ajrakh-cotton-hakoba-fabric-43-2026-506-1-43_1.jpg,1431,ajrakh block printing,790,865.06,1.095
natural-dyed-hand-block-print-ajrakh-cotton-hakoba-fabric-42-2026-506-1-42_1.jpg,1431,ajrakh block printing,790,867.028,1.098
natural-dyed-hand-block-print-ajrakh-cotton-hakoba-fabric-41-2026-506-1-41_1.jpg,1431,ajrakh block printing,790,862.721,1.092
natural-dyed-hand-block-print-ajrakh-cotton-hakoba-fabric-40-2026-506-1-40_1.jpg,1431,ajrakh block printing,790,874.79,1.107
natural-dyed-hand-block-print-ajrakh-cotton-hakoba-fabric-39-2026-506-1-39_1.jpg,1431,ajrakh block printing,790,890.313,1.127
natural-dyed-hand-block-print-ajrakh-cotton-hakoba-fabric-38-2026-506-1-38_1.jpg,1431,ajrakh block printing,790,896.625,1.135
natural-dyed-hand-block-print-ajrakh-cotton-hakoba-fabric-37-2026-506-1-37_1.jpg,1431,ajrakh block printing,790,893.955,1.132
natural-dyed-hand-block-print-ajrakh-cotton-hakoba-fabric-36-2026-506-1-36_1.jpg,1431,ajrakh block printing,790,899.575,1.139
natural-dyed-hand-block-print-ajrakh-cotton-hakoba-fabric-31-2026-506-1-31_1.jpg,1431,ajrakh block printing,790,868.514,1.099
natural-dyed-hand-block-print-ajrakh-cotton-hakoba-fabric-24-2026-506-1-24_1.jpg,1431,ajrakh block printing,790,867.798,1.098
natural-dyed-hand-block-print-ajrakh-cotton-hakoba-fabric-21-2026-506-1-21_1.jpg,1431,ajrakh block printing,790,865.021,1.095
natural-dyed-hand-block-print-ajrakh-cotton-hakoba-fabric-19-2026-506-1-19_1.jpg,1431,ajrakh block printing,790,866.515,1.097
natural-dyed-hand-block-print-ajrakh-cotton-hakoba-fabric-15-2026-506-1-15_1.jpg,1431,ajrakh block printing,790,868.787,1.1
natural-dyed-hand-block-print-ajrakh-cotton-hakoba-fabric-13-2026-506-1-13_1.jpg,1431,ajrakh block printing,790,884.683,1.12
natural-dyed-hand-block-print-ajrakh-cotton-hakoba-fabric-12-2026-506-1-12_1.jpg,1431,ajrakh block printing,790,892.252,1.129
natural-dyed-hand-block-print-ajrakh-cotton-hakoba-fabric-11-2026-506-1-11_1.jpg,1431,ajrakh block printing,790,885.554,1.121
natural-dyed-hand-block-print-ajrakh-cotton-hakoba-fabric-07-2026-506-1-7_1.jpg,1431,ajrakh block printing,790,877.809,1.111
natural-dyed-hand-block-print-ajrakh-cotton-hakoba-fabric-05-2026-506-1-5_1.jpg,1431,ajrakh block printing,790,870.24,1.102
natural-dyed-hand-block-print-ajrakh-cotton-hakoba-fabric-04-2026-506-1-4_1.jpg,1431,ajrakh block printing,790,881.843,1.116
natural-dyed-hand-block-print-ajrakh-cotton-hakoba-fabric-01-2026-506-1-1_1.jpg,1431,ajrakh block printing,790,882.344,1.117
natural-dyed-ajrakh-hand-block-print-cotton-hakoba-fabric-147-2026-463-1-147_1.jpg,1431,ajrakh block printing,790,699.958,0.886
natural-dyed-ajrakh-hand-block-print-cotton-hakoba-fabric-146-2026-463-1-146_1.jpg,1431,ajrakh block printing,790,699.958,0.886
natural-dyed-ajrakh-hand-block-print-cotton-hakoba-fabric-144-2026-463-1-144_1.jpg,1431,ajrakh block printing,790,699.958,0.886
natural-dyed-ajrakh-hand-block-print-cotton-hakoba-fabric-141-2026-463-1-141_1.jpg,1431,ajrakh block printing,790,699.958,0.886
natural-dyed-ajrakh-hand-block-print-cotton-hakoba-fabric-140-2026-463-1-140_1.jpg,1431,ajrakh block printing,790,699.958,0.886
natural-dyed-ajrakh-hand-block-print-cotton-hakoba-fabric-139-2026-463-1-139_1.jpg,1431,ajrakh block printing,790,726.851,0.92
natural-dyed-ajrakh-hand-block-print-cotton-hakoba-fabric-137-2026-463-1-137_1.jpg,1431,ajrakh block printing,790,726.851,0.92
natural-dyed-ajrakh-hand-block-print-cotton-hakoba-fabric-134-2026-463-1-134_1.jpg,1431,ajrakh block printing,790,726.851,0.92
natural-dyed-ajrakh-hand-block-print-cotton-hakoba-fabric-133-2026-463-1-133_1.jpg,1431,ajrakh block printing,790,726.851,0.92
natural-dyed-ajrakh-hand-block-print-cotton-hakoba-fabric-132-2026-463-1-132_1.jpg,1431,ajrakh block printing,790,726.851,0.92
natural-dyed-ajrakh-hand-block-print-cotton-hakoba-fabric-131-2026-463-1-131_1.jpg,1431,ajrakh block printing,790,726.851,0.92
natural-dyed-ajrakh-hand-block-print-cotton-hakoba-fabric-129-2026-463-1-129_1.jpg,1431,ajrakh block printing,790,726.851,0.92
natural-dyed-ajrakh-hand-block-print-cotton-hakoba-fabric-127-2026-463-1-127_1.jpg,1431,ajrakh block printing,790,726.851,0.92
natural-dyed-ajrakh-hand-block-print-cotton-hakoba-fabric-124-2026-463-1-124_1.jpg,1431,ajrakh block printing,790,709.685,0.898
natural-dyed-ajrakh-hand-block-print-cotton-hakoba-fabric-111-2026-463-1-111_1.jpg,1431,ajrakh block printing,790,709.187,0.898
natural-dyed-ajrakh-hand-block-print-cotton-hakoba-fabric-110-2026-463-1-110_1.jpg,1431,ajrakh block printing,790,709.187,0.898
natural-dyed-ajrakh-hand-block-print-cotton-hakoba-fabric-108-2026-463-1-108_1.jpg,1431,ajrakh block printing,790,709.187,0.898
natural-dyed-ajrakh-hand-block-print-cotton-hakoba-fabric-107-2026-463-1-107_1.jpg,1431,ajrakh block printing,790,709.187,0.898
natural-dyed-ajrakh-hand-block-print-cotton-hakoba-fabric-105-2026-463-1-105_1.jpg,1431,ajrakh block printing,790,709.187,0.898
natural-dyed-ajrakh-hand-block-print-cotton-hakoba-fabric-101-2026-463-1-101_1.jpg,1431,ajrakh block printing,790,709.187,0.898
natural-dyed-ajrakh-hand-block-print-cotton-hakoba-fabric-100-2026-463-1-100_1.jpg,1431,ajrakh block printing,790,714.719,0.905
natural-dyed-ajrakh-hand-block-print-cotton-hakoba-fabric-98-2026-463-1-98_1.jpg,1431,ajrakh block printing,790,702.912,0.89
natural-dyed-ajrakh-hand-block-print-cotton-hakoba-fabric-96-2026-463-1-96_1.jpg,1431,ajrakh block printing,790,699.401,0.885
natural-dyed-ajrakh-hand-block-print-cotton-hakoba-fabric-94-2026-463-1-94_1.jpg,1431,ajrakh block printing,790,699.401,0.885
natural-dyed-ajrakh-hand-block-print-cotton-hakoba-fabric-90-2026-463-1-90_1.jpg,1431,ajrakh block printing,790,699.401,0.885
natural-dyed-ajrakh-hand-block-print-cotton-hakoba-fabric-88-2026-463-1-88_1.jpg,1431,ajrakh block printing,790,657.912,0.833
natural-dyed-ajrakh-hand-block-print-cotton-hakoba-fabric-87-2026-463-1-87_1.jpg,1431,ajrakh block printing,790,657.912,0.833
natural-dyed-ajrakh-hand-block-print-cotton-hakoba-fabric-72-2026-463-1-72_1.jpg,1431,ajrakh block printing,790,693.765,0.878
natural-dyed-ajrakh-hand-block-print-cotton-hakoba-fabric-71-2026-463-1-71_1.jpg,1431,ajrakh block printing,790,693.765,0.878
natural-dyed-ajrakh-hand-block-print-cotton-hakoba-fabric-68-2026-463-1-68_1.jpg,1431,ajrakh block printing,790,693.765,0.878
natural-dyed-ajrakh-hand-block-print-cotton-hakoba-fabric-67-2026-463-1-67_1.jpg,1431,ajrakh block printing,790,693.765,0.878
natural-dyed-ajrakh-hand-block-print-cotton-hakoba-fabric-63-2026-463-1-63_1.jpg,1431,ajrakh block printing,790,693.765,0.878
natural-dyed-ajrakh-hand-block-print-cotton-hakoba-fabric-62-2026-463-1-62_1.jpg,1431,ajrakh block printing,790,693.765,0.878
natural-dyed-ajrakh-hand-block-print-cotton-hakoba-fabric-57-2026-463-1-57_1.jpg,1431,ajrakh block printing,790,693.765,0.878
natural-dyed-ajrakh-hand-block-print-cotton-hakoba-fabric-56-2026-463-1-56_1.jpg,1431,ajrakh block printing,790,697.975,0.884
natural-dyed-ajrakh-hand-block-print-cotton-hakoba-fabric-55-2026-463-1-55_1.jpg,1431,ajrakh block printing,790,697.568,0.883
natural-dyed-ajrakh-hand-block-print-cotton-hakoba-fabric-54-2026-463-1-54_1.jpg,1431,ajrakh block printing,790,699.892,0.886
natural-dyed-ajrakh-hand-block-print-cotton-hakoba-fabric-51-2026-463-1-51_1.jpg,1431,ajrakh block printing,790,706.553,0.894
natural-dyed-ajrakh-hand-block-print-cotton-hakoba-fabric-48-2026-463-1-48_1.jpg,1431,ajrakh block printing,790,713.896,0.904
natural-dyed-ajrakh-hand-block-print-cotton-hakoba-fabric-46-2026-463-1-46_1.jpg,1431,ajrakh block printing,790,725.686,0.919
natural-dyed-ajrakh-hand-block-print-cotton-hakoba-fabric-41-2026-463-1-41_1.jpg,1431,ajrakh block printing,790,693.811,0.878
natural-dyed-ajrakh-hand-block-print-cotton-hakoba-fabric-40-2026-463-1-40_1.jpg,1431,ajrakh block printing,790,704.062,0.891
natural-dyed-ajrakh-hand-block-print-cotton-hakoba-fabric-39-2026-463-1-39_1.jpg,1431,ajrakh block printing,790,692.743,0.877
natural-dyed-ajrakh-hand-block-print-cotton-hakoba-fabric-38-2026-463-1-38_1.jpg,1431,ajrakh block printing,790,698.002,0.884
natural-dyed-ajrakh-hand-block-print-cotton-hakoba-fabric-36-2026-463-1-36_1.jpg,1431,ajrakh block printing,790,709.681,0.898
natural-dyed-ajrakh-hand-block-print-cotton-hakoba-fabric-35-2026-463-1-35_1.jpg,1431,ajrakh block printing,790,709.57,0.898
natural-dyed-ajrakh-hand-block-print-cotton-hakoba-fabric-33-2026-463-1-33_1.jpg,1431,ajrakh block printing,790,711.8,0.901
natural-dyed-ajrakh-hand-block-print-cotton-hakoba-fabric-32-2026-463-1-32_1.jpg,1431,ajrakh block printing,790,705.625,0.893
natural-dyed-ajrakh-hand-block-print-cotton-hakoba-fabric-31-2026-463-1-31_1.jpg,1431,ajrakh block printing,790,699.516,0.885
natural-dyed-ajrakh-hand-block-print-cotton-hakoba-fabric-29-2026-463-1-29_1.jpg,1431,ajrakh block printing,790,696.727,0.882
natural-dyed-ajrakh-hand-block-print-cotton-hakoba-fabric-28-2026-463-1-28_1.jpg,1431,ajrakh block printing,790,702.424,0.889
natural-dyed-ajrakh-hand-block-print-cotton-hakoba-fabric-27-2026-463-1-27_1.jpg,1431,ajrakh block printing,790,698.21,0.884
natural-dyed-ajrakh-hand-block-print-cotton-hakoba-fabric-26-2026-463-1-26_1.jpg,1431,ajrakh block printing,790,698.608,0.884
leheriya-tie-dye-cotton-fabric-05-2026-414-3-5_1.jpg,1509,lehariya tie dye,490,424.3,0.866
leheriya-tie-dye-cotton-fabric-04-2026-414-3-4_1.jpg,1509,lehariya tie dye,490,438.654,0.895
leheriya-tie-dye-cotton-fabric-03-2026-414-3-3_1.jpg,1509,lehariya tie dye,490,431.316,0.88
leheriya-tie-dye-cotton-fabric-02-2026-414-3-2_1.jpg,1509,lehariya tie dye,490,438.413,0.895
natural-dyed-ajrakh-hand-block-print-cotton-hakoba-fabric-25-2026-463-1-25_1.jpg,1431,ajrakh block printing,790,712.958,0.902
natural-dyed-ajrakh-hand-block-print-cotton-hakoba-fabric-24-2026-463-1-24_1.jpg,1431,ajrakh block printing,790,698.016,0.884
natural-dyed-ajrakh-hand-block-print-cotton-hakoba-fabric-23-2026-463-1-23_1.jpg,1431,ajrakh block printing,790,696.052,0.881
natural-dyed-ajrakh-hand-block-print-cotton-hakoba-fabric-19-2026-463-1-19_1.jpg,1431,ajrakh block printing,790,702.572,0.889
natural-dyed-ajrakh-hand-block-print-cotton-hakoba-fabric-16-2026-463-1-16_1.jpg,1431,ajrakh block printing,790,699.625,0.886
natural-dyed-ajrakh-hand-block-print-cotton-hakoba-fabric-15-2026-463-1-15_1.jpg,1431,ajrakh block printing,790,698.685,0.884
natural-dyed-ajrakh-hand-block-print-cotton-hakoba-fabric-06-2026-463-1-6_1.jpg,1431,ajrakh block printing,790,705.896,0.894
natural-dyed-ajrakh-hand-block-print-cotton-hakoba-fabric-03-2026-463-1-3_1.jpg,1431,ajrakh block printing,790,703.959,0.891
natural-dyed-ajrakh-hand-block-print-cotton-hakoba-fabric-02-2026-463-1-2_1.jpg,1431,ajrakh block printing,790,711.839,0.901
ajrakh-hand-block-print-natural-dyed-cotton-hakoba-fabric-68-2026-466-1-68_1.jpg,1431,ajrakh block printing,790,668.596,0.846
ajrakh-hand-block-print-natural-dyed-cotton-hakoba-fabric-67-2026-466-1-67_1.jpg,1431,ajrakh block printing,790,668.596,0.846
ajrakh-hand-block-print-natural-dyed-cotton-hakoba-fabric-66-2026-466-1-66_1.jpg,1431,ajrakh block printing,790,668.596,0.846
ajrakh-hand-block-print-natural-dyed-cotton-hakoba-fabric-64-2026-466-1-64_1.jpg,1431,ajrakh block printing,790,668.596,0.846
ajrakh-hand-block-print-natural-dyed-cotton-hakoba-fabric-62-2026-466-1-62_1.jpg,1431,ajrakh block printing,790,678.717,0.859
ajrakh-hand-block-print-natural-dyed-cotton-hakoba-fabric-60-2026-466-1-60_1.jpg,1431,ajrakh block printing,790,682.997,0.865
ajrakh-hand-block-print-natural-dyed-cotton-hakoba-fabric-59-2026-466-1-59_1.jpg,1431,ajrakh block printing,790,698.318,0.884
ajrakh-hand-block-print-natural-dyed-cotton-hakoba-fabric-57-2026-466-1-57_1.jpg,1431,ajrakh block printing,790,668.596,0.846
ajrakh-hand-block-print-natural-dyed-cotton-hakoba-fabric-55-2026-466-1-55_1.jpg,1431,ajrakh block printing,790,672.302,0.851
ajrakh-hand-block-print-natural-dyed-cotton-hakoba-fabric-53-2026-466-1-53_1.jpg,1431,ajrakh block printing,790,668.596,0.846
ajrakh-hand-block-print-natural-dyed-cotton-hakoba-fabric-52-2026-466-1-52_1.jpg,1431,ajrakh block printing,790,674.758,0.854
ajrakh-hand-block-print-natural-dyed-cotton-hakoba-fabric-44-2026-466-1-44_1.jpg,1431,ajrakh block printing,790,703.605,0.891
ajrakh-hand-block-print-natural-dyed-cotton-hakoba-fabric-43-2026-466-1-43_1.jpg,1431,ajrakh block printing,790,699.543,0.885
ajrakh-hand-block-print-natural-dyed-cotton-hakoba-fabric-41-2026-466-1-41_1.jpg,1431,ajrakh block printing,790,697.554,0.883
ajrakh-hand-block-print-natural-dyed-cotton-hakoba-fabric-40-2026-466-1-40_1.jpg,1431,ajrakh block printing,790,708.543,0.897
ajrakh-hand-block-print-natural-dyed-cotton-hakoba-fabric-39-2026-466-1-39_1.jpg,1431,ajrakh block printing,790,696.499,0.882
ajrakh-hand-block-print-natural-dyed-cotton-hakoba-fabric-38-2026-466-1-38_1.jpg,1431,ajrakh block printing,790,701.7,0.888
ajrakh-hand-block-print-natural-dyed-cotton-hakoba-fabric-34-2026-466-1-34_1.jpg,1431,ajrakh block printing,790,677.887,0.858
ajrakh-hand-block-print-natural-dyed-cotton-hakoba-fabric-33-2026-466-1-33_1.jpg,1431,ajrakh block printing,790,677.003,0.857
ajrakh-hand-block-print-natural-dyed-cotton-hakoba-fabric-31-2026-466-1-31_1.jpg,1431,ajrakh block printing,790,665.497,0.842
ajrakh-hand-block-print-natural-dyed-cotton-hakoba-fabric-30-2026-466-1-30_1.jpg,1431,ajrakh block printing,790,697.564,0.883
ajrakh-hand-block-print-natural-dyed-cotton-hakoba-fabric-29-2026-466-1-29_1.jpg,1431,ajrakh block printing,790,671.478,0.85
ajrakh-hand-block-print-natural-dyed-cotton-hakoba-fabric-28-2026-466-1-28_1.jpg,1431,ajrakh block printing,790,676.876,0.857
ajrakh-hand-block-print-natural-dyed-cotton-hakoba-fabric-19-2026-466-1-19_1.jpg,1431,ajrakh block printing,790,671.59,0.85
ajrakh-hand-block-print-natural-dyed-cotton-hakoba-fabric-17-2026-466-1-17_1.jpg,1431,ajrakh block printing,790,686.205,0.869
ajrakh-hand-block-print-natural-dyed-cotton-hakoba-fabric-16-2026-466-1-16_1.jpg,1431,ajrakh block printing,790,674.206,0.853
ajrakh-hand-block-print-natural-dyed-cotton-hakoba-fabric-14-2026-466-1-14_1.jpg,1431,ajrakh block printing,790,668.606,0.846
ajrakh-hand-block-print-natural-dyed-cotton-hakoba-fabric-13-2026-466-1-13_1.jpg,1431,ajrakh block printing,790,663.901,0.84
ajrakh-hand-block-print-natural-dyed-cotton-hakoba-fabric-11-2026-466-1-11_1.jpg,1431,ajrakh block printing,790,693.098,0.877
ajrakh-hand-block-print-natural-dyed-cotton-hakoba-fabric-09-2026-466-1-9_1.jpg,1431,ajrakh block printing,790,691.85,0.876
ajrakh-hand-block-print-natural-dyed-cotton-hakoba-fabric-07-2026-466-1-7_1.jpg,1431,ajrakh block printing,790,658.325,0.833
natural-dyed-ajrakh-hand-block-print-cotton-hakoba-fabric-01-2026-463-1-1_1.jpg,1431,ajrakh block printing,790,711.143,0.9
ajrakh-hand-block-print-natural-dyed-cotton-hakoba-fabric-118-2026-462-1-118_1.jpg,1431,ajrakh block printing,790,674.565,0.854
ajrakh-hand-block-print-natural-dyed-cotton-hakoba-fabric-117-2026-462-1-117_1.jpg,1431,ajrakh block printing,790,703.767,0.891
ajrakh-hand-block-print-natural-dyed-cotton-hakoba-fabric-115-2026-462-1-115_1.jpg,1431,ajrakh block printing,790,674.565,0.854
ajrakh-hand-block-print-natural-dyed-cotton-hakoba-fabric-113-2026-462-1-113_1.jpg,1431,ajrakh block printing,790,674.565,0.854
ajrakh-hand-block-print-natural-dyed-cotton-hakoba-fabric-112-2026-462-1-112_1.jpg,1431,ajrakh block printing,790,674.565,0.854
ajrakh-hand-block-print-natural-dyed-cotton-hakoba-fabric-111-2026-462-1-111_1.jpg,1431,ajrakh block printing,790,674.565,0.854
ajrakh-hand-block-print-natural-dyed-cotton-hakoba-fabric-110-2026-462-1-110_1.jpg,1431,ajrakh block printing,790,674.565,0.854
ajrakh-hand-block-print-natural-dyed-cotton-hakoba-fabric-109-2026-462-1-109_1.jpg,1431,ajrakh block printing,790,674.565,0.854
ajrakh-hand-block-print-natural-dyed-cotton-hakoba-fabric-108-2026-462-1-108_1.jpg,1431,ajrakh block printing,790,703.767,0.891
ajrakh-hand-block-print-natural-dyed-cotton-hakoba-fabric-107-2026-462-1-107_1.jpg,1431,ajrakh block printing,790,703.767,0.891
ajrakh-hand-block-print-natural-dyed-cotton-hakoba-fabric-106-2026-462-1-106_1.jpg,1431,ajrakh block printing,790,719.704,0.911
ajrakh-hand-block-print-natural-dyed-cotton-hakoba-fabric-104-2026-462-1-104_1.jpg,1431,ajrakh block printing,790,703.767,0.891
ajrakh-hand-block-print-natural-dyed-cotton-hakoba-fabric-103-2026-462-1-103_1.jpg,1431,ajrakh block printing,790,703.767,0.891
ajrakh-hand-block-print-natural-dyed-cotton-hakoba-fabric-101-2026-462-1-101_1.jpg,1431,ajrakh block printing,790,703.767,0.891
ajrakh-hand-block-print-natural-dyed-cotton-hakoba-fabric-100-2026-462-1-100_1.jpg,1431,ajrakh block printing,790,709.147,0.898
ajrakh-hand-block-print-natural-dyed-cotton-hakoba-fabric-99-2026-462-1-99_1.jpg,1431,ajrakh block printing,790,713.336,0.903
ajrakh-hand-block-print-natural-dyed-cotton-hakoba-fabric-98-2026-462-1-98_1.jpg,1431,ajrakh block printing,790,689.952,0.873
ajrakh-hand-block-print-natural-dyed-cotton-hakoba-fabric-97-2026-462-1-97_1.jpg,1431,ajrakh block printing,790,697.54,0.883
ajrakh-hand-block-print-natural-dyed-cotton-hakoba-fabric-96-2026-462-1-96_1.jpg,1431,ajrakh block printing,790,668.596,0.846
ajrakh-hand-block-print-natural-dyed-cotton-hakoba-fabric-95-2026-462-1-95_1.jpg,1431,ajrakh block printing,790,668.596,0.846
ajrakh-hand-block-print-natural-dyed-cotton-hakoba-fabric-94-2026-462-1-94_1.jpg,1431,ajrakh block printing,790,668.596,0.846
ajrakh-hand-block-print-natural-dyed-cotton-hakoba-fabric-93-2026-462-1-93_1.jpg,1431,ajrakh block printing,790,668.596,0.846
ajrakh-hand-block-print-natural-dyed-cotton-hakoba-fabric-92-2026-462-1-92_1.jpg,1431,ajrakh block printing,790,668.596,0.846
ajrakh-hand-block-print-natural-dyed-cotton-hakoba-fabric-89-2026-462-1-89_1.jpg,1431,ajrakh block printing,790,668.596,0.846
ajrakh-hand-block-print-natural-dyed-cotton-hakoba-fabric-88-2026-462-1-88_1.jpg,1431,ajrakh block printing,790,668.596,0.846
ajrakh-hand-block-print-natural-dyed-cotton-hakoba-fabric-87-2026-462-1-87_1.jpg,1431,ajrakh block printing,790,668.596,0.846
ajrakh-hand-block-print-natural-dyed-cotton-hakoba-fabric-86-2026-462-1-86_1.jpg,1431,ajrakh block printing,790,668.596,0.846
ajrakh-hand-block-print-natural-dyed-cotton-hakoba-fabric-84-2026-462-1-84_1.jpg,1431,ajrakh block printing,790,668.596,0.846
ajrakh-hand-block-print-natural-dyed-cotton-hakoba-fabric-82-2026-462-1-82_1.jpg,1431,ajrakh block printing,790,697.54,0.883
ajrakh-hand-block-print-natural-dyed-cotton-hakoba-fabric-80-2026-462-1-80_1.jpg,1431,ajrakh block printing,790,697.54,0.883
ajrakh-hand-block-print-natural-dyed-cotton-hakoba-fabric-79-2026-462-1-79_1.jpg,1431,ajrakh block printing,790,756.262,0.957
ajrakh-hand-block-print-natural-dyed-cotton-hakoba-fabric-77-2026-462-1-77_1.jpg,1431,ajrakh block printing,790,697.54,0.883
ajrakh-hand-block-print-natural-dyed-cotton-hakoba-fabric-74-2026-462-1-74_1.jpg,1431,ajrakh block printing,790,697.54,0.883
ajrakh-hand-block-print-natural-dyed-cotton-hakoba-fabric-72-2026-462-1-72_1.jpg,1431,ajrakh block printing,790,697.54,0.883
ajrakh-hand-block-print-natural-dyed-cotton-hakoba-fabric-71-2026-462-1-71_1.jpg,1431,ajrakh block printing,790,697.54,0.883
ajrakh-hand-block-print-natural-dyed-cotton-hakoba-fabric-70-2026-462-1-70_1.jpg,1431,ajrakh block printing,790,697.54,0.883
ajrakh-hand-block-print-natural-dyed-cotton-hakoba-fabric-69-2026-462-1-69_1.jpg,1431,ajrakh block printing,790,713.336,0.903
ajrakh-hand-block-print-natural-dyed-cotton-hakoba-fabric-68-2026-462-1-68_1.jpg,1431,ajrakh block printing,790,677.578,0.858
ajrakh-hand-block-print-natural-dyed-cotton-hakoba-fabric-60-2026-462-1-60_1.jpg,1431,ajrakh block printing,790,679.453,0.86
ajrakh-hand-block-print-natural-dyed-cotton-hakoba-fabric-59-2026-462-1-59_1.jpg,1431,ajrakh block printing,790,677.578,0.858
ajrakh-hand-block-print-natural-dyed-cotton-hakoba-fabric-58-2026-462-1-58_1.jpg,1431,ajrakh block printing,790,677.578,0.858
ajrakh-hand-block-print-natural-dyed-cotton-hakoba-fabric-46-2026-462-1-46_1.jpg,1431,ajrakh block printing,790,682.657,0.864
ajrakh-hand-block-print-natural-dyed-cotton-hakoba-fabric-45-2026-462-1-45_1.jpg,1431,ajrakh block printing,790,709.883,0.899
ajrakh-hand-block-print-natural-dyed-cotton-hakoba-fabric-44-2026-462-1-44_1.jpg,1431,ajrakh block printing,790,683.588,0.865
ajrakh-hand-block-print-natural-dyed-cotton-hakoba-fabric-42-2026-462-1-42_1.jpg,1431,ajrakh block printing,790,681.132,0.862
ajrakh-hand-block-print-natural-dyed-cotton-hakoba-fabric-41-2026-462-1-41_1.jpg,1431,ajrakh block printing,790,677.667,0.858
ajrakh-hand-block-print-natural-dyed-cotton-hakoba-fabric-40-2026-462-1-40_1.jpg,1431,ajrakh block printing,790,708.543,0.897
ajrakh-hand-block-print-natural-dyed-cotton-hakoba-fabric-38-2026-462-1-38_1.jpg,1431,ajrakh block printing,790,702.516,0.889
ajrakh-hand-block-print-natural-dyed-cotton-hakoba-fabric-37-2026-462-1-37_1.jpg,1431,ajrakh block printing,790,700.289,0.886
ajrakh-hand-block-print-natural-dyed-cotton-hakoba-fabric-36-2026-462-1-36_1.jpg,1431,ajrakh block printing,790,720.256,0.912
ajrakh-hand-block-print-natural-dyed-cotton-hakoba-fabric-35-2026-462-1-35_1.jpg,1431,ajrakh block printing,790,704.85,0.892
ajrakh-hand-block-print-natural-dyed-cotton-hakoba-fabric-34-2026-462-1-34_1.jpg,1431,ajrakh block printing,790,707.965,0.896
ajrakh-hand-block-print-natural-dyed-cotton-hakoba-fabric-33-2026-462-1-33_1.jpg,1431,ajrakh block printing,790,707.037,0.895
ajrakh-hand-block-print-natural-dyed-cotton-hakoba-fabric-32-2026-462-1-32_1.jpg,1431,ajrakh block printing,790,700.974,0.887
ajrakh-hand-block-print-natural-dyed-cotton-hakoba-fabric-29-2026-462-1-29_1.jpg,1431,ajrakh block printing,790,701.25,0.888
ajrakh-hand-block-print-natural-dyed-cotton-hakoba-fabric-28-2026-462-1-28_1.jpg,1431,ajrakh block printing,790,708.921,0.897
ajrakh-hand-block-print-natural-dyed-cotton-hakoba-fabric-25-2026-462-1-25_1.jpg,1431,ajrakh block printing,790,656.053,0.83
ajrakh-hand-block-print-natural-dyed-cotton-hakoba-fabric-23-2026-462-1-23_1.jpg,1431,ajrakh block printing,790,683.236,0.865
ajrakh-hand-block-print-natural-dyed-cotton-hakoba-fabric-19-2026-462-1-19_1.jpg,1431,ajrakh block printing,790,684.013,0.866
ajrakh-hand-block-print-natural-dyed-cotton-hakoba-fabric-17-2026-462-1-17_1.jpg,1431,ajrakh block printing,790,686.205,0.869
ajrakh-hand-block-print-natural-dyed-cotton-hakoba-fabric-15-2026-462-1-15_1.jpg,1431,ajrakh block printing,790,685.765,0.868
ajrakh-hand-block-print-natural-dyed-cotton-hakoba-fabric-11-2026-462-1-11_1.jpg,1431,ajrakh block printing,790,676.818,0.857
ajrakh-hand-block-print-natural-dyed-cotton-hakoba-fabric-08-2026-462-1-8_1.jpg,1431,ajrakh block printing,790,672.462,0.851
ajrakh-hand-block-print-natural-dyed-cotton-hakoba-fabric-06-2026-462-1-6_1.jpg,1431,ajrakh block printing,790,667.662,0.845
ajrakh-hand-block-print-natural-dyed-cotton-hakoba-fabric-04-2026-462-1-4_1.jpg,1431,ajrakh block printing,790,673.716,0.853
ajrakh-hand-block-print-natural-dyed-cotton-hakoba-fabric-03-2026-462-1-3_1.jpg,1431,ajrakh block printing,790,665.852,0.843
ajrakh-hand-block-print-natural-dyed-cotton-hakoba-fabric-01-2026-466-1-1_1.jpg,1431,ajrakh block printing,790,672.582,0.851
leheriya-tie-dye-cotton-fabric-01-2026-414-3-1_1.jpg,1509,lehariya tie dye,490,430.726,0.879
ajrakh-hand-block-print-natural-dyed-cotton-fabric-02-2026-387-1-2_1.jpg,1431,ajrakh block printing,690,684.839,0.993
sambalpuri-embroidery-cotton-fabric-16-2026-154-2-16_1.jpg,1514,embroidery,690,283.884,0.411
sambalpuri-embroidery-cotton-fabric-15-2026-154-2-15_1.jpg,1514,embroidery,690,282.161,0.409
kutch-hand-block-ajrakh-print-natural-dyed-cotton-fabric-64-2026-362-1-64_1.jpg,1431,ajrakh block printing,580,952.731,1.643
kutch-hand-block-ajrakh-print-natural-dyed-cotton-fabric-62-2026-362-1-62_1.jpg,1431,ajrakh block printing,580,963.53,1.661
kutch-hand-block-ajrakh-print-natural-dyed-cotton-fabric-61-2026-362-1-61_1.jpg,1431,ajrakh block printing,580,953.678,1.644
kutch-hand-block-ajrakh-print-natural-dyed-cotton-fabric-58-2026-362-1-58_1.jpg,1431,ajrakh block printing,580,953.678,1.644
kutch-hand-block-ajrakh-print-natural-dyed-cotton-fabric-57-2026-362-1-57_1.jpg,1431,ajrakh block printing,580,970.493,1.673
kutch-hand-block-ajrakh-print-natural-dyed-cotton-fabric-56-2026-362-1-56_1.jpg,1431,ajrakh block printing,580,974.019,1.679
kutch-hand-block-ajrakh-print-natural-dyed-cotton-fabric-54-2026-362-1-54_1.jpg,1431,ajrakh block printing,580,989.924,1.707
kutch-hand-block-ajrakh-print-natural-dyed-cotton-fabric-53-2026-362-1-53_1.jpg,1431,ajrakh block printing,580,985.631,1.699
kutch-hand-block-ajrakh-print-natural-dyed-cotton-fabric-52-2026-362-1-52_1.jpg,1431,ajrakh block printing,580,977.461,1.685
kutch-hand-block-ajrakh-print-natural-dyed-cotton-fabric-51-2026-362-1-51_1.jpg,1431,ajrakh block printing,580,956.314,1.649
kutch-hand-block-ajrakh-print-natural-dyed-cotton-fabric-48-2026-362-1-48_1.jpg,1431,ajrakh block printing,580,996.457,1.718
kutch-hand-block-ajrakh-print-natural-dyed-cotton-fabric-45-2026-362-1-45_1.jpg,1431,ajrakh block printing,580,967.12,1.667
kutch-hand-block-ajrakh-print-natural-dyed-cotton-fabric-44-2026-362-1-44_1.jpg,1431,ajrakh block printing,580,968.37,1.67
kutch-hand-block-ajrakh-print-natural-dyed-cotton-fabric-43-2026-362-1-43_1.jpg,1431,ajrakh block printing,580,984.718,1.698
kutch-hand-block-ajrakh-print-natural-dyed-cotton-fabric-41-2026-362-1-41_1.jpg,1431,ajrakh block printing,580,983.675,1.696
kutch-hand-block-ajrakh-print-natural-dyed-cotton-fabric-40-2026-362-1-40_1.jpg,1431,ajrakh block printing,580,983.279,1.695
kutch-hand-block-ajrakh-print-natural-dyed-cotton-fabric-39-2026-362-1-39_1.jpg,1431,ajrakh block printing,580,960.31,1.656
kutch-hand-block-ajrakh-print-natural-dyed-cotton-fabric-38-2026-362-1-38_1.jpg,1431,ajrakh block printing,580,989.454,1.706
kutch-hand-block-ajrakh-print-natural-dyed-cotton-fabric-37-2026-362-1-37_1.jpg,1431,ajrakh block printing,580,964.372,1.663
kutch-hand-block-ajrakh-print-natural-dyed-cotton-fabric-36-2026-362-1-36_1.jpg,1431,ajrakh block printing,580,960.718,1.656
kutch-hand-block-ajrakh-print-natural-dyed-cotton-fabric-35-2026-362-1-35_1.jpg,1431,ajrakh block printing,580,993.127,1.712
kutch-hand-block-ajrakh-print-natural-dyed-cotton-fabric-34-2026-362-1-34_1.jpg,1431,ajrakh block printing,580,982.271,1.694
kutch-hand-block-ajrakh-print-natural-dyed-cotton-fabric-33-2026-362-1-33_1.jpg,1431,ajrakh block printing,580,963.457,1.661
kutch-hand-block-ajrakh-print-natural-dyed-cotton-fabric-30-2026-362-1-30_1.jpg,1431,ajrakh block printing,580,1025.281,1.768
kutch-hand-block-ajrakh-print-natural-dyed-cotton-fabric-28-2026-362-1-28_1.jpg,1431,ajrakh block printing,580,963.453,1.661
kutch-hand-block-ajrakh-print-natural-dyed-cotton-fabric-27-2026-362-1-27_1.jpg,1431,ajrakh block printing,580,974.926,1.681
kutch-hand-block-ajrakh-print-natural-dyed-cotton-fabric-26-2026-362-1-26_1.jpg,1431,ajrakh block printing,580,958.513,1.653
kutch-hand-block-ajrakh-print-natural-dyed-cotton-fabric-25-2026-362-1-25_1.jpg,1431,ajrakh block printing,580,994.657,1.715
kutch-hand-block-ajrakh-print-natural-dyed-cotton-fabric-24-2026-362-1-24_1.jpg,1431,ajrakh block printing,580,1011.051,1.743
kutch-hand-block-ajrakh-print-natural-dyed-cotton-fabric-23-2026-362-1-23_1.jpg,1431,ajrakh block printing,580,955.296,1.647
kutch-hand-block-ajrakh-print-natural-dyed-cotton-fabric-22-2026-362-1-22_1.jpg,1431,ajrakh block printing,580,1009.044,1.74
kutch-hand-block-ajrakh-print-natural-dyed-cotton-fabric-21-2026-362-1-21_1.jpg,1431,ajrakh block printing,580,954.701,1.646
kutch-hand-block-ajrakh-print-natural-dyed-cotton-fabric-20-2026-362-1-20_1.jpg,1431,ajrakh block printing,580,962.405,1.659
kutch-hand-block-ajrakh-print-natural-dyed-cotton-fabric-19-2026-362-1-19_1.jpg,1431,ajrakh block printing,580,966.245,1.666
kutch-hand-block-ajrakh-print-natural-dyed-cotton-fabric-18-2026-362-1-18_1.jpg,1431,ajrakh block printing,580,955.289,1.647
kutch-hand-block-ajrakh-print-natural-dyed-cotton-fabric-16-2026-362-1-16_1.jpg,1431,ajrakh block printing,580,951.736,1.641
kutch-hand-block-ajrakh-print-natural-dyed-cotton-fabric-15-2026-362-1-15_1.jpg,1431,ajrakh block printing,580,958.211,1.652
kutch-hand-block-ajrakh-print-natural-dyed-cotton-fabric-14-2026-362-1-14_1.jpg,1431,ajrakh block printing,580,980.195,1.69
kutch-hand-block-ajrakh-print-natural-dyed-cotton-fabric-13-2026-362-1-13_1.jpg,1431,ajrakh block printing,580,973.648,1.679
kutch-hand-block-ajrakh-print-natural-dyed-cotton-fabric-12-2026-362-1-12_1.jpg,1431,ajrakh block printing,580,952.321,1.642
kutch-hand-block-ajrakh-print-natural-dyed-cotton-fabric-09-2026-362-1-9_1.jpg,1431,ajrakh block printing,580,972.934,1.677
kutch-hand-block-ajrakh-print-natural-dyed-cotton-fabric-08-2026-362-1-9_1.jpg,1431,ajrakh block printing,580,938.301,1.618
kutch-hand-block-ajrakh-print-natural-dyed-cotton-fabric-07-2026-362-1-7_1.jpg,1431,ajrakh block printing,580,967.775,1.669
kutch-hand-block-ajrakh-print-natural-dyed-cotton-fabric-06-2026-362-1-6_1.jpg,1431,ajrakh block printing,580,940.917,1.622
kutch-hand-block-ajrakh-print-natural-dyed-cotton-fabric-05-2026-362-1-5_1.jpg,1431,ajrakh block printing,580,928.362,1.601
kutch-hand-block-ajrakh-print-natural-dyed-cotton-fabric-04-2026-362-1-4_1.jpg,1431,ajrakh block printing,580,950.498,1.639
kutch-hand-block-ajrakh-print-natural-dyed-cotton-fabric-03-2026-362-1-3_1.jpg,1431,ajrakh block printing,580,938.388,1.618
kutch-hand-block-ajrakh-print-natural-dyed-cotton-fabric-02-2026-362-1-2_1.jpg,1431,ajrakh block printing,580,939.48,1.62
sambalpuri-embroidery-cotton-fabric-14-2026-154-2-14_1.jpg,1514,embroidery,690,284.368,0.412
prewashed-fine-cotton-handloom-plain-fabric-58-2026-294-1-58_1.jpg,1485,bijnor weaving,520,1401.958,2.696
prewashed-fine-cotton-handloom-plain-fabric-57-2026-294-1-57_1.jpg,1485,bijnor weaving,520,1381.63,2.657
prewashed-fine-cotton-handloom-plain-fabric-56-2026-294-1-56_1.jpg,1485,bijnor weaving,520,1407.247,2.706
prewashed-fine-cotton-handloom-plain-fabric-53-2026-294-1-53_1.jpg,1485,bijnor weaving,520,1420.064,2.731
prewashed-fine-cotton-handloom-plain-fabric-52-2026-294-1-52_1.jpg,1485,bijnor weaving,520,1412.729,2.717
prewashed-fine-cotton-handloom-plain-fabric-51-2026-294-1-51_1.jpg,1485,bijnor weaving,520,1398.87,2.69
prewashed-fine-cotton-handloom-plain-fabric-50-2026-294-1-50_1.jpg,1485,bijnor weaving,520,1385.77,2.665
prewashed-fine-cotton-handloom-plain-fabric-49-2026-294-1-49_1.jpg,1485,bijnor weaving,520,1402.412,2.697
prewashed-fine-cotton-handloom-plain-fabric-48-2026-294-1-48_1.jpg,1485,bijnor weaving,520,1426.199,2.743
prewashed-fine-cotton-handloom-plain-fabric-47-2026-294-1-47_1.jpg,1485,bijnor weaving,520,1419.469,2.73
prewashed-fine-cotton-handloom-plain-fabric-46-2026-294-1-46_1.jpg,1485,bijnor weaving,520,1395.368,2.683
prewashed-fine-cotton-handloom-plain-fabric-45-2026-294-1-45_1.jpg,1485,bijnor weaving,520,1403.785,2.7
prewashed-fine-cotton-handloom-plain-fabric-44-2026-294-1-44_1.jpg,1485,bijnor weaving,520,1412.713,2.717
prewashed-fine-cotton-handloom-plain-fabric-43-2026-294-1-43_1.jpg,1485,bijnor weaving,520,1402.772,2.698
prewashed-fine-cotton-handloom-plain-fabric-42-2026-294-1-42_1.jpg,1485,bijnor weaving,520,1400.157,2.693
prewashed-fine-cotton-handloom-plain-fabric-41-2026-294-1-41_1.jpg,1485,bijnor weaving,520,1384.697,2.663
prewashed-fine-cotton-handloom-plain-fabric-40-2026-294-1-40_1.jpg,1485,bijnor weaving,520,1456.695,2.801
prewashed-fine-cotton-handloom-plain-fabric-39-2026-294-1-39_1.jpg,1485,bijnor weaving,520,1395.381,2.683
prewashed-fine-cotton-handloom-plain-fabric-38-2026-294-1-38_1.jpg,1485,bijnor weaving,520,1362.532,2.62
prewashed-fine-cotton-handloom-plain-fabric-37-2026-294-1-37_1.jpg,1485,bijnor weaving,520,1435.15,2.76
prewashed-fine-cotton-handloom-plain-fabric-35-2026-294-1-35_1.jpg,1485,bijnor weaving,520,1369.127,2.633
prewashed-fine-cotton-handloom-plain-fabric-34-2026-294-1-34_1.jpg,1485,bijnor weaving,520,1399.21,2.691
prewashed-fine-cotton-handloom-plain-fabric-33-2026-294-1-33_1.jpg,1485,bijnor weaving,520,1452.319,2.793
prewashed-fine-cotton-handloom-plain-fabric-32-2026-294-1-32_1.jpg,1485,bijnor weaving,520,1404.891,2.702
prewashed-fine-cotton-handloom-plain-fabric-31-2026-294-1-31_1.jpg,1485,bijnor weaving,520,1367.831,2.63
prewashed-fine-cotton-handloom-plain-fabric-30-2026-294-1-30_1.jpg,1485,bijnor weaving,520,1466.171,2.82
prewashed-fine-cotton-handloom-plain-fabric-29-2026-294-1-29_1.jpg,1485,bijnor weaving,520,1383.159,2.66
prewashed-fine-cotton-handloom-plain-fabric-28-2026-294-1-28_1.jpg,1485,bijnor weaving,520,1412.403,2.716
prewashed-fine-cotton-handloom-plain-fabric-27-2026-294-1-27_1.jpg,1485,bijnor weaving,520,1386.812,2.667
prewashed-fine-cotton-handloom-plain-fabric-26-2026-294-1-26_1.jpg,1485,bijnor weaving,520,1410.4,2.712
prewashed-fine-cotton-handloom-plain-fabric-23-2026-294-1-23_1.jpg,1485,bijnor weaving,520,1406.65,2.705
prewashed-fine-cotton-handloom-plain-fabric-22-2026-294-1-22_1.jpg,1485,bijnor weaving,520,1426.37,2.743
prewashed-fine-cotton-handloom-plain-fabric-21-2026-294-1-21_1.jpg,1485,bijnor weaving,520,1357.565,2.611
prewashed-fine-cotton-handloom-plain-fabric-20-2026-294-1-20_1.jpg,1485,bijnor weaving,520,1380.493,2.655
prewashed-fine-cotton-handloom-plain-fabric-19-2026-294-1-19_1.jpg,1485,bijnor weaving,520,1360.69,2.617
prewashed-fine-cotton-handloom-plain-fabric-18-2026-294-1-18_1.jpg,1485,bijnor weaving,520,1384.19,2.662
prewashed-fine-cotton-handloom-plain-fabric-17-2026-294-1-17_1.jpg,1485,bijnor weaving,520,1405.883,2.704
prewashed-fine-cotton-handloom-plain-fabric-16-2026-294-1-16_1.jpg,1485,bijnor weaving,520,1391.014,2.675
prewashed-fine-cotton-handloom-plain-fabric-15-2026-294-1-15_1.jpg,1485,bijnor weaving,520,1394.122,2.681
prewashed-fine-cotton-handloom-plain-fabric-14-2026-294-1-14_1.jpg,1485,bijnor weaving,520,1371.722,2.638
prewashed-fine-cotton-handloom-plain-fabric-13-2026-294-1-13_1.jpg,1485,bijnor weaving,520,1337.548,2.572
prewashed-fine-cotton-handloom-plain-fabric-12-2026-294-1-12_1.jpg,1485,bijnor weaving,520,1391.833,2.677
prewashed-fine-cotton-handloom-plain-fabric-11-2026-294-1-11_1.jpg,1485,bijnor weaving,520,1415.864,2.723
prewashed-fine-cotton-handloom-plain-fabric-10-2026-294-1-10_1.jpg,1485,bijnor weaving,520,1322.644,2.544
prewashed-fine-cotton-handloom-plain-fabric-09-2026-294-1-9_1.jpg,1485,bijnor weaving,520,1336.321,2.57
prewashed-fine-cotton-handloom-plain-fabric-08-2026-294-1-8_1.jpg,1485,bijnor weaving,520,1358.934,2.613
prewashed-fine-cotton-handloom-plain-fabric-07-2026-294-1-7_1.jpg,1485,bijnor weaving,520,1324.235,2.547
prewashed-fine-cotton-handloom-plain-fabric-06-2026-294-1-6_1.jpg,1485,bijnor weaving,520,1392.912,2.679
prewashed-fine-cotton-handloom-plain-fabric-05-2026-294-1-5_1.jpg,1485,bijnor weaving,520,1309.435,2.518
prewashed-fine-cotton-handloom-plain-fabric-04-2026-294-1-4_1.jpg,1485,bijnor weaving,520,1357.051,2.61
prewashed-fine-cotton-handloom-plain-fabric-03-2026-294-1-3_1.jpg,1485,bijnor weaving,520,1374.384,2.643
prewashed-fine-cotton-handloom-plain-fabric-02-2026-294-1-2_1.jpg,1485,bijnor weaving,520,1407.168,2.706
pochampally-ikat-handloom-cotton-fabric-count-2-60-21-2026-310-1-21_1.jpg,1520,pochampally ikat weaving,890,1248.926,1.403
kota-doria-cotton-plain-fabric-05-2026-251-1-5_1.jpg,1465,kota doria weaving,290,614.601,2.119
kota-doria-cotton-plain-fabric-04-2026-251-1-4_1.jpg,1465,kota doria weaving,290,623.298,2.149
kota-doria-cotton-plain-fabric-03-2026-251-1-3_1.jpg,1465,kota doria weaving,290,623.701,2.151
kota-doria-cotton-plain-fabric-02-2026-251-1-2_1.jpg,1465,kota doria weaving,290,622.868,2.148
prewashed-fine-cotton-handloom-plain-fabric-01-2026-294-1-1_1.jpg,1485,bijnor weaving,520,1361.538,2.618
hakoba-hand-block-ajrakh-print-natural-dyed-cotton-fabric-154-2026-318-1-154_1.jpg,1431,ajrakh block printing,790,751.257,0.951
hakoba-hand-block-ajrakh-print-natural-dyed-cotton-fabric-146-2026-318-1-146_1.jpg,1431,ajrakh block printing,790,732.453,0.927
hakoba-hand-block-ajrakh-print-natural-dyed-cotton-fabric-145-2026-318-1-145_1.jpg,1431,ajrakh block printing,790,732.453,0.927
hakoba-hand-block-ajrakh-print-natural-dyed-cotton-fabric-144-2026-318-1-144_1.jpg,1431,ajrakh block printing,790,732.453,0.927
hakoba-hand-block-ajrakh-print-natural-dyed-cotton-fabric-140-2026-318-1-140_1.jpg,1431,ajrakh block printing,790,724.389,0.917
hakoba-hand-block-ajrakh-print-natural-dyed-cotton-fabric-126-2026-318-1-126_1.jpg,1431,ajrakh block printing,790,732.453,0.927
hakoba-hand-block-ajrakh-print-natural-dyed-cotton-fabric-125-2026-318-1-125_1.jpg,1431,ajrakh block printing,790,732.453,0.927
hakoba-hand-block-ajrakh-print-natural-dyed-cotton-fabric-114-2026-318-1-114_1.jpg,1431,ajrakh block printing,790,733.037,0.928
hakoba-hand-block-ajrakh-print-natural-dyed-cotton-fabric-110-2026-318-1-110_1.jpg,1431,ajrakh block printing,790,751.257,0.951
hakoba-hand-block-ajrakh-print-natural-dyed-cotton-fabric-108-2026-318-1-108_1.jpg,1431,ajrakh block printing,790,729.057,0.923
hakoba-hand-block-ajrakh-print-natural-dyed-cotton-fabric-106-2026-318-1-106_1.jpg,1431,ajrakh block printing,790,724.389,0.917
hakoba-hand-block-ajrakh-print-natural-dyed-cotton-fabric-105-2026-318-1-105_1.jpg,1431,ajrakh block printing,790,724.389,0.917
hakoba-hand-block-ajrakh-print-natural-dyed-cotton-fabric-102-2026-318-1-102_1.jpg,1431,ajrakh block printing,790,724.389,0.917
hakoba-hand-block-ajrakh-print-natural-dyed-cotton-fabric-99-2026-318-1-99_1.jpg,1431,ajrakh block printing,790,717.979,0.909
hakoba-hand-block-ajrakh-print-natural-dyed-cotton-fabric-78-2026-318-1-78_1.jpg,1431,ajrakh block printing,790,725.972,0.919
hakoba-hand-block-ajrakh-print-natural-dyed-cotton-fabric-74-2026-318-1-74_1.jpg,1431,ajrakh block printing,790,725.972,0.919
hakoba-hand-block-ajrakh-print-natural-dyed-cotton-fabric-73-2026-318-1-73_1.jpg,1431,ajrakh block printing,790,725.972,0.919
hakoba-hand-block-ajrakh-print-natural-dyed-cotton-fabric-72-2026-318-1-72_1.jpg,1431,ajrakh block printing,790,725.972,0.919
hakoba-hand-block-ajrakh-print-natural-dyed-cotton-fabric-70-2026-318-1-70_1.jpg,1431,ajrakh block printing,790,717.979,0.909
hakoba-hand-block-ajrakh-print-natural-dyed-cotton-fabric-66-2026-318-1-66_1.jpg,1431,ajrakh block printing,790,717.979,0.909
hakoba-hand-block-ajrakh-print-natural-dyed-cotton-fabric-65-2026-318-1-65_1.jpg,1431,ajrakh block printing,790,717.979,0.909
hakoba-hand-block-ajrakh-print-natural-dyed-cotton-fabric-64-2026-318-1-64_1.jpg,1431,ajrakh block printing,790,725.972,0.919
hakoba-hand-block-ajrakh-print-natural-dyed-cotton-fabric-53-2026-318-1-53_1.jpg,1431,ajrakh block printing,790,717.979,0.909
hakoba-hand-block-ajrakh-print-natural-dyed-cotton-fabric-44-2026-318-1-44_1.jpg,1431,ajrakh block printing,790,724.124,0.917
hakoba-hand-block-ajrakh-print-natural-dyed-cotton-fabric-42-2026-318-1-42_1.jpg,1431,ajrakh block printing,790,729.609,0.924
hakoba-hand-block-ajrakh-print-natural-dyed-cotton-fabric-23-2026-318-1-23_1.jpg,1431,ajrakh block printing,790,728.244,0.922
hakoba-hand-block-ajrakh-print-natural-dyed-cotton-fabric-19-2026-318-1-19_1.jpg,1431,ajrakh block printing,790,747.699,0.946
hakoba-hand-block-ajrakh-print-natural-dyed-cotton-fabric-18-2026-318-1-18_1.jpg,1431,ajrakh block printing,790,728.109,0.922
hakoba-hand-block-ajrakh-print-natural-dyed-cotton-fabric-17-2026-318-1-17_1.jpg,1431,ajrakh block printing,790,731.371,0.926
hakoba-hand-block-ajrakh-print-natural-dyed-cotton-fabric-14-2026-318-1-14_1.jpg,1431,ajrakh block printing,790,717.708,0.908
hakoba-hand-block-ajrakh-print-natural-dyed-cotton-fabric-10-2026-318-1-10_1.jpg,1431,ajrakh block printing,790,706.058,0.894
hakoba-hand-block-ajrakh-print-natural-dyed-cotton-fabric-08-2026-318-1-8_1.jpg,1431,ajrakh block printing,790,708.886,0.897
hakoba-hand-block-ajrakh-print-natural-dyed-cotton-fabric-05-2026-318-1-5_1.jpg,1431,ajrakh block printing,790,700.398,0.887
hakoba-hand-block-ajrakh-print-natural-dyed-cotton-fabric-03-2026-318-1-3_1.jpg,1431,ajrakh block printing,790,702.034,0.889
hakoba-hand-block-ajrakh-print-natural-dyed-cotton-fabric-01-2026-318-1-1_1.jpg,1431,ajrakh block printing,790,709.027,0.898
khun-weave-silk-cotton-fabric-16-2026-293-1-16_1.jpg,1460,khun weaving,490,700.359,1.429
kota-doria-cotton-plain-fabric-01-2026-251-1-1_1.jpg,1465,kota doria weaving,290,628.126,2.166
kutch-hand-block-ajrakh-print-natural-dyed-cotton-fabric-26-2026-207-1-26_1.jpg,1431,ajrakh block printing,580,990.528,1.708
kutch-hand-block-ajrakh-print-natural-dyed-cotton-fabric-25-2026-207-1-25_1.jpg,1431,ajrakh block printing,580,1009.865,1.741
kutch-hand-block-ajrakh-print-natural-dyed-cotton-fabric-24-2026-207-1-24_1.jpg,1431,ajrakh block printing,580,989.786,1.707
kutch-hand-block-ajrakh-print-natural-dyed-cotton-fabric-22-2026-207-1-22_1.jpg,1431,ajrakh block printing,580,1009.044,1.74
kutch-hand-block-ajrakh-print-natural-dyed-cotton-fabric-21-2026-207-1-21_1.jpg,1431,ajrakh block printing,580,971.565,1.675
kutch-hand-block-ajrakh-print-natural-dyed-cotton-fabric-20-2026-207-1-20_1.jpg,1431,ajrakh block printing,580,954.079,1.645
kutch-hand-block-ajrakh-print-natural-dyed-cotton-fabric-18-2026-207-1-18_1.jpg,1431,ajrakh block printing,580,985.534,1.699
kutch-hand-block-ajrakh-print-natural-dyed-cotton-fabric-14-2026-207-1-14_1.jpg,1431,ajrakh block printing,580,950.263,1.638
kutch-hand-block-ajrakh-print-natural-dyed-cotton-fabric-13-2026-207-1-13_1.jpg,1431,ajrakh block printing,580,973.648,1.679
kutch-hand-block-ajrakh-print-natural-dyed-cotton-fabric-08-2026-207-1-8_1.jpg,1431,ajrakh block printing,580,948.669,1.636
kutch-hand-block-ajrakh-print-natural-dyed-cotton-fabric-07-2026-207-1-7_1.jpg,1431,ajrakh block printing,580,965.963,1.665
kutch-hand-block-ajrakh-print-natural-dyed-cotton-fabric-03-2026-207-1-3_1.jpg,1431,ajrakh block printing,580,959.562,1.654
hand-block-ajrakh-print-natural-dyed-pure-mul-cotton-fabric-06-2026-216-3-6_1.jpg,1431,ajrakh block printing,690,1278.618,1.853
hand-block-ajrakh-print-natural-dyed-pure-mul-cotton-fabric-11-2026-216-3-11_1.jpg,1431,ajrakh block printing,690,1294.772,1.876
hand-block-ajrakh-print-natural-dyed-pure-mul-cotton-fabric-09-2026-216-3-9_1.jpg,1431,ajrakh block printing,690,1002.891,1.453
hand-block-ajrakh-print-natural-dyed-pure-mul-cotton-fabric-08-2026-216-3-8_1.jpg,1431,ajrakh block printing,690,998.632,1.447
hand-block-ajrakh-print-natural-dyed-pure-mul-cotton-fabric-07-2026-216-3-7_1.jpg,1431,ajrakh block printing,690,1022.165,1.481
hand-block-ajrakh-print-natural-dyed-pure-mul-cotton-fabric-05-2026-216-3-5_1.jpg,1431,ajrakh block printing,690,1013.439,1.469
hand-block-ajrakh-print-natural-dyed-pure-mul-cotton-fabric-04-2026-216-3-4_1.jpg,1431,ajrakh block printing,690,1026.863,1.488
hand-block-ajrakh-print-natural-dyed-pure-mul-cotton-fabric-03-2026-216-3-3_1.jpg,1431,ajrakh block printing,690,989.144,1.434
hand-block-ajrakh-print-natural-dyed-pure-mul-cotton-fabric-02-2026-216-3-2_1.jpg,1431,ajrakh block printing,690,1026.211,1.487
kutch-hand-block-print-natural-dyed-cotton-ajrakh-fabric-28-2026-172-1-28_1.jpg,1431,ajrakh block printing,580,769.656,1.327
kutch-hand-block-print-natural-dyed-cotton-ajrakh-fabric-27-2026-172-1-27_1.jpg,1431,ajrakh block printing,580,733.758,1.265
kutch-hand-block-print-natural-dyed-cotton-ajrakh-fabric-26-2026-172-1-26_1.jpg,1431,ajrakh block printing,580,728.799,1.257
kutch-hand-block-print-natural-dyed-cotton-ajrakh-fabric-25-2026-172-1-25_1.jpg,1431,ajrakh block printing,580,748.272,1.29
kutch-hand-block-print-natural-dyed-cotton-ajrakh-fabric-24-2026-172-1-24_1.jpg,1431,ajrakh block printing,580,728.232,1.256
kutch-hand-block-print-natural-dyed-cotton-ajrakh-fabric-23-2026-172-1-23_1.jpg,1431,ajrakh block printing,580,749.5,1.292
kutch-hand-block-print-natural-dyed-cotton-ajrakh-fabric-22-2026-172-1-22_1.jpg,1431,ajrakh block printing,580,766.858,1.322
kutch-hand-block-print-natural-dyed-cotton-ajrakh-fabric-21-2026-172-1-21_1.jpg,1431,ajrakh block printing,580,718.081,1.238
kutch-hand-block-print-natural-dyed-cotton-ajrakh-fabric-19-2026-172-1-19_1.jpg,1431,ajrakh block printing,580,727.125,1.254
kutch-hand-block-print-natural-dyed-cotton-ajrakh-fabric-18-2026-172-1-18_1.jpg,1431,ajrakh block printing,580,749.397,1.292
kutch-hand-block-print-natural-dyed-cotton-ajrakh-fabric-17-2026-172-1-17_1.jpg,1431,ajrakh block printing,580,752.599,1.298
kutch-hand-block-print-natural-dyed-cotton-ajrakh-fabric-16-2026-172-1-16_1.jpg,1431,ajrakh block printing,580,729.834,1.258
kutch-hand-block-print-natural-dyed-cotton-ajrakh-fabric-15-2026-172-1-15_1.jpg,1431,ajrakh block printing,580,732.393,1.263
kutch-hand-block-print-natural-dyed-cotton-ajrakh-fabric-14-2026-172-1-14_1.jpg,1431,ajrakh block printing,580,746.667,1.287
kutch-hand-block-print-natural-dyed-cotton-ajrakh-fabric-13-2026-172-1-13_1.jpg,1431,ajrakh block printing,580,724.062,1.248
kutch-hand-block-print-natural-dyed-cotton-ajrakh-fabric-12-2026-172-1-12_1.jpg,1431,ajrakh block printing,580,728.42,1.256
kutch-hand-block-print-natural-dyed-cotton-ajrakh-fabric-11-2026-172-1-11_1.jpg,1431,ajrakh block printing,580,719.553,1.241
kutch-hand-block-print-natural-dyed-cotton-ajrakh-fabric-10-2026-172-1-10_1.jpg,1431,ajrakh block printing,580,735.158,1.268
kutch-hand-block-print-natural-dyed-cotton-ajrakh-fabric-09-2026-172-1-9_1.jpg,1431,ajrakh block printing,580,721.704,1.244
kutch-hand-block-print-natural-dyed-cotton-ajrakh-fabric-08-2026-172-1-8_1.jpg,1431,ajrakh block printing,580,707.534,1.22
kutch-hand-block-print-natural-dyed-cotton-ajrakh-fabric-05-2026-172-1-5_1.jpg,1431,ajrakh block printing,580,707.028,1.219
kutch-hand-block-print-natural-dyed-cotton-ajrakh-fabric-03-2026-172-1-3_1.jpg,1431,ajrakh block printing,580,711.838,1.227
leheriya-tie-dye-cotton-fabric-15-2026-190-1-15_1.jpg,1509,lehariya tie dye,490,541.336,1.105
leheriya-tie-dye-cotton-fabric-14-2026-190-1-14_1.jpg,1509,lehariya tie dye,490,524.449,1.07
leheriya-tie-dye-cotton-fabric-13-2026-190-1-13_1.jpg,1509,lehariya tie dye,490,523.849,1.069
leheriya-tie-dye-cotton-fabric-12-2026-190-1-12_1.jpg,1509,lehariya tie dye,490,528.761,1.079
leheriya-tie-dye-cotton-fabric-11-2026-190-1-11_1.jpg,1509,lehariya tie dye,490,525.759,1.073
leheriya-tie-dye-cotton-fabric-09-2026-190-1-9_1.jpg,1509,lehariya tie dye,490,528.449,1.078
leheriya-tie-dye-cotton-fabric-08-2026-190-1-8_1.jpg,1509,lehariya tie dye,490,525.598,1.073
leheriya-tie-dye-cotton-fabric-07-2026-190-1-7_1.jpg,1509,lehariya tie dye,490,512.073,1.045
leheriya-tie-dye-cotton-fabric-06-2026-190-1-6_1.jpg,1509,lehariya tie dye,490,519.911,1.061
leheriya-tie-dye-cotton-fabric-05-2026-190-1-5_1.jpg,1509,lehariya tie dye,490,509.852,1.041
leheriya-tie-dye-cotton-fabric-04-2026-190-1-4_1.jpg,1509,lehariya tie dye,490,515.814,1.053
leheriya-tie-dye-cotton-fabric-03-2026-190-1-3_1.jpg,1509,lehariya tie dye,490,515.616,1.052
leheriya-tie-dye-cotton-fabric-02-2026-190-1-2_1.jpg,1509,lehariya tie dye,490,525.599,1.073
hand-block-ajrakh-print-natural-dyed-pure-mul-cotton-fabric-01-2026-216-3-1_1.jpg,1431,ajrakh block printing,690,998.992,1.448
kutch-hand-block-ajrakh-print-natural-dyed-cotton-fabric-01-2026-207-1-1_1.jpg,1431,ajrakh block printing,580,969.029,1.671
leheriya-tie-dye-cotton-fabric-01-2026-190-1-1_1.jpg,1509,lehariya tie dye,490,525.684,1.073
authentic-kutch-hand-block-batik-print-pure-handwoven-natural-dyed-kala-cotton-fabric-70-2026-213-1-70_1.jpg,1529,batik block printing,1290,1445.589,1.121
authentic-kutch-hand-block-batik-print-pure-handwoven-natural-dyed-kala-cotton-fabric-69-2026-213-1-69_1.jpg,1529,batik block printing,1290,1443.41,1.119
authentic-kutch-hand-block-batik-print-pure-handwoven-natural-dyed-kala-cotton-fabric-61-2026-213-1-61_1.jpg,1529,batik block printing,1290,1443.41,1.119
authentic-kutch-hand-block-batik-print-pure-handwoven-natural-dyed-kala-cotton-fabric-60-2026-213-1-60_1.jpg,1529,batik block printing,1290,1447.69,1.122
authentic-kutch-hand-block-batik-print-pure-handwoven-natural-dyed-kala-cotton-fabric-59-2026-213-1-59_1.jpg,1529,batik block printing,1290,1437.532,1.114
authentic-kutch-hand-block-batik-print-pure-handwoven-natural-dyed-kala-cotton-fabric-57-2026-213-1-57_1.jpg,1529,batik block printing,1290,1445.589,1.121
authentic-kutch-hand-block-batik-print-pure-handwoven-natural-dyed-kala-cotton-fabric-56-2026-213-1-56_1.jpg,1529,batik block printing,1290,1448.826,1.123
authentic-kutch-hand-block-batik-print-pure-handwoven-natural-dyed-kala-cotton-fabric-51-2026-213-1-51_1.jpg,1529,batik block printing,1290,1447.771,1.122
authentic-kutch-hand-block-batik-print-pure-handwoven-natural-dyed-kala-cotton-fabric-50-2026-213-1-50_1.jpg,1529,batik block printing,1290,1442.532,1.118
authentic-kutch-hand-block-batik-print-pure-handwoven-natural-dyed-kala-cotton-fabric-46-2026-213-1-46_1.jpg,1529,batik block printing,1290,1465.834,1.136
authentic-kutch-hand-block-batik-print-pure-handwoven-natural-dyed-kala-cotton-fabric-44-2026-213-1-44_1.jpg,1529,batik block printing,1290,1467.584,1.138
authentic-kutch-hand-block-batik-print-pure-handwoven-natural-dyed-kala-cotton-fabric-43-2026-213-1-43_1.jpg,1529,batik block printing,1290,1460.046,1.132
authentic-kutch-hand-block-batik-print-pure-handwoven-natural-dyed-kala-cotton-fabric-42-2026-213-1-42_1.jpg,1529,batik block printing,1290,1463.539,1.135
authentic-kutch-hand-block-batik-print-pure-handwoven-natural-dyed-kala-cotton-fabric-41-2026-213-1-41_1.jpg,1529,batik block printing,1290,1456.33,1.129
authentic-kutch-hand-block-batik-print-pure-handwoven-natural-dyed-kala-cotton-fabric-36-2026-213-1-36_1.jpg,1529,batik block printing,1290,1468.838,1.139
authentic-kutch-hand-block-batik-print-pure-handwoven-natural-dyed-kala-cotton-fabric-35-2026-213-1-35_1.jpg,1529,batik block printing,1290,1469.574,1.139
authentic-kutch-hand-block-batik-print-pure-handwoven-natural-dyed-kala-cotton-fabric-34-2026-213-1-34_1.jpg,1529,batik block printing,1290,1432.604,1.111
authentic-kutch-hand-block-batik-print-pure-handwoven-natural-dyed-kala-cotton-fabric-33-2026-213-1-33_1.jpg,1529,batik block printing,1290,1430.968,1.109
authentic-kutch-hand-block-batik-print-pure-handwoven-natural-dyed-kala-cotton-fabric-32-2026-213-1-32_1.jpg,1529,batik block printing,1290,1420.301,1.101
authentic-kutch-hand-block-batik-print-pure-handwoven-natural-dyed-kala-cotton-fabric-31-2026-213-1-31_1.jpg,1529,batik block printing,1290,1409.653,1.093
authentic-kutch-hand-block-batik-print-pure-handwoven-natural-dyed-kala-cotton-fabric-30-2026-213-1-30_1.jpg,1529,batik block printing,1290,1470.388,1.14
authentic-kutch-hand-block-batik-print-pure-handwoven-natural-dyed-kala-cotton-fabric-29-2026-213-1-29_1.jpg,1529,batik block printing,1290,1420.911,1.101
authentic-kutch-hand-block-batik-print-pure-handwoven-natural-dyed-kala-cotton-fabric-28-2026-213-1-28_1.jpg,1529,batik block printing,1290,1431.069,1.109
authentic-kutch-hand-block-batik-print-pure-handwoven-natural-dyed-kala-cotton-fabric-27-2026-213-1-27_1.jpg,1529,batik block printing,1290,1423.595,1.104
authentic-kutch-hand-block-batik-print-pure-handwoven-natural-dyed-kala-cotton-fabric-26-2026-213-1-26_1.jpg,1529,batik block printing,1290,1424.338,1.104
authentic-kutch-hand-block-batik-print-pure-handwoven-natural-dyed-kala-cotton-fabric-24-2026-213-1-24_1.jpg,1529,batik block printing,1290,1423.385,1.103
authentic-kutch-hand-block-batik-print-pure-handwoven-natural-dyed-kala-cotton-fabric-22-2026-213-1-22_1.jpg,1529,batik block printing,1290,1455.284,1.128
authentic-kutch-hand-block-batik-print-pure-handwoven-natural-dyed-kala-cotton-fabric-21-2026-213-1-21_1.jpg,1529,batik block printing,1290,1423.623,1.104
authentic-kutch-hand-block-batik-print-pure-handwoven-natural-dyed-kala-cotton-fabric-20-2026-213-1-20_1.jpg,1529,batik block printing,1290,1422.993,1.103
authentic-kutch-hand-block-batik-print-pure-handwoven-natural-dyed-kala-cotton-fabric-19-2026-213-1-19_1.jpg,1529,batik block printing,1290,1425.988,1.105
authentic-kutch-hand-block-batik-print-pure-handwoven-natural-dyed-kala-cotton-fabric-17-2026-213-1-17_1.jpg,1529,batik block printing,1290,1430.146,1.109
authentic-kutch-hand-block-batik-print-pure-handwoven-natural-dyed-kala-cotton-fabric-16-2026-213-1-16_1.jpg,1529,batik block printing,1290,1431.2,1.109
authentic-kutch-hand-block-batik-print-pure-handwoven-natural-dyed-kala-cotton-fabric-15-2026-213-1-15_1.jpg,1529,batik block printing,1290,1429.872,1.108
authentic-kutch-hand-block-batik-print-pure-handwoven-natural-dyed-kala-cotton-fabric-12-2026-213-1-12_1.jpg,1529,batik block printing,1290,1419.432,1.1
authentic-kutch-hand-block-batik-print-pure-handwoven-natural-dyed-kala-cotton-fabric-11-2026-213-1-11_1.jpg,1529,batik block printing,1290,1409.252,1.092
authentic-kutch-hand-block-batik-print-pure-handwoven-natural-dyed-kala-cotton-fabric-10-2026-213-1-10_1.jpg,1529,batik block printing,1290,1396.682,1.083
authentic-kutch-hand-block-batik-print-pure-handwoven-natural-dyed-kala-cotton-fabric-09-2026-213-1-9_1.jpg,1529,batik block printing,1290,1406.918,1.091
authentic-kutch-hand-block-batik-print-pure-handwoven-natural-dyed-kala-cotton-fabric-04-2026-213-1-4_1.jpg,1529,batik block printing,1290,1417.935,1.099
authentic-kutch-hand-block-batik-print-pure-handwoven-natural-dyed-kala-cotton-fabric-02-2026-213-1-2_1.jpg,1529,batik block printing,1290,1417.099,1.099
kota-doria-cotton-plain-fabric-23-2026-160-1-23_1.jpg,1465,kota doria weaving,290,638.112,2.2
kota-doria-cotton-plain-fabric-22-2026-160-1-22_1.jpg,1465,kota doria weaving,290,653.87,2.255
kota-doria-cotton-plain-fabric-21-2026-160-1-21_1.jpg,1465,kota doria weaving,290,641.009,2.21
kota-doria-cotton-plain-fabric-20-2026-160-1-20_1.jpg,1465,kota doria weaving,290,630.123,2.173
kota-doria-cotton-plain-fabric-19-2026-160-1-19_1.jpg,1465,kota doria weaving,290,633.476,2.184
kota-doria-cotton-plain-fabric-17-2026-160-1-17_1.jpg,1465,kota doria weaving,290,643.45,2.219
kota-doria-cotton-plain-fabric-15-2026-160-1-15_1.jpg,1465,kota doria weaving,290,638.512,2.202
kota-doria-cotton-plain-fabric-14-2026-160-1-14_1.jpg,1465,kota doria weaving,290,635.141,2.19
hakoba-hand-block-ajrakh-print-natural-dyed-cotton-fabric-104-2026-149-1-104_1.jpg,1431,ajrakh block printing,790,682.083,0.863
hakoba-hand-block-ajrakh-print-natural-dyed-cotton-fabric-100-2026-149-1-100_1.jpg,1431,ajrakh block printing,790,687.23,0.87
hakoba-hand-block-ajrakh-print-natural-dyed-cotton-fabric-89-2026-149-1-89_1.jpg,1431,ajrakh block printing,790,676.048,0.856
hakoba-hand-block-ajrakh-print-natural-dyed-cotton-fabric-87-2026-149-1-87_1.jpg,1431,ajrakh block printing,790,676.048,0.856
hakoba-hand-block-ajrakh-print-natural-dyed-cotton-fabric-86-2026-149-1-86_1.jpg,1431,ajrakh block printing,790,676.048,0.856
hakoba-hand-block-ajrakh-print-natural-dyed-cotton-fabric-85-2026-149-1-85_1.jpg,1431,ajrakh block printing,790,676.048,0.856
hakoba-hand-block-ajrakh-print-natural-dyed-cotton-fabric-83-2026-149-1-83_1.jpg,1431,ajrakh block printing,790,676.048,0.856
hakoba-hand-block-ajrakh-print-natural-dyed-cotton-fabric-81-2026-149-1-81_1.jpg,1431,ajrakh block printing,790,676.048,0.856
hakoba-hand-block-ajrakh-print-natural-dyed-cotton-fabric-80-2026-149-1-80_1.jpg,1431,ajrakh block printing,790,676.048,0.856
hakoba-hand-block-ajrakh-print-natural-dyed-cotton-fabric-76-2026-149-1-76_1.jpg,1431,ajrakh block printing,790,676.048,0.856
hakoba-hand-block-ajrakh-print-natural-dyed-cotton-fabric-75-2026-149-1-75_1.jpg,1431,ajrakh block printing,790,676.048,0.856
hakoba-hand-block-ajrakh-print-natural-dyed-cotton-fabric-74-2026-149-1-74_1.jpg,1431,ajrakh block printing,790,676.048,0.856
hakoba-hand-block-ajrakh-print-natural-dyed-cotton-fabric-73-2026-149-1-73_1.jpg,1431,ajrakh block printing,790,676.048,0.856
hakoba-hand-block-ajrakh-print-natural-dyed-cotton-fabric-71-2026-149-1-71_1.jpg,1431,ajrakh block printing,790,676.048,0.856
hakoba-hand-block-ajrakh-print-natural-dyed-cotton-fabric-69-2026-149-1-69_1.jpg,1431,ajrakh block printing,790,676.048,0.856
hakoba-hand-block-ajrakh-print-natural-dyed-cotton-fabric-60-2026-149-1-60_1.jpg,1431,ajrakh block printing,790,680.096,0.861
hakoba-hand-block-ajrakh-print-natural-dyed-cotton-fabric-58-2026-149-1-58_1.jpg,1431,ajrakh block printing,790,676.048,0.856
hakoba-hand-block-ajrakh-print-natural-dyed-cotton-fabric-57-2026-149-1-57_1.jpg,1431,ajrakh block printing,790,676.048,0.856
hakoba-hand-block-ajrakh-print-natural-dyed-cotton-fabric-56-2026-149-1-56_1.jpg,1431,ajrakh block printing,790,679.977,0.861
hakoba-hand-block-ajrakh-print-natural-dyed-cotton-fabric-53-2026-149-1-53_1.jpg,1431,ajrakh block printing,790,676.048,0.856
hakoba-hand-block-ajrakh-print-natural-dyed-cotton-fabric-52-2026-149-1-52_1.jpg,1431,ajrakh block printing,790,682.061,0.863
hakoba-hand-block-ajrakh-print-natural-dyed-cotton-fabric-51-2026-149-1-51_1.jpg,1431,ajrakh block printing,790,679.4,0.86
hakoba-hand-block-ajrakh-print-natural-dyed-cotton-fabric-50-2026-149-1-50_1.jpg,1431,ajrakh block printing,790,676.605,0.856
hakoba-hand-block-ajrakh-print-natural-dyed-cotton-fabric-49-2026-149-1-49_1.jpg,1431,ajrakh block printing,790,685.919,0.868
hakoba-hand-block-ajrakh-print-natural-dyed-cotton-fabric-48-2026-149-1-48_1.jpg,1431,ajrakh block printing,790,686.312,0.869
hakoba-hand-block-ajrakh-print-natural-dyed-cotton-fabric-46-2026-149-1-46_1.jpg,1431,ajrakh block printing,790,680.934,0.862
hakoba-hand-block-ajrakh-print-natural-dyed-cotton-fabric-45-2026-149-1-45_1.jpg,1431,ajrakh block printing,790,687.076,0.87
hakoba-hand-block-ajrakh-print-natural-dyed-cotton-fabric-31-2026-149-1-31_1.jpg,1431,ajrakh block printing,790,672.796,0.852
hakoba-hand-block-ajrakh-print-natural-dyed-cotton-fabric-26-2026-149-1-26_1.jpg,1431,ajrakh block printing,790,680.604,0.862
kutch-hand-block-ajrakh-print-natural-dyed-cotton-fabric-52-2026-146-1-52_1.jpg,1431,ajrakh block printing,580,972.857,1.677
kutch-hand-block-ajrakh-print-natural-dyed-cotton-fabric-48-2026-146-1-48_1.jpg,1431,ajrakh block printing,580,968.945,1.671
kutch-hand-block-ajrakh-print-natural-dyed-cotton-fabric-47-2026-146-1-47_1.jpg,1431,ajrakh block printing,580,975.366,1.682
kutch-hand-block-ajrakh-print-natural-dyed-cotton-fabric-44-2026-146-1-44_1.jpg,1431,ajrakh block printing,580,954.481,1.646
kutch-hand-block-ajrakh-print-natural-dyed-cotton-fabric-42-2026-146-1-42_1.jpg,1431,ajrakh block printing,580,990.539,1.708
kutch-hand-block-ajrakh-print-natural-dyed-cotton-fabric-40-2026-146-1-40_1.jpg,1431,ajrakh block printing,580,914.146,1.576
kutch-hand-block-ajrakh-print-natural-dyed-cotton-fabric-39-2026-146-1-39_1.jpg,1431,ajrakh block printing,580,984.26,1.697
kutch-hand-block-ajrakh-print-natural-dyed-cotton-fabric-38-2026-146-1-38_1.jpg,1431,ajrakh block printing,580,967.114,1.667
kutch-hand-block-ajrakh-print-natural-dyed-cotton-fabric-37-2026-146-1-37_1.jpg,1431,ajrakh block printing,580,964.674,1.663
kutch-hand-block-ajrakh-print-natural-dyed-cotton-fabric-36-2026-146-1-36_1.jpg,1431,ajrakh block printing,580,909.407,1.568
kutch-hand-block-ajrakh-print-natural-dyed-cotton-fabric-35-2026-146-1-35_1.jpg,1431,ajrakh block printing,580,995.086,1.716
kutch-hand-block-ajrakh-print-natural-dyed-cotton-fabric-32-2026-146-1-32_1.jpg,1431,ajrakh block printing,580,989.468,1.706
kutch-hand-block-ajrakh-print-natural-dyed-cotton-fabric-28-2026-146-1-28_1.jpg,1431,ajrakh block printing,580,973.721,1.679
kutch-hand-block-ajrakh-print-natural-dyed-cotton-fabric-27-2026-146-1-27_1.jpg,1431,ajrakh block printing,580,961.077,1.657
kutch-hand-block-ajrakh-print-natural-dyed-cotton-fabric-26-2026-146-1-26_1.jpg,1431,ajrakh block printing,580,907.285,1.564
kutch-hand-block-ajrakh-print-natural-dyed-cotton-fabric-25-2026-146-1-25_1.jpg,1431,ajrakh block printing,580,1011.856,1.745
kutch-hand-block-ajrakh-print-natural-dyed-cotton-fabric-24-2026-146-1-24_1.jpg,1431,ajrakh block printing,580,991.502,1.709
kutch-hand-block-ajrakh-print-natural-dyed-cotton-fabric-21-2026-146-1-21_1.jpg,1431,ajrakh block printing,580,957.789,1.651
kutch-hand-block-ajrakh-print-natural-dyed-cotton-fabric-20-2026-146-1-20_1.jpg,1431,ajrakh block printing,580,972.604,1.677
kutch-hand-block-ajrakh-print-natural-dyed-cotton-fabric-19-2026-146-1-19_1.jpg,1431,ajrakh block printing,580,990.311,1.707
kutch-hand-block-ajrakh-print-natural-dyed-cotton-fabric-18-2026-146-1-18_1.jpg,1431,ajrakh block printing,580,904.181,1.559
kutch-hand-block-ajrakh-print-natural-dyed-cotton-fabric-17-2026-146-1-17_1.jpg,1431,ajrakh block printing,580,993.209,1.712
kutch-hand-block-ajrakh-print-natural-dyed-cotton-fabric-16-2026-146-1-16_1.jpg,1431,ajrakh block printing,580,908.859,1.567
kutch-hand-block-ajrakh-print-natural-dyed-cotton-fabric-13-2026-146-1-13_1.jpg,1431,ajrakh block printing,580,962.662,1.66
kutch-hand-block-ajrakh-print-natural-dyed-cotton-fabric-12-2026-146-1-12_1.jpg,1431,ajrakh block printing,580,963.925,1.662
kutch-hand-block-ajrakh-print-natural-dyed-cotton-fabric-11-2026-146-1-11_1.jpg,1431,ajrakh block printing,580,978.359,1.687
kutch-hand-block-ajrakh-print-natural-dyed-cotton-fabric-10-2026-146-1-10_1.jpg,1431,ajrakh block printing,580,946.975,1.633
kutch-hand-block-ajrakh-print-natural-dyed-cotton-fabric-09-2026-146-1-9_1.jpg,1431,ajrakh block printing,580,954.703,1.646
kutch-hand-block-ajrakh-print-natural-dyed-cotton-fabric-08-2026-146-1-8_1.jpg,1431,ajrakh block printing,580,948.324,1.635
kutch-hand-block-ajrakh-print-natural-dyed-cotton-fabric-07-2026-146-1-7_1.jpg,1431,ajrakh block printing,580,939.601,1.62
kutch-hand-block-ajrakh-print-natural-dyed-cotton-fabric-05-2026-146-1-5_1.jpg,1431,ajrakh block printing,580,946.631,1.632
kutch-hand-block-ajrakh-print-natural-dyed-cotton-fabric-04-2026-146-1-4_1.jpg,1431,ajrakh block printing,580,950.844,1.639
kutch-hand-block-ajrakh-print-natural-dyed-cotton-fabric-3-2026-146-1-3_1.jpg,1431,ajrakh block printing,580,934.885,1.612
kutch-hand-block-ajrakh-print-natural-dyed-cotton-fabric-02-2026-146-1-2_1.jpg,1431,ajrakh block printing,580,943.406,1.627
pochampally-double-ikat-handloom-cotton-fabric-20-2026-168-1-20_1.jpg,1536,pochampally ikat weaving,2290,1469.497,0.642
pochampally-double-ikat-handloom-cotton-fabric-19-2026-168-1-19_1.jpg,1536,pochampally ikat weaving,1990,1475.996,0.742
pochampally-double-ikat-handloom-cotton-fabric-18-2026-168-1-18_1.jpg,1536,pochampally ikat weaving,1690,1473.889,0.872
pochampally-double-ikat-handloom-cotton-fabric-17-2026-168-1-17_1.jpg,1536,pochampally ikat weaving,1690,1481.335,0.877
pochampally-double-ikat-handloom-cotton-fabric-16-2026-168-1-16_1.jpg,1536,pochampally ikat weaving,1690,1452.171,0.859
pochampally-double-ikat-handloom-cotton-fabric-15-2026-168-1-15_1.jpg,1536,pochampally ikat weaving,1690,1471.513,0.871
kutch-hand-block-ajrakh-print-natural-dyed-cotton-fabric-01-2026-146-1-1_1.jpg,1431,ajrakh block printing,580,972.734,1.677
pochampally-double-ikat-handloom-cotton-fabric-14-2026-168-1-14_1.jpg,1536,pochampally ikat weaving,1690,1492.069,0.883
jhiri-pure-handloom-plain-cotton-fabric-22-2026-120-1-22_1.jpg,1471,plain solid,520,720.413,1.385
jhiri-pure-handloom-plain-cotton-fabric-21-2026-120-1-21_1.jpg,1471,plain solid,520,686.652,1.32
jhiri-pure-handloom-plain-cotton-fabric-20-2026-120-1-21_1.jpg,1471,plain solid,520,682.395,1.312
jhiri-pure-handloom-stripes-cotton-fabric-18-2026-120-1-18_1.jpg,1471,plain solid,550,679.45,1.235
jhiri-pure-handloom-stripes-cotton-fabric-17-2026-120-1-17_1.jpg,1471,plain solid,550,669.906,1.218
jhiri-pure-handloom-stripes-cotton-fabric-16-2026-120-1-16_1.jpg,1471,plain solid,550,670.601,1.219
jhiri-pure-handloom-stripes-cotton-fabric-15-2026-120-1-15_1.jpg,1471,plain solid,550,693.531,1.261
jhiri-pure-handloom-stripes-cotton-fabric-14-2026-120-1-14_1.jpg,1471,plain solid,550,667.92,1.214
jhiri-pure-handloom-stripes-cotton-fabric-13-2026-120-1-13_1.jpg,1471,plain solid,550,668.756,1.216
jhiri-pure-handloom-stripes-cotton-fabric-12-2026-120-1-12_1.jpg,1471,plain solid,550,671.606,1.221
jhiri-pure-handloom-stripes-cotton-fabric-11-2026-120-1-11_1.jpg,1471,plain solid,550,681.278,1.239
jhiri-pure-handloom-stripes-cotton-fabric-10-2026-120-1-10_1.jpg,1471,plain solid,550,660.173,1.2
jhiri-pure-handloom-stripes-cotton-fabric-09-2026-120-1-9_1.jpg,1471,plain solid,550,659.163,1.198
jhiri-pure-handloom-stripes-cotton-fabric-08-2026-120-1-8_1.jpg,1471,plain solid,550,654.12,1.189
jhiri-pure-handloom-stripes-cotton-fabric-07-2026-120-1-7_1.jpg,1471,plain solid,550,650.911,1.183
jhiri-pure-handloom-stripes-cotton-fabric-06-2026-120-1-6_1.jpg,1471,plain solid,550,666.565,1.212
jhiri-pure-handloom-stripes-cotton-fabric-05-2026-120-1-5_1.jpg,1471,plain solid,550,651.629,1.185
jhiri-pure-handloom-stripes-cotton-fabric-04-2026-120-1-4_1.jpg,1471,plain solid,550,659.076,1.198
jhiri-pure-handloom-stripes-cotton-fabric-03-2026-120-1-3_1.jpg,1471,plain solid,550,663.738,1.207
jhiri-pure-handloom-stripes-cotton-fabric-02-2026-120-1-2_1.jpg,1471,plain solid,550,655.232,1.191
akola-hand-block-print-slub-cotton-fabric-28-2026-138-1-28_1.jpg,1443,akola block printing,620,366.382,0.591
akola-hand-block-print-slub-cotton-fabric-24-2026-138-1-24_1.jpg,1443,akola block printing,620,363.39,0.586
akola-hand-block-print-slub-cotton-fabric-22-2026-138-1-22_1.jpg,1443,akola block printing,620,379.902,0.613
akola-hand-block-print-slub-cotton-fabric-20-2026-138-1-20_1.jpg,1443,akola block printing,620,364.573,0.588
akola-hand-block-print-slub-cotton-fabric-19-2026-138-1-19_1.jpg,1443,akola block printing,620,367.243,0.592
akola-hand-block-print-slub-cotton-fabric-18-2026-138-1-18_1.jpg,1443,akola block printing,620,363.71,0.587
akola-hand-block-print-slub-cotton-fabric-17-2026-138-1-17_1.jpg,1443,akola block printing,620,371.571,0.599
akola-hand-block-print-slub-cotton-fabric-16-2026-138-1-16_1.jpg,1443,akola block printing,620,364.244,0.587
akola-hand-block-print-slub-cotton-fabric-15-2026-138-1-15_1.jpg,1443,akola block printing,620,362.778,0.585
akola-hand-block-print-slub-cotton-fabric-21-2026-138-1-21_1.jpg,1443,akola block printing,620,361.723,0.583
akola-hand-block-print-slub-cotton-fabric-11-2026-138-1-11_1.jpg,1443,akola block printing,620,364.863,0.588
akola-hand-block-print-slub-cotton-fabric-10-2026-138-1-10_1.jpg,1443,akola block printing,620,358.426,0.578
akola-hand-block-print-slub-cotton-fabric-09-2026-138-1-9_1.jpg,1443,akola block printing,620,359.966,0.581
akola-hand-block-print-slub-cotton-fabric-08-2026-138-1-8_1.jpg,1443,akola block printing,620,355.846,0.574
akola-hand-block-print-slub-cotton-fabric-05-2026-138-1-5_1.jpg,1443,akola block printing,620,356.042,0.574
akola-hand-block-print-slub-cotton-fabric-04-2026-138-1-4_1.jpg,1443,akola block printing,620,361.224,0.583
akola-hand-block-print-slub-cotton-fabric-02-2026-138-1-2_1.jpg,1443,akola block printing,620,360.876,0.582
akola-hand-block-print-slub-cotton-fabric-01-2026-138-1-1_1.jpg,1443,akola block printing,620,361.78,0.584
sanganeri-hand-block-mughal-butta-print-kota-doria-cotton-fabric-20-2026-131-1-20_1.jpg,1541,sanganeri block printing,590,772.222,1.309
sanganeri-hand-block-mughal-butta-print-kota-doria-cotton-fabric-19-2026-131-1-19_1.jpg,1541,sanganeri block printing,590,775.155,1.314
sanganeri-hand-block-mughal-butta-print-kota-doria-cotton-fabric-18-2026-131-1-18_1.jpg,1541,sanganeri block printing,590,774.153,1.312
sanganeri-hand-block-mughal-butta-print-kota-doria-cotton-fabric-17-2026-131-1-17_1.jpg,1541,sanganeri block printing,590,777.829,1.318
sanganeri-hand-block-mughal-butta-print-kota-doria-cotton-fabric-16-2026-131-1-16_1.jpg,1541,sanganeri block printing,590,778.476,1.319
sanganeri-hand-block-mughal-butta-print-kota-doria-cotton-fabric-15-2026-131-1-15_1.jpg,1541,sanganeri block printing,590,778.715,1.32
sanganeri-hand-block-mughal-butta-print-kota-doria-cotton-fabric-14-2026-131-1-14_1.jpg,1541,sanganeri block printing,590,769.85,1.305
sanganeri-hand-block-mughal-butta-print-kota-doria-cotton-fabric-13-2026-131-1-13_1.jpg,1541,sanganeri block printing,590,764.247,1.295
sanganeri-hand-block-mughal-butta-print-kota-doria-cotton-fabric-12-2026-131-1-12_1.jpg,1541,sanganeri block printing,590,771.643,1.308
sanganeri-hand-block-mughal-butta-print-kota-doria-cotton-fabric-11-2026-131-1-11_1.jpg,1541,sanganeri block printing,590,765.12,1.297
bagh-hand-block-print-natural-dyed-cotton-fabric-11-2026-132-1-11_1.jpg,1543,bagh block printing,490,695.218,1.419
bagh-hand-block-print-natural-dyed-cotton-fabric-10-2026-132-1-10_1.jpg,1543,bagh block printing,490,697.251,1.423
bagh-hand-block-print-natural-dyed-cotton-fabric-09-2026-132-1-9_1.jpg,1543,bagh block printing,490,706.989,1.443
bagh-hand-block-print-natural-dyed-cotton-fabric-08-2026-132-1-8_1.jpg,1543,bagh block printing,490,695.754,1.42
jhiri-pure-handloom-plain-cotton-fabric-19-2026-115-1-19_1.jpg,1471,plain solid,520,707.329,1.36
sanganeri-hand-block-mughal-butta-print-kota-doria-cotton-fabric-10-2026-131-1-10_1.jpg,1541,sanganeri block printing,590,756.863,1.283
bagh-hand-block-print-pure-mul-cotton-natural-dyed-fabric-08-2026-022-1-8_1.jpg,1544,bagh block printing,690,831.656,1.205
bagh-hand-block-indigo-print-pure-mul-cotton-natural-dyed-fabric-09-2026-022-1-9_1.jpg,1544,bagh block printing,690,916.287,1.328
bagh-hand-block-indigo-print-pure-mul-cotton-natural-dyed-fabric-02-2026-022-1-2_1.jpg,1544,bagh block printing,690,913.114,1.323
slub-silk-plain-fabric-02-2026-025-1-2_1.jpg,1546,plain solid,290,441.132,1.521
slub-silk-plain-fabric-14-2026-025-1-14_1.jpg,1546,plain solid,290,451.685,1.558
slub-silk-plain-fabric-13-2026-025-1-13_1.jpg,1546,plain solid,290,445.389,1.536
sanganeri-hand-block-mughal-butta-print-pure-cotton-fabric-21-2026-090-1-21_1.jpg,1547,sanganeri block printing,390,417.728,1.071
hakoba-hand-block-ajrakh-print-natural-dyed-cotton-fabric-102-2026-081-1-102_1.jpg,1431,ajrakh block printing,790,728.742,0.922
hakoba-hand-block-ajrakh-print-natural-dyed-cotton-fabric-98-2026-081-1-98_1.jpg,1431,ajrakh block printing,790,722.294,0.914
hakoba-hand-block-ajrakh-print-natural-dyed-cotton-fabric-96-2026-081-1-96_1.jpg,1431,ajrakh block printing,790,722.294,0.914
hakoba-hand-block-ajrakh-print-natural-dyed-cotton-fabric-91-2026-081-1-91_1.jpg,1431,ajrakh block printing,790,722.294,0.914
hakoba-hand-block-ajrakh-print-natural-dyed-cotton-fabric-89-2026-081-1-89_1.jpg,1431,ajrakh block printing,790,722.294,0.914
hakoba-hand-block-ajrakh-print-natural-dyed-cotton-fabric-87-2026-081-1-87_1.jpg,1431,ajrakh block printing,790,722.294,0.914
hakoba-hand-block-ajrakh-print-natural-dyed-cotton-fabric-84-2026-081-1-84_1.jpg,1431,ajrakh block printing,790,722.294,0.914
hakoba-hand-block-ajrakh-print-natural-dyed-cotton-fabric-83-2026-081-1-83_1.jpg,1431,ajrakh block printing,790,722.294,0.914
hakoba-hand-block-ajrakh-print-natural-dyed-cotton-fabric-81-2026-081-1-81_1.jpg,1431,ajrakh block printing,790,722.294,0.914
hakoba-hand-block-ajrakh-print-natural-dyed-cotton-fabric-78-2026-081-1-78_1.jpg,1431,ajrakh block printing,790,722.294,0.914
hakoba-hand-block-ajrakh-print-natural-dyed-cotton-fabric-23-2026-081-1-23_1.jpg,1431,ajrakh block printing,790,732.537,0.927
hakoba-hand-block-ajrakh-print-natural-dyed-cotton-fabric-17-2026-081-1-17_1.jpg,1431,ajrakh block printing,790,736.343,0.932
hakoba-hand-block-ajrakh-print-natural-dyed-cotton-fabric-04-2026-081-1-4_1.jpg,1431,ajrakh block printing,790,722.974,0.915
kutch-hand-block-print-natural-dyed-cotton-ajrakh-fabric-19-2025-1876-1-19_1.jpg,1431,ajrakh block printing,580,750.319,1.294
kutch-hand-block-print-natural-dyed-cotton-ajrakh-fabric-40-2025-1876-1-40_1.jpg,1431,ajrakh block printing,580,757.504,1.306
hakoba-hand-block-ajrakh-print-natural-dyed-cotton-fabric-01-2026-081-1-2_1.jpg,1431,ajrakh block printing,790,721.789,0.914
kota-doria-cotton-bandhani-tie-dye-fabric-22-2026-060-1-22_1.jpg,1554,bandhani tie dye,620,780.265,1.258
kota-doria-cotton-bandhani-tie-dye-fabric-21-2026-060-1-21_1.jpg,1554,bandhani tie dye,620,756.773,1.221
kota-doria-cotton-bandhani-tie-dye-fabric-20-2026-060-1-20_1.jpg,1554,bandhani tie dye,620,733.921,1.184
kota-doria-cotton-bandhani-tie-dye-fabric-19-2026-060-1-19_1.jpg,1554,bandhani tie dye,620,760.664,1.227
kota-doria-cotton-bandhani-tie-dye-fabric-18-2026-060-1-18_1.jpg,1554,bandhani tie dye,620,758.549,1.223
kota-doria-cotton-bandhani-tie-dye-fabric-17-2026-060-1-17_1.jpg,1554,bandhani tie dye,620,752.834,1.214
kota-doria-cotton-bandhani-tie-dye-fabric-16-2026-060-1-16_1.jpg,1554,bandhani tie dye,620,751.826,1.213
kota-doria-cotton-bandhani-tie-dye-fabric-15-2026-060-1-15_1.jpg,1554,bandhani tie dye,620,763.512,1.231
kota-doria-cotton-bandhani-tie-dye-fabric-14-2026-060-1-14_1.jpg,1554,bandhani tie dye,620,752.664,1.214
kutch-hand-block-print-natural-dyed-cotton-ajrakh-fabric-37-2025-1876-1-37_1.jpg,1431,ajrakh block printing,580,747.362,1.289
kutch-hand-block-print-natural-dyed-cotton-ajrakh-fabric-36-2025-1876-1-36_1.jpg,1431,ajrakh block printing,580,730.563,1.26
leheriya-tie-dye-cotton-fabric-15-2026-031-1-15_1.jpg,1555,lehariya tie dye,590,770.519,1.306
leheriya-tie-dye-cotton-fabric-11-2026-031-1-11_1.jpg,1555,lehariya tie dye,590,739.714,1.254
leheriya-tie-dye-cotton-fabric-10-2026-031-1-10_1.jpg,1555,lehariya tie dye,590,725.836,1.23
leheriya-tie-dye-cotton-fabric-08-2026-031-1-8_1.jpg,1555,lehariya tie dye,590,738.192,1.251
leheriya-tie-dye-cotton-fabric-14-2026-031-1-14_1.jpg,1555,lehariya tie dye,590,749.788,1.271
phulia-jamdani-buti-pure-handloom-cotton-fabric-count-84-84-46-2025-1818-1-46_1.jpg,1559,bengal jamdani weaving,2990,1708.704,0.571
phulia-jamdani-buti-pure-handloom-cotton-fabric-count-84-84-45-2025-1818-1-45_1.jpg,1559,bengal jamdani weaving,2990,1853.197,0.62
phulia-jamdani-buti-pure-handloom-cotton-fabric-count-92-60-38-2025-1818-1-38_1.jpg,1559,bengal jamdani weaving,2690,1890.757,0.703
phulia-jamdani-buti-pure-handloom-cotton-fabric-count-84-92-24-2025-1818-1-24_1.jpg,1559,bengal jamdani weaving,1190,1881.199,1.581
phulia-jamdani-buti-pure-handloom-cotton-fabric-count-84-92-21-2025-1818-1-21_1.jpg,1559,bengal jamdani weaving,1190,1845.654,1.551
phulia-jamdani-buti-pure-handloom-cotton-fabric-count-84-92-13-2025-1818-1-13_1.jpg,1559,bengal jamdani weaving,1190,1879.351,1.579
phulia-jamdani-buti-pure-handloom-cotton-fabric-count-92-60-35-2025-1818-1-35_1.jpg,1559,bengal jamdani weaving,2690,1917.323,0.713
phulia-jamdani-buti-pure-handloom-cotton-fabric-count-92-40-01-2025-1818-1-1_1.jpg,1559,bengal jamdani weaving,1090,1901.692,1.745
bagh-hand-block-print-pure-mul-cotton-natural-dyed-fabric-11-2026-022-1-11_1.jpg,1544,bagh block printing,690,800.186,1.16
bagh-hand-block-print-pure-mul-cotton-natural-dyed-fabric-07-2026-022-1-7_1.jpg,1544,bagh block printing,690,828.085,1.2
bagh-hand-block-print-pure-mul-cotton-natural-dyed-fabric-05-2026-022-1-5_1.jpg,1544,bagh block printing,690,821.086,1.19
bagh-hand-block-indigo-print-pure-mul-cotton-natural-dyed-fabric-01-2026-022-1-1_1.jpg,1544,bagh block printing,690,926.701,1.343
hand-block-ajrakh-print-natural-dyed-pure-mul-cotton-fabric-50-2026-012-1-50_1.jpg,1431,ajrakh block printing,790,795.955,1.008
hand-block-ajrakh-print-natural-dyed-cotton-fabric-43-2026-012-1-43_1.jpg,1431,ajrakh block printing,580,704.981,1.215
hand-block-ajrakh-print-natural-dyed-cotton-fabric-39-2026-012-1-39_1.jpg,1431,ajrakh block printing,580,702.035,1.21
hand-block-ajrakh-print-natural-dyed-cotton-fabric-32-2026-012-1-32_1.jpg,1431,ajrakh block printing,580,705.66,1.217
hand-block-ajrakh-print-natural-dyed-cotton-fabric-24-2026-012-1-24_1.jpg,1431,ajrakh block printing,580,707.21,1.219
hand-block-ajrakh-print-natural-dyed-cotton-fabric-22-2026-012-1-22_1.jpg,1431,ajrakh block printing,580,722.021,1.245
hand-block-ajrakh-print-natural-dyed-cotton-fabric-20-2026-012-1-20_1.jpg,1431,ajrakh block printing,580,704.286,1.214
hand-block-ajrakh-print-natural-dyed-cotton-fabric-06-2026-012-1-6_1.jpg,1431,ajrakh block printing,580,689.386,1.189
hand-block-ajrakh-print-natural-dyed-cotton-fabric-03-2026-012-1-3_1.jpg,1431,ajrakh block printing,580,687.57,1.185
leheriya-tie-dye-chanderi-silk-fabric-12-2025-1870-2-12_1.jpg,1555,lehariya tie dye,1150,1074.235,0.934
leheriya-tie-dye-chanderi-silk-fabric-09-2025-1870-2-9_1.jpg,1555,lehariya tie dye,1150,1064.039,0.925
leheriya-tie-dye-chanderi-silk-fabric-08-2025-1870-2-8_1.jpg,1555,lehariya tie dye,1150,1069.57,0.93
leheriya-tie-dye-chanderi-silk-fabric-06-2025-1870-2-6_1.jpg,1555,lehariya tie dye,1150,1059.118,0.921
bindaas-hand-block-art-print-natural-dyed-cotton-fabric-17-2026-013-1-17_1.jpg,1451,bindaas block printing,520,556.786,1.071
bindaas-hand-block-art-print-natural-dyed-cotton-fabric-14-2026-013-1-14_1.jpg,1451,bindaas block printing,520,556.92,1.071
bindaas-hand-block-art-print-natural-dyed-cotton-fabric-13-2026-013-1-13_1.jpg,1451,bindaas block printing,520,577.075,1.11
bindaas-hand-block-art-print-natural-dyed-cotton-fabric-12-2026-013-1-12_1.jpg,1451,bindaas block printing,520,566.908,1.09
bindaas-hand-block-art-print-natural-dyed-cotton-fabric-10-2026-013-1-10_1.jpg,1451,bindaas block printing,520,556.92,1.071
bindaas-hand-block-art-print-natural-dyed-cotton-fabric-09-2026-013-1-9_1.jpg,1451,bindaas block printing,520,556.92,1.071
bindaas-hand-block-art-print-natural-dyed-cotton-fabric-06-2026-013-1-6_1.jpg,1451,bindaas block printing,520,498.915,0.959
bindaas-hand-block-art-print-natural-dyed-cotton-fabric-05-2026-013-1-5_1.jpg,1451,bindaas block printing,520,560.719,1.078
bindaas-hand-block-art-print-natural-dyed-cotton-fabric-03-2026-013-1-3_1.jpg,1451,bindaas block printing,520,577.075,1.11
bindaas-hand-block-art-print-natural-dyed-cotton-fabric-02-2026-013-1-2_1.jpg,1451,bindaas block printing,520,566.908,1.09
natural-dyed-cotton-hand-block-ajrakh-print-fabric-01-2026-012-1-1_1.jpg,1431,ajrakh block printing,580,694.27,1.197
cotton-mughal-butta-hand-block-sanganeri-print-fabric-43-2026-002-1-43_1.jpg,1547,sanganeri block printing,450,556.254,1.236
kota-doria-cotton-plain-fabric-28-2025-1760-1-28_1.jpg,1465,kota doria weaving,290,650.114,2.242
kota-doria-cotton-plain-fabric-26-2025-1760-1-26_1.jpg,1465,kota doria weaving,290,635.102,2.19
kota-doria-cotton-plain-fabric-25-2025-1760-1-25_1.jpg,1465,kota doria weaving,290,649.78,2.241
kota-doria-cotton-plain-fabric-24-2025-1760-1-24_1.jpg,1465,kota doria weaving,290,631.552,2.178
kota-doria-cotton-plain-fabric-23-2025-1760-1-23_1.jpg,1465,kota doria weaving,290,636.896,2.196
kota-doria-cotton-plain-fabric-22-2025-1760-1-22_1.jpg,1465,kota doria weaving,290,655.795,2.261
kota-doria-cotton-plain-fabric-21-2025-1760-1-21_1.jpg,1465,kota doria weaving,290,643.878,2.22
kota-doria-cotton-plain-fabric-19-2025-1760-1-19_1.jpg,1465,kota doria weaving,290,637.233,2.197
kota-doria-cotton-plain-fabric-05-2025-1760-1-5_1.jpg,1465,kota doria weaving,290,599.572,2.067
kota-doria-cotton-plain-fabric-15-2025-1760-1-15_1.jpg,1465,kota doria weaving,290,633.536,2.185
kota-doria-cotton-plain-fabric-12-2025-1760-1-12_1.jpg,1465,kota doria weaving,290,632.821,2.182
kota-doria-cotton-plain-fabric-11-2025-1760-1-11_1.jpg,1465,kota doria weaving,290,673.928,2.324
kota-doria-cotton-plain-fabric-10-2025-1760-1-10_1.jpg,1465,kota doria weaving,290,605.842,2.089
kota-doria-cotton-plain-fabric-08-2025-1760-1-8_1.jpg,1465,kota doria weaving,290,626.195,2.159
kota-doria-cotton-plain-fabric-06-2025-1760-1-6_1.jpg,1465,kota doria weaving,290,609.15,2.101
kota-doria-cotton-plain-fabric-04-2025-1760-1-4_1.jpg,1465,kota doria weaving,290,620.347,2.139
pure-handwoven-silk-cotton-brocade-banarasi-fabric-06-2025-1682-1-6_1.jpg,1567,banaras weaving,3290,2030.578,0.617
pure-handwoven-silk-cotton-brocade-banarasi-fabric-05-2025-1682-1-5_1.jpg,1567,banaras weaving,3290,1991.99,0.605
pure-handwoven-silk-cotton-brocade-banarasi-fabric-03-2025-1682-1-3_1.jpg,1567,banaras weaving,3290,2023.26,0.615
pure-handwoven-silk-cotton-brocade-banarasi-fabric-02-2025-1682-1-2_1.jpg,1567,banaras weaving,3290,2050.302,0.623
pure-handwoven-silk-jacquard-weave-banarasi-fabric-07-2025-1682-1-7_1.jpg,1567,banaras weaving,4290,1930.284,0.45
pure-handwoven-silk-cotton-jacquard-weave-banarasi-fabric-04-2025-1682-1-4_1.jpg,1567,banaras weaving,3290,2051.541,0.624
pure-handwoven-silk-cotton-brocade-banarasi-fabric-01-2025-1682-1-1_1.jpg,1567,banaras weaving,3290,2038.092,0.619
natural-dyed-chanderi-silk-kutch-hand-block-ajrakh-print-fabric-07-2025-1549-1-7_1.jpg,1431,ajrakh block printing,1250,1174.942,0.94
natural-dyed-chanderi-silk-kutch-hand-block-ajrakh-print-fabric-06-2025-1549-1-6_1.jpg,1431,ajrakh block printing,1250,1205.68,0.965
natural-dyed-chanderi-silk-kutch-hand-block-ajrakh-print-fabric-05-2025-1549-1-5_1.jpg,1431,ajrakh block printing,1250,1165.744,0.933
natural-dyed-chanderi-silk-kutch-hand-block-ajrakh-print-fabric-04-2025-1549-1-4_1.jpg,1431,ajrakh block printing,1250,1216.081,0.973
natural-dyed-chanderi-silk-kutch-hand-block-ajrakh-print-fabric-03-2025-1549-1-3_1.jpg,1431,ajrakh block printing,1250,1202.519,0.962
natural-dyed-cotton-kutch-hand-block-ajrakh-print-fabric-07-2025-1524-1-7_1.jpg,1431,ajrakh block printing,580,911.578,1.572
natural-dyed-pure-mul-cotton-hand-block-ajrakh-print-fabric-28-2025-1589-1-28_1.jpg,1431,ajrakh block printing,790,822.925,1.042
natural-dyed-pure-mul-cotton-hand-block-ajrakh-print-fabric-27-2025-1589-1-27_1.jpg,1431,ajrakh block printing,790,796.091,1.008
natural-dyed-pure-mul-cotton-hand-block-ajrakh-print-fabric-24-2025-1589-1-24_1.jpg,1431,ajrakh block printing,790,836.578,1.059
natural-dyed-pure-mul-cotton-hand-block-ajrakh-print-fabric-22-2025-1589-1-22_1.jpg,1431,ajrakh block printing,790,834.993,1.057
natural-dyed-pure-mul-cotton-hand-block-ajrakh-print-fabric-21-2025-1589-1-21_1.jpg,1431,ajrakh block printing,790,809.964,1.025
natural-dyed-pure-mul-cotton-hand-block-ajrakh-print-fabric-12-2025-1589-1-12_1.jpg,1431,ajrakh block printing,790,814.494,1.031
natural-dyed-pure-mul-cotton-hand-block-ajrakh-print-fabric-07-2025-1589-1-7_1.jpg,1431,ajrakh block printing,790,779.833,0.987
natural-dyed-pure-mul-cotton-hand-block-ajrakh-print-fabric-06-2025-1589-1-6_1.jpg,1431,ajrakh block printing,790,765.351,0.969
natural-dyed-pure-mul-cotton-hand-block-ajrakh-print-fabric-05-2025-1589-1-5_1.jpg,1431,ajrakh block printing,790,773.297,0.979
natural-dyed-pure-mul-cotton-hand-block-ajrakh-print-fabric-04-2025-1589-1-4_1.jpg,1431,ajrakh block printing,790,823.297,1.042
kota-doria-cotton-tie-dye-bandhani-fabric-25-2025-1599-1-25_1.jpg,1554,bandhani tie dye,620,820.036,1.323
kota-doria-cotton-tie-dye-bandhani-fabric-23-2025-1599-1-23_1.jpg,1554,bandhani tie dye,620,809.774,1.306
kota-doria-cotton-tie-dye-bandhani-fabric-22-2025-1599-1-22_1.jpg,1554,bandhani tie dye,620,827.382,1.334
kota-doria-cotton-tie-dye-bandhani-fabric-18-2025-1599-1-18_1.jpg,1554,bandhani tie dye,620,783.812,1.264
kota-doria-cotton-tie-dye-bandhani-fabric-17-2025-1599-1-17_1.jpg,1554,bandhani tie dye,620,808.361,1.304
kota-doria-cotton-tie-dye-bandhani-fabric-16-2025-1599-1-16_1.jpg,1554,bandhani tie dye,620,814.798,1.314
kota-doria-cotton-tie-dye-bandhani-fabric-15-2025-1599-1-15_1.jpg,1554,bandhani tie dye,620,813.795,1.313
kota-doria-cotton-tie-dye-bandhani-fabric-14-2025-1599-1-14_1.jpg,1554,bandhani tie dye,620,792.342,1.278
kota-doria-cotton-tie-dye-bandhani-fabric-13-2025-1599-1-13_1.jpg,1554,bandhani tie dye,620,796.845,1.285
kota-doria-cotton-tie-dye-bandhani-fabric-12-2025-1599-1-12_1.jpg,1554,bandhani tie dye,620,800.863,1.292
kota-doria-cotton-tie-dye-bandhani-fabric-11-2025-1599-1-11_1.jpg,1554,bandhani tie dye,620,795.647,1.283
kota-doria-cotton-tie-dye-bandhani-fabric-10-2025-1599-1-10_1.jpg,1554,bandhani tie dye,620,788.414,1.272
kota-doria-cotton-tie-dye-bandhani-fabric-09-2025-1599-1-9_1.jpg,1554,bandhani tie dye,620,791.579,1.277
kota-doria-cotton-tie-dye-bandhani-fabric-07-2025-1599-1-7_1.jpg,1554,bandhani tie dye,620,784.747,1.266
kota-doria-cotton-tie-dye-bandhani-fabric-06-2025-1599-1-6_1.jpg,1554,bandhani tie dye,620,777.172,1.254
kota-doria-cotton-tie-dye-bandhani-fabric-05-2025-1599-1-5_1.jpg,1554,bandhani tie dye,620,768.658,1.24
kota-doria-cotton-tie-dye-bandhani-fabric-04-2025-1599-1-4_1.jpg,1554,bandhani tie dye,620,793.319,1.28
kota-doria-cotton-tie-dye-bandhani-fabric-03-2025-1599-1-3_1.jpg,1554,bandhani tie dye,620,775.919,1.251
kota-doria-cotton-tie-dye-bandhani-fabric-02-2025-1599-1-2_1.jpg,1554,bandhani tie dye,620,791.002,1.276
natural-dyed-cotton-kutch-hand-block-ajrakh-print-fabric-66-2025-1409-1-66_1.jpg,1431,ajrakh block printing,580,827.387,1.427
natural-dyed-cotton-kutch-hand-block-ajrakh-print-fabric-65-2025-1409-1-65_1.jpg,1431,ajrakh block printing,550,827.387,1.504
natural-dyed-cotton-kutch-hand-block-ajrakh-print-fabric-58-2025-1409-1-58_1.jpg,1431,ajrakh block printing,580,836.639,1.442
natural-dyed-cotton-kutch-hand-block-ajrakh-print-fabric-47-2025-1409-1-47_1.jpg,1431,ajrakh block printing,580,844.71,1.456
natural-dyed-cotton-kutch-hand-block-ajrakh-print-fabric-44-2025-1409-1-44_1.jpg,1431,ajrakh block printing,580,836.723,1.443
natural-dyed-cotton-kutch-hand-block-ajrakh-print-fabric-41-2025-1409-1-41_1.jpg,1431,ajrakh block printing,580,855.034,1.474
natural-dyed-cotton-kutch-hand-block-ajrakh-print-fabric-36-2025-1409-1-36_1.jpg,1431,ajrakh block printing,580,834.191,1.438
natural-dyed-cotton-kutch-hand-block-ajrakh-print-fabric-35-2025-1409-1-35_1.jpg,1431,ajrakh block printing,580,843.616,1.455
natural-dyed-cotton-kutch-hand-block-ajrakh-print-fabric-33-2025-1409-1-33_1.jpg,1431,ajrakh block printing,580,844.541,1.456
natural-dyed-cotton-kutch-hand-block-ajrakh-print-fabric-31-2025-1409-1-31_1.jpg,1431,ajrakh block printing,550,831.934,1.513
natural-dyed-cotton-kutch-hand-block-ajrakh-print-fabric-25-2025-1409-1-25_1.jpg,1431,ajrakh block printing,580,852.579,1.47
natural-dyed-cotton-kutch-hand-block-ajrakh-print-fabric-23-2025-1409-1-23_1.jpg,1431,ajrakh block printing,580,829.296,1.43
natural-dyed-cotton-kutch-hand-block-ajrakh-print-fabric-21-2025-1409-1-21_1.jpg,1431,ajrakh block printing,580,838.03,1.445
natural-dyed-cotton-kutch-hand-block-ajrakh-print-fabric-18-2025-1409-1-18_1.jpg,1431,ajrakh block printing,580,837.102,1.443
natural-dyed-cotton-kutch-hand-block-ajrakh-print-fabric-14-2025-1409-1-14_1.jpg,1431,ajrakh block printing,580,825.513,1.423
natural-dyed-cotton-kutch-hand-block-ajrakh-print-fabric-13-2025-1409-1-13_1.jpg,1431,ajrakh block printing,580,848.176,1.462
natural-dyed-cotton-kutch-hand-block-ajrakh-print-fabric-12-2025-1409-1-12_1.jpg,1431,ajrakh block printing,580,827.173,1.426
natural-dyed-cotton-kutch-hand-block-ajrakh-print-fabric-09-2025-1409-1-9_1.jpg,1431,ajrakh block printing,580,827.105,1.426
natural-dyed-cotton-kutch-hand-block-ajrakh-print-fabric-07-2025-1409-1-7_1.jpg,1431,ajrakh block printing,550,813.291,1.479
natural-dyed-cotton-kutch-hand-block-ajrakh-print-fabric-06-2025-1409-1-6_1.jpg,1431,ajrakh block printing,580,838.01,1.445
kota-doria-cotton-tie-dye-bandhani-fabric-01-2025-1599-1-1_1.jpg,1554,bandhani tie dye,620,792.33,1.278
jhiri-pure-handloom-cotton-fabric-27-2025-1540-1-27_1.jpg,1471,plain solid,550,604.305,1.099
jhiri-pure-handloom-cotton-fabric-26-2025-1540-1-26_1.jpg,1471,plain solid,520,594.003,1.142
jhiri-pure-handloom-cotton-fabric-25-2025-1540-1-25_1.jpg,1471,plain solid,520,612.826,1.179
jhiri-pure-handloom-cotton-fabric-23-2025-1540-1-23_1.jpg,1471,plain solid,520,601.305,1.156
jhiri-pure-handloom-cotton-fabric-18-2025-1540-1-18_1.jpg,1471,plain solid,550,623.442,1.134
jhiri-pure-handloom-cotton-fabric-16-2025-1540-1-16_1.jpg,1471,plain solid,550,628.548,1.143
jhiri-pure-handloom-cotton-fabric-14-2025-1540-1-14_1.jpg,1471,plain solid,550,599.729,1.09
jhiri-pure-handloom-cotton-fabric-13-2025-1540-1-13_1.jpg,1471,plain solid,550,614.904,1.118
jhiri-pure-handloom-cotton-fabric-11-2025-1540-1-11_1.jpg,1471,plain solid,550,593.812,1.08
jhiri-pure-handloom-cotton-fabric-10-2025-1540-1-10_1.jpg,1471,plain solid,520,596.933,1.148
jhiri-pure-handloom-cotton-fabric-07-2025-1540-1-7_1.jpg,1471,plain solid,520,585.082,1.125
jhiri-pure-handloom-cotton-fabric-05-2025-1540-1-5_1.jpg,1471,plain solid,520,566.492,1.089
jhiri-pure-handloom-cotton-fabric-04-2025-1540-1-4_1.jpg,1471,plain solid,520,579.027,1.114
jhiri-pure-handloom-cotton-fabric-03-2025-1540-1-3_1.jpg,1471,plain solid,550,600.289,1.091
jhiri-pure-handloom-cotton-fabric-02-2025-1540-1-2_1.jpg,1471,plain solid,520,598.839,1.152
natural-dyed-chanderi-silk-kutch-hand-block-ajrakh-print-fabric-01-2025-1549-1-1_1.jpg,1431,ajrakh block printing,1250,1179.742,0.944
jhiri-pure-handloom-cotton-fabric-01-2025-1540-1-1_1.jpg,1471,plain solid,550,587.88,1.069
hand-block-akola-print-slub-cotton-fabric-09-2025-1525-1-9_1.jpg,1443,akola block printing,620,346.955,0.56
hand-block-akola-print-slub-cotton-fabric-05-2025-1525-1-5_1.jpg,1443,akola block printing,620,327.806,0.529
hand-block-print-pure-mul-cotton-natural-dyed-ajrakh-fabric-12-2025-1494-1-12_1.jpg,1431,ajrakh block printing,790,808.327,1.023
hand-block-print-pure-mul-cotton-natural-dyed-ajrakh-fabric-11-2025-1494-1-11_1.jpg,1431,ajrakh block printing,790,831.623,1.053
hand-block-print-pure-mul-cotton-natural-dyed-ajrakh-fabric-09-2025-1494-1-9_1.jpg,1431,ajrakh block printing,790,831.642,1.053
hand-block-print-pure-mul-cotton-natural-dyed-ajrakh-fabric-06-2025-1494-1-6_1.jpg,1431,ajrakh block printing,790,822.824,1.042
hand-block-print-pure-mul-cotton-natural-dyed-ajrakh-fabric-03-2025-1494-1-3_1.jpg,1431,ajrakh block printing,790,819.248,1.037
hand-block-print-pure-mul-cotton-natural-dyed-ajrakh-fabric-02-2025-1494-1-2_1.jpg,1431,ajrakh block printing,790,807.156,1.022
hand-block-print-natural-dyed-chanderi-silk-ajrakh-fabric-23-2025-1443-5-23_1.jpg,1431,ajrakh block printing,1250,1189.772,0.952
hand-block-print-natural-dyed-chanderi-silk-ajrakh-fabric-22-2025-1443-5-22_1.jpg,1431,ajrakh block printing,1250,1245.574,0.996
hand-block-print-natural-dyed-chanderi-silk-ajrakh-fabric-21-2025-1443-5-21_1.jpg,1431,ajrakh block printing,1250,1184.758,0.948
hand-block-print-natural-dyed-chanderi-silk-ajrakh-fabric-19-2025-1443-5-19_1.jpg,1431,ajrakh block printing,1250,1191.088,0.953
hand-block-print-natural-dyed-chanderi-silk-ajrakh-fabric-15-2025-1443-5-15_1.jpg,1431,ajrakh block printing,1250,1189.9,0.952
hand-block-print-natural-dyed-chanderi-silk-ajrakh-fabric-11-2025-1443-5-11_1.jpg,1431,ajrakh block printing,1250,1205.211,0.964
hand-block-print-natural-dyed-chanderi-silk-ajrakh-fabric-03-2025-1443-5-3_1.jpg,1431,ajrakh block printing,1250,1205.672,0.965
natural-dyed-kutch-tie-dye-cotton-bandhani-fabric-01-2025-1458-1-1_1.jpg,1582,bandhani tie dye,690,655.266,0.95
handloom-raw-silk-pochampally-ikat-fabric-02-2025-1389-2-2_1.jpg,1583,pochampally ikat weaving,2690,1810.472,0.673
velvet-natural-dyed-hand-block-print-ajrakh-fabric-26-2025-1452-1-26_1.jpg,1431,ajrakh block printing,1190,790.667,0.664
velvet-natural-dyed-hand-block-print-ajrakh-fabric-24-2025-1452-1-24_1.jpg,1431,ajrakh block printing,1190,813.062,0.683
velvet-natural-dyed-hand-block-print-ajrakh-fabric-22-2025-1452-1-22_1.jpg,1431,ajrakh block printing,1190,830.802,0.698
velvet-natural-dyed-hand-block-print-ajrakh-fabric-21-2025-1452-1-21_1.jpg,1431,ajrakh block printing,1190,810.407,0.681
velvet-natural-dyed-hand-block-print-ajrakh-fabric-20-2025-1452-1-20_1.jpg,1431,ajrakh block printing,1190,809.686,0.68
velvet-natural-dyed-hand-block-print-ajrakh-fabric-17-2025-1452-1-17_1.jpg,1431,ajrakh block printing,1190,790.111,0.664
velvet-natural-dyed-hand-block-print-ajrakh-fabric-15-2025-1452-1-15_1.jpg,1431,ajrakh block printing,1190,789.697,0.664
velvet-natural-dyed-hand-block-print-ajrakh-fabric-12-2025-1452-1-12_1.jpg,1431,ajrakh block printing,1190,809.218,0.68
velvet-natural-dyed-hand-block-print-ajrakh-fabric-10-2025-1452-1-10_1.jpg,1431,ajrakh block printing,1190,795.098,0.668
velvet-natural-dyed-hand-block-print-ajrakh-fabric-06-2025-1452-1-6_1.jpg,1431,ajrakh block printing,1190,809.419,0.68
velvet-natural-dyed-hand-block-print-ajrakh-fabric-03-2025-1452-1-3_1.jpg,1431,ajrakh block printing,1190,767.077,0.645
velvet-natural-dyed-hand-block-print-ajrakh-fabric-02-2025-1452-1-2_1.jpg,1431,ajrakh block printing,1190,815.925,0.686
handloom-raw-silk-pochampally-ikat-fabric-01-2025-1389-2-1_1.jpg,1583,pochampally ikat weaving,2690,1829.103,0.68
natural-dyed-hand-block-print-kota-doria-cotton-ajrakh-fabric-18-2025-1391-1-18_1.jpg,1431,ajrakh block printing,650,1010.221,1.554
natural-dyed-hand-block-print-kota-doria-cotton-ajrakh-fabric-17-2025-1391-1-17_1.jpg,1431,ajrakh block printing,650,976.123,1.502
natural-dyed-hand-block-print-kota-doria-cotton-ajrakh-fabric-16-2025-1391-1-16_1.jpg,1431,ajrakh block printing,650,976.878,1.503
natural-dyed-hand-block-print-kota-doria-cotton-ajrakh-fabric-13-2025-1391-1-13_1.jpg,1431,ajrakh block printing,650,980.909,1.509
natural-dyed-hand-block-print-kota-doria-cotton-ajrakh-fabric-09-2025-1391-1-9_1.jpg,1431,ajrakh block printing,650,997.245,1.534
natural-dyed-hand-block-print-kota-doria-cotton-ajrakh-fabric-04-2025-1391-1-4_1.jpg,1431,ajrakh block printing,650,994.8,1.53
natural-dyed-hand-block-print-kota-doria-cotton-ajrakh-fabric-02-2025-1391-1-2_1.jpg,1431,ajrakh block printing,650,956.54,1.472
natural-dyed-hand-block-print-cotton-ajrakh-fabric-35-2025-1348-1-35_1.jpg,1431,ajrakh block printing,580,768.643,1.325
natural-dyed-hand-block-print-cotton-ajrakh-fabric-31-2025-1348-1-31_1.jpg,1431,ajrakh block printing,580,788.256,1.359
natural-dyed-hand-block-print-cotton-ajrakh-fabric-29-2025-1348-1-29_1.jpg,1431,ajrakh block printing,580,764.736,1.319
natural-dyed-hand-block-print-cotton-ajrakh-fabric-28-2025-1348-1-28_1.jpg,1431,ajrakh block printing,580,770.726,1.329
natural-dyed-hand-block-print-cotton-ajrakh-fabric-16-2025-1348-1-16_1.jpg,1431,ajrakh block printing,580,798.488,1.377
natural-dyed-hand-block-print-cotton-ajrakh-fabric-14-2025-1348-1-14_1.jpg,1431,ajrakh block printing,580,760.813,1.312
natural-dyed-hand-block-print-cotton-ajrakh-fabric-13-2025-1348-1-13_1.jpg,1431,ajrakh block printing,580,785.614,1.355
natural-dyed-hand-block-print-cotton-ajrakh-fabric-10-2025-1348-1-10_1.jpg,1431,ajrakh block printing,580,779.141,1.343
natural-dyed-hand-block-print-cotton-ajrakh-fabric-02-2025-1348-1-2_1.jpg,1431,ajrakh block printing,580,752.623,1.298
hakoba-natural-dyed-cotton-hand-block-print-ajrakh-fabric-26-2025-1319-3-26_1.jpg,1431,ajrakh block printing,790,722.435,0.914
hand-block-print-cotton-natural-dyed-ajrakh-fabric-21-2025-1303-1-21_1.jpg,1431,ajrakh block printing,580,744.06,1.283
hand-block-print-cotton-natural-dyed-ajrakh-fabric-17-2025-1303-1-17_1.jpg,1431,ajrakh block printing,580,747.742,1.289
hand-block-print-cotton-natural-dyed-ajrakh-fabric-14-2025-1303-1-14_1.jpg,1431,ajrakh block printing,580,768.648,1.325
hand-block-print-cotton-natural-dyed-ajrakh-fabric-11-2025-1303-1-11_1.jpg,1431,ajrakh block printing,690,765.276,1.109
hand-block-print-cotton-natural-dyed-ajrakh-fabric-08-2025-1303-1-8_1.jpg,1431,ajrakh block printing,690,740.746,1.074
hand-block-print-cotton-natural-dyed-ajrakh-fabric-07-2025-1303-1-7_1.jpg,1431,ajrakh block printing,690,738.602,1.07
hand-block-print-cotton-natural-dyed-ajrakh-fabric-03-2025-1303-1-3_1.jpg,1431,ajrakh block printing,690,733.617,1.063
natural-dyed-cotton-hand-block-pipad-print-fabric-04-2025-1287-1-4_1.jpg,1452,pipad block printing,450,609.733,1.355
natural-dyed-cotton-hand-block-pipad-print-fabric-02-2025-1287-1-2_1.jpg,1452,pipad block printing,450,612.882,1.362
hand-block-print-cotton-natural-dyed-ajrakh-fabric-01-2025-1303-1-1_1.jpg,1431,ajrakh block printing,690,760.64,1.102
velvet-natural-dyed-block-print-ajrakh-fabric-07-2025-1300-1-7_1.jpg,1431,ajrakh block printing,3750,773.574,0.206
velvet-natural-dyed-block-print-ajrakh-fabric-05-2025-1300-1-5_1.jpg,1431,ajrakh block printing,3750,773.399,0.206
velvet-natural-dyed-block-print-ajrakh-fabric-02-2025-1300-1-2_1.jpg,1431,ajrakh block printing,2890,783.607,0.271
block-print-natural-dyed-dola-silk-jacquard-buti-ajrakh-fabric-19-2025-1127-1-19_1.jpg,1431,ajrakh block printing,750,1171.469,1.562
block-print-natural-dyed-dola-silk-jacquard-buti-ajrakh-fabric-17-2025-1127-1-17_1.jpg,1431,ajrakh block printing,750,1194.123,1.592
block-print-natural-dyed-dola-silk-jacquard-buti-ajrakh-fabric-13-2025-1127-1-13_1.jpg,1431,ajrakh block printing,750,1133.747,1.512
block-print-natural-dyed-dola-silk-jacquard-buti-ajrakh-fabric-09-2025-1127-1-9_1.jpg,1431,ajrakh block printing,750,1132.869,1.51
natural-dyed-hand-block-cotton-ajrakh-print-fabric-25-2025-1142-1-25_1.jpg,1431,ajrakh block printing,490,740.583,1.511
natural-dyed-hand-block-cotton-ajrakh-print-fabric-22-2025-1142-1-22_1.jpg,1431,ajrakh block printing,490,763.272,1.558
natural-dyed-hand-block-cotton-ajrakh-print-fabric-21-2025-1142-1-21_1.jpg,1431,ajrakh block printing,490,716.525,1.462
natural-dyed-hand-block-cotton-ajrakh-print-fabric-19-2025-1142-1-19_1.jpg,1431,ajrakh block printing,490,746.562,1.524
natural-dyed-hand-block-cotton-ajrakh-print-fabric-15-2025-1142-1-15_1.jpg,1431,ajrakh block printing,490,683.286,1.394
natural-dyed-hand-block-cotton-ajrakh-print-fabric-12-2025-1142-1-12_1.jpg,1431,ajrakh block printing,490,715.477,1.46
natural-dyed-hand-block-cotton-ajrakh-print-fabric-05-2025-1142-1-5_1.jpg,1431,ajrakh block printing,490,724.726,1.479
modal-silk-natural-dyed-plain-fabric-07-2025-768-2-7_1.jpg,1603,plain solid,590,663.261,1.124
modal-silk-natural-dyed-plain-fabric-05-2025-768-2-5_1.jpg,1603,plain solid,590,652.304,1.106
cotton-central-asian-pochampally-ikat-fabric-26-2025-1026-1-26_1.jpg,1609,pochampally ikat weaving,1650,1331.612,0.807
cotton-central-asian-pochampally-ikat-fabric-20-2025-1026-1-20_1.jpg,1609,pochampally ikat weaving,1650,1412.976,0.856
cotton-central-asian-pochampally-ikat-fabric-17h-2025-1026-1-17_1.jpg,1609,pochampally ikat weaving,1590,1427.867,0.898
modal-silk-natural-dyed-plain-fabric-01-2025-768-2-1_1.jpg,1603,plain solid,590,658.738,1.117
tie-dye-cotton-shibori-fabric-28-2025-950-2-28_1.jpg,1614,shibori tie dye,450,450.508,1.001
tie-dye-cotton-shibori-fabric-27-2025-950-2-27_1.jpg,1614,shibori tie dye,450,446.264,0.992
tie-dye-cotton-shibori-fabric-21-2025-950-2-21_1.jpg,1614,shibori tie dye,450,437.686,0.973
tie-dye-cotton-shibori-fabric-13-2025-950-2-13_1.jpg,1614,shibori tie dye,450,431.37,0.959
tie-dye-cotton-shibori-fabric-08-2025-950-2-8_1.jpg,1614,shibori tie dye,450,427.576,0.95
tie-dye-cotton-shibori-fabric-02-2025-950-2-2_1.jpg,1614,shibori tie dye,450,428.249,0.952
sanganeri-block-print-cotton-fabric-05-2025-950-3-5_1.jpg,1616,sanganeri block printing,350,479.51,1.37
sanganeri-block-print-cotton-fabric-04-2025-950-3-4_1.jpg,1616,sanganeri block printing,350,505.716,1.445
pure-mashru-silk-plain-fabric-width-46-in-07-2025-959-2-7_1.jpg,1619,plain solid,590,744.45,1.262
pure-mashru-silk-plain-fabric-width-46-in-05-2025-959-2-5_1.jpg,1619,plain solid,590,760.173,1.288
handspun-handloom-natural-dyed-cotton-kora-plain-fabric-13-2025-884-1-13_1.jpg,1620,plain solid,950,758.427,0.798
handspun-handloom-natural-dyed-cotton-kora-plain-fabric-11-2025-884-1-11_1.jpg,1620,plain solid,950,748.704,0.788
handspun-handloom-natural-dyed-cotton-kora-plain-fabric-08-2025-884-1-8_1.jpg,1620,plain solid,950,738.915,0.778
slub-silk-plain-fabric-15-2025-867-1-15_1.jpg,1546,plain solid,290,495.779,1.71
slub-silk-plain-fabric-13-2025-867-1-13_1.jpg,1546,plain solid,290,496.039,1.71
slub-silk-plain-fabric-10-2025-867-1-10_1.jpg,1546,plain solid,290,476.382,1.643
slub-silk-plain-fabric-09-2025-867-1-9_1.jpg,1546,plain solid,290,499.06,1.721
bamboo-silk-natural-dyed-pure-handloom-plain-fabric-12-2025-941-1-12_1.jpg,1623,plain solid,1490,1337.966,0.898
bamboo-silk-natural-dyed-pure-handloom-plain-fabric-11-2025-941-1-11_1.jpg,1623,plain solid,1490,1325.977,0.89
bamboo-silk-natural-dyed-pure-handloom-plain-fabric-10-2025-941-1-10_1.jpg,1623,plain solid,1490,1331.727,0.894
bamboo-silk-natural-dyed-pure-handloom-plain-fabric-06-2025-941-1-6_1.jpg,1623,plain solid,1490,1316.333,0.883
bamboo-silk-natural-dyed-pure-handloom-plain-fabric-04-2025-941-1-4_1.jpg,1623,plain solid,1490,1318.924,0.885
bamboo-silk-natural-dyed-pure-handloom-plain-fabric-03-2025-941-1-3_1.jpg,1623,plain solid,1490,1326.74,0.89
bamboo-silk-natural-dyed-pure-handloom-plain-fabric-02-2025-941-1-2_1.jpg,1623,plain solid,1490,1339.758,0.899
bamboo-silk-natural-dyed-pure-handloom-plain-fabric-01-2025-941-1-1_1.jpg,1623,plain solid,1490,1336.846,0.897
handloom-cotton-zari-border-mangalagiri-fabric-09-2025-847-2-9_1.jpg,1628,mangalagiri weaving,790,936.064,1.185
handloom-cotton-zari-border-mangalagiri-fabric-07-2025-847-2-7_1.jpg,1628,mangalagiri weaving,790,907.88,1.149
handloom-cotton-zari-border-mangalagiri-fabric-03-2025-847-2-3_1.jpg,1628,mangalagiri weaving,790,916.99,1.161
slub-silk-plain-fabric-16-2025-812-1-16_1.jpg,1546,plain solid,290,537.378,1.853
slub-silk-plain-fabric-11-2025-747-1-11_1.jpg,1546,plain solid,290,524.227,1.808
pedana-block-print-handwoven-wool-natural-dyed-kalamkari-fabric-05-2025-832-1-5_1.jpg,1632,kalamkari block printing,2890,2080.413,0.72
pedana-block-print-handwoven-wool-natural-dyed-kalamkari-fabric-04-2025-832-1-4_1.jpg,1632,kalamkari block printing,2890,2176.026,0.753
pedana-block-print-handwoven-wool-natural-dyed-kalamkari-fabric-03-2025-832-1-3_1.jpg,1632,kalamkari block printing,2890,2075.357,0.718
pedana-block-print-handwoven-wool-natural-dyed-kalamkari-fabric-02-2025-832-1-2_1.jpg,1632,kalamkari block printing,2890,2105.192,0.728
handloom-cotton-phulia-jamdani-fabric-04-2025-772-1-4_1.jpg,1634,bengal jamdani weaving,2650,945.712,0.357
handloom-cotton-phulia-jamdani-fabric-03-2025-772-1-3_1.jpg,1634,bengal jamdani weaving,2650,929.851,0.351
jhiri-pure-handloom-cotton-fabric-18-2025-790-1-18_1.jpg,1471,plain solid,550,668.431,1.215
jhiri-pure-handloom-cotton-fabric-17-2025-790-1-17_1.jpg,1471,plain solid,520,637.384,1.226
jhiri-pure-handloom-cotton-fabric-13-2025-790-1-13_1.jpg,1471,plain solid,550,642.595,1.168
jhiri-pure-handloom-cotton-fabric-06-2025-790-1-6_1.jpg,1471,plain solid,520,654.179,1.258
jhiri-pure-handloom-cotton-fabric-04-2025-790-1-4_1.jpg,1471,plain solid,520,652.904,1.256
jhiri-pure-handloom-cotton-fabric-03-2025-790-1-3_1.jpg,1471,plain solid,550,620.613,1.128
pedana-block-print-handwoven-wool-natural-dyed-kalamkari-fabric-01-2025-832-1-1_1.jpg,1632,kalamkari block printing,2890,2101.177,0.727
jhiri-pure-handloom-cotton-fabric-01-2025-790-1-1_1.jpg,1471,plain solid,520,636.078,1.223
natural-dyed-bagru-dabu-print-fabric-39-2025-825-1-39_1.jpg,1635,bagru block printing,420,540.019,1.286
natural-dyed-bagru-dabu-print-fabric-33-2025-825-1-33_1.jpg,1635,bagru block printing,420,544.308,1.296
natural-dyed-bagru-dabu-print-fabric-31-2025-825-1-31_1.jpg,1635,bagru block printing,420,532.884,1.269
natural-dyed-bagru-dabu-print-fabric-26-2025-825-1-26_1.jpg,1635,bagru block printing,420,568.786,1.354
natural-dyed-bagru-dabu-print-fabric-23-2025-825-1-23_1.jpg,1635,bagru block printing,420,538.132,1.281
natural-dyed-block-print-cotton-pedana-kalamkari-fabric-34-2025-750-1-34_1.jpg,1632,kalamkari block printing,390,679.425,1.742
natural-dyed-block-print-cotton-pedana-kalamkari-fabric-03-2025-750-1-3_1.jpg,1632,kalamkari block printing,390,617.154,1.582
natural-dyed-block-print-cotton-pedana-kalamkari-fabric-02-2025-750-1-2_1.jpg,1632,kalamkari block printing,390,658.097,1.687
slub-silk-plain-fabric-08-2025-747-1-8_1.jpg,1546,plain solid,290,517.277,1.784
slub-silk-plain-fabric-16-2025-659-1-14_1.jpg,1546,plain solid,290,450.58,1.554
slub-silk-plain-fabric-14-2025-659-1-12_1.jpg,1546,plain solid,290,448.422,1.546
vidarbha-tussar-x-katia-silk-handloom-fabric-05-2025-525-1-5_1.jpg,1647,plain solid,1750,1459.275,0.834
handwoven-pure-tussar-silk-kantha-work-fabric-01-2025-623-2-1_1.jpg,1651,bengal kantha work,3690,3152.387,0.854
natural-dyed-mashru-silk-ajrakh-print-fabric-02-2025-622-1-2_1.jpg,1431,ajrakh block printing,750,1079.89,1.44
semi-silk-brocade-banarasi-fabric-05-2025-498-1-5_1.jpg,1660,banaras weaving,990,1257.484,1.27
handloom-silk-pochampally-ikat-fabric-25-2025-528-1-25_1.jpg,1661,pochampally ikat weaving,2690,3244.039,1.206
slub-silk-plain-fabric-07-2025-501-1-12_1.jpg,1546,plain solid,290,449.004,1.548
slub-silk-plain-fabric-04-2025-501-1-9_1.jpg,1546,plain solid,290,438.242,1.511
handwoven-organic-kala-cotton-fabric-06-2025-502-1-6_1.jpg,1663,kutch kala organic cotton weaving,950,1198.532,1.262
handwoven-organic-kala-cotton-fabric-03-2025-502-1-3_1.jpg,1663,kutch kala organic cotton weaving,950,1194.124,1.257
plain-slub-silk-fabric-08-2025-461-1-8_1.jpg,1546,plain solid,290,467.719,1.613
plain-slub-silk-fabric-07-2025-461-1-7_1.jpg,1546,plain solid,290,474.704,1.637
plain-slub-silk-fabric-13-2025-433-1-13_1.jpg,1546,plain solid,290,485.847,1.675
plain-slub-silk-fabric-12-2025-433-1-12_1.jpg,1546,plain solid,290,489.767,1.689
handloom-cotton-bengal-jamdani-fabric-16-2025-485-1-16_1.jpg,1665,bengal jamdani weaving,2650,1150.445,0.434
handloom-cotton-bengal-jamdani-fabric-12-2025-485-1-12_1.jpg,1665,bengal jamdani weaving,2650,1141.492,0.431
block-print-cotton-sanganeri-fabric-14-2025-416-1-14_1.jpg,1666,sanganeri block printing,390,397.823,1.02
sambalpuri-ikat-cotton-fabric-21-2025-313-1-21_1.jpg,1670,sambalpuri ikat weaving,750,588.921,0.785
prewashed-cotton-plain-fabric-10-2025-377-1-10_1.jpg,1672,plain solid,280,388.602,1.388
handloom-mangalagiri-cotton-fabric-with-zari-border-07-2025-359-1-7_1.jpg,1628,mangalagiri weaving,790,1035.682,1.311
handloom-mangalagiri-cotton-fabric-with-zari-border-06-2025-359-1-6_1.jpg,1628,mangalagiri weaving,790,1025.635,1.298
hand-batik-print-cotton-fabric-03-2025-328-1-3_1.jpg,1673,batik block printing,480,572.949,1.194
block-print-cotton-sanganeri-fabric-05-2025-292-1-5_1.jpg,1676,sanganeri block printing,390,485.149,1.244
slub-silk-plain-fabric-14-2025-261-1-14_1.jpg,1546,plain solid,290,528.812,1.823
block-print-cotton-bagru-fabric-08-2025-082-1-9_1.jpg,1678,bagru block printing,420,581.279,1.384
handloom-cotton-pochampally-double-ikat-fabric-14-2024-1613-1-14_1.jpg,1689,pochampally ikat weaving,1150,2098.368,1.825
mercerised-cotton-pochampally-ikat-fabric-12-2024-1561-2-12_1.jpg,1691,pochampally ikat weaving,850,988.467,1.163
mercerised-cotton-pochampally-ikat-fabric-05-2024-1561-2-5_1.jpg,1691,pochampally ikat weaving,850,933.248,1.098
mercerised-cotton-pochampally-ikat-fabric-03-2024-1561-2-3_1.jpg,1691,pochampally ikat weaving,850,938.161,1.104
silk-handpainted-srikalahasti-pen-kalamkari-fabric-03-2024-850-2-3_1.jpg,1696,srikalahasti penwork kalamkari,2990,2674.275,0.894
mercerised-cotton-zari-border-dharwad-fabric-08-2024-1335-1-8_1.jpg,1697,dharwad weaving,580,401.38,0.692
vidarbha-pure-tussar-x-ghicha-silk-handloom-fabric-03-2024-1307-1-3_1.jpg,1703,plain solid,1490,1985.097,1.332
vidarbha-pure-tussar-x-ghicha-silk-handloom-fabric-01-2024-1307-1-1_1.jpg,1703,plain solid,1490,2049.074,1.375
traditional-handloom-chanderi-silk-cotton-fabric-06-2024-1091-3-6_1.jpg,1705,chanderi weaving,1090,1297.267,1.19
traditional-handloom-chanderi-silk-cotton-fabric-01-2024-1091-3-1_1.jpg,1705,chanderi weaving,1690,1661.629,0.983
bangalore-silk-srikalahasti-handpainted-pen-kalamkari-fabric-11-2024-959-2-11_1.jpg,1710,srikalahasti penwork kalamkari,2990,3359.526,1.124
2024-838-1-4-bagh-print-handloom-chanderi-silk-fabric-04_1.jpg,1711,bagh block printing,1290,2095.201,1.624
2024-838-1-1-bagh-print-handloom-chanderi-silk-fabric01_1.jpg,1711,bagh block printing,1290,1579.337,1.224
2024-805-1-8-acrylic-fine-wool-fabric-08_1.jpg,1712,plain solid,890,750.94,0.844
2024-805-1-7-acrylic-fine-wool-fabric-07_1.jpg,1712,plain solid,890,738.219,0.829
2024-805-1-4-acrylic-fine-wool-fabric-04_1.jpg,1712,plain solid,890,743.449,0.835
2024-805-1-3-acrylic-fine-wool-fabric-03_1.jpg,1712,plain solid,890,730.788,0.821
2024-805-1-2-acrylic-fine-wool-fabric-02_1.jpg,1712,plain solid,890,742.667,0.834
2024-805-1-1-acrylic-fine-wool-fabric-01_1.jpg,1712,plain solid,890,751.056,0.844
2024-599-1-7-hand-batik-printed-pure-cotton-fabric-07_1.jpg,1719,batik block printing,480,595.835,1.241
2024-490-1-19-godavari-jamdani-pan-zari-buti-handloom-cotton-fabric-19_1.jpg,1720,srikakulam jamdani weaving,1890,2539.099,1.343
2023-1426-1-2-hand-batik-printed-pure-cotton-fabric_1.jpg,1719,batik block printing,480,478.275,0.996
2023-1326-1-142-traditional-maheshwari-silk-handloom-fabric-with-zari-border_1.jpg,1730,maheshwari weaving,750,1871.9,2.496
2023-903-1-8-traditional-chanderi-silk-handloom-tissue-zari-fabric_1.jpg,1737,chanderi weaving,1090,2643.112,2.425
2023-794-1-38-bagh-hand-block-printed-chanderi-silk-handloom-fabric_1.jpg,1711,bagh block printing,1290,2189.963,1.698
2023-794-1-28-bagh-hand-block-printed-chanderi-silk-handloom-fabric_1.jpg,1711,bagh block printing,1290,2189.514,1.697
2023-794-1-27-bagh-hand-block-printed-chanderi-silk-handloom-fabric_1.jpg,1711,bagh block printing,1290,2201.004,1.706
2023-794-1-26-bagh-hand-block-printed-chanderi-silk-handloom-fabric_1.jpg,1711,bagh block printing,1290,2249.151,1.744
2023-794-1-25-bagh-hand-block-printed-chanderi-silk-handloom-fabric_1.jpg,1711,bagh block printing,1290,2246.367,1.741
2023-794-1-23-bagh-hand-block-printed-chanderi-silk-handloom-fabric_1.jpg,1711,bagh block printing,1290,2189.514,1.697
2023-794-1-21-bagh-hand-block-printed-chanderi-silk-handloom-fabric_1.jpg,1711,bagh block printing,1290,2189.514,1.697
2023-794-1-18-bagh-hand-block-printed-chanderi-silk-handloom-fabric_1.jpg,1711,bagh block printing,1290,2189.514,1.697
2023-794-1-17-bagh-hand-block-printed-chanderi-silk-handloom-fabric_1.jpg,1711,bagh block printing,1290,2189.963,1.698
2023-794-1-16-bagh-hand-block-printed-chanderi-silk-handloom-fabric_1.jpg,1711,bagh block printing,1290,2201.004,1.706
2023-794-1-12-bagh-hand-block-printed-chanderi-silk-handloom-fabric_1.jpg,1711,bagh block printing,1290,2249.151,1.744
2023-794-1-11-bagh-hand-block-printed-chanderi-silk-handloom-fabric_1.jpg,1711,bagh block printing,1290,2201.004,1.706
2023-794-1-8-bagh-hand-block-printed-chanderi-silk-handloom-fabric_1.jpg,1711,bagh block printing,1290,2189.963,1.698
2023-794-1-4-bagh-hand-block-printed-chanderi-silk-handloom-fabric_1.jpg,1711,bagh block printing,1290,2189.963,1.698
2023-730-1-1-traditional-chanderi-silk-cotton-handloom-fabric_1.jpg,1737,chanderi weaving,1090,1691.768,1.552
2023-665-1-15-red-blue-chevron-design-jaipur-printed-cotton-fabric_1.jpg,1741,jaipur printing,290,612.119,2.111
2023-637-1-2-bagru-block-printed-cotton-fabric_1.jpg,1678,bagru block printing,420,672.763,1.602
2023-608-1-7-traditional-chanderi-silk-pure-handloom-fabric_1.jpg,1737,chanderi weaving,1090,1954.508,1.793
2023-591-1-48-nui-shibori-tie-dye-cotton-fabric_1.jpg,1744,shibori tie dye,490,486.451,0.993
2023-063-1-7-bindaas-hand-block-printed-cotton-fabric_1.jpg,1451,bindaas block printing,490,530.492,1.083
2023-046-2-15-bagru-block-printed-cotton-fabric_1.jpg,1678,bagru block printing,420,753.952,1.795
2022-1293-1-14-bodoweaves-plain-cotton-handloom-fabric_1.jpg,1751,other,850,1061.718,1.249
2022-1293-1-3-bodoweaves-handloom-cotton-fabric_1.jpg,1751,other,950,1149.336,1.21
2022-1242-1-1-godavari-jamdani-pure-handloom-cotton-fabric_1.jpg,1720,srikakulam jamdani weaving,1100,2041.633,1.856
2022-970-1-34-pre-washed-plain-dyed-cotton-fabric_1.jpg,1752,plain solid,240,299.007,1.246
2022-970-1-18-pre-washed-plain-dyed-cotton-slub-fabric_1.jpg,1753,plain solid,280,266.146,0.951
2022-964-1-23-plain-slub-silk-fabric_1.jpg,1546,plain solid,290,441.129,1.521
2022-964-1-20-plain-slub-silk-fabric_1.jpg,1546,plain solid,290,437.428,1.508
2022-964-1-16-plain-slub-silk-fabric_1.jpg,1546,plain solid,290,430.568,1.485
2022-964-1-6-plain-slub-silk-fabric_1.jpg,1546,plain solid,290,413.193,1.425
2022-964-1-4-plain-slub-silk-fabric_1.jpg,1546,plain solid,290,426.349,1.47
slub-silk-plain-fabric-10-2022-964-1-1_1.jpg,1546,plain solid,290,406.735,1.403
2022-573-1-9-pre-washed-plain-dyed-pure-cotton-fabric_1.jpg,1761,plain solid,240,298.761,1.245
2022-580-1-57-prewashed-cotton-jacquard-fabric_1.jpg,1762,jacquard weaving,350,441.271,1.261
2022-479-1-40-sambalpuri-ikat-weaving-handloom-cotton-fabric_1.jpg,1763,sambalpuri ikat weaving,990,2539.449,2.565
2022-479-1-38-sambalpuri-ikat-weaving-handloom-cotton-fabric_1.jpg,1763,sambalpuri ikat weaving,990,2539.449,2.565
2022-479-1-37-sambalpuri-ikat-weaving-handloom-cotton-fabric_1.jpg,1763,sambalpuri ikat weaving,990,2539.449,2.565
kota-doria-cotton-plain-fabric-16-2025-1760-1-16_1.jpg,1465,kota doria weaving,290,633.873,2.186
natural-dyed-bagru-dabu-print-fabric-22-2025-825-1-22_1.jpg,1635,bagru block printing,420,554.459,1.32
ajrakh-hand-block-print-natural-dyed-cotton-hakoba-fabric-54-2026-462-1-54_1.jpg,1431,ajrakh block printing,790,683.557,0.865
hakoba-hand-block-ajrakh-print-natural-dyed-cotton-fabric-16-2026-318-1-16_1.jpg,1431,ajrakh block printing,790,750.595,0.95
pedana-block-print-merino-wool-kalamkari-saree-03-2024-1514-1-3_1.jpg,1775,kalamkari block printing,16990,7416.749,0.437
hand-block-print-merino-wool-sanganeri-saree-08-2024-1472-1-8_1.jpg,1777,sanganeri block printing,15590,5363.618,0.344
hand-block-print-merino-wool-sanganeri-saree-05-2025-1342-1-5_1.jpg,1777,sanganeri block printing,15590,4385.602,0.281
kumaun-handwoven-merino-wool-bagh-block-print-saree-01-2024-1391-1-1_1.jpg,1780,bagh block printing,16990,22206.677,1.307
kutch-handwoven-merino-wool-shibori-bandhani-stole-46-2025-1078-2-46_1.jpg,1783,shibori tie dye,6290,6806.064,1.082
merino-wool-plain-3pc-unstitched-dress-material-with-block-print-patch-02-2025-1164-3-2_1.jpg,1788,patchwork,5990,7417.085,1.238
2022-722-1-28-kumaun-hand-knitted-woolen-neck-warmer_1.jpg,1792,hand knitted,990,1295.039,1.308
2023-675-1-50-kumaun-hand-knitted-woolen-gloves-kids_1.jpg,1792,hand knitted,550,1152.649,2.096
kutch-handwoven-merino-wool-tie-dye-bandhani-stole-05-2025-1078-2-5_1.jpg,1783,bandhani tie dye,4190,5683.477,1.356
pedana-block-print-merino-wool-kalamkari-saree-01-2024-1514-1-1_1.jpg,1775,kalamkari block printing,16990,7479.893,0.44
kutch-bandhani-handwoven-merino-wool-shawl-with-zari-patta-10-2025-1468-1-10_1.jpg,1783,bandhani tie dye,4990,7832.085,1.57
kutch-handwoven-merino-wool-tie-dye-bandhani-stole-21-2025-1078-2-21_1.jpg,1783,bandhani tie dye,4490,5716.535,1.273
kutch-handwoven-bandhani-tie-dye-merino-wool-shawl-34-2026-329-1-34_1.jpg,1783,bandhani tie dye,3690,10243.077,2.776
handcrafted-patchwork-woollen-stole-09-2024-1429-1-9_1.jpg,1812,patchwork,4490,2464.219,0.549
kutch-handwoven-bandhani-tie-dye-merino-wool-shawl-38-2026-329-1-38_1.jpg,1783,bandhani tie dye,3690,9990.271,2.707
kutch-handwoven-merino-wool-shibori-bandhani-stole-48-2025-1078-2-48_1.jpg,1783,shibori tie dye,6290,6871.747,1.092
kutch-handwoven-merino-wool-tie-dye-bandhani-stole-36-2025-1078-2-36_1.jpg,1783,bandhani tie dye,4490,5782.892,1.288
himalayan-handspun-handwoven-pure-pashmina-wool-stole-07-2025-1086-1-7_1.jpg,1820,plain solid,6850,3990.045,0.582
hand-block-print-merino-wool-sanganeri-saree-05-2024-1472-1-5_1.jpg,1777,sanganeri block printing,15590,5010.635,0.321
kutch-handwoven-bandhani-tie-dye-merino-wool-shawl-31-2026-329-1-31_1.jpg,1783,bandhani tie dye,3690,10042.792,2.722
kutch-mirror-work-handwoven-bandhani-merino-wool-shawl-46-2025-1468-1-46_1.jpg,1783,bandhani tie dye,5690,5573.07,0.979
hand-block-print-merino-wool-sanganeri-saree-02-2025-1342-1-2_1.jpg,1777,sanganeri block printing,15590,4480.132,0.287
kutch-handwoven-merino-wool-tie-dye-bandhani-stole-41-2025-1078-2-41_1.jpg,1783,bandhani tie dye,4890,5726.463,1.171
kutch-handwoven-bandhani-tie-dye-merino-wool-shawl-33-2026-329-1-33_1.jpg,1783,bandhani tie dye,3690,10223.769,2.771
kutch-handwoven-merino-wool-tie-dye-bandhani-stole-06-2025-1078-2-6_1.jpg,1783,bandhani tie dye,4190,5711.582,1.363
hand-block-print-merino-wool-sanganeri-saree-02-2024-1472-1-2_1.jpg,1777,sanganeri block printing,15590,5126.196,0.329
kutch-handwoven-bandhani-merino-wool-shawl-20-2025-1468-1-20_1.jpg,1783,bandhani tie dye,2890,5831.518,2.018
handwoven-sozni-hand-embroidered-merino-wool-kashmiri-stole-26-2025-1387-2-26_1.jpg,1823,kashida embroidery,8590,11021.045,1.283
kutch-handwoven-bandhani-tie-dye-merino-wool-shawl-32-2026-329-1-32_1.jpg,1783,bandhani tie dye,3690,10134.582,2.746
handwoven-merino-wool-bagh-block-print-saree-05-2024-1391-1-5_1.jpg,1780,bagh block printing,16990,22347.239,1.315
hand-block-print-merino-wool-sanganeri-saree-01-2025-1342-1-1_1.jpg,1777,sanganeri block printing,15590,4435.58,0.285
kutch-handwoven-merino-wool-tie-dye-bandhani-stole-35-2025-1078-2-35_1.jpg,1783,bandhani tie dye,4490,5773.229,1.286
kutch-mirror-work-handwoven-bandhani-bagida-woolen-shawl-11-2025-1078-1-11_1.jpg,1783,bandhani tie dye,4290,3678.67,0.857
kutch-handwoven-bandhani-tie-dye-merino-wool-shawl-29-2026-329-1-29_1.jpg,1783,bandhani tie dye,3690,10140.437,2.748
kutch-bandhani-handwoven-merino-wool-shawl-with-zari-patta-16-2025-1468-1-16_1.jpg,1783,bandhani tie dye,4990,7838.165,1.571
kutch-handwoven-mirror-work-bandhani-tie-dye-bagida-merino-wool-shawl-20-2026-329-1-20_1.jpg,1783,bandhani tie dye,4290,10678.765,2.489
kashmiri-pashmina-handspun-handwoven-pure-woolen-shawl-04-2025-1038-1-4_1.jpg,1820,other,24500,3267.353,0.133
kutch-mirror-work-handwoven-bandhani-merino-wool-shawl-45-2025-1468-1-45_1.jpg,1783,bandhani tie dye,5690,5641.994,0.992
kutch-bandhani-handwoven-merino-wool-shawl-with-zari-patta-11-2025-1468-1-11_1.jpg,1783,bandhani tie dye,4990,7815.351,1.566
himalayan-handspun-handwoven-pure-pashmina-wool-stole-02-2025-1086-1-2_1.jpg,1820,plain solid,6850,3960.402,0.578
2024-946-1-36-kutch-handwoven-bandhani-shibori-woolen-stole-36_1.jpg,1827,bandhani tie dye,6290,5512.455,0.876
kutch-handwoven-mirror-work-bandhani-tie-dye-bagida-merino-wool-shawl-22-2026-329-1-22_1.jpg,1783,bandhani tie dye,4290,11015.688,2.568
kutch-handwoven-mirror-work-bandhani-tie-dye-bagida-merino-wool-shawl-19-2026-329-1-19_1.jpg,1783,bandhani tie dye,4290,10691.072,2.492
kutch-mirror-work-handwoven-bandhani-bagida-merino-wool-shawl-02-2025-1468-1-2_1.jpg,1783,bandhani tie dye,4290,5982.007,1.394
kutch-handwoven-merino-wool-shibori-bandhani-stole-51-2025-1078-2-51_1.jpg,1783,shibori tie dye,6290,6725.398,1.069
kutch-handwoven-bandhani-tie-dye-merino-wool-shawl-26-2026-329-1-26_1.jpg,1783,bandhani tie dye,3190,10240.63,3.21
kutch-handwoven-bagida-merino-wool-tie-dye-bandhani-stole-32-2025-1078-2-32_1.jpg,1783,bandhani tie dye,4490,6014.441,1.34
kutch-handwoven-bandhani-tie-dye-merino-wool-shawl-35-2026-329-1-35_1.jpg,1783,bandhani tie dye,3690,10210.769,2.767
kutch-handwoven-merino-wool-shibori-bandhani-stole-50-2025-1078-2-50_1.jpg,1783,shibori tie dye,6290,6688.806,1.063
kutch-handwoven-bagida-merino-wool-tie-dye-bandhani-stole-27-2025-1078-2-27_1.jpg,1783,bandhani tie dye,4490,5863.87,1.306
kutch-handwoven-merino-wool-tie-dye-bandhani-stole-22-2025-1078-2-22_1.jpg,1783,bandhani tie dye,4490,5943.65,1.324
kutch-handwoven-merino-wool-shawl-64-2025-1468-1-64_1.jpg,1783,kutch weaving,6890,5317.598,0.772
2023-1316-1-122-jaipur-printed-wool-blouse-piece_1.jpg,1830,jaipur printing,450,3266.165,7.258
2024-946-1-28-kutch-handwoven-bandhani-shibori-woolen-stole-28_1.jpg,1827,bandhani tie dye,6290,5657.552,0.899
handwoven-sozni-hand-embroidered-merino-wool-kashmiri-stole-20-2025-1387-2-20_1.jpg,1823,kashida embroidery,8590,10984.254,1.279
2024-946-1-31-kutch-handwoven-bandhani-shibori-woolen-stole-31_1.jpg,1827,bandhani tie dye,6290,5466.974,0.869
kumaun-handwoven-merino-wool-stole-82-2025-701-1-82_1.jpg,1832,uttarakhand weaving,4190,4370.241,1.043
kutch-handwoven-merino-wool-shibori-bandhani-stole-47-2025-1078-2-47_1.jpg,1783,shibori tie dye,6290,6820.783,1.084
handwoven-sozni-hand-embroidered-merino-wool-kashmiri-stole-21-2025-1387-2-21_1.jpg,1823,kashida embroidery,8590,10865.534,1.265
kutch-handwoven-bagida-merino-wool-tie-dye-bandhani-stole-33-2025-1078-2-33_1.jpg,1783,bandhani tie dye,4490,5984.351,1.333
2024-946-1-32-kutch-handwoven-bandhani-shibori-woolen-stole-32_1.jpg,1827,bandhani tie dye,6290,5544.661,0.882
kutch-bandhani-handwoven-merino-wool-shawl-with-zari-patta-13-2025-1468-1-13_1.jpg,1783,bandhani tie dye,4990,7652.421,1.534
kutch-handwoven-bandhani-tie-dye-merino-wool-shawl-36-2026-329-1-36_1.jpg,1783,bandhani tie dye,3690,10255.201,2.779
kutch-mirror-work-handwoven-bandhani-bagida-merino-wool-shawl-06-2025-1468-1-6_1.jpg,1783,bandhani tie dye,4290,5918.824,1.38
kutch-handwoven-merino-wool-shibori-bandhani-stole-49-2025-1078-2-49_1.jpg,1783,shibori tie dye,6290,6833.733,1.086
kutch-mirror-work-handwoven-bandhani-bagida-merino-wool-shawl-07-2025-1468-1-7_1.jpg,1783,bandhani tie dye,4290,5957.893,1.389
kutch-handwoven-bandhani-merino-wool-shawl-22-2025-1468-1-22_1.jpg,1783,bandhani tie dye,2890,6022.888,2.084
kutch-handwoven-bandhani-tie-dye-merino-wool-shawl-27-2026-329-1-27_1.jpg,1783,bandhani tie dye,3690,10165.776,2.755
kumaun-handwoven-merino-wool-stole-93-2025-701-1-93_1.jpg,1832,uttarakhand weaving,4190,4355.59,1.04
2024-946-1-34-kutch-handwoven-bandhani-shibori-woolen-stole-34_1.jpg,1827,bandhani tie dye,6290,5690.313,0.905
2023-860-1-7-pure-wool-sanganeri-hand-block-printed-stole_1.jpg,1836,sanganeri block printing,1890,2584.473,1.367
kutch-handwoven-bandhani-tie-dye-merino-wool-shawl-30-2026-329-1-30_1.jpg,1783,bandhani tie dye,3690,10648.553,2.886
kutch-bhujodi-handwoven-merino-wool-shawl-26-2026-591-1-26_1.jpg,1837,bhujodi weaving,7990,7461.677,0.934
kutch-handwoven-merino-wool-tie-dye-bandhani-shawl-17-2025-1249-1-17_1.jpg,1783,bandhani tie dye,3190,5518.165,1.73
kutch-mirror-work-handwoven-bandhani-bagida-merino-wool-shawl-25-2025-1249-1-25_1.jpg,1783,bandhani tie dye,2990,5084.007,1.7
kutch-handwoven-merino-wool-tie-dye-bandhani-stole-24-2025-1078-2-24_1.jpg,1783,bandhani tie dye,4490,5765.3,1.284
handwoven-merino-wool-kutch-bhujodi-stole-28-2025-550-2-28_1.jpg,1841,bhujodi weaving,4690,7168.128,1.528
kutch-handwoven-bandhani-tie-dye-merino-wool-shawl-40-2026-329-1-40_1.jpg,1783,bandhani tie dye,3690,10258.269,2.78
himalayan-handspun-handwoven-pure-pashmina-wool-stole-10-2025-1086-1-10_1.jpg,1820,plain solid,6850,3864.82,0.564
kashmiri-pashmina-handspun-handwoven-pure-woolen-shawl-03-2025-1038-1-3_1.jpg,1820,other,24500,3377.721,0.138
kutch-handwoven-merino-wool-tie-dye-bandhani-stole-26-2025-1078-2-26_1.jpg,1783,bandhani tie dye,4490,5770.001,1.285
kutch-bandhani-handwoven-merino-wool-shawl-with-zari-patta-08-2025-1468-1-8_1.jpg,1783,bandhani tie dye,4990,7714.541,1.546
2022-884-1-8-kutch-handwoven-clamp-dyed-shibori-silk-x-merino-wool-shawl_1.jpg,1842,shibori tie dye,6990,5076.974,0.726
kumaun-handwoven-merino-wool-stole-77-2025-701-1-77_1.jpg,1832,uttarakhand weaving,4190,4316.538,1.03
kashmiri-pashmina-handspun-handwoven-pure-woollen-shawl-01-2025-1038-1-1_1.jpg,1820,other,24500,3298.672,0.135
kutch-handwoven-mirror-work-bandhani-tie-dye-bagida-merino-wool-shawl-24-2026-329-1-24_1.jpg,1783,bandhani tie dye,4290,10694.442,2.493
kutch-handwoven-merino-wool-tie-dye-bandhani-stole-09-2025-1078-2-9_1.jpg,1783,bandhani tie dye,4190,5817.639,1.388
kutch-handwoven-merino-wool-tie-dye-bandhani-stole-38-2025-1078-2-38_1.jpg,1783,bandhani tie dye,4490,5777.3,1.287
kutch-handwoven-mirror-work-bandhani-tie-dye-bagida-merino-wool-shawl-18-2026-329-1-18_1.jpg,1783,bandhani tie dye,4290,10672.696,2.488
kutch-handwoven-bandhani-tie-dye-merino-wool-shawl-28-2026-329-1-28_1.jpg,1783,bandhani tie dye,3690,10214.725,2.768
handwoven-sozni-hand-embroidered-merino-wool-kashmiri-stole-25-2025-1387-2-25_1.jpg,1823,kashida embroidery,8590,11385.671,1.325
handwoven-sozni-hand-embroidered-merino-wool-kashmiri-stole-03-2025-1387-2-3_1.jpg,1823,kashida embroidery,5850,11088.267,1.895
kutch-mirror-work-handwoven-bandhani-bagida-merino-wool-shawl-01-2025-1468-1-1_1.jpg,1783,bandhani tie dye,4290,5930.304,1.382
original-kashmiri-chain-stitch-crewel-hand-embroidery-rug-carpet-3-x-2-feet-27-2026-646-1-27_1.jpg,1845,crewel embroidery,7690,6479.153,0.843
original-kashmiri-chain-stitch-crewel-hand-embroidery-rug-carpet-3-x-2-feet-26-2026-646-1-26_1.jpg,1845,crewel embroidery,7690,6483.833,0.843
original-kashmiri-chain-stitch-crewel-hand-embroidery-rug-carpet-3-x-2-feet-25-2026-646-1-25_1.jpg,1845,crewel embroidery,7690,6634.265,0.863
original-kashmiri-chain-stitch-crewel-hand-embroidery-rug-carpet-4-x-2-5-feet-20-2026-646-1-20_1.jpg,1845,crewel embroidery,9990,6584.715,0.659
original-kashmiri-chain-stitch-crewel-hand-embroidery-rug-carpet-4-x-2-5-feet-19-2026-646-1-19_1.jpg,1845,crewel embroidery,9990,6591.826,0.66
original-kashmiri-chain-stitch-crewel-hand-embroidery-rug-carpet-4-x-2-5-feet-17-2026-646-1-17_1.jpg,1845,crewel embroidery,9990,6617.877,0.662
original-kashmiri-chain-stitch-crewel-hand-embroidery-rug-carpet-5-x-3-feet-13-2026-646-1-13_1.jpg,1845,crewel embroidery,14490,6418.017,0.443
original-kashmiri-chain-stitch-crewel-hand-embroidery-rug-carpet-5-x-3-feet-12-2026-646-1-12_1.jpg,1845,crewel embroidery,14490,6577.799,0.454
original-kashmiri-chain-stitch-crewel-hand-embroidery-rug-carpet-5-x-3-feet-11-2026-646-1-11_1.jpg,1845,crewel embroidery,14490,6511.027,0.449
original-kashmiri-chain-stitch-crewel-hand-embroidery-rug-carpet-5-x-3-feet-10-2026-646-1-10_1.jpg,1845,crewel embroidery,14490,6498.88,0.449
original-kashmiri-chain-stitch-crewel-hand-embroidery-rug-carpet-5-x-3-feet-09-2026-646-1-9_1.jpg,1845,crewel embroidery,14490,6506.759,0.449
original-kashmiri-chain-stitch-crewel-hand-embroidery-rug-carpet-6-x-4-feet-06-2026-646-1-6_1.jpg,1845,crewel embroidery,19990,6450.532,0.323
original-kashmiri-chain-stitch-crewel-hand-embroidery-rug-carpet-6-x-4-feet-05-2026-646-1-5_1.jpg,1845,crewel embroidery,19990,6406.436,0.32
original-kashmiri-chain-stitch-crewel-hand-embroidery-rug-carpet-6-x-4-feet-04-2026-646-1-4_1.jpg,1845,crewel embroidery,19990,6462.668,0.323
original-kashmiri-chain-stitch-crewel-hand-embroidery-rug-carpet-6-x-4-feet-03-2026-646-1-3_1.jpg,1845,crewel embroidery,19990,6431.252,0.322
original-kashmiri-chain-stitch-crewel-hand-embroidery-rug-carpet-6-x-4-feet-02-2026-646-1-2_1.jpg,1845,crewel embroidery,19990,6510.134,0.326
original-kashmiri-chain-stitch-crewel-hand-embroidery-rug-carpet-3-x-2-feet-24-2026-646-1-24_1.jpg,1845,crewel embroidery,7690,6479.308,0.843
original-kashmiri-chain-stitch-crewel-hand-embroidery-rug-carpet-4-x-2-5-feet-16-2026-646-1-16_1.jpg,1845,crewel embroidery,9990,6625.793,0.663
original-kashmiri-chain-stitch-crewel-hand-embroidery-rug-carpet-5-x-3-feet-08-2026-646-1-8_1.jpg,1845,crewel embroidery,14490,6461.195,0.446
original-kashmiri-chain-stitch-crewel-hand-embroidery-rug-carpet-6-x-4-feet-01-2026-646-1-1_1.jpg,1845,crewel embroidery,19990,6464.244,0.323
merino-wool-plain-3pc-unstitched-dress-material-with-block-print-patch-08-2025-1164-3-8_1.jpg,1788,patchwork,5990,7265.207,1.213
merino-wool-plain-3pc-unstitched-dress-material-with-block-print-patch-07-2025-1164-3-7_1.jpg,1788,patchwork,5990,7482.553,1.249
merino-wool-plain-3pc-unstitched-dress-material-with-block-print-patch-06-2025-1164-3-6_1.jpg,1788,patchwork,5990,7476.705,1.248
merino-wool-plain-3pc-unstitched-dress-material-with-block-print-patch-05-2025-1164-3-5_1.jpg,1788,patchwork,5990,7411.147,1.237
merino-wool-plain-3pc-unstitched-dress-material-with-block-print-patch-04-2025-1164-3-4_1.jpg,1788,patchwork,5990,7514.133,1.254
merino-wool-plain-3pc-unstitched-dress-material-with-block-print-patch-03-2025-1164-3-3_1.jpg,1788,patchwork,5990,7466.76,1.247
merino-wool-plain-3pc-unstitched-dress-material-with-block-print-patch-01-2025-1164-3-1_1.jpg,1788,patchwork,5990,7497.879,1.252
handwoven-sozni-hand-embroidered-kashmiri-pure-wool-pheran-20-2025-1323-1-20_1.jpg,1849,kashida embroidery,7490,7969.163,1.064
handwoven-aari-hand-embroidered-kashmiri-pure-wool-pheran-18-2025-1323-1-18_1.jpg,1849,kashida embroidery,7190,6407.897,0.891
handwoven-aari-hand-embroidered-kashmiri-pure-wool-pheran-17-2025-1323-1-17_1.jpg,1849,kashida embroidery,7190,6451.022,0.897
handwoven-aari-hand-embroidered-kashmiri-pure-wool-pheran-16-2025-1323-1-16_1.jpg,1849,kashida embroidery,7190,6430.395,0.894
handwoven-aari-hand-embroidered-kashmiri-pure-wool-pheran-13-2025-1323-1-13_1.jpg,1849,kashida embroidery,7890,6351.825,0.805
handwoven-aari-hand-embroidered-kashmiri-pure-wool-pheran-11-2025-1323-1-11_1.jpg,1849,kashida embroidery,7890,6394.79,0.81
handwoven-aari-hand-embroidered-kashmiri-pure-wool-pheran-10-2025-1323-1-10_1.jpg,1849,kashida embroidery,7890,6374.055,0.808
handwoven-aari-hand-embroidered-kashmiri-pure-wool-pheran-09-2025-1323-1-9_1.jpg,1849,kashida embroidery,7890,6387.855,0.81
handwoven-aari-hand-embroidered-kashmiri-pure-wool-pheran-08-2025-1323-1-8_1.jpg,1849,kashida embroidery,7890,6335.007,0.803
handwoven-aari-hand-embroidered-kashmiri-pure-wool-pheran-07-2025-1323-1-7_1.jpg,1849,kashida embroidery,7890,6313.735,0.8
handwoven-aari-hand-embroidered-kashmiri-pure-wool-pheran-05-2025-1323-1-5_1.jpg,1849,kashida embroidery,7890,6338.337,0.803
handwoven-aari-hand-embroidered-kashmiri-pure-wool-pheran-04-2025-1323-1-4_1.jpg,1849,kashida embroidery,7890,6336.858,0.803
handwoven-aari-hand-embroidered-kashmiri-pure-wool-pheran-03-2025-1323-1-3_1.jpg,1849,kashida embroidery,7890,6344.885,0.804
handwoven-aari-hand-embroidered-kashmiri-pure-wool-pheran-02-2025-1323-1-2_1.jpg,1849,kashida embroidery,7890,6391.087,0.81
handwoven-sozni-hand-embroidered-kashmiri-pure-wool-pheran-19-2025-1323-1-19_1.jpg,1849,kashida embroidery,7490,8068.044,1.077
handmade-crochet-flower-pots-set-of-3-30-2025-1044-1-30_1.jpg,1853,crochet work,1190,1120.493,0.942
handmade-crochet-flower-pots-set-of-2-28-2025-1044-1-28_1.jpg,1853,crochet work,850,1033.231,1.216
handmade-crochet-flower-pots-set-of-2-27-2025-1044-1-27_1.jpg,1853,crochet work,850,1017.889,1.198
handmade-crochet-flower-pots-set-of-2-26-2025-1044-1-26_1.jpg,1853,crochet work,850,1019.499,1.199
handmade-crochet-flower-pots-set-of-2-25-2025-1044-1-25_1.jpg,1853,crochet work,850,1073.237,1.263
handmade-crochet-flower-pots-set-of-2-24-2025-1044-1-24_1.jpg,1853,crochet work,850,1017.798,1.197
handmade-crochet-flower-pots-set-of-2-23-2025-1044-1-23_1.jpg,1853,crochet work,850,1011.21,1.19
handmade-crochet-flower-pots-set-of-2-22-2025-1044-1-22_1.jpg,1853,crochet work,850,1002.216,1.179
handmade-crochet-flower-pots-set-of-2-21-2025-1044-1-21_1.jpg,1853,crochet work,850,1009.593,1.188
handmade-crochet-flower-pots-set-of-2-20-2025-1044-1-20_1.jpg,1853,crochet work,850,942.041,1.108
handmade-crochet-flower-pots-set-of-2-19-2025-1044-1-19_1.jpg,1853,crochet work,850,1014.707,1.194
handmade-crochet-flower-pots-set-of-2-18-2025-1044-1-18_1.jpg,1853,crochet work,850,1012.312,1.191
handmade-crochet-flower-pots-set-of-3-16-2025-1044-1-29_1.jpg,1853,crochet work,1190,1013.744,0.852
handmade-crochet-flower-pots-set-of-2-17-2025-1044-1-17_1.jpg,1853,crochet work,850,1023.603,1.204
3pc-kashmiri-merino-wool-unstitched-heavy-sozni-hand-embroidery-dress-material-11-2025-669-2-11_1.jpg,1857,kashida embroidery,19590,26422.395,1.349
3pc-kashmiri-merino-wool-unstitched-heavy-sozni-hand-embroidery-dress-material-09-2025-669-2-9_1.jpg,1857,kashida embroidery,18250,26681.197,1.462
anam-peach-merino-woolen-kurta-2024-1127-1-141_1.jpg,1862,plain solid,2990,3338.53,1.117
plain-button-down-woollen-dress-06-2024-1181-1-51_1.jpg,1863,plain solid,3950,1693.983,0.429
zeenat-brown-merino-woolen-kurta-2024-1127-1-52_1.jpg,1862,plain solid,2990,3453.234,1.155
inaya-black-merino-woolen-kurta-2024-1127-1-131_1.jpg,1862,plain solid,2990,3455.003,1.156
nithya-light-blue-merino-woolen-kurta-2024-1127-1-111_1.jpg,1862,plain solid,2990,3584.276,1.199
gulnaaz-pink-merino-woolen-kurta-2024-1127-1-101_1.jpg,1862,plain solid,2990,3563.78,1.192
jasleen-maroon-merino-woolen-kurta-2024-1127-1-91_1.jpg,1862,plain solid,2990,3501.772,1.171
apeksha-red-merino-woolen-kurta-2024-1127-1-81_1.jpg,1862,plain solid,2990,3550.156,1.187
rasika-brown-merino-woolen-kurta-2024-1127-1-21_1.jpg,1862,plain solid,2990,3453.234,1.155
amaira-dark-pink-merino-woolen-kurta-2024-1127-1-11_1.jpg,1862,plain solid,2990,3692.755,1.235
zahira-light-blue-merino-woolen-kurta-2024-1127-1-1_1.jpg,1862,plain solid,2990,3504.018,1.172
2024-763-4-40-kumaun-hand-knitted-woolen-neck-warmer-40_1.jpg,1792,hand knitted,990,1393.1,1.407
2024-763-4-39-kumaun-hand-knitted-woolen-neck-warmer-39_1.jpg,1792,hand knitted,990,1292.99,1.306
2024-763-4-36-kumaun-hand-knitted-woolen-neck-warmer-36_1.jpg,1792,hand knitted,990,1381.4,1.395
2024-763-4-35-kumaun-hand-knitted-woolen-neck-warmer-35_1.jpg,1792,hand knitted,990,1382.788,1.397
2024-763-4-33-kumaun-hand-knitted-woolen-neck-warmer-33_1.jpg,1792,hand knitted,990,1287.132,1.3
2024-763-4-32-kumaun-hand-knitted-woolen-neck-warmer-32_1.jpg,1792,hand knitted,990,1320.573,1.334
2024-763-4-28-kumaun-hand-knitted-woolen-neck-warmer-28_1.jpg,1792,hand knitted,990,1387.967,1.402
2024-763-4-23-kumaun-hand-knitted-woolen-neck-warmer-23_1.jpg,1792,hand knitted,990,1369.463,1.383
2024-763-4-22-kumaun-hand-knitted-woolen-neck-warmer-22_1.jpg,1792,hand knitted,990,1317.7,1.331
2024-763-4-21-kumaun-hand-knitted-woolen-neck-warmer-21_1.jpg,1792,hand knitted,990,1350.591,1.364
2024-763-4-9-kumaun-hand-knitted-woolen-neck-warmer-09_1.jpg,1792,hand knitted,990,1381.345,1.395
2024-763-4-5-kumaun-hand-knitted-woolen-neck-warmer-05_1.jpg,1792,hand knitted,990,1352.076,1.366
2024-763-4-18-kumaun-hand-knitted-woolen-neck-warmer-18_1.jpg,1792,hand knitted,990,1316.134,1.329
2024-763-4-14-kumaun-hand-knitted-woolen-neck-warmer-14_1.jpg,1792,hand knitted,990,1329.238,1.343
2024-763-4-12-kumaun-hand-knitted-woolen-neck-warmer-12_1.jpg,1792,hand knitted,990,1334.273,1.348
2024-763-4-10-kumaun-hand-knitted-woolen-neck-warmer-10_1.jpg,1792,hand knitted,990,1323.222,1.337
2024-763-4-8-kumaun-hand-knitted-woolen-neck-warmer-08_1.jpg,1792,hand knitted,990,1316.729,1.33
2024-763-4-4-kumaun-hand-knitted-woolen-neck-warmer-04_1.jpg,1792,hand knitted,990,1269.351,1.282
2024-763-1-118-kumaun-hand-knitted-woolen-hand-warmer-118_1.jpg,1792,hand knitted,1450,1252.161,0.864
2024-763-1-116-kumaun-hand-knitted-woolen-hand-warmer-116_1.jpg,1792,hand knitted,1450,1302.998,0.899
2024-763-1-106-kumaun-hand-knitted-woolen-hand-warmer-106_1.jpg,1792,hand knitted,1450,1297.41,0.895
2022-722-2-60-kumaun-hand-knitted-woolen-socks-kids_1.jpg,1792,hand knitted,890,1302.436,1.463
2023-1035-1-134-kumaun-hand-knitted-woolen-cowl_1.jpg,1792,hand knitted,2450,1230.77,0.502
2023-1035-1-126-kumaun-hand-knitted-woolen-cowl_1.jpg,1792,hand knitted,2450,1229.327,0.502
2023-1035-1-121-kumaun-hand-knitted-woolen-cowl_1.jpg,1792,hand knitted,2450,1209.809,0.494
2023-1035-1-87-kumaun-hand-knitted-woollen-muffler-with-pockets_1.jpg,1792,hand knitted,1390,1635.785,1.177
2023-1035-1-86-kumaun-hand-knitted-woolen-muffler-with-pockets_1.jpg,1792,hand knitted,1390,1556.818,1.12
2023-1035-1-85-kumaun-hand-knitted-woollen-muffler-with-pockets_1.jpg,1792,hand knitted,1390,1607.064,1.156
2023-1035-1-83-kumaun-hand-knitted-woollen-muffler-with-pockets_1.jpg,1792,hand knitted,1390,1581.268,1.138
2023-1035-1-82-kumaun-hand-knitted-woolen-muffler-with-pockets_1.jpg,1792,hand knitted,1390,1528.575,1.1
2023-1035-1-78-kumaun-hand-knitted-woollen-muffler-with-pockets_1.jpg,1792,hand knitted,1390,1579.341,1.136
2023-1035-1-74-kumaun-hand-knitted-woolen-muffler-with-pockets_1.jpg,1792,hand knitted,1390,1610.263,1.158
2023-1035-1-70-kumaun-hand-knitted-woolen-muffler-with-pockets_1.jpg,1792,hand knitted,1390,1560.93,1.123
2023-1035-1-17-kumaun-hand-knitted-woolen-cowl_1.jpg,1792,hand knitted,1390,1270.365,0.914
2023-1035-1-118-kumaun-hand-knitted-woolen-cowl_1.jpg,1792,hand knitted,2450,1222.932,0.499
2023-675-1-333-kumaun-hand-knitted-woolen-hand-warmer_1.jpg,1792,hand knitted,1150,1254.387,1.091
2023-675-1-248-kumaun-hand-knitted-woolen-socks-kids_1.jpg,1792,hand knitted,890,1154.988,1.298
2023-675-1-247-kumaun-hand-knitted-woolen-socks-kids_1.jpg,1792,hand knitted,890,1149.629,1.292
2023-675-1-245-kumaun-hand-knitted-woolen-socks-kids_1.jpg,1792,hand knitted,890,1167.392,1.312
2023-675-1-244-kumaun-hand-knitted-woolen-socks-kids_1.jpg,1792,hand knitted,890,1170.884,1.316
2023-675-1-243-kumaun-hand-knitted-woolen-socks-kids_1.jpg,1792,hand knitted,890,1167.728,1.312
2023-675-1-240-kumaun-hand-knitted-woolen-socks-kids_1.jpg,1792,hand knitted,890,1149.629,1.292
2023-675-1-239-kumaun-hand-knitted-woolen-socks-kids_1.jpg,1792,hand knitted,890,1211.99,1.362
2023-675-1-237-kumaun-hand-knitted-woolen-socks-kids_1.jpg,1792,hand knitted,890,1167.728,1.312
2023-675-1-236-kumaun-hand-knitted-woolen-socks-kids_1.jpg,1792,hand knitted,890,1213.153,1.363
2023-675-1-234-kumaun-hand-knitted-woolen-socks-kids_1.jpg,1792,hand knitted,890,1167.728,1.312
2023-675-1-220-kumaun-hand-knitted-woolen-socks-kids_1.jpg,1792,hand knitted,890,1158.367,1.302
2023-675-1-172-kumaun-hand-knitted-woolen-muffler-90-in_1.jpg,1792,hand knitted,1450,1282.743,0.885
2023-675-1-156-kumaun-hand-knitted-woolen-muffler-90-in_1.jpg,1792,hand knitted,1450,1300.291,0.897
2023-675-1-153-kumaun-hand-knitted-woollen-muffler-90-in_1.jpg,1792,hand knitted,1450,1282.743,0.885
2023-675-1-150-kumaun-hand-knitted-woollen-muffler-90-in_1.jpg,1792,hand knitted,1450,1279.732,0.883
2023-675-1-147-kumaun-hand-knitted-woolen-muffler-90-in_1.jpg,1792,hand knitted,1450,1282.743,0.885
2023-675-1-146-kumaun-hand-knitted-woolen-muffler-90-in_1.jpg,1792,hand knitted,1450,1300.291,0.897
2023-675-1-139-kumaun-hand-knitted-woollen-muffler-90-in_1.jpg,1792,hand knitted,1450,1282.743,0.885
2023-675-1-132-kumaun-hand-knitted-woolen-muffler-66-in_1.jpg,1792,hand knitted,1050,1287.507,1.226
2023-675-1-128-kumaun-hand-knitted-woolen-muffler-66-in_1.jpg,1792,hand knitted,1050,1296.406,1.235
2023-675-1-126-kumaun-hand-knitted-woolen-muffler-66-in_1.jpg,1792,hand knitted,850,1282.743,1.509
2023-675-1-125-kumaun-hand-knitted-woolen-muffler-66-in_1.jpg,1792,hand knitted,1050,1252.839,1.193
2023-675-1-124-kumaun-hand-knitted-woolen-muffler-66-in_1.jpg,1792,hand knitted,1050,1298.817,1.237
2023-675-1-123-kumaun-hand-knitted-woolen-muffler-66-in_1.jpg,1792,hand knitted,1050,1296.406,1.235
2023-675-1-121-kumaun-hand-knitted-woolen-muffler-66-in_1.jpg,1792,hand knitted,1050,1300.291,1.238
2023-675-1-120-kumaun-hand-knitted-woolen-muffler-66-in_1.jpg,1792,hand knitted,1050,1252.839,1.193
2023-675-1-119-kumaun-hand-knitted-woolen-muffler-66-in_1.jpg,1792,hand knitted,1050,1300.72,1.239
2023-675-1-118-kumaun-hand-knitted-woollen-muffler-66-in_1.jpg,1792,hand knitted,1050,1379.978,1.314
2023-675-1-117-kumaun-hand-knitted-woollen-muffler-66-in_1.jpg,1792,hand knitted,1050,1282.743,1.222
2023-675-1-115-kumaun-hand-knitted-woollen-muffler-66-in_1.jpg,1792,hand knitted,1050,1282.743,1.222
2023-675-1-114-kumaun-hand-knitted-woollen-muffler-66-in_1.jpg,1792,hand knitted,1050,1282.743,1.222
2023-675-1-113-kumaun-hand-knitted-woolen-muffler-66-in_1.jpg,1792,hand knitted,1050,1340.633,1.277
2023-675-1-111-kumaun-hand-knitted-woolen-muffler-66-in_1.jpg,1792,hand knitted,1050,1296.406,1.235
2023-675-1-98-kumaun-hand-knitted-woolen-neck-warmer_1.jpg,1792,hand knitted,990,1241.872,1.254
2023-675-1-94-kumaun-hand-knitted-woolen-neck-warmer_1.jpg,1792,hand knitted,990,1260.282,1.273
2023-675-1-92-kumaun-hand-knitted-woolen-neck-warmer_1.jpg,1792,hand knitted,990,1258.299,1.271
2023-675-1-87-kumaun-hand-knitted-woolen-neck-warmer_1.jpg,1792,hand knitted,990,1244.531,1.257
2023-675-1-86-kumaun-hand-knitted-woolen-neck-warmer_1.jpg,1792,hand knitted,990,1258.299,1.271
2023-675-1-83-kumaun-hand-knitted-woolen-neck-warmer_1.jpg,1792,hand knitted,990,1256.034,1.269
2023-675-1-81-kumaun-hand-knitted-woolen-neck-warmer_1.jpg,1792,hand knitted,990,1226.145,1.239
2023-675-1-80-kumaun-hand-knitted-woolen-neck-warmer_1.jpg,1792,hand knitted,990,1256.034,1.269
2023-675-1-78-kumaun-hand-knitted-woolen-neck-warmer_1.jpg,1792,hand knitted,990,1212.983,1.225
2023-675-1-68-kumaun-hand-knitted-woolen-neck-warmer_1.jpg,1792,hand knitted,990,1212.983,1.225
2023-675-1-63-kumaun-hand-knitted-woolen-neck-warmer_1.jpg,1792,hand knitted,990,1241.872,1.254
2023-675-1-58-kumaun-hand-knitted-woolen-neck-warmer_1.jpg,1792,hand knitted,990,1257.497,1.27
2023-675-1-57-kumaun-hand-knitted-woolen-neck-warmer_1.jpg,1792,hand knitted,990,1307.209,1.32
2023-675-1-39-kumaun-hand-knitted-woolen-gloves-adult_1.jpg,1792,hand knitted,1290,1161.885,0.901
2023-675-1-11-kumaun-hand-knitted-woolen-cowl_1.jpg,1792,hand knitted,1390,1170.51,0.842
2023-675-1-8-kumaun-hand-knitted-woolen-cowl_1.jpg,1792,hand knitted,1390,1215.87,0.875
2023-675-1-7-kumaun-hand-knitted-woolen-cowl_1.jpg,1792,hand knitted,1390,1162.803,0.837
2023-675-1-5-kumaun-hand-knitted-woolen-cowl_1.jpg,1792,hand knitted,1390,1178.184,0.848
2023-675-1-4-kumaun-hand-knitted-woolen-cowl_1.jpg,1792,hand knitted,1390,1134.528,0.816
2023-675-1-315-kumaun-hand-knitted-woolen-hand-warmer_1.jpg,1792,hand knitted,1150,1241.852,1.08
2023-675-1-217-kumaun-hand-knitted-woolen-socks-kids_1.jpg,1792,hand knitted,890,1150.803,1.293
2023-675-1-105-kumaun-hand-knitted-woolen-muffler-66-in_1.jpg,1792,hand knitted,1050,1300.291,1.238
2022-722-2-65-kumaun-hand-knitted-woolen-socks-kids_1.jpg,1792,hand knitted,890,1292.427,1.452
2022-722-2-63-kumaun-hand-knitted-woolen-socks-kids_1.jpg,1792,hand knitted,890,1247.699,1.402
2022-722-2-62-kumaun-hand-knitted-woolen-socks-kids_1.jpg,1792,hand knitted,890,1302.436,1.463
2022-722-2-61-kumaun-hand-knitted-woolen-socks-kids_1.jpg,1792,hand knitted,890,1236.288,1.389
2022-722-2-59-kumaun-hand-knitted-woolen-socks-kids_1.jpg,1792,hand knitted,890,1253.043,1.408
2022-722-2-58-kumaun-hand-knitted-woolen-socks-kids_1.jpg,1792,hand knitted,890,1253.043,1.408
2022-722-2-57-kumaun-hand-knitted-woolen-socks-kids_1.jpg,1792,hand knitted,890,1253.043,1.408
2022-722-2-10-kumaun-hand-knitted-woolen-socks-adult_1.jpg,1792,hand knitted,1590,1238.17,0.779
2022-722-2-9-kumaun-hand-knitted-woolen-socks-adult_1.jpg,1792,hand knitted,1590,1221.833,0.768
2022-722-2-8-kumaun-hand-knitted-woolen-socks-adult_1.jpg,1792,hand knitted,1590,1238.17,0.779
2022-722-2-7-kumaun-hand-knitted-woolen-socks-adult_1.jpg,1792,hand knitted,1590,1221.833,0.768
2022-722-2-3-kumaun-hand-knitted-woolen-socks-adult_1.jpg,1792,hand knitted,1590,1221.833,0.768
2022-722-2-2-kumaun-hand-knitted-woolen-socks-adult_1.jpg,1792,hand knitted,1590,1221.833,0.768
2022-722-2-56-kumaun-hand-knitted-woolen-socks-kids_1.jpg,1792,hand knitted,890,1255.3,1.41
2022-722-2-1-kumaun-hand-knitted-woolen-socks-adult_1.jpg,1792,hand knitted,1590,1221.833,0.768
2022-722-1-65-kumaun-hand-knitted-woolen-muffler-50-in_1.jpg,1792,hand knitted,950,1279.942,1.347
2022-722-1-52-kumaun-hand-knitted-woolen-muffler-50-in_1.jpg,1792,hand knitted,950,1279.942,1.347
2022-722-1-43-kumaun-hand-knitted-woollen-muffler-50-in_1.jpg,1792,hand knitted,950,1272.666,1.34
2022-722-1-35-kumaun-hand-knitted-woolen-neck-warmer_1.jpg,1792,hand knitted,990,1294.809,1.308
2022-722-1-30-kumaun-hand-knitted-woolen-neck-warmer_1.jpg,1792,hand knitted,990,1246.999,1.26
2022-722-1-29-kumaun-hand-knitted-woolen-neck-warmer_1.jpg,1792,hand knitted,990,1294.809,1.308
2022-722-1-25-kumaun-hand-knitted-woolen-neck-warmer_1.jpg,1792,hand knitted,990,1237.226,1.25
2022-722-1-19-kumaun-hand-knitted-woolen-neck-warmer_1.jpg,1792,hand knitted,990,1245.438,1.258
2022-722-1-18-kumaun-hand-knitted-woolen-neck-warmer_1.jpg,1792,hand knitted,990,1234.045,1.247
2022-722-1-15-kumaun-hand-knitted-woolen-neck-warmer_1.jpg,1792,hand knitted,990,1244.971,1.258
2022-722-1-11-kumaun-hand-knitted-woolen-neck-warmer_1.jpg,1792,hand knitted,990,1294.809,1.308
2022-722-1-10-kumaun-hand-knitted-woolen-neck-warmer_1.jpg,1792,hand knitted,990,1294.809,1.308
2022-722-1-2-kumaun-hand-knitted-woolen-neck-warmer_1.jpg,1792,hand knitted,990,1246.999,1.26
2021-896-3-146-kumaun-hand-knitted-woolen-socks-kids_1.jpg,1792,hand knitted,890,1244.906,1.399
2021-896-3-140-kumaun-hand-knitted-woolen-socks-kids_1.jpg,1792,hand knitted,890,1219.746,1.371
2021-896-3-138-kumaun-hand-knitted-woolen-socks-kids_1.jpg,1792,hand knitted,890,1237.235,1.39
2021-896-3-124-kumaun-hand-knitted-woolen-socks-kids_1.jpg,1792,hand knitted,890,1232.029,1.384
2021-896-3-123-kumaun-hand-knitted-woolen-socks-kids_1.jpg,1792,hand knitted,890,1217.555,1.368
2021-896-3-121-kumaun-hand-knitted-woolen-socks-kids_1.jpg,1792,hand knitted,890,1210.431,1.36
2021-896-3-120-kumaun-hand-knitted-woolen-socks-kids_1.jpg,1792,hand knitted,890,1206.782,1.356
2021-896-3-118-kumaun-hand-knitted-woolen-socks-kids_1.jpg,1792,hand knitted,890,1284.409,1.443
2021-896-3-117-kumaun-hand-knitted-woolen-socks-kids_1.jpg,1792,hand knitted,890,1237.235,1.39
2021-896-3-116-kumaun-hand-knitted-woolen-socks-kids_1.jpg,1792,hand knitted,890,1217.555,1.368
2021-896-3-115-kumaun-hand-knitted-woolen-socks-kids_1.jpg,1792,hand knitted,890,1240.954,1.394
2021-896-3-113-kumaun-hand-knitted-woolen-socks-kids_1.jpg,1792,hand knitted,890,1244.906,1.399
2021-896-3-112-kumaun-hand-knitted-woolen-socks-kids_1.jpg,1792,hand knitted,890,1235.731,1.388
2021-896-3-107-kumaun-hand-knitted-woolen-socks-kids_1.jpg,1792,hand knitted,890,1244.906,1.399
2021-896-3-106-kumaun-hand-knitted-woolen-socks-kids_1.jpg,1792,hand knitted,890,1237.235,1.39
2021-896-3-101-kumaun-hand-knitted-woolen-socks-kids_1.jpg,1792,hand knitted,890,1217.555,1.368
2021-896-3-100-kumaun-hand-knitted-woolen-socks-kids_1.jpg,1792,hand knitted,890,1235.731,1.388
2021-896-3-96-kumaun-hand-knitted-woolen-socks-kids_1.jpg,1792,hand knitted,890,1237.235,1.39
2021-896-3-92-kumaun-hand-knitted-woolen-socks-kids_1.jpg,1792,hand knitted,890,1232.029,1.384
2021-896-3-90-kumaun-hand-knitted-woolen-socks-kids_1.jpg,1792,hand knitted,890,1284.409,1.443
2021-896-3-88-kumaun-hand-knitted-woolen-socks-kids_1.jpg,1792,hand knitted,890,1196.654,1.345
2021-896-3-87-kumaun-hand-knitted-woolen-socks-kids_1.jpg,1792,hand knitted,890,1235.731,1.388
2021-896-3-81-kumaun-hand-knitted-woolen-socks-kids_1.jpg,1792,hand knitted,890,1237.235,1.39
2021-896-3-79-kumaun-hand-knitted-woolen-socks-kids_1.jpg,1792,hand knitted,890,1244.906,1.399
2021-896-3-77-kumaun-hand-knitted-woolen-socks-kids_1.jpg,1792,hand knitted,890,1218.88,1.37
2021-896-3-74-kumaun-hand-knitted-woolen-socks-kids_1.jpg,1792,hand knitted,890,1237.235,1.39
2021-896-3-73-kumaun-hand-knitted-woolen-socks-kids_1.jpg,1792,hand knitted,890,1188.486,1.335
2021-896-3-67-kumaun-hand-knitted-woolen-socks-kids_1.jpg,1792,hand knitted,890,1237.235,1.39
2021-896-3-66-kumaun-hand-knitted-woolen-socks-kids_1.jpg,1792,hand knitted,890,1354.606,1.522
2021-896-3-64-kumaun-hand-knitted-woolen-socks-kids_1.jpg,1792,hand knitted,750,1196.654,1.596
2021-896-3-63-kumaun-hand-knitted-woolen-socks-kids_1.jpg,1792,hand knitted,750,1235.731,1.648
2021-896-3-50-kumaun-hand-knitted-woolen-socks-kids_1.jpg,1792,hand knitted,750,1240.061,1.653
2021-896-3-49-kumaun-hand-knitted-woolen-socks-kids_1.jpg,1792,hand knitted,750,1206.431,1.609
2021-896-3-45-kumaun-hand-knitted-woolen-socks-kids_1.jpg,1792,hand knitted,750,1240.061,1.653
2021-896-3-43-kumaun-hand-knitted-woolen-socks-kids_1.jpg,1792,hand knitted,750,1232.029,1.643
2021-896-3-42-kumaun-hand-knitted-woolen-socks-kids_1.jpg,1792,hand knitted,750,1240.061,1.653
2021-896-3-38-kumaun-hand-knitted-woolen-socks-kids_1.jpg,1792,hand knitted,750,1237.235,1.65
2021-896-3-37-kumaun-hand-knitted-woolen-socks-kids_1.jpg,1792,hand knitted,750,1284.409,1.713
2021-896-3-35-kumaun-hand-knitted-woolen-socks-kids_1.jpg,1792,hand knitted,750,1279.284,1.706
2021-896-3-34-kumaun-hand-knitted-woolen-socks-kids_1.jpg,1792,hand knitted,750,1217.555,1.623
2021-896-3-33-kumaun-hand-knitted-woolen-socks-kids_1.jpg,1792,hand knitted,750,1232.029,1.643
2021-896-3-31-kumaun-hand-knitted-woolen-socks-kids_1.jpg,1792,hand knitted,750,1232.029,1.643
2021-896-3-30-kumaun-hand-knitted-woolen-socks-kids_1.jpg,1792,hand knitted,750,1217.555,1.623
2021-896-3-29-kumaun-hand-knitted-woolen-socks-kids_1.jpg,1792,hand knitted,750,1235.731,1.648
2021-896-3-28-kumaun-hand-knitted-woolen-socks-kids_1.jpg,1792,hand knitted,750,1219.746,1.626
2021-896-3-26-kumaun-hand-knitted-woolen-socks-kids_1.jpg,1792,hand knitted,750,1196.654,1.596
2021-896-3-24-kumaun-hand-knitted-woolen-socks-kids_1.jpg,1792,hand knitted,750,1232.029,1.643
2021-896-3-22-kumaun-hand-knitted-woolen-socks-kids_1.jpg,1792,hand knitted,750,1240.061,1.653
2021-896-3-21-kumaun-hand-knitted-woolen-socks-kids_1.jpg,1792,hand knitted,750,1230.771,1.641
2021-896-3-20-kumaun-hand-knitted-woolen-socks-kids_1.jpg,1792,hand knitted,750,1256.508,1.675
2021-896-3-19-kumaun-hand-knitted-woolen-socks-kids_1.jpg,1792,hand knitted,750,1230.771,1.641
2021-896-3-17-kumaun-hand-knitted-woolen-socks-kids_1.jpg,1792,hand knitted,750,1240.061,1.653
2021-896-3-13-kumaun-hand-knitted-woollen-muffler-45-in_1.jpg,1792,hand knitted,850,1312.94,1.545
2021-896-3-15-kumaun-hand-knitted-woolen-socks-kids_1.jpg,1792,hand knitted,750,1235.731,1.648
431852-21-kumaun-hand-knitted-woolen-muffler-47-in_1.jpg,1792,hand knitted,650,1304.549,2.007
431852-15-kumaun-hand-knitted-woollen-muffler-47-in_1.jpg,1792,hand knitted,850,1291.681,1.52
2021-541-1-70-kumaun-hand-knitted-woolen-muffler-50-in_1.jpg,1792,hand knitted,950,1279.942,1.347
2021-541-1-55-kumaun-hand-knitted-woolen-muffler-50-in_1.jpg,1792,hand knitted,950,1279.942,1.347
lucknowi-chikankari-hand-embroidered-cotton-3pc-unstitched-dress-material-suit-set-41-2026-194-1-41_1.jpg,1886,lucknowi chikankari,4290,8638.56,2.014
lucknowi-chikankari-hand-embroidered-cotton-3pc-unstitched-dress-material-suit-set-40-2026-194-1-40_1.jpg,1886,lucknowi chikankari,4290,8919.272,2.079
lucknowi-chikankari-hand-embroidered-cotton-3pc-unstitched-dress-material-suit-set-36-2026-194-1-36_1.jpg,1886,lucknowi chikankari,4290,8857.482,2.065
lucknowi-chikankari-hand-embroidered-mul-cotton-3pc-unstitched-dress-material-suit-set-34-2026-194-1-34_1.jpg,1886,lucknowi chikankari,9990,8849.904,0.886
shibori-tie-dye-cotton-3pc-unstitched-dress-material-suit-set-26-2026-445-2-26_1.jpg,1898,shibori tie dye,2450,3108.248,1.269
shibori-tie-dye-cotton-3pc-unstitched-dress-material-suit-set-21-2026-445-2-21_1.jpg,1898,shibori tie dye,2450,3151.898,1.286
shibori-tie-dye-cotton-3pc-unstitched-dress-material-suit-set-15-2026-445-2-15_1.jpg,1898,shibori tie dye,2450,3139.798,1.282
shibori-tie-dye-cotton-3pc-unstitched-dress-material-suit-set-14-2026-445-2-14_1.jpg,1898,shibori tie dye,2450,3081.941,1.258
2023-1020-1-4-2pc-block-printed-tussar-silk-handloom-suit-material-set_1.jpg,1899,hand block printing,10490,9269.808,0.884
phulia-jamdani-handloom-cotton-2pc-unstitched-dress-material-with-jewellery-set-24-2025-820-37-24_1.jpg,1903,bengal jamdani weaving,6290,5103.928,0.811
handloom-zari-buti-chanderi-silk-2pc-unstitched-dress-material-with-jewellery-set-06-2025-1567-7-6_1.jpg,1910,chanderi weaving,11190,12136.681,1.085
bengal-kantha-hand-embroidered-cotton-3pc-unstitched-dress-material-suit-set-10-2025-1803-1-10_1.jpg,1918,bengal kantha work,6190,4488.094,0.725
bengal-kantha-hand-embroidered-cotton-3pc-unstitched-dress-material-suit-set-08-2025-1803-1-8_1.jpg,1918,bengal kantha work,6190,4724.218,0.763
bengal-kantha-hand-embroidered-cotton-3pc-unstitched-dress-material-suit-set-06-2025-1803-1-6_1.jpg,1918,bengal kantha work,6190,4408.784,0.712
bengal-kantha-hand-embroidered-cotton-3pc-unstitched-dress-material-suit-set-04-2025-1803-1-4_1.jpg,1918,bengal kantha work,6190,4481.039,0.724
sanganeri-hand-block-print-cotton-3pc-unstitched-dress-material-suit-set-32-2025-1789-1-32_1.jpg,1924,sanganeri block printing,3950,3557.671,0.901
sanganeri-hand-block-print-cotton-3pc-unstitched-dress-material-suit-set-15-2025-1789-1-15_1.jpg,1924,sanganeri block printing,3950,3591.787,0.909
sanganeri-hand-block-print-cotton-3pc-unstitched-dress-material-suit-set-33-2025-1789-1-33_1.jpg,1924,sanganeri block printing,3950,3586.246,0.908
natural-dyed-bagru-block-print-chanderi-silk-3pc-unstitched-dress-material-34-2025-1273-1-34_1.jpg,1932,bagru block printing,4490,5702.091,1.27
indonesian-hand-batik-print-cotton-3pc-unstitched-dress-material-suit-set-08-2026-494-1-8_1.jpg,1933,batik block printing,3290,2719.431,0.827
indonesian-hand-batik-print-cotton-3pc-unstitched-dress-material-suit-set-07-2026-494-1-7_1.jpg,1933,batik block printing,3290,2774.698,0.843
indonesian-hand-batik-print-cotton-3pc-unstitched-dress-material-suit-set-06-2026-494-1-6_1.jpg,1933,batik block printing,3290,2648.991,0.805
indonesian-hand-batik-print-cotton-3pc-unstitched-dress-material-suit-set-04-2026-494-1-4_1.jpg,1933,batik block printing,3290,2684.213,0.816
indonesian-hand-batik-print-cotton-3pc-unstitched-dress-material-suit-set-03-2026-494-1-3_1.jpg,1933,batik block printing,3290,2703.362,0.822
shibori-tie-dye-cotton-3pc-unstitched-dress-material-suit-set-13-2026-445-2-13_1.jpg,1898,shibori tie dye,2450,3073.596,1.255
shibori-tie-dye-cotton-3pc-unstitched-dress-material-suit-set-11-2026-445-2-11_1.jpg,1898,shibori tie dye,2450,3075.972,1.255
shibori-tie-dye-cotton-3pc-unstitched-dress-material-suit-set-10-2026-445-2-10_1.jpg,1898,shibori tie dye,2450,3073.905,1.255
shibori-tie-dye-cotton-3pc-unstitched-dress-material-suit-set-08-2026-445-2-8_1.jpg,1898,shibori tie dye,2450,3139.716,1.282
shibori-tie-dye-cotton-3pc-unstitched-dress-material-suit-set-07-2026-445-2-7_1.jpg,1898,shibori tie dye,2450,3122.779,1.275
shibori-tie-dye-cotton-3pc-unstitched-dress-material-suit-set-06-2026-445-2-6_1.jpg,1898,shibori tie dye,2450,3022.697,1.234
shibori-tie-dye-cotton-3pc-unstitched-dress-material-suit-set-05-2026-445-2-5_1.jpg,1898,shibori tie dye,2450,3043.472,1.242
shibori-tie-dye-cotton-3pc-unstitched-dress-material-suit-set-04-2026-445-2-4_1.jpg,1898,shibori tie dye,2450,3040.819,1.241
shibori-tie-dye-cotton-3pc-unstitched-dress-material-suit-set-03-2026-445-2-3_1.jpg,1898,shibori tie dye,2450,3121.784,1.274
shibori-tie-dye-cotton-3pc-unstitched-dress-material-suit-set-02-2026-445-2-2_1.jpg,1898,shibori tie dye,2450,3149.024,1.285
shibori-tie-dye-cotton-3pc-unstitched-dress-material-suit-set-01-2026-445-2-1_1.jpg,1898,shibori tie dye,2450,3137.19,1.28
handloom-cotton-3pc-unstitched-sambalpuri-ikat-dress-material-suit-set-18-2026-371-1-18_1.jpg,1936,sambalpuri ikat weaving,3990,3937.12,0.987
handloom-cotton-3pc-unstitched-sambalpuri-ikat-dress-material-suit-set-15-2026-371-1-15_1.jpg,1936,sambalpuri ikat weaving,3990,4143.134,1.038
handloom-cotton-3pc-unstitched-sambalpuri-ikat-dress-material-suit-set-14-2026-371-1-14_1.jpg,1936,sambalpuri ikat weaving,3990,3868.273,0.969
handloom-cotton-3pc-unstitched-sambalpuri-ikat-dress-material-suit-set-09-2026-371-1-9_1.jpg,1936,sambalpuri ikat weaving,3990,3927.187,0.984
handloom-cotton-3pc-unstitched-sambalpuri-ikat-dress-material-suit-set-08-2026-371-1-8_1.jpg,1936,sambalpuri ikat weaving,3990,3869.757,0.97
handloom-cotton-3pc-unstitched-sambalpuri-ikat-dress-material-suit-set-05-2026-371-1-5_1.jpg,1936,sambalpuri ikat weaving,3990,3865.765,0.969
handloom-cotton-3pc-unstitched-sambalpuri-ikat-dress-material-suit-set-03-2026-371-1-3_1.jpg,1936,sambalpuri ikat weaving,3990,4054.236,1.016
handloom-cotton-3pc-unstitched-sambalpuri-ikat-dress-material-suit-set-10-2026-371-1-10_1.jpg,1936,sambalpuri ikat weaving,3990,3786.588,0.949
bagh-hand-block-print-natural-dyed-kota-doria-cotton-3pc-unstitched-dress-material-suit-set-39-2026-357-1-39_1.jpg,1937,bagh block printing,5890,4890.284,0.83
bagh-hand-block-print-natural-dyed-kota-doria-cotton-3pc-unstitched-dress-material-suit-set-37-2026-357-1-37_1.jpg,1937,bagh block printing,5890,4923.171,0.836
bagh-hand-block-print-natural-dyed-kota-doria-cotton-3pc-unstitched-dress-material-suit-set-36-2026-357-1-36_1.jpg,1937,bagh block printing,5890,4997.428,0.848
bagh-hand-block-print-natural-dyed-kota-doria-cotton-3pc-unstitched-dress-material-suit-set-35-2026-357-1-35_1.jpg,1937,bagh block printing,5890,5006.324,0.85
bagh-hand-block-print-natural-dyed-kota-doria-cotton-3pc-unstitched-dress-material-suit-set-34-2026-357-1-34_1.jpg,1937,bagh block printing,5890,4979.011,0.845
bagh-hand-block-print-natural-dyed-kota-doria-cotton-3pc-unstitched-dress-material-suit-set-33-2026-357-1-33_1.jpg,1937,bagh block printing,5890,5000.882,0.849
bagh-hand-block-print-natural-dyed-kota-doria-cotton-3pc-unstitched-dress-material-suit-set-32-2026-357-1-32_1.jpg,1937,bagh block printing,5890,4956.415,0.841
bagh-hand-block-print-natural-dyed-kota-doria-cotton-3pc-unstitched-dress-material-suit-set-31-2026-357-1-31_1.jpg,1937,bagh block printing,5890,4885.454,0.829
bagh-hand-block-print-natural-dyed-kota-doria-cotton-3pc-unstitched-dress-material-suit-set-30-2026-357-1-30_1.jpg,1937,bagh block printing,5890,5102.659,0.866
bagh-hand-block-print-natural-dyed-kota-doria-cotton-3pc-unstitched-dress-material-suit-set-29-2026-357-1-29_1.jpg,1937,bagh block printing,5890,4940.335,0.839
bagh-hand-block-print-natural-dyed-kota-doria-cotton-3pc-unstitched-dress-material-suit-set-28-2026-357-1-28_1.jpg,1937,bagh block printing,5890,5003.705,0.85
bagh-hand-block-print-natural-dyed-kota-doria-cotton-3pc-unstitched-dress-material-suit-set-26-2026-357-1-26_1.jpg,1937,bagh block printing,5890,4937.638,0.838
handloom-cotton-3pc-unstitched-sambalpuri-ikat-dress-material-suit-set-01-2026-371-1-1_1.jpg,1936,sambalpuri ikat weaving,3990,3923.365,0.983
bagh-hand-block-print-natural-dyed-kota-doria-cotton-3pc-unstitched-dress-material-suit-set-24-2026-357-1-24_1.jpg,1937,bagh block printing,5890,4977.607,0.845
bagh-hand-block-print-natural-dyed-kota-doria-cotton-3pc-unstitched-dress-material-suit-set-23-2026-357-1-23_1.jpg,1937,bagh block printing,5890,5057.007,0.859
bagh-hand-block-print-natural-dyed-kota-doria-cotton-3pc-unstitched-dress-material-suit-set-22-2026-357-1-22_1.jpg,1937,bagh block printing,5890,5091.273,0.864
bagh-hand-block-print-natural-dyed-kota-doria-cotton-3pc-unstitched-dress-material-suit-set-21-2026-357-1-21_1.jpg,1937,bagh block printing,5890,4963.881,0.843
bagh-hand-block-print-natural-dyed-kota-doria-cotton-3pc-unstitched-dress-material-suit-set-20-2026-357-1-20_1.jpg,1937,bagh block printing,5890,5057.063,0.859
bagh-hand-block-print-natural-dyed-kota-doria-cotton-3pc-unstitched-dress-material-suit-set-19-2026-357-1-19_1.jpg,1937,bagh block printing,5890,4853.52,0.824
bagh-hand-block-print-natural-dyed-kota-doria-cotton-3pc-unstitched-dress-material-suit-set-18-2026-357-1-18_1.jpg,1937,bagh block printing,5890,4927.076,0.837
bagh-hand-block-print-natural-dyed-kota-doria-cotton-3pc-unstitched-dress-material-suit-set-17-2026-357-1-17_1.jpg,1937,bagh block printing,5890,4961.166,0.842
bagh-hand-block-print-natural-dyed-kota-doria-cotton-3pc-unstitched-dress-material-suit-set-15-2026-357-1-15_1.jpg,1937,bagh block printing,5890,5001.229,0.849
bagh-hand-block-print-natural-dyed-kota-doria-cotton-3pc-unstitched-dress-material-suit-set-14-2026-357-1-14_1.jpg,1937,bagh block printing,5890,4930.926,0.837
bagh-hand-block-print-natural-dyed-kota-doria-cotton-3pc-unstitched-dress-material-suit-set-13-2026-357-1-13_1.jpg,1937,bagh block printing,5890,4906.984,0.833
bagh-hand-block-print-natural-dyed-kota-doria-cotton-3pc-unstitched-dress-material-suit-set-12-2026-357-1-12_1.jpg,1937,bagh block printing,5890,4981.503,0.846
bagh-hand-block-print-natural-dyed-kota-doria-cotton-3pc-unstitched-dress-material-suit-set-11-2026-357-1-11_1.jpg,1937,bagh block printing,5890,4956.752,0.842
bagh-hand-block-print-natural-dyed-kota-doria-cotton-3pc-unstitched-dress-material-suit-set-10-2026-357-1-10_1.jpg,1937,bagh block printing,5890,4901.222,0.832
bagh-hand-block-print-natural-dyed-kota-doria-cotton-3pc-unstitched-dress-material-suit-set-08-2026-357-1-8_1.jpg,1937,bagh block printing,5890,4962.239,0.842
bagh-hand-block-print-natural-dyed-kota-doria-cotton-3pc-unstitched-dress-material-suit-set-07-2026-357-1-7_1.jpg,1937,bagh block printing,5890,4933.84,0.838
bagh-hand-block-print-natural-dyed-kota-doria-cotton-3pc-unstitched-dress-material-suit-set-05-2026-357-1-5_1.jpg,1937,bagh block printing,5890,4856.285,0.824
bagh-hand-block-print-natural-dyed-kota-doria-cotton-3pc-unstitched-dress-material-suit-set-04-2026-357-1-4_1.jpg,1937,bagh block printing,5890,4917.539,0.835
bagh-hand-block-print-natural-dyed-kota-doria-cotton-3pc-unstitched-dress-material-suit-set-03-2026-357-1-3_1.jpg,1937,bagh block printing,5890,4898.288,0.832
bagh-hand-block-print-natural-dyed-kota-doria-cotton-3pc-unstitched-dress-material-suit-set-02-2026-357-1-2_1.jpg,1937,bagh block printing,5890,4953.122,0.841
bagh-hand-block-print-natural-dyed-kota-doria-cotton-3pc-unstitched-dress-material-suit-set-01-2026-357-1-1_1.jpg,1937,bagh block printing,5890,4901.589,0.832
lucknowi-chikankari-hand-embroidered-mul-cotton-3pc-unstitched-dress-material-suit-set-33-2026-194-1-33_1.jpg,1886,lucknowi chikankari,9990,8838.506,0.885
lucknowi-chikankari-hand-embroidered-mul-cotton-3pc-unstitched-dress-material-suit-set-32-2026-194-1-32_1.jpg,1886,lucknowi chikankari,9990,8764.905,0.877
lucknowi-chikankari-hand-embroidered-georgette-3pc-unstitched-dress-material-suit-set-21-2026-194-1-21_1.jpg,1886,lucknowi chikankari,5490,10305.798,1.877
lucknowi-chikankari-hand-embroidered-georgette-3pc-unstitched-dress-material-suit-set-17-2026-194-1-17_1.jpg,1886,lucknowi chikankari,5490,10898.033,1.985
lucknowi-chikankari-hand-embroidered-georgette-3pc-unstitched-dress-material-suit-set-14-2026-194-1-14_1.jpg,1886,lucknowi chikankari,5490,10183.475,1.855
lucknowi-chikankari-hand-embroidered-cotton-3pc-unstitched-dress-material-suit-set-11-2026-194-1-11_1.jpg,1886,lucknowi chikankari,7250,8694.415,1.199
lucknowi-chikankari-hand-embroidered-cotton-3pc-unstitched-dress-material-suit-set-10-2026-194-1-10_1.jpg,1886,lucknowi chikankari,7250,8643.004,1.192
lucknowi-chikankari-hand-embroidered-cotton-3pc-unstitched-dress-material-suit-set-05-2026-194-1-5_1.jpg,1886,lucknowi chikankari,7250,8535.606,1.177
lucknowi-chikankari-hand-embroidered-cotton-3pc-unstitched-dress-material-suit-set-04-2026-194-1-4_1.jpg,1886,lucknowi chikankari,7250,8635.987,1.191
lucknowi-chikankari-hand-embroidered-cotton-3pc-unstitched-dress-material-suit-set-02-2026-194-1-2_1.jpg,1886,lucknowi chikankari,7250,8787.889,1.212
lucknowi-chikankari-hand-embroidered-mul-cotton-3pc-unstitched-dress-material-suit-set-31-2026-194-1-31_1.jpg,1886,lucknowi chikankari,9990,8689.862,0.87
hand-embroidered-muslin-3pc-unstitched-dress-material-26-2026-167-1-26_1.jpg,1941,phulkari,4490,5304.083,1.181
hand-embroidered-muslin-3pc-unstitched-dress-material-24-2026-167-1-24_1.jpg,1941,phulkari,4490,5280.82,1.176
hand-embroidered-muslin-3pc-unstitched-dress-material-23-2026-167-1-23_1.jpg,1941,phulkari,4490,5462.215,1.217
hand-embroidered-muslin-3pc-unstitched-dress-material-22-2026-167-1-22_1.jpg,1941,phulkari,4490,5434.578,1.21
hand-embroidered-muslin-3pc-unstitched-dress-material-21-2026-167-1-21_1.jpg,1941,phulkari,4490,5362.522,1.194
hand-embroidered-georgette-3pc-unstitched-dress-material-17-2026-167-1-17_1.jpg,1941,phulkari,4490,5557.02,1.238
hand-embroidered-georgette-3pc-unstitched-dress-material-16-2026-167-1-16_1.jpg,1941,phulkari,4490,5996.752,1.336
hand-embroidered-muslin-3pc-unstitched-dress-material-11-2026-167-1-11_1.jpg,1941,phulkari,4490,4970.521,1.107
hand-embroidered-muslin-3pc-unstitched-dress-material-06-2026-167-1-6_1.jpg,1941,phulkari,4490,4918.648,1.095
hand-embroidered-muslin-3pc-unstitched-dress-material-04-2026-167-1-4_1.jpg,1941,phulkari,4490,4929.2,1.098
hand-embroidered-muslin-3pc-unstitched-dress-material-02-2026-167-1-2_1.jpg,1941,phulkari,4490,4970.381,1.107
hand-embroidered-muslin-3pc-unstitched-dress-material-19-2026-167-1-19_1.jpg,1941,phulkari,4490,5274.319,1.175
hand-embroidered-georgette-3pc-unstitched-dress-material-14-2026-167-1-14_1.jpg,1941,phulkari,4490,5570.003,1.241
karnataka-khun-cotton-3pc-unstitched-dress-material-suit-set-07-2025-1860-1-7_1.jpg,1946,khun weaving,2450,2635.237,1.076
karnataka-khun-cotton-3pc-unstitched-dress-material-suit-set-06-2025-1860-1-6_1.jpg,1946,khun weaving,2450,2591.372,1.058
karnataka-khun-cotton-3pc-unstitched-dress-material-suit-set-04-2025-1860-1-4_1.jpg,1946,khun weaving,2450,2622.851,1.071
karnataka-khun-cotton-3pc-unstitched-dress-material-suit-set-02-2025-1860-1-2_1.jpg,1946,khun weaving,2450,2686.209,1.096
shibori-tie-dye-linen-cotton-3pc-unstitched-dress-material-suit-set-32-2025-1807-1-32_1.jpg,1898,shibori tie dye,3190,6475.904,2.03
shibori-tie-dye-linen-cotton-3pc-unstitched-dress-material-suit-set-31-2025-1807-1-31_1.jpg,1898,shibori tie dye,3190,6381.505,2.0
shibori-tie-dye-linen-cotton-3pc-unstitched-dress-material-suit-set-30-2025-1807-1-30_1.jpg,1898,shibori tie dye,3190,6746.074,2.115
shibori-tie-dye-cotton-3pc-unstitched-dress-material-suit-set-11-2025-1807-1-11_1.jpg,1898,shibori tie dye,2890,3141.682,1.087
shibori-tie-dye-cotton-3pc-unstitched-dress-material-suit-set-08-2025-1807-1-8_1.jpg,1898,shibori tie dye,2450,3426.53,1.399
shibori-tie-dye-cotton-3pc-unstitched-dress-material-suit-set-06-2025-1807-1-6_1.jpg,1898,shibori tie dye,2450,3353.239,1.369
shibori-tie-dye-cotton-3pc-unstitched-dress-material-suit-set-05-2025-1807-1-5_1.jpg,1898,shibori tie dye,2450,3374.905,1.378
shibori-tie-dye-cotton-3pc-unstitched-dress-material-suit-set-02-2025-1807-1-2_1.jpg,1898,shibori tie dye,2450,3474.497,1.418
sanganeri-hand-block-print-kota-doria-cotton-3pc-unstitched-dress-material-suit-set-13-2025-1795-1-13_1.jpg,1924,sanganeri block printing,4890,3916.6,0.801
sanganeri-hand-block-print-kota-doria-cotton-3pc-unstitched-dress-material-suit-set-11-2025-1795-1-11_1.jpg,1924,sanganeri block printing,4890,3818.503,0.781
sanganeri-hand-block-print-kota-doria-cotton-3pc-unstitched-dress-material-suit-set-10-2025-1795-1-10_1.jpg,1924,sanganeri block printing,4890,3812.019,0.78
sanganeri-hand-block-print-kota-doria-cotton-3pc-unstitched-dress-material-suit-set-07-2025-1795-1-7_1.jpg,1924,sanganeri block printing,4890,3800.686,0.777
sanganeri-hand-block-print-kota-doria-cotton-3pc-unstitched-dress-material-suit-set-06-2025-1795-1-6_1.jpg,1924,sanganeri block printing,4890,3810.218,0.779
sanganeri-hand-block-print-kota-doria-cotton-3pc-unstitched-dress-material-suit-set-05-2025-1795-1-5_1.jpg,1924,sanganeri block printing,4890,3773.117,0.772
sanganeri-hand-block-print-kota-doria-cotton-3pc-unstitched-dress-material-suit-set-04-2025-1795-1-4_1.jpg,1924,sanganeri block printing,4890,3787.999,0.775
bengal-kantha-hand-embroidered-cotton-3pc-unstitched-dress-material-suit-set-02-2025-1803-1-2_1.jpg,1918,bengal kantha work,6190,4590.671,0.742
shibori-tie-dye-cotton-3pc-unstitched-dress-material-suit-set-01-2025-1807-1-1_1.jpg,1898,shibori tie dye,2450,3411.841,1.393
bengal-kantha-hand-embroidered-cotton-3pc-unstitched-dress-material-suit-set-01-2025-1803-1-1_1.jpg,1918,bengal kantha work,6190,4498.22,0.727
sanganeri-hand-block-print-cotton-3pc-unstitched-dress-material-suit-set-34-2025-1789-1-34_1.jpg,1924,sanganeri block printing,3950,3465.529,0.877
sanganeri-hand-block-print-cotton-3pc-unstitched-dress-material-suit-set-31-2025-1789-1-31_1.jpg,1924,sanganeri block printing,3950,3406.763,0.862
sanganeri-hand-block-print-cotton-3pc-unstitched-dress-material-suit-set-30-2025-1789-1-30_1.jpg,1924,sanganeri block printing,3950,3570.655,0.904
sanganeri-hand-block-print-cotton-3pc-unstitched-dress-material-suit-set-29-2025-1789-1-29_1.jpg,1924,sanganeri block printing,3950,3496.653,0.885
sanganeri-hand-block-print-cotton-3pc-unstitched-dress-material-suit-set-28-2025-1789-1-28_1.jpg,1924,sanganeri block printing,3950,3463.502,0.877
sanganeri-hand-block-print-cotton-3pc-unstitched-dress-material-suit-set-27-2025-1789-1-27_1.jpg,1924,sanganeri block printing,3950,3504.141,0.887
sanganeri-hand-block-print-cotton-3pc-unstitched-dress-material-suit-set-26-2025-1789-1-26_1.jpg,1924,sanganeri block printing,3950,3446.065,0.872
sanganeri-hand-block-print-cotton-3pc-unstitched-dress-material-suit-set-25-2025-1789-1-25_1.jpg,1924,sanganeri block printing,3950,3514.145,0.89
sanganeri-hand-block-print-cotton-3pc-unstitched-dress-material-suit-set-24-2025-1789-1-24_1.jpg,1924,sanganeri block printing,3950,3576.577,0.905
sanganeri-hand-block-print-cotton-3pc-unstitched-dress-material-suit-set-23-2025-1789-1-23_1.jpg,1924,sanganeri block printing,3950,3548.86,0.898
sanganeri-hand-block-print-cotton-3pc-unstitched-dress-material-suit-set-22-2025-1789-1-22_1.jpg,1924,sanganeri block printing,3950,3620.234,0.917
sanganeri-hand-block-print-cotton-3pc-unstitched-dress-material-suit-set-21-2025-1789-1-21_1.jpg,1924,sanganeri block printing,3950,3433.931,0.869
sanganeri-hand-block-print-cotton-3pc-unstitched-dress-material-suit-set-20-2025-1789-1-20_1.jpg,1924,sanganeri block printing,3950,3439.466,0.871
sanganeri-hand-block-print-cotton-3pc-unstitched-dress-material-suit-set-19-2025-1789-1-19_1.jpg,1924,sanganeri block printing,3950,3564.757,0.902
sanganeri-hand-block-print-cotton-3pc-unstitched-dress-material-suit-set-18-2025-1789-1-18_1.jpg,1924,sanganeri block printing,3950,3562.217,0.902
sanganeri-hand-block-print-cotton-3pc-unstitched-dress-material-suit-set-17-2025-1789-1-17_1.jpg,1924,sanganeri block printing,3950,3452.536,0.874
sanganeri-hand-block-print-cotton-3pc-unstitched-dress-material-suit-set-16-2025-1789-1-16_1.jpg,1924,sanganeri block printing,3950,3456.236,0.875
sanganeri-hand-block-print-cotton-3pc-unstitched-dress-material-suit-set-14-2025-1789-1-14_1.jpg,1924,sanganeri block printing,3950,3690.326,0.934
sanganeri-hand-block-print-cotton-3pc-unstitched-dress-material-suit-set-13-2025-1789-1-13_1.jpg,1924,sanganeri block printing,3950,3417.209,0.865
sanganeri-hand-block-print-cotton-3pc-unstitched-dress-material-suit-set-12-2025-1789-1-12_1.jpg,1924,sanganeri block printing,3950,3478.741,0.881
sanganeri-hand-block-print-cotton-3pc-unstitched-dress-material-suit-set-11-2025-1789-1-11_1.jpg,1924,sanganeri block printing,3950,3548.941,0.898
sanganeri-hand-block-print-cotton-3pc-unstitched-dress-material-suit-set-10-2025-1789-1-10_1.jpg,1924,sanganeri block printing,3950,3421.117,0.866
sanganeri-hand-block-print-cotton-3pc-unstitched-dress-material-suit-set-09-2025-1789-1-9_1.jpg,1924,sanganeri block printing,3950,3424.55,0.867
sanganeri-hand-block-print-cotton-3pc-unstitched-dress-material-suit-set-08-2025-1789-1-8_1.jpg,1924,sanganeri block printing,3950,3545.432,0.898
sanganeri-hand-block-print-cotton-3pc-unstitched-dress-material-suit-set-07-2025-1789-1-7_1.jpg,1924,sanganeri block printing,3950,3469.305,0.878
sanganeri-hand-block-print-cotton-3pc-unstitched-dress-material-suit-set-06-2025-1789-1-6_1.jpg,1924,sanganeri block printing,3950,3485.876,0.883
sanganeri-hand-block-print-cotton-3pc-unstitched-dress-material-suit-set-05-2025-1789-1-5_1.jpg,1924,sanganeri block printing,3950,3513.225,0.889
sanganeri-hand-block-print-cotton-3pc-unstitched-dress-material-suit-set-04-2025-1789-1-4_1.jpg,1924,sanganeri block printing,3950,3528.019,0.893
sanganeri-hand-block-print-cotton-3pc-unstitched-dress-material-suit-set-03-2025-1789-1-3_1.jpg,1924,sanganeri block printing,3950,3408.995,0.863
sanganeri-hand-block-print-cotton-3pc-unstitched-dress-material-suit-set-02-2025-1789-1-2_1.jpg,1924,sanganeri block printing,3950,3519.938,0.891
sanganeri-hand-block-print-cotton-3pc-unstitched-dress-material-suit-set-01-2025-1789-1-1_1.jpg,1924,sanganeri block printing,3950,3532.529,0.894
hand-block-print-sanganeri-cotton-3pc-unstitched-dress-material-23-2025-1539-1-23_1.jpg,1924,sanganeri block printing,3950,3365.644,0.852
hand-block-print-sanganeri-cotton-3pc-unstitched-dress-material-20-2025-1539-1-20_1.jpg,1924,sanganeri block printing,3950,3499.513,0.886
hand-block-print-sanganeri-cotton-3pc-unstitched-dress-material-19-2025-1539-1-19_1.jpg,1924,sanganeri block printing,3950,3499.641,0.886
hand-block-print-sanganeri-cotton-3pc-unstitched-dress-material-16-2025-1539-1-16_1.jpg,1924,sanganeri block printing,3950,3516.55,0.89
hand-block-print-sanganeri-cotton-3pc-unstitched-dress-material-13-2025-1539-1-13_1.jpg,1924,sanganeri block printing,3950,3304.306,0.837
hand-block-print-sanganeri-cotton-3pc-unstitched-dress-material-11-2025-1539-1-11_1.jpg,1924,sanganeri block printing,3950,3520.039,0.891
hand-block-print-sanganeri-cotton-3pc-unstitched-dress-material-10-2025-1539-1-10_1.jpg,1924,sanganeri block printing,3950,3376.338,0.855
hand-block-print-sanganeri-cotton-3pc-unstitched-dress-material-08-2025-1539-1-8_1.jpg,1924,sanganeri block printing,3950,3495.722,0.885
hand-block-print-sanganeri-cotton-3pc-unstitched-dress-material-07-2025-1539-1-7_1.jpg,1924,sanganeri block printing,3950,3326.572,0.842
jacquard-mirror-work-embroidered-cotton-3pc-unstitched-dress-material-88-2025-1727-1-88_1.jpg,1960,jacquard weaving,3690,2705.806,0.733
jacquard-mirror-work-embroidered-cotton-3pc-unstitched-dress-material-87-2025-1727-1-87_1.jpg,1960,jacquard weaving,3690,2680.884,0.727
jacquard-mirror-work-embroidered-cotton-3pc-unstitched-dress-material-86-2025-1727-1-86_1.jpg,1960,jacquard weaving,3690,2764.264,0.749
embroidered-cotton-printed-3pc-unstitched-dress-material-84-2025-1727-1-84_1.jpg,1961,embroidery,3190,3018.289,0.946
jacquard-cotton-3pc-unstitched-dress-material-81-2025-1727-1-81_1.jpg,1960,jacquard weaving,3490,2508.857,0.719
jacquard-embroidered-cotton-3pc-unstitched-dress-material-71-2025-1727-1-71_1.jpg,1960,jacquard weaving,3490,2887.161,0.827
jacquard-embroidered-cotton-3pc-unstitched-dress-material-70-2025-1727-1-70_1.jpg,1960,jacquard weaving,3490,2845.028,0.815
jacquard-embroidered-cotton-3pc-unstitched-dress-material-68-2025-1727-1-68_1.jpg,1960,jacquard weaving,3490,2889.624,0.828
jacquard-embroidered-cotton-3pc-unstitched-dress-material-65-2025-1727-1-65_1.jpg,1960,jacquard weaving,3290,3022.306,0.919
jacquard-embroidered-cotton-3pc-unstitched-dress-material-64-2025-1727-1-64_1.jpg,1960,jacquard weaving,3290,3022.306,0.919
jacquard-embroidered-cotton-3pc-unstitched-dress-material-63-2025-1727-1-63_1.jpg,1960,jacquard weaving,3290,3022.306,0.919
jacquard-embroidered-cotton-3pc-unstitched-dress-material-62-2025-1727-1-62_1.jpg,1960,jacquard weaving,3890,2961.298,0.761
jacquard-embroidered-cotton-3pc-unstitched-dress-material-60-2025-1727-1-60_1.jpg,1960,jacquard weaving,3890,2863.483,0.736
zari-buti-jacquard-cotton-3pc-unstitched-dress-material-55-2025-1727-1-55_1.jpg,1960,jacquard weaving,2850,3448.32,1.21
zari-buti-jacquard-cotton-3pc-unstitched-dress-material-52-2025-1727-1-52_1.jpg,1960,jacquard weaving,2850,3397.064,1.192
jacquard-cotton-3pc-unstitched-dress-material-46-2025-1727-1-46_1.jpg,1960,jacquard weaving,2590,2426.985,0.937
jacquard-cotton-3pc-unstitched-dress-material-44-2025-1727-1-44_1.jpg,1960,jacquard weaving,2590,2532.21,0.978
jacquard-cotton-3pc-unstitched-dress-material-38-2025-1727-1-38_1.jpg,1960,jacquard weaving,2590,2445.758,0.944
jacquard-cotton-3pc-unstitched-dress-material-36-2025-1727-1-36_1.jpg,1960,jacquard weaving,2590,2530.012,0.977
jacquard-cotton-3pc-unstitched-dress-material-33-2025-1727-1-33_1.jpg,1960,jacquard weaving,2590,2482.233,0.958
jacquard-cotton-3pc-unstitched-dress-material-31-2025-1727-1-31_1.jpg,1960,jacquard weaving,2590,2417.933,0.934
jacquard-cotton-3pc-unstitched-dress-material-30-2025-1727-1-30_1.jpg,1960,jacquard weaving,2590,2574.181,0.994
jacquard-cotton-3pc-unstitched-dress-material-24-2025-1727-1-24_1.jpg,1960,jacquard weaving,2590,2428.672,0.938
jacquard-cotton-3pc-unstitched-dress-material-21-2025-1727-1-21_1.jpg,1960,jacquard weaving,2590,2542.272,0.982
jacquard-cotton-3pc-unstitched-dress-material-19-2025-1727-1-19_1.jpg,1960,jacquard weaving,2590,2548.566,0.984
jacquard-cotton-3pc-unstitched-dress-material-18-2025-1727-1-18_1.jpg,1960,jacquard weaving,2590,2546.326,0.983
jacquard-cotton-3pc-unstitched-dress-material-17-2025-1727-1-17_1.jpg,1960,jacquard weaving,2590,2559.305,0.988
jacquard-cotton-3pc-unstitched-dress-material-15-2025-1727-1-15_1.jpg,1960,jacquard weaving,2590,2571.667,0.993
jacquard-cotton-3pc-unstitched-dress-material-12-2025-1727-1-12_1.jpg,1960,jacquard weaving,2590,2593.768,1.001
jacquard-cotton-3pc-unstitched-dress-material-10-2025-1727-1-10_1.jpg,1960,jacquard weaving,2590,2561.12,0.989
jacquard-cotton-3pc-unstitched-dress-material-06-2025-1727-1-6_1.jpg,1960,jacquard weaving,2590,2540.822,0.981
sambalpuri-ikat-handloom-cotton-3pc-unstitched-dress-material-13-2025-1707-1-13_1.jpg,1962,sambalpuri ikat weaving,3990,3895.285,0.976
sambalpuri-ikat-handloom-cotton-3pc-unstitched-dress-material-09-2025-1707-1-9_1.jpg,1962,sambalpuri ikat weaving,3990,3961.07,0.993
jacquard-mirror-work-embroidered-cotton-3pc-unstitched-dress-material-85-2025-1727-1-85_1.jpg,1960,jacquard weaving,3690,2721.088,0.737
jacquard-embroidered-cotton-3pc-unstitched-dress-material-67-2025-1727-1-67_1.jpg,1960,jacquard weaving,3490,2961.298,0.849
jacquard-cotton-3pc-unstitched-dress-material-01-2025-1727-1-1_1.jpg,1960,jacquard weaving,2590,2518.516,0.972
sanganeri-block-print-cotton-3pc-unstitched-dress-material-04-2025-1694-1-4_1.jpg,1924,sanganeri block printing,2690,3114.324,1.158
sanganeri-block-print-cotton-3pc-unstitched-dress-material-03-2025-1694-1-3_1.jpg,1924,sanganeri block printing,2690,3100.859,1.153
hand-block-bagh-print-natural-dyed-kota-doria-cotton-3pc-unstitched-dress-material-13-2025-1693-1-13_1.jpg,1937,bagh block printing,5890,4171.051,0.708
hand-block-bagh-print-natural-dyed-kota-doria-cotton-3pc-unstitched-dress-material-12-2025-1693-1-12_1.jpg,1937,bagh block printing,5890,4658.969,0.791
hand-block-bagh-print-natural-dyed-kota-doria-cotton-3pc-unstitched-dress-material-02-2025-1693-1-2_1.jpg,1937,bagh block printing,5890,4681.772,0.795
sanganeri-hand-block-print-cotton-3pc-unstitched-dress-material-65-2025-1622-1-65_1.jpg,1924,sanganeri block printing,3950,3293.132,0.834
sanganeri-hand-block-print-cotton-3pc-unstitched-dress-material-56-2025-1622-1-56_1.jpg,1924,sanganeri block printing,3950,3297.74,0.835
sanganeri-hand-block-print-cotton-3pc-unstitched-dress-material-50-2025-1622-1-50_1.jpg,1924,sanganeri block printing,5190,3294.201,0.635
sanganeri-hand-block-print-cotton-3pc-unstitched-dress-material-47-2025-1622-1-47_1.jpg,1924,sanganeri block printing,5190,3335.29,0.643
sanganeri-hand-block-print-cotton-3pc-unstitched-dress-material-46-2025-1622-1-46_1.jpg,1924,sanganeri block printing,5190,3285.056,0.633
sanganeri-hand-block-print-cotton-3pc-unstitched-dress-material-44-2025-1622-1-44_1.jpg,1924,sanganeri block printing,5190,3289.522,0.634
sanganeri-hand-block-print-cotton-3pc-unstitched-dress-material-43-2025-1622-1-43_1.jpg,1924,sanganeri block printing,5190,3270.019,0.63
sanganeri-hand-block-print-cotton-3pc-unstitched-dress-material-41-2025-1622-1-41_1.jpg,1924,sanganeri block printing,5190,3267.137,0.63
sanganeri-hand-block-print-cotton-3pc-unstitched-dress-material-40-2025-1622-1-40_1.jpg,1924,sanganeri block printing,5190,3322.331,0.64
sanganeri-hand-block-print-cotton-3pc-unstitched-dress-material-39-2025-1622-1-39_1.jpg,1924,sanganeri block printing,5190,3256.685,0.627
sanganeri-hand-block-print-cotton-3pc-unstitched-dress-material-38-2025-1622-1-38_1.jpg,1924,sanganeri block printing,5190,3282.304,0.632
hand-block-jaipur-print-maheshwari-silk-handloom-3pc-unstitched-dress-material-27-2025-1622-1-27_1.jpg,1971,jaipur printing,8490,7279.307,0.857
hand-block-jaipur-print-maheshwari-silk-handloom-3pc-unstitched-dress-material-19-2025-1622-1-19_1.jpg,1971,jaipur printing,8490,7272.355,0.857
sanganeri-block-print-cotton-3pc-unstitched-dress-material-01-2025-1694-1-1_1.jpg,1924,sanganeri block printing,2690,3142.903,1.168
handloom-chanderi-silk-2pc-unstitched-dress-material-with-jewellery-set-05-2025-1567-7-7_1.jpg,1910,chanderi weaving,7990,8111.697,1.015
handloom-zari-buti-chanderi-silk-2pc-unstitched-dress-material-with-jewellery-set-16-2025-1567-7-16_1.jpg,1910,chanderi weaving,9590,12452.325,1.298
handloom-zari-buti-chanderi-silk-2pc-unstitched-dress-material-with-jewellery-set-03-2025-1567-7-3_1.jpg,1910,chanderi weaving,17990,12350.807,0.687
sanganeri-block-print-cotton-3pc-unstitched-dress-material-37-2025-1622-1-37_1.jpg,1924,sanganeri block printing,5190,3271.955,0.63
hand-block-jaipur-print-maheshwari-silk-handloom-3pc-unstitched-dress-material-15-2025-1622-1-15_1.jpg,1971,jaipur printing,8490,7235.485,0.852
fine-tissue-zari-plain-2pc-unstitched-dress-material-with-jewellery-set-09-2025-1567-7-9_1.jpg,1975,bengal weaving,5900,3564.462,0.604
handloom-chanderi-silk-2pc-unstitched-dress-material-with-jewellery-set-04-2025-1567-7-4_1.jpg,1910,chanderi weaving,8190,7973.752,0.974
handpainted-srikalahasti-pen-kalamkari-silk-cotton-2pc-unstitched-dress-material-with-jewellery-set-18-2025-1567-7-18_1.jpg,1976,srikalahasti penwork kalamkari,7990,9344.997,1.17
sambalpuri-embroidered-cotton-2pc-unstitched-dress-material-with-jewellery-set-30-2025-820-37-30_1.jpg,1977,sambalpuri ikat weaving,3490,4316.263,1.237
handpainted-srikalahasti-pen-kalamkari-chanderi-silk-2pc-unstitched-dress-material-with-earrings-07-2025-1567-5-7_1.jpg,1976,srikalahasti penwork kalamkari,8790,9086.734,1.034
thread-buti-cotton-2pc-unstitched-dress-material-with-jewellery-set-14-2025-1567-4-14_1.jpg,1903,srikakulam jamdani weaving,2990,3281.682,1.098
hand-block-batik-print-cotton-3pc-unstitched-dress-material-82-2025-1600-5-82_1.jpg,1982,batik block printing,2690,2272.157,0.845
hand-block-batik-print-cotton-3pc-unstitched-dress-material-80-2025-1600-5-80_1.jpg,1982,batik block printing,2690,2584.127,0.961
hand-block-batik-print-cotton-3pc-unstitched-dress-material-79-2025-1600-5-79_1.jpg,1982,batik block printing,2690,2366.21,0.88
hand-block-batik-print-cotton-3pc-unstitched-dress-material-78-2025-1600-5-78_1.jpg,1982,batik block printing,2690,2563.468,0.953
hand-block-batik-print-cotton-3pc-unstitched-dress-material-73-2025-1600-5-73_1.jpg,1982,batik block printing,2690,2476.99,0.921
hand-block-batik-print-cotton-3pc-unstitched-dress-material-72-2025-1600-5-72_1.jpg,1982,batik block printing,2690,2578.929,0.959
hand-block-batik-print-cotton-3pc-unstitched-dress-material-69-2025-1600-5-69_1.jpg,1982,batik block printing,2690,2390.405,0.889
hand-block-batik-print-cotton-3pc-unstitched-dress-material-68-2025-1600-5-68_1.jpg,1982,batik block printing,2690,2324.68,0.864
hand-block-batik-print-cotton-3pc-unstitched-dress-material-67-2025-1600-5-67_1.jpg,1982,batik block printing,2690,2514.69,0.935
aari-hand-embroidery-silk-2pc-unstitched-dress-material-26-2025-1591-1-26_1.jpg,1984,kashida embroidery,5690,7285.124,1.28
aari-hand-embroidery-silk-2pc-unstitched-dress-material-24-2025-1591-1-24_1.jpg,1984,kashida embroidery,5690,7279.577,1.279
aari-hand-embroidery-cotton-2pc-unstitched-dress-material-21-2025-1591-1-21_1.jpg,1984,kashida embroidery,5690,4844.433,0.851
aari-hand-embroidery-cotton-2pc-unstitched-dress-material-17-2025-1591-1-17_1.jpg,1984,kashida embroidery,3250,4688.735,1.443
aari-hand-embroidery-cotton-2pc-unstitched-dress-material-12-2025-1591-1-12_1.jpg,1984,kashida embroidery,3690,4911.687,1.331
kota-doria-cotton-hand-block-sanganeri-print-3pc-unstitched-dress-material-62-2025-1600-1-62_1.jpg,1924,sanganeri block printing,3790,3164.284,0.835
kota-doria-cotton-hand-block-sanganeri-print-3pc-unstitched-dress-material-61-2025-1600-1-61_1.jpg,1924,sanganeri block printing,3790,3144.418,0.83
kota-doria-cotton-hand-block-sanganeri-print-3pc-unstitched-dress-material-58-2025-1600-1-58_1.jpg,1924,sanganeri block printing,3790,3112.29,0.821
kota-doria-cotton-hand-block-sanganeri-print-3pc-unstitched-dress-material-57-2025-1600-1-57_1.jpg,1924,sanganeri block printing,3790,3112.29,0.821
kota-doria-cotton-hand-block-sanganeri-print-3pc-unstitched-dress-material-54-2025-1600-1-54_1.jpg,1924,sanganeri block printing,3790,3157.225,0.833
kota-doria-cotton-hand-block-sanganeri-print-3pc-unstitched-dress-material-52-2025-1600-1-52_1.jpg,1924,sanganeri block printing,3790,3198.387,0.844
kota-doria-cotton-hand-block-sanganeri-print-3pc-unstitched-dress-material-48-2025-1600-1-48_1.jpg,1924,sanganeri block printing,3790,3219.156,0.849
kota-doria-cotton-hand-block-sanganeri-print-3pc-unstitched-dress-material-47-2025-1600-1-47_1.jpg,1924,sanganeri block printing,3790,3172.527,0.837
kota-doria-cotton-hand-block-sanganeri-print-3pc-unstitched-dress-material-43-2025-1600-1-43_1.jpg,1924,sanganeri block printing,3790,3182.401,0.84
kota-doria-cotton-hand-block-sanganeri-print-3pc-unstitched-dress-material-40-2025-1600-1-40_1.jpg,1924,sanganeri block printing,3790,3204.163,0.845
kota-doria-cotton-hand-block-sanganeri-print-3pc-unstitched-dress-material-38-2025-1600-1-38_1.jpg,1924,sanganeri block printing,3790,3142.144,0.829
kota-doria-cotton-hand-block-sanganeri-print-3pc-unstitched-dress-material-36-2025-1600-1-36_1.jpg,1924,sanganeri block printing,3790,3166.732,0.836
chanderi-silk-shibori-tie-dye-3pc-unstitched-dress-material-05-2025-1600-2-5_1.jpg,1989,shibori tie dye,3990,4063.95,1.019
chanderi-silk-shibori-tie-dye-3pc-unstitched-dress-material-04-2025-1600-2-4_1.jpg,1989,shibori tie dye,3990,3921.495,0.983
chanderi-silk-shibori-tie-dye-3pc-unstitched-dress-material-03-2025-1600-2-3_1.jpg,1989,shibori tie dye,3990,4256.5,1.067
maheshwari-silk-hand-block-jaipur-print-3pc-unstitched-dress-material-42-2025-1600-3-42_1.jpg,1971,jaipur printing,4890,4970.892,1.017
hand-block-print-sanganeri-cotton-3pc-unstitched-dress-material-61-2025-1600-4-61_1.jpg,1924,sanganeri block printing,2890,3567.726,1.235
hand-block-print-sanganeri-cotton-3pc-unstitched-dress-material-58-2025-1600-4-58_1.jpg,1924,sanganeri block printing,2890,3432.882,1.188
hand-block-print-sanganeri-cotton-3pc-unstitched-dress-material-57-2025-1600-4-57_1.jpg,1924,sanganeri block printing,2890,3531.306,1.222
hand-block-print-sanganeri-cotton-3pc-unstitched-dress-material-56-2025-1600-4-56_1.jpg,1924,sanganeri block printing,2890,3334.423,1.154
hand-block-print-sanganeri-cotton-3pc-unstitched-dress-material-55-2025-1600-4-55_1.jpg,1924,sanganeri block printing,2890,3332.722,1.153
hand-block-print-sanganeri-cotton-3pc-unstitched-dress-material-53-2025-1600-4-53_1.jpg,1924,sanganeri block printing,2890,3452.35,1.195
hand-block-print-sanganeri-cotton-3pc-unstitched-dress-material-52-2025-1600-4-52_1.jpg,1924,sanganeri block printing,2890,3424.023,1.185
hand-block-print-sanganeri-cotton-3pc-unstitched-dress-material-50-2025-1600-4-50_1.jpg,1924,sanganeri block printing,2890,3351.342,1.16
hand-block-print-sanganeri-cotton-3pc-unstitched-dress-material-49-2025-1600-4-49_1.jpg,1924,sanganeri block printing,3150,3441.742,1.093
hand-block-print-sanganeri-cotton-3pc-unstitched-dress-material-47-2025-1600-4-47_1.jpg,1924,sanganeri block printing,2890,3438.641,1.19
hand-block-print-sanganeri-cotton-3pc-unstitched-dress-material-46-2025-1600-4-46_1.jpg,1924,sanganeri block printing,2890,3556.494,1.231
hand-block-print-sanganeri-cotton-3pc-unstitched-dress-material-44-2025-1600-4-44_1.jpg,1924,sanganeri block printing,2890,3425.212,1.185
hand-block-print-sanganeri-cotton-3pc-unstitched-dress-material-41-2025-1600-4-41_1.jpg,1924,sanganeri block printing,2890,3396.449,1.175
hand-block-print-sanganeri-cotton-3pc-unstitched-dress-material-39-2025-1600-4-39_1.jpg,1924,sanganeri block printing,2890,3315.356,1.147
hand-block-print-sanganeri-cotton-3pc-unstitched-dress-material-37-2025-1600-4-37_1.jpg,1924,sanganeri block printing,2890,3406.967,1.179
hand-block-print-sanganeri-cotton-3pc-unstitched-dress-material-36-2025-1600-4-36_1.jpg,1924,sanganeri block printing,2890,3386.955,1.172
hand-block-print-sanganeri-cotton-3pc-unstitched-dress-material-35-2025-1600-4-35_1.jpg,1924,sanganeri block printing,2890,3431.124,1.187
hand-block-print-sanganeri-cotton-3pc-unstitched-dress-material-38-2025-1600-4-38_1.jpg,1924,sanganeri block printing,2890,3417.76,1.183
hand-block-print-sanganeri-cotton-3pc-unstitched-dress-material-31-2025-1600-4-31_1.jpg,1924,sanganeri block printing,2890,3341.519,1.156
bagh-hand-block-print-natural-dyed-kota-doria-cotton-3pc-unstitched-dress-material-37-2025-1578-2-37_1.jpg,1937,bagh block printing,5890,4341.745,0.737
bagh-hand-block-print-natural-dyed-kota-doria-cotton-3pc-unstitched-dress-material-33-2025-1578-2-33_1.jpg,1937,bagh block printing,5890,4807.792,0.816
bagh-hand-block-print-natural-dyed-kota-doria-cotton-3pc-unstitched-dress-material-32-2025-1578-2-32_1.jpg,1937,bagh block printing,5890,4348.763,0.738
bagh-hand-block-print-natural-dyed-kota-doria-cotton-3pc-unstitched-dress-material-29-2025-1578-2-29_1.jpg,1937,bagh block printing,5890,4405.816,0.748
bagh-hand-block-print-natural-dyed-kota-doria-cotton-3pc-unstitched-dress-material-28-2025-1578-2-28_1.jpg,1937,bagh block printing,5890,4438.922,0.754
bagh-hand-block-print-natural-dyed-kota-doria-cotton-3pc-unstitched-dress-material-17-2025-1578-2-17_1.jpg,1937,bagh block printing,5890,4367.998,0.742
bagh-hand-block-print-natural-dyed-kota-doria-cotton-3pc-unstitched-dress-material-09-2025-1578-2-9_1.jpg,1937,bagh block printing,5890,4415.9,0.75
bagh-hand-block-print-natural-dyed-kota-doria-cotton-3pc-unstitched-dress-material-08-2025-1578-2-8_1.jpg,1937,bagh block printing,5890,4350.923,0.739
bagh-hand-block-print-natural-dyed-kota-doria-cotton-3pc-unstitched-dress-material-07-2025-1578-2-7_1.jpg,1937,bagh block printing,5890,4458.036,0.757
bagh-hand-block-print-natural-dyed-kota-doria-cotton-3pc-unstitched-dress-material-06-2025-1578-2-6_1.jpg,1937,bagh block printing,5890,4692.731,0.797
bagh-hand-block-print-natural-dyed-kota-doria-cotton-3pc-unstitched-dress-material-04-2025-1578-2-4_1.jpg,1937,bagh block printing,5890,4352.002,0.739
bagh-hand-block-print-natural-dyed-kota-doria-cotton-3pc-unstitched-dress-material-03-2025-1578-2-3_1.jpg,1937,bagh block printing,5890,4452.333,0.756
bagh-hand-block-print-natural-dyed-kota-doria-cotton-3pc-unstitched-dress-material-02-2025-1578-2-2_1.jpg,1937,bagh block printing,5890,4854.181,0.824
kota-doria-cotton-hand-block-sanganeri-print-3pc-unstitched-dress-material-35-2025-1600-1-35_1.jpg,1924,sanganeri block printing,3790,3160.257,0.834
thread-buti-cotton-2pc-unstitched-dress-material-with-jewellery-set-16-2025-820-37-16_1.jpg,1903,srikakulam jamdani weaving,3290,3114.0,0.947
sambalpuri-embroidered-cotton-2pc-unstitched-dress-material-with-jewellery-set-18-2025-820-37-18_1.jpg,1977,sambalpuri ikat weaving,3590,4062.193,1.132
bagh-hand-block-print-natural-dyed-kota-doria-cotton-3pc-unstitched-dress-material-01-2025-1578-2-1_1.jpg,1937,bagh block printing,5890,4352.833,0.739
natural-dyed-ajrakh-bagru-dabu-hand-block-print-cotton-2pc-unstitched-dress-material-24-2025-820-23-24_1.jpg,1993,bagru block printing,3690,2048.977,0.555
hand-block-sanganeri-print-cotton-3pc-unstitched-dress-material-14-2025-1463-3-14_1.jpg,1998,sanganeri block printing,2690,2757.993,1.025
hand-block-sanganeri-print-cotton-3pc-unstitched-dress-material-13-2025-1463-3-13_1.jpg,1998,sanganeri block printing,2690,2699.525,1.004
hand-block-sanganeri-print-cotton-3pc-unstitched-dress-material-08-2025-1463-3-8_1.jpg,1998,sanganeri block printing,2690,2756.497,1.025
hand-block-sanganeri-print-cotton-3pc-unstitched-dress-material-05-2025-1463-3-5_1.jpg,1998,sanganeri block printing,2690,2758.401,1.025
hand-block-sanganeri-print-cotton-3pc-unstitched-dress-material-03-2025-1463-3-3_1.jpg,1998,sanganeri block printing,2690,2770.169,1.03
hand-block-sanganeri-print-linen-3pc-unstitched-dress-material-08-2025-1463-5-8_1.jpg,1998,sanganeri block printing,3590,5015.918,1.397
hand-block-sanganeri-print-linen-3pc-unstitched-dress-material-04-2025-1463-5-4_1.jpg,1998,sanganeri block printing,3590,5038.163,1.403
hand-block-sanganeri-print-linen-3pc-unstitched-dress-material-01-2025-1463-5-1_1.jpg,1998,sanganeri block printing,3590,5067.187,1.411
hand-block-sanganeri-print-cotton-3pc-unstitched-dress-material-01-2025-1463-3-1_1.jpg,1998,sanganeri block printing,2690,2785.981,1.036
handloom-pochampally-central-asian-ikat-cotton-2pc-unstitched-dress-material-with-jewellery-set-10-2025-820-24-10_1.jpg,2002,pochampally ikat weaving,6490,13494.444,2.079
pink-kota-doria-cotton-chikankari-hand-embroidered-2pc-unstitched-dress-material-04-2025-1361-1-4_1.jpg,2006,lucknowi chikankari,8990,8839.092,0.983
pink-kota-doria-cotton-chikankari-hand-embroidered-2pc-unstitched-dress-material-03-2025-1361-1-3_1.jpg,2006,lucknowi chikankari,8990,8825.803,0.982
pink-kota-doria-cotton-chikankari-hand-embroidered-2pc-unstitched-dress-material-02-2025-1361-1-2_1.jpg,2006,lucknowi chikankari,8990,8906.282,0.991
kota-doria-cotton-chikankari-hand-embroidered-2pc-unstitched-dress-material-01-2025-1361-1-1_1.jpg,2006,lucknowi chikankari,8990,8841.708,0.984
natural-dyed-bagru-block-print-chanderi-silk-3pc-unstitched-dress-material-37-2025-1273-1-37_1.jpg,1932,bagru block printing,4490,5681.756,1.265
natural-dyed-bagru-block-print-chanderi-silk-3pc-unstitched-dress-material-35-2025-1273-1-35_1.jpg,1932,bagru block printing,4490,5743.735,1.279
natural-dyed-bagru-block-print-chanderi-silk-3pc-unstitched-dress-material-30-2025-1273-1-30_1.jpg,1932,bagru block printing,4490,5907.092,1.316
natural-dyed-bagru-block-print-chanderi-silk-3pc-unstitched-dress-material-28-2025-1273-1-28_1.jpg,1932,bagru block printing,4490,5728.052,1.276
handloom-sico-pochampally-ikat-2pc-unstitched-dress-material-15-2025-1263-1-15_1.jpg,2012,pochampally ikat weaving,9450,8928.46,0.945
handloom-mulberry-silk-pochampally-ikat-2pc-unstitched-dress-material-05-2025-1263-1-5_1.jpg,2012,pochampally ikat weaving,15990,14055.302,0.879
handloom-sico-pochampally-ikat-2pc-unstitched-dress-material-32-2025-1192-1-32_1.jpg,2012,pochampally ikat weaving,12990,8988.702,0.692
handloom-sico-pochampally-ikat-2pc-unstitched-dress-material-30-2025-1192-1-30_1.jpg,2012,pochampally ikat weaving,12990,9447.736,0.727
handloom-sico-pochampally-ikat-2pc-unstitched-dress-material-25-2025-1192-1-25_1.jpg,2012,pochampally ikat weaving,12990,9368.911,0.721
handloom-sico-pochampally-ikat-2pc-unstitched-dress-material-22-2025-1192-1-22_1.jpg,2012,pochampally ikat weaving,12990,9294.843,0.716
handloom-sico-pochampally-ikat-2pc-unstitched-dress-material-19-2025-1192-1-19_1.jpg,2012,pochampally ikat weaving,10990,8346.055,0.759
handloom-sico-pochampally-ikat-2pc-unstitched-dress-material-18-2025-1192-1-18_1.jpg,2012,pochampally ikat weaving,10990,8447.583,0.769
handloom-sico-pochampally-ikat-2pc-unstitched-dress-material-15-2025-1192-1-15_1.jpg,2012,pochampally ikat weaving,10990,8458.406,0.77
handloom-sico-pochampally-ikat-2pc-unstitched-dress-material-07-2025-1192-1-7_1.jpg,2012,pochampally ikat weaving,10990,8306.079,0.756
handloom-sico-pochampally-ikat-2pc-unstitched-dress-material-06-2025-1192-1-6_1.jpg,2012,pochampally ikat weaving,10990,8427.953,0.767
2pc-handloom-cotton-unstitched-mangalagiri-dress-material-with-jewellery-set-05-2025-820-2-5_1.jpg,2027,mangalagiri weaving,4190,4416.143,1.054
2pc-handloom-cotton-unstitched-mangalagiri-dress-material-with-jewellery-set-04-2025-820-2-4_1.jpg,2027,mangalagiri weaving,4190,4441.025,1.06
3pc-cotton-hand-block-sanganeri-print-unstitched-dress-material-04-2025-905-1-4_1.jpg,2036,sanganeri block printing,5190,3583.575,0.69
2pc-cotton-unstitched-jacquard-dress-material-with-jewellery-set-10-2025-638-5-10_1.jpg,2040,jacquard weaving,2490,3917.393,1.573
2pc-cotton-unstitched-jacquard-dress-material-with-jewellery-set-06-2025-638-5-6_1.jpg,2040,jacquard weaving,2490,3708.335,1.489
2pc-cotton-unstitched-jacquard-dress-material-with-jewellery-set-24-2025-638-1-24_1.jpg,2040,jacquard weaving,2290,2672.822,1.167
2pc-cotton-unstitched-jacquard-dress-material-with-jewellery-set-19-2025-638-1-19_1.jpg,2040,jacquard weaving,2290,2676.041,1.169
2pc-cotton-unstitched-pochampally-ikat-dress-material-02-2025-638-2-2_1.jpg,2040,pochampally ikat weaving,3690,2793.603,0.757
2pc-cotton-unstitched-pochampally-ikat-dress-material-with-jewellery-set-11-2025-638-4-11_1.jpg,2040,pochampally ikat weaving,2490,3649.73,1.466
2pc-cotton-unstitched-pochampally-double-ikat-dress-material-with-jewellery-set-09-2025-638-4-9_1.jpg,2043,pochampally ikat weaving,2490,3092.201,1.242
2pc-unstitched-handloom-sico-pochampally-ikat-dress-material-26-2025-759-1-26_1.jpg,2012,pochampally ikat weaving,9450,8589.389,0.909
2pc-unstitched-handloom-sico-pochampally-ikat-dress-material-20-2025-759-1-20_1.jpg,2012,pochampally ikat weaving,9450,8598.919,0.91
2pc-unstitched-handloom-sico-pochampally-ikat-dress-material-18-2025-759-1-18_1.jpg,2012,pochampally ikat weaving,9450,8641.468,0.914
2pc-unstitched-handloom-sico-pochampally-ikat-dress-material-14-2025-759-1-15_1.jpg,2012,pochampally ikat weaving,9450,8287.518,0.877
2pc-unstitched-handloom-sico-pochampally-ikat-dress-material-05-2025-759-1-5_1.jpg,2012,pochampally ikat weaving,9450,8619.237,0.912
2pc-unstitched-handloom-sico-pochampally-ikat-dress-material-03-2025-759-1-3_1.jpg,2012,pochampally ikat weaving,9450,8628.64,0.913
2pc-unstitched-handloom-sico-pochampally-ikat-dress-material-01-2025-759-1-1_1.jpg,2012,pochampally ikat weaving,9450,8642.611,0.915
3pc-handloom-cotton-unstitched-sambalpuri-dress-material-03-2025-716-2-3_1.jpg,2045,sambalpuri ikat weaving,3990,3231.503,0.81
3pc-handloom-cotton-unstitched-sambalpuri-dress-material-21-2025-760-1-21_1.jpg,2046,sambalpuri ikat weaving,3990,2795.219,0.701
3pc-block-print-cotton-unstitched-mangalagiri-dress-material-33-2025-636-1-33_1.jpg,2047,mangalagiri weaving,4800,2245.704,0.468
3pc-handloom-cotton-unstitched-sambalpuri-dress-material-01-2025-716-2-1_1.jpg,2045,sambalpuri ikat weaving,3990,3287.746,0.824
3pc-unstitched-mangalagiri-dress-material-with-jewellery-set-35-2025-267-6-35_1.jpg,2027,mangalagiri weaving,5290,5411.39,1.023
3pc-unstitched-maniabandha-ikat-dress-material-with-jewellery-set-22-2025-411-7-22_1.jpg,2053,other,4290,5113.189,1.192
3pc-unstitched-maniabandha-ikat-dress-material-with-jewellery-set-20-2025-411-7-20_1.jpg,2053,other,4190,4922.023,1.175
3pc-unstitched-maniabandha-ikat-dress-material-with-jewellery-set-14-2025-411-7-14_1.jpg,2053,other,4190,5167.963,1.233
2pc-unstitched-mangalagiri-dress-material-with-jewellery-set-27-2025-267-6-27_1.jpg,2027,mangalagiri weaving,4590,4181.448,0.911
3pc-unstitched-maniabandha-ikat-dress-material-with-jewellery-set-11-2025-411-7-11_1.jpg,2053,other,4290,4889.689,1.14
2pc-unstitched-handloom-sico-pochampally-ikat-dress-material-09-2025-583-1-9_1.jpg,2012,pochampally ikat weaving,10990,8175.87,0.744
2pc-mul-chanderi-unstitched-chikankari-dress-material-14-2025-535-1-14_1.jpg,2062,lucknowi chikankari,8490,11461.871,1.35
2pc-mul-chanderi-unstitched-chikankari-dress-material-05-2025-535-1-5_1.jpg,2062,lucknowi chikankari,8490,11394.209,1.342
2pc-mul-chanderi-unstitched-chikankari-dress-material-04-2025-535-1-4_1.jpg,2062,lucknowi chikankari,8490,11350.357,1.337
2pc-mul-chanderi-unstitched-chikankari-dress-material-03-2025-535-1-3_1.jpg,2062,lucknowi chikankari,8490,11274.026,1.328
2pc-mul-chanderi-unstitched-chikankari-dress-material-02-2025-535-1-2_1.jpg,2062,lucknowi chikankari,8490,11464.974,1.35
3pc-natural-dyed-maheshwari-silk-unstitched-vanaspati-jahota-dress-material-21-2025-517-1-21_1.jpg,2063,other,7290,4544.779,0.623
3pc-natural-dyed-maheshwari-silk-unstitched-vanaspati-jahota-dress-material-18-2025-517-1-18_1.jpg,2063,other,7290,4510.626,0.619
3pc-natural-dyed-maheshwari-silk-unstitched-vanaspati-jahota-dress-material-17-2025-517-1-17_1.jpg,2063,other,7290,4527.658,0.621
3pc-natural-dyed-maheshwari-silk-unstitched-vanaspati-jahota-dress-material-15-2025-517-1-15_1.jpg,2063,other,7290,4575.231,0.628
3pc-natural-dyed-maheshwari-silk-unstitched-vanaspati-jahota-dress-material-14-2025-517-1-14_1.jpg,2063,other,7290,4538.643,0.623
3pc-natural-dyed-unstitched-vanaspati-jahota-dress-material-12-2025-517-1-12_1.jpg,2063,other,7290,4586.88,0.629
3pc-cotton-hand-batik-print-unstitched-dress-material-12-2025-272-1-12_1.jpg,1933,batik block printing,3290,2399.483,0.729
3pc-cotton-hand-batik-print-unstitched-dress-material-04-2025-272-1-4_1.jpg,1933,batik block printing,3290,2437.396,0.741
3pc-cotton-bagh-print-dress-material-13-2025-167-1-13_1.jpg,2076,screen printing,2990,2257.687,0.755
3pc-cotton-bagh-print-dress-material-10-2025-167-1-10_1.jpg,2076,screen printing,2990,2287.808,0.765
3pc-cotton-bagh-print-dress-material-09-2025-167-1-9_1.jpg,2076,screen printing,2990,2258.636,0.755
3pc-cotton-bagh-print-dress-material-07-2025-167-1-7_1.jpg,2076,screen printing,2990,2357.43,0.788
3pc-cotton-jaipur-print-dress-material-18-2024-1722-1-18_1.jpg,2089,jaipur printing,2800,2231.314,0.797
3pc-tie-dye-satin-cotton-bandhani-dress-material-69-2024-1667-1-69_1.jpg,2090,bandhani tie dye,2690,3618.379,1.345
3pc-tie-dye-satin-cotton-bandhani-dress-material-45-2024-1667-1-45_1.jpg,2090,bandhani tie dye,2690,3441.666,1.279
3pc-tie-dye-satin-cotton-bandhani-dress-material-43-2024-1667-1-43_1.jpg,2090,bandhani tie dye,2690,3771.57,1.402
3pc-pitta-work-kota-doria-silk-unstitched-dress-material-suit-set-02-2024-446-1-2_1.jpg,2099,kota doria weaving,6490,5958.837,0.918
3pc-modal-silk-bagh-print-suit-material-set-09-2024-1080-1-9_1.jpg,2105,bagh block printing,8990,5832.369,0.649
2024-860-1-42-3pc-satin-cotton-kutch-bandhani-dress-material-42_1.jpg,2108,bandhani tie dye,2690,3117.933,1.159
2024-616-1-6-3pc-kutch-handloom-organic-kala-cotton-suit-material-set-06_1.jpg,2112,kutch weaving,8400,6793.808,0.809
2024-616-1-4-3pc-kutch-handloom-organic-kala-cotton-suit-material-set-04_1.jpg,2112,kutch weaving,8400,5653.54,0.673
2024-616-1-3-3pc-kutch-handloom-organic-kala-cotton-suit-material-set-03_1.jpg,2112,kutch weaving,8400,6766.013,0.805
2022-833-1-4-purple-3pc-kota-doria-silk-dress-material-with-pitta-work_1.jpg,2099,kota doria weaving,6490,5847.049,0.901
573504-79-3pc-handloom-chanderi-silk-zari-buti-suit-material-set_1.jpg,1737,chanderi weaving,7290,5956.083,0.817
573504-77-3pc-handloom-chanderi-silk-zari-buti-suit-material-set_1.jpg,1737,chanderi weaving,7290,7526.639,1.032
573504-61-2pc-handloom-chanderi-silk-zari-buti-suit-material-set_1.jpg,1737,chanderi weaving,7590,5689.025,0.75
573504-56-2pc-handloom-chanderi-silk-zari-buti-suit-material-set_1.jpg,1737,chanderi weaving,5890,6186.928,1.05
573504-52-2pc-handloom-chanderi-silk-zari-buti-suit-material-set_1.jpg,1737,chanderi weaving,5890,5753.415,0.977
573504-51-2pc-handloom-chanderi-silk-zari-buti-suit-material-set_1.jpg,1737,chanderi weaving,5890,5679.455,0.964
573504-33-2pc-handloom-chanderi-silk-zari-buti-suit-material-set_1.jpg,1737,chanderi weaving,7590,6001.909,0.791
chanderi-silk-handloom-zari-buti-3pc-unstitched-dress-material-suit-set-03-2022-202-1-16_1.jpg,2141,chanderi weaving,7690,11778.411,1.532
2022-202-1-12-2pc-chanderi-silk-handloom-flower-zari-buta-suit-material-set_1.jpg,1737,chanderi weaving,6190,7380.986,1.192
2022-142-1-48-3pc-hand-block-printed-cotton-suit-material-set_1.jpg,2144,other,2590,3370.924,1.302
pure-handloom-tussar-silk-sanganeri-block-print-unstitched-dress-material-kurta-with-dupatta-09-2026-698-1-9_1.jpg,2145,sanganeri block printing,10490,9909.355,0.945
pure-handloom-tussar-silk-hand-block-print-unstitched-dress-material-kurta-with-dupatta-10-2026-698-1-10_1.jpg,2145,other,10490,11420.173,1.089
pure-handloom-tussar-silk-hand-block-print-unstitched-dress-material-kurta-with-dupatta-06-2026-698-1-6_1.jpg,2145,other,10490,11305.879,1.078
pochampally-ikat-cotton-unstitched-dress-material-kurta-dupatta-with-earrings-09-2026-079-25-9_1.jpg,2147,pochampally ikat weaving,2290,2323.907,1.015
bandhani-cotton-unstitched-dress-material-kurta-dupatta-with-earrings-13-2026-079-25-13_1.jpg,2148,bandhani tie dye,2590,2245.803,0.867
bandhani-cotton-unstitched-dress-material-kurta-dupatta-with-earrings-12-2026-079-25-12_1.jpg,2148,bandhani tie dye,2990,2205.578,0.738
pure-handloom-tussar-silk-sanganeri-block-print-unstitched-dress-material-kurta-with-dupatta-04-2026-698-1-4_1.jpg,2145,sanganeri block printing,10490,9836.317,0.938
hand-block-print-pure-handloom-tussar-silk-unstitched-dress-material-kurta-with-dupatta-02-2026-698-1-2_1.jpg,2145,other,10490,11431.857,1.09
lucknowi-chikankari-heavy-sequin-beadwork-organza-silk-unstitched-dress-material-kurta-with-dupatta-21-2026-731-2-21_1.jpg,2151,lucknowi chikankari,24990,21426.91,0.857
lucknowi-chikankari-beadwork-mul-chanderi-unstitched-dress-material-kurta-bottom-dupatta-13-2026-731-2-13_1.jpg,2151,lucknowi chikankari,22690,13479.939,0.594
lucknowi-chikankari-beadwork-mul-chanderi-unstitched-dress-material-kurta-bottom-dupatta-12-2026-731-2-12_1.jpg,2151,lucknowi chikankari,22690,13825.493,0.609
lucknowi-chikankari-beadwork-mul-chanderi-unstitched-dress-material-kurta-bottom-dupatta-11-2026-731-2-11_1.jpg,2151,lucknowi chikankari,22690,13677.195,0.603
lucknowi-chikankari-beadwork-mul-chanderi-unstitched-dress-material-kurta-bottom-dupatta-10-2026-731-2-10_1.jpg,2151,lucknowi chikankari,22690,13658.675,0.602
lucknowi-chikankari-mukaish-work-mul-chanderi-unstitched-dress-material-kurta-bottom-dupatta-08-2026-731-2-8_1.jpg,2151,lucknowi chikankari,17990,14659.927,0.815
lucknowi-chikankari-mukaish-work-mul-chanderi-unstitched-dress-material-kurta-bottom-dupatta-07-2026-731-2-7_1.jpg,2151,lucknowi chikankari,17990,14617.599,0.813
lucknowi-chikankari-mukaish-work-mul-chanderi-unstitched-dress-material-kurta-bottom-dupatta-06-2026-731-2-6_1.jpg,2151,lucknowi chikankari,17990,14637.523,0.814
lucknowi-chikankari-mukaish-work-mul-chanderi-unstitched-dress-material-kurta-bottom-dupatta-02-2026-731-2-2_1.jpg,2151,lucknowi chikankari,15990,14774.667,0.924
lucknowi-chikankari-heavy-sequin-beadwork-organza-silk-unstitched-dress-material-kurta-with-dupatta-20-2026-731-2-20_1.jpg,2151,lucknowi chikankari,24990,21510.061,0.861
lucknowi-chikankari-mukaish-work-organza-silk-unstitched-dress-material-kurta-with-dupatta-19-2026-731-2-19_1.jpg,2151,lucknowi chikankari,21490,18452.109,0.859
lucknowi-chikankari-beadwork-mul-chanderi-unstitched-dress-material-kurta-bottom-dupatta-09-2026-731-2-9_1.jpg,2151,lucknowi chikankari,22690,13666.593,0.602
lucknowi-chikankari-heavy-sequin-beadwork-mul-chanderi-unstitched-dress-material-kurta-bottom-dupatta-03-2026-731-2-3_1.jpg,2151,lucknowi chikankari,15990,17180.014,1.074
lucknowi-chikankari-mukaish-work-mul-chanderi-unstitched-dress-material-kurta-bottom-dupatta-01-2026-731-2-1_1.jpg,2151,lucknowi chikankari,15990,14669.742,0.917
bandhani-modal-silk-nakshi-zari-work-unstitched-dress-material-set-kurta-bottom-dupatta-06-2026-703-1-6_1.jpg,2153,bandhani tie dye,9990,16325.304,1.634
bandhani-modal-silk-nakshi-zari-work-unstitched-dress-material-set-kurta-bottom-dupatta-05-2026-703-1-5_1.jpg,2153,bandhani tie dye,9990,16112.952,1.613
bandhani-modal-silk-nakshi-zari-work-unstitched-dress-material-set-kurta-bottom-dupatta-04-2026-703-1-4_1.jpg,2153,bandhani tie dye,9990,16017.634,1.603
bandhani-modal-silk-nakshi-zari-work-unstitched-dress-material-set-kurta-bottom-dupatta-03-2026-703-1-3_1.jpg,2153,bandhani tie dye,9990,16284.912,1.63
bandhani-modal-silk-nakshi-zari-work-unstitched-dress-material-set-kurta-bottom-dupatta-02-2026-703-1-2_1.jpg,2153,bandhani tie dye,9990,16584.987,1.66
bandhani-cotton-2pc-unstitched-dress-material-kurta-set-with-jewellery-09-2026-079-30-9_1.jpg,2148,bandhani tie dye,3990,3666.571,0.919
bandhani-cotton-2pc-unstitched-dress-material-kurta-set-with-jewellery-08-2026-079-30-8_1.jpg,2148,bandhani tie dye,3990,3640.928,0.913
bandhani-cotton-2pc-unstitched-dress-material-kurta-set-with-jewellery-07-2026-079-30-7_1.jpg,2148,bandhani tie dye,3990,3630.446,0.91
bandhani-cotton-2pc-unstitched-dress-material-kurta-set-with-jewellery-05-2026-079-30-5_1.jpg,2148,bandhani tie dye,3190,5127.047,1.607
bandhani-cotton-2pc-unstitched-dress-material-kurta-set-with-jewellery-03-2026-079-30-3_1.jpg,2148,bandhani tie dye,3190,5171.783,1.621
bandhani-cotton-2pc-unstitched-dress-material-kurta-set-with-jewellery-06-2026-079-30-6_1.jpg,2148,bandhani tie dye,3990,3635.29,0.911
bandhani-cotton-2pc-unstitched-dress-material-kurta-set-with-jewellery-04-2026-079-30-4_1.jpg,2148,bandhani tie dye,3190,5171.376,1.621
bandhani-cotton-2pc-unstitched-dress-material-kurta-set-with-jewellery-01-2026-079-30-1_1.jpg,2148,bandhani tie dye,3190,5197.905,1.629
bandhani-modal-silk-nakshi-zari-work-unstitched-dress-material-set-kurta-bottom-dupatta-01-2026-703-1-1_1.jpg,2153,bandhani tie dye,9990,16023.253,1.604
bandhani-cotton-2pc-unstitched-dress-material-kurta-set-with-earrings-08-2026-079-26-8_1.jpg,2148,bandhani tie dye,3190,3711.894,1.164
bandhani-cotton-2pc-unstitched-dress-material-kurta-set-with-earrings-07-2026-079-26-7_1.jpg,2148,bandhani tie dye,3190,3700.975,1.16
bandhani-cotton-2pc-unstitched-dress-material-kurta-set-with-earrings-04-2026-079-26-4_1.jpg,2148,bandhani tie dye,3190,3713.14,1.164
bandhani-cotton-2pc-unstitched-dress-material-kurta-set-with-earrings-03-2026-079-26-3_1.jpg,2148,bandhani tie dye,3190,3694.592,1.158
bandhani-cotton-2pc-unstitched-dress-material-kurta-set-with-earrings-01-2026-079-26-1_1.jpg,2148,bandhani tie dye,3190,3714.098,1.164
pochampally-ikat-handloom-sico-2pc-unstitched-dress-material-kurta-set-22-2026-529-1-22_1.jpg,2012,pochampally ikat weaving,10990,10679.282,0.972
pochampally-ikat-handloom-sico-2pc-unstitched-dress-material-kurta-set-21-2026-529-1-21_1.jpg,2012,pochampally ikat weaving,10990,9808.594,0.893
pochampally-ikat-handloom-sico-2pc-unstitched-dress-material-kurta-set-20-2026-529-1-20_1.jpg,2012,pochampally ikat weaving,10990,10388.942,0.945
pochampally-ikat-handloom-sico-2pc-unstitched-dress-material-kurta-set-19-2026-529-1-19_1.jpg,2012,pochampally ikat weaving,10990,10408.725,0.947
pochampally-ikat-handloom-sico-2pc-unstitched-dress-material-kurta-set-18-2026-529-1-18_1.jpg,2012,pochampally ikat weaving,10990,10506.985,0.956
pochampally-ikat-handloom-sico-2pc-unstitched-dress-material-kurta-set-17-2026-529-1-17_1.jpg,2012,pochampally ikat weaving,10990,10439.488,0.95
pochampally-ikat-handloom-sico-2pc-unstitched-dress-material-kurta-set-16-2026-529-1-16_1.jpg,2012,pochampally ikat weaving,10990,9880.345,0.899
pochampally-ikat-handloom-sico-2pc-unstitched-dress-material-kurta-set-15-2026-529-1-15_1.jpg,2012,pochampally ikat weaving,10990,10374.01,0.944
pochampally-ikat-handloom-sico-2pc-unstitched-dress-material-kurta-set-14-2026-529-1-14_1.jpg,2012,pochampally ikat weaving,10990,10292.655,0.937
pochampally-ikat-handloom-sico-2pc-unstitched-dress-material-kurta-set-13-2026-529-1-13_1.jpg,2012,pochampally ikat weaving,10990,10770.755,0.98
pochampally-ikat-handloom-sico-2pc-unstitched-dress-material-kurta-set-10-2026-529-1-10_1.jpg,2012,pochampally ikat weaving,10990,10264.889,0.934
pochampally-ikat-handloom-sico-2pc-unstitched-dress-material-kurta-set-09-2026-529-1-9_1.jpg,2012,pochampally ikat weaving,10990,10284.029,0.936
pochampally-ikat-handloom-sico-2pc-unstitched-dress-material-kurta-set-08-2026-529-1-8_1.jpg,2012,pochampally ikat weaving,10990,10230.886,0.931
pochampally-ikat-handloom-sico-2pc-unstitched-dress-material-kurta-set-07-2026-529-1-7_1.jpg,2012,pochampally ikat weaving,10990,10286.722,0.936
pochampally-ikat-handloom-sico-2pc-unstitched-dress-material-kurta-set-06-2026-529-1-6_1.jpg,2012,pochampally ikat weaving,10990,9597.114,0.873
pochampally-ikat-handloom-sico-2pc-unstitched-dress-material-kurta-set-05-2026-529-1-5_1.jpg,2012,pochampally ikat weaving,10990,10134.745,0.922
pochampally-ikat-handloom-sico-2pc-unstitched-dress-material-kurta-set-04-2026-529-1-4_1.jpg,2012,pochampally ikat weaving,10990,10258.592,0.933
pochampally-ikat-handloom-sico-2pc-unstitched-dress-material-kurta-set-03-2026-529-1-3_1.jpg,2012,pochampally ikat weaving,10990,9732.282,0.886
pochampally-ikat-handloom-sico-2pc-unstitched-dress-material-kurta-set-02-2026-529-1-2_1.jpg,2012,pochampally ikat weaving,10990,10355.984,0.942
madhubani-handpainted-chanderi-silk-2pc-unstitched-dress-material-kurta-set-26-2026-593-1-26_1.jpg,2160,madhubani folk art,8900,9461.219,1.063
madhubani-handpainted-chanderi-silk-2pc-unstitched-dress-material-kurta-set-25-2026-593-1-25_1.jpg,2160,madhubani folk art,8900,9668.186,1.086
madhubani-handpainted-chanderi-silk-2pc-unstitched-dress-material-kurta-set-24-2026-593-1-24_1.jpg,2160,madhubani folk art,8900,9455.903,1.062
madhubani-handpainted-chanderi-silk-2pc-unstitched-dress-material-kurta-set-23-2026-593-1-23_1.jpg,2160,madhubani folk art,8900,9431.869,1.06
madhubani-handpainted-chanderi-silk-2pc-unstitched-dress-material-kurta-set-22-2026-593-1-22_1.jpg,2160,madhubani folk art,8900,9679.462,1.088
madhubani-handpainted-chanderi-silk-2pc-unstitched-dress-material-kurta-set-21-2026-593-1-21_1.jpg,2160,madhubani folk art,8900,9425.737,1.059
madhubani-handpainted-chanderi-silk-2pc-unstitched-dress-material-kurta-set-20-2026-593-1-20_1.jpg,2160,madhubani folk art,8900,9451.285,1.062
madhubani-handpainted-chanderi-silk-2pc-unstitched-dress-material-kurta-set-19-2026-593-1-19_1.jpg,2160,madhubani folk art,8900,9280.706,1.043
madhubani-handpainted-chanderi-silk-2pc-unstitched-dress-material-kurta-set-18-2026-593-1-18_1.jpg,2160,madhubani folk art,8900,9440.889,1.061
madhubani-handpainted-chanderi-silk-2pc-unstitched-dress-material-kurta-set-17-2026-593-1-17_1.jpg,2160,madhubani folk art,8900,9483.387,1.066
madhubani-handpainted-chanderi-silk-2pc-unstitched-dress-material-kurta-set-16-2026-593-1-16_1.jpg,2160,madhubani folk art,8900,9495.439,1.067
madhubani-handpainted-chanderi-silk-2pc-unstitched-dress-material-kurta-set-15-2026-593-1-15_1.jpg,2160,madhubani folk art,8900,9531.434,1.071
madhubani-handpainted-chanderi-silk-2pc-unstitched-dress-material-kurta-set-14-2026-593-1-14_1.jpg,2160,madhubani folk art,8900,9326.605,1.048
madhubani-handpainted-chanderi-silk-2pc-unstitched-dress-material-kurta-set-13-2026-593-1-13_1.jpg,2160,madhubani folk art,8900,9378.086,1.054
madhubani-handpainted-chanderi-silk-2pc-unstitched-dress-material-kurta-set-12-2026-593-1-12_1.jpg,2160,madhubani folk art,8900,9555.337,1.074
madhubani-handpainted-chanderi-silk-2pc-unstitched-dress-material-kurta-set-09-2026-593-1-9_1.jpg,2160,madhubani folk art,8900,9378.187,1.054
madhubani-handpainted-chanderi-silk-2pc-unstitched-dress-material-kurta-set-08-2026-593-1-8_1.jpg,2160,madhubani folk art,8900,9376.318,1.054
madhubani-handpainted-chanderi-silk-2pc-unstitched-dress-material-kurta-set-07-2026-593-1-7_1.jpg,2160,madhubani folk art,8900,9336.182,1.049
madhubani-handpainted-chanderi-silk-2pc-unstitched-dress-material-kurta-set-06-2026-593-1-6_1.jpg,2160,madhubani folk art,8900,9207.99,1.035
madhubani-handpainted-chanderi-silk-2pc-unstitched-dress-material-kurta-set-05-2026-593-1-5_1.jpg,2160,madhubani folk art,8900,9257.786,1.04
madhubani-handpainted-chanderi-silk-2pc-unstitched-dress-material-kurta-set-04-2026-593-1-4_1.jpg,2160,madhubani folk art,8900,9300.755,1.045
madhubani-handpainted-chanderi-silk-2pc-unstitched-dress-material-kurta-set-03-2026-593-1-3_1.jpg,2160,madhubani folk art,8900,9333.752,1.049
madhubani-handpainted-chanderi-silk-2pc-unstitched-dress-material-kurta-set-02-2026-593-1-2_1.jpg,2160,madhubani folk art,8900,9486.005,1.066
madhubani-handpainted-chanderi-silk-2pc-unstitched-dress-material-kurta-set-01-2026-593-1-1_1.jpg,2160,madhubani folk art,8900,9370.209,1.053
mul-chanderi-semi-stitched-mukaish-work-hand-embroidered-2pc-anarkali-chikankari-kurta-set-08-2026-631-1-8_1.jpg,2161,lucknowi chikankari,15990,11945.239,0.747
pochampally-ikat-handloom-sico-2pc-unstitched-dress-material-kurta-set-01-2026-529-1-1_1.jpg,2012,pochampally ikat weaving,10990,10030.662,0.913
handwoven-phulia-jamdani-muslin-silk-2pc-unstitched-dress-material-kurta-set-78-2026-464-1-78_1.jpg,2168,bengal jamdani weaving,6990,9540.659,1.365
handwoven-phulia-jamdani-muslin-silk-2pc-unstitched-dress-material-kurta-set-77-2026-464-1-77_1.jpg,2168,bengal jamdani weaving,6990,9570.464,1.369
handwoven-phulia-jamdani-muslin-silk-2pc-unstitched-dress-material-kurta-set-75-2026-464-1-75_1.jpg,2168,bengal jamdani weaving,6990,9640.751,1.379
handwoven-phulia-jamdani-muslin-silk-2pc-unstitched-dress-material-kurta-set-74-2026-464-1-74_1.jpg,2168,bengal jamdani weaving,6990,9630.232,1.378
handwoven-phulia-jamdani-muslin-silk-2pc-unstitched-dress-material-kurta-set-73-2026-464-1-73_1.jpg,2168,bengal jamdani weaving,6990,9640.751,1.379
handwoven-phulia-jamdani-muslin-silk-2pc-unstitched-dress-material-kurta-set-71-2026-464-1-71_1.jpg,2168,bengal jamdani weaving,6990,9580.001,1.371
handwoven-phulia-jamdani-muslin-silk-2pc-unstitched-dress-material-kurta-set-60-2026-464-1-60_1.jpg,2168,bengal jamdani weaving,7190,9717.068,1.351
handwoven-phulia-jamdani-muslin-silk-2pc-unstitched-dress-material-kurta-set-55-2026-464-1-55_1.jpg,2168,bengal jamdani weaving,7190,9687.04,1.347
handwoven-phulia-jamdani-muslin-silk-2pc-unstitched-dress-material-kurta-set-53-2026-464-1-53_1.jpg,2168,bengal jamdani weaving,7190,9734.916,1.354
handwoven-phulia-jamdani-muslin-silk-2pc-unstitched-dress-material-kurta-set-42-2026-464-1-42_1.jpg,2168,bengal jamdani weaving,6990,9607.59,1.374
handwoven-phulia-jamdani-muslin-silk-2pc-unstitched-dress-material-kurta-set-72-2026-464-1-72_1.jpg,2168,bengal jamdani weaving,6990,9629.674,1.378
handwoven-phulia-jamdani-muslin-silk-2pc-unstitched-dress-material-kurta-set-40-2026-464-1-40_1.jpg,2168,bengal jamdani weaving,6990,9621.668,1.376
handwoven-phulia-jamdani-muslin-silk-2pc-unstitched-dress-material-kurta-set-47-2026-464-1-47_1.jpg,2168,bengal jamdani weaving,7190,9676.683,1.346
handwoven-phulia-jamdani-muslin-silk-2pc-unstitched-dress-material-kurta-set-38-2026-464-1-38_1.jpg,2168,bengal jamdani weaving,6990,9510.174,1.361
handwoven-phulia-jamdani-muslin-silk-2pc-unstitched-dress-material-kurta-set-37-2026-464-1-37_1.jpg,2168,bengal jamdani weaving,6990,9486.339,1.357
handwoven-phulia-jamdani-muslin-silk-2pc-unstitched-dress-material-kurta-set-36-2026-464-1-36_1.jpg,2168,bengal jamdani weaving,6990,9655.993,1.381
handwoven-phulia-jamdani-muslin-silk-2pc-unstitched-dress-material-kurta-set-34-2026-464-1-34_1.jpg,2168,bengal jamdani weaving,6990,9601.952,1.374
handwoven-phulia-jamdani-muslin-silk-2pc-unstitched-dress-material-kurta-set-33-2026-464-1-33_1.jpg,2168,bengal jamdani weaving,7190,9782.596,1.361
handwoven-phulia-jamdani-muslin-silk-2pc-unstitched-dress-material-kurta-set-29-2026-464-1-29_1.jpg,2168,bengal jamdani weaving,7190,9549.399,1.328
handwoven-phulia-jamdani-muslin-silk-2pc-unstitched-dress-material-kurta-set-26-2026-464-1-26_1.jpg,2168,bengal jamdani weaving,6490,9732.806,1.5
handwoven-phulia-jamdani-muslin-silk-2pc-unstitched-dress-material-kurta-set-25-2026-464-1-25_1.jpg,2168,bengal jamdani weaving,6490,9745.597,1.502
handwoven-phulia-jamdani-muslin-silk-2pc-unstitched-dress-material-kurta-set-22-2026-464-1-22_1.jpg,2168,bengal jamdani weaving,6490,9763.822,1.504
handwoven-phulia-jamdani-muslin-silk-2pc-unstitched-dress-material-kurta-set-21-2026-464-1-21_1.jpg,2168,bengal jamdani weaving,6490,9529.309,1.468
handwoven-phulia-jamdani-muslin-silk-2pc-unstitched-dress-material-kurta-set-18-2026-464-1-18_1.jpg,2168,bengal jamdani weaving,6490,9505.203,1.465
handwoven-phulia-jamdani-muslin-silk-2pc-unstitched-dress-material-kurta-set-16-2026-464-1-16_1.jpg,2168,bengal jamdani weaving,6490,9764.063,1.504
handwoven-phulia-jamdani-muslin-silk-2pc-unstitched-dress-material-kurta-set-15-2026-464-1-15_1.jpg,2168,bengal jamdani weaving,6490,9697.682,1.494
handwoven-phulia-jamdani-pure-linen-2pc-unstitched-dress-material-kurta-set-12-2026-464-1-12_1.jpg,2168,bengal jamdani weaving,7690,9679.269,1.259
handwoven-phulia-jamdani-pure-linen-2pc-unstitched-dress-material-kurta-set-11-2026-464-1-11_1.jpg,2168,bengal jamdani weaving,7690,8954.872,1.164
handwoven-phulia-jamdani-pure-linen-2pc-unstitched-dress-material-kurta-set-10-2026-464-1-10_1.jpg,2168,bengal jamdani weaving,7690,9498.834,1.235
handwoven-phulia-jamdani-pure-linen-2pc-unstitched-dress-material-kurta-set-08-2026-464-1-8_1.jpg,2168,bengal jamdani weaving,7690,9520.345,1.238
handwoven-phulia-jamdani-pure-linen-2pc-unstitched-dress-material-kurta-set-07-2026-464-1-7_1.jpg,2168,bengal jamdani weaving,7690,9459.932,1.23
handwoven-phulia-jamdani-pure-linen-2pc-unstitched-dress-material-kurta-set-06-2026-464-1-6_1.jpg,2168,bengal jamdani weaving,7690,9308.627,1.21
handwoven-phulia-jamdani-pure-linen-2pc-unstitched-dress-material-kurta-set-05-2026-464-1-5_1.jpg,2168,bengal jamdani weaving,7690,9373.071,1.219
handwoven-phulia-jamdani-pure-linen-2pc-unstitched-dress-material-kurta-set-04-2026-464-1-4_1.jpg,2168,bengal jamdani weaving,7490,9450.258,1.262
handwoven-phulia-jamdani-pure-linen-2pc-unstitched-dress-material-kurta-set-02-2026-464-1-2_1.jpg,2168,bengal jamdani weaving,7490,9344.239,1.248
handwoven-phulia-jamdani-muslin-silk-2pc-unstitched-dress-material-kurta-set-14-2026-464-1-14_1.jpg,2168,bengal jamdani weaving,6490,9516.402,1.466
bandhani-tie-dye-cotton-2pc-unstitched-dress-material-kurta-set-with-jewellery-12-2026-079-18-12_1.jpg,2169,bandhani tie dye,2890,5153.336,1.783
bandhani-tie-dye-cotton-2pc-unstitched-dress-material-kurta-set-with-jewellery-10-2026-079-18-10_1.jpg,2169,bandhani tie dye,3190,5127.58,1.607
bandhani-tie-dye-cotton-2pc-unstitched-dress-material-kurta-set-with-jewellery-08-2026-079-18-8_1.jpg,2169,bandhani tie dye,3190,5096.614,1.598
bandhani-tie-dye-cotton-2pc-unstitched-dress-material-kurta-set-with-jewellery-07-2026-079-18-7_1.jpg,2169,bandhani tie dye,3190,5082.101,1.593
bandhani-tie-dye-cotton-2pc-unstitched-dress-material-kurta-set-with-jewellery-06-2026-079-18-6_1.jpg,2169,bandhani tie dye,2890,5028.577,1.74
bandhani-tie-dye-cotton-2pc-unstitched-dress-material-kurta-set-with-jewellery-04-2026-079-18-4_1.jpg,2169,bandhani tie dye,2890,4921.998,1.703
bandhani-tie-dye-cotton-2pc-unstitched-dress-material-kurta-set-with-jewellery-03-2026-079-18-3_1.jpg,2169,bandhani tie dye,2890,5066.559,1.753
kutch-bandhani-tie-dye-pure-mul-cotton-2pc-unstitched-dress-material-kurta-set-with-jewellery-31-2026-079-9-31_1.jpg,2169,bandhani tie dye,3290,5822.567,1.77
kutch-bandhani-tie-dye-pure-mul-cotton-2pc-unstitched-dress-material-kurta-set-with-jewellery-26-2026-079-9-26_1.jpg,2169,bandhani tie dye,3290,5897.919,1.793
kutch-bandhani-tie-dye-pure-mul-cotton-2pc-unstitched-dress-material-kurta-set-with-jewellery-25-2026-079-9-25_1.jpg,2169,bandhani tie dye,3290,6028.618,1.832
kutch-bandhani-tie-dye-pure-mul-cotton-2pc-unstitched-dress-material-kurta-set-with-jewellery-24-2026-079-9-24_1.jpg,2169,bandhani tie dye,3290,5894.328,1.792
kutch-bandhani-tie-dye-pure-mul-cotton-2pc-unstitched-dress-material-kurta-set-with-jewellery-21-2026-079-9-21_1.jpg,2169,bandhani tie dye,3290,5874.931,1.786
kutch-bandhani-tie-dye-pure-mul-cotton-2pc-unstitched-dress-material-kurta-set-with-jewellery-20-2026-079-9-20_1.jpg,2169,bandhani tie dye,3290,5887.298,1.789
kutch-bandhani-tie-dye-pure-mul-cotton-2pc-unstitched-dress-material-kurta-set-with-jewellery-18-2026-079-9-18_1.jpg,2169,bandhani tie dye,3290,5883.729,1.788
kutch-bandhani-tie-dye-pure-mul-cotton-2pc-unstitched-dress-material-kurta-set-with-jewellery-15-2026-079-9-15_1.jpg,2169,bandhani tie dye,3290,5937.952,1.805
kutch-bandhani-tie-dye-pure-mul-cotton-2pc-unstitched-dress-material-kurta-set-with-jewellery-14-2026-079-9-14_1.jpg,2169,bandhani tie dye,3290,5925.325,1.801
kutch-bandhani-tie-dye-pure-mul-cotton-2pc-unstitched-dress-material-kurta-set-with-jewellery-13-2026-079-9-13_1.jpg,2169,bandhani tie dye,3290,5843.505,1.776
kutch-bandhani-tie-dye-pure-mul-cotton-2pc-unstitched-dress-material-kurta-set-with-jewellery-12-2026-079-9-12_1.jpg,2169,bandhani tie dye,3290,5983.667,1.819
kutch-bandhani-tie-dye-pure-mul-cotton-2pc-unstitched-dress-material-kurta-set-with-jewellery-08-2026-079-9-8_1.jpg,2169,bandhani tie dye,3290,5881.049,1.788
kutch-bandhani-tie-dye-pure-mul-cotton-2pc-unstitched-dress-material-kurta-set-with-jewellery-07-2026-079-9-7_1.jpg,2169,bandhani tie dye,3290,5865.054,1.783
kutch-bandhani-tie-dye-pure-mul-cotton-2pc-unstitched-dress-material-kurta-set-with-jewellery-06-2026-079-9-6_1.jpg,2169,bandhani tie dye,3290,5872.459,1.785
kutch-bandhani-tie-dye-pure-mul-cotton-2pc-unstitched-dress-material-kurta-set-with-jewellery-05-2026-079-9-5_1.jpg,2169,bandhani tie dye,3290,5834.276,1.773
kutch-bandhani-tie-dye-cotton-2pc-unstitched-dress-material-kurta-set-with-jewellery-32-2026-079-9-32_1.jpg,2169,bandhani tie dye,3290,5056.296,1.537
kutch-bandhani-tie-dye-cotton-2pc-unstitched-dress-material-kurta-set-with-jewellery-29-2026-079-9-29_1.jpg,2169,bandhani tie dye,3290,5060.081,1.538
kutch-bandhani-tie-dye-cotton-2pc-unstitched-dress-material-kurta-set-with-jewellery-28-2026-079-9-28_1.jpg,2169,bandhani tie dye,3290,5104.576,1.552
kutch-bandhani-tie-dye-cotton-2pc-unstitched-dress-material-kurta-set-with-jewellery-23-2026-079-9-23_1.jpg,2169,bandhani tie dye,3290,5059.156,1.538
kutch-bandhani-tie-dye-cotton-2pc-unstitched-dress-material-kurta-set-with-jewellery-11-2026-079-9-11_1.jpg,2169,bandhani tie dye,3290,5097.789,1.549
kutch-bandhani-tie-dye-cotton-2pc-unstitched-dress-material-kurta-set-with-jewellery-10-2026-079-9-10_1.jpg,2169,bandhani tie dye,3290,5089.762,1.547
kutch-bandhani-tie-dye-cotton-2pc-unstitched-dress-material-kurta-set-with-jewellery-09-2026-079-9-9_1.jpg,2169,bandhani tie dye,3290,5094.374,1.548
kutch-bandhani-tie-dye-cotton-2pc-unstitched-dress-material-kurta-set-with-jewellery-03-2026-079-9-3_1.jpg,2169,bandhani tie dye,3290,5038.716,1.532
kutch-bandhani-tie-dye-cotton-2pc-unstitched-dress-material-kurta-set-with-jewellery-02-2026-079-9-2_1.jpg,2169,bandhani tie dye,3290,5097.643,1.549
kutch-bandhani-tie-dye-pure-mul-cotton-2pc-unstitched-dress-material-kurta-set-with-jewellery-04-2026-079-9-4_1.jpg,2169,bandhani tie dye,3290,5882.999,1.788
kutch-bandhani-tie-dye-cotton-2pc-unstitched-dress-material-kurta-set-with-jewellery-01-2026-079-9-1_1.jpg,2169,bandhani tie dye,3290,5063.455,1.539
kandangi-chettinad-cotton-2pc-unstitched-dress-material-kurta-set-19-2026-126-1-19_1.jpg,2185,chettinad weaving,2850,2700.509,0.948
kandangi-chettinad-cotton-2pc-unstitched-dress-material-kurta-set-18-2026-126-1-18_1.jpg,2185,chettinad weaving,2850,2718.147,0.954
kandangi-chettinad-cotton-2pc-unstitched-dress-material-kurta-set-17-2026-126-1-17_1.jpg,2185,chettinad weaving,2850,2741.197,0.962
kandangi-chettinad-cotton-2pc-unstitched-dress-material-kurta-set-16-2026-126-1-16_1.jpg,2185,chettinad weaving,2850,2713.6,0.952
kandangi-chettinad-cotton-2pc-unstitched-dress-material-kurta-set-15-2026-126-1-15_1.jpg,2185,chettinad weaving,2850,2720.612,0.955
kandangi-chettinad-cotton-2pc-unstitched-dress-material-kurta-set-14-2026-126-1-14_1.jpg,2185,chettinad weaving,2850,2676.029,0.939
kandangi-chettinad-cotton-2pc-unstitched-dress-material-kurta-set-13-2026-126-1-13_1.jpg,2185,chettinad weaving,2850,2731.365,0.958
kandangi-chettinad-cotton-2pc-unstitched-dress-material-kurta-set-12-2026-126-1-12_1.jpg,2185,chettinad weaving,2850,2734.834,0.96
kandangi-chettinad-cotton-2pc-unstitched-dress-material-kurta-set-11-2026-126-1-11_1.jpg,2185,chettinad weaving,2850,2688.893,0.943
kandangi-chettinad-cotton-2pc-unstitched-dress-material-kurta-set-10-2026-126-1-10_1.jpg,2185,chettinad weaving,2850,2686.245,0.943
kandangi-chettinad-cotton-2pc-unstitched-dress-material-kurta-set-09-2026-126-1-9_1.jpg,2185,chettinad weaving,2850,2768.817,0.972
kandangi-chettinad-cotton-2pc-unstitched-dress-material-kurta-set-08-2026-126-1-8_1.jpg,2185,chettinad weaving,2850,2713.5,0.952
kandangi-chettinad-cotton-2pc-unstitched-dress-material-kurta-set-06-2026-126-1-6_1.jpg,2185,chettinad weaving,2850,2663.779,0.935
kandangi-chettinad-cotton-2pc-unstitched-dress-material-kurta-set-05-2026-126-1-5_1.jpg,2185,chettinad weaving,2850,2653.497,0.931
kandangi-chettinad-cotton-2pc-unstitched-dress-material-kurta-set-04-2026-126-1-4_1.jpg,2185,chettinad weaving,2850,2663.155,0.934
kandangi-chettinad-cotton-2pc-unstitched-dress-material-kurta-set-02-2026-126-1-2_1.jpg,2185,chettinad weaving,2850,2716.931,0.953
kandangi-chettinad-cotton-2pc-unstitched-dress-material-kurta-set-01-2026-126-1-1_1.jpg,2185,chettinad weaving,2850,2717.483,0.954
kutch-bandhani-tie-dye-cotton-2pc-unstitched-dress-material-kurta-set-with-earrings-36-2025-1567-18-36_1.jpg,2169,bandhani tie dye,3490,4484.243,1.285
kutch-bandhani-tie-dye-cotton-2pc-unstitched-dress-material-kurta-set-with-earrings-31-2025-1567-18-32_1.jpg,2169,bandhani tie dye,3490,4419.029,1.266
kutch-bandhani-tie-dye-cotton-2pc-unstitched-dress-material-kurta-set-with-earrings-34-2025-1567-18-34_1.jpg,2169,bandhani tie dye,3490,4505.406,1.291
kutch-bandhani-tie-dye-cotton-2pc-unstitched-dress-material-kurta-set-with-earrings-32-2025-1567-18-32_1.jpg,2169,bandhani tie dye,3490,4443.775,1.273
kutch-bandhani-tie-dye-cotton-2pc-unstitched-dress-material-kurta-set-with-earrings-30-2025-1567-18-30_1.jpg,2169,bandhani tie dye,3490,4642.427,1.33
kutch-bandhani-tie-dye-cotton-2pc-unstitched-dress-material-kurta-set-with-earrings-29-2025-1567-18-29_1.jpg,2169,bandhani tie dye,3490,4462.041,1.279
kutch-bandhani-tie-dye-cotton-2pc-unstitched-dress-material-kurta-set-with-earrings-28-2025-1567-18-28_1.jpg,2169,bandhani tie dye,3490,4502.725,1.29
kutch-bandhani-tie-dye-cotton-2pc-unstitched-dress-material-kurta-set-with-earrings-27-2025-1567-18-27_1.jpg,2169,bandhani tie dye,3490,4472.872,1.282
kutch-bandhani-tie-dye-cotton-2pc-unstitched-dress-material-kurta-set-with-earrings-26-2025-1567-18-26_1.jpg,2169,bandhani tie dye,3490,4476.032,1.283
kutch-bandhani-tie-dye-cotton-2pc-unstitched-dress-material-kurta-set-with-earrings-25-2025-1567-18-25_1.jpg,2169,bandhani tie dye,3490,4577.489,1.312
kutch-bandhani-tie-dye-cotton-2pc-unstitched-dress-material-kurta-set-with-earrings-23-2025-1567-18-23_1.jpg,2169,bandhani tie dye,3490,4457.621,1.277
kutch-bandhani-tie-dye-cotton-2pc-unstitched-dress-material-kurta-set-with-earrings-22-2025-1567-18-22_1.jpg,2169,bandhani tie dye,3490,4613.798,1.322
kutch-bandhani-tie-dye-cotton-2pc-unstitched-dress-material-kurta-set-with-earrings-21-2025-1567-18-21_1.jpg,2169,bandhani tie dye,3490,4442.725,1.273
kutch-bandhani-tie-dye-cotton-2pc-unstitched-dress-material-kurta-set-with-earrings-19-2025-1567-18-19_1.jpg,2169,bandhani tie dye,3490,4468.787,1.28
kutch-bandhani-tie-dye-cotton-2pc-unstitched-dress-material-kurta-set-with-earrings-18-2025-1567-18-18_1.jpg,2169,bandhani tie dye,3490,4448.726,1.275
kutch-bandhani-tie-dye-cotton-2pc-unstitched-dress-material-kurta-set-with-earrings-15-2025-1567-18-15_1.jpg,2169,bandhani tie dye,3490,4503.077,1.29
kutch-bandhani-tie-dye-cotton-2pc-unstitched-dress-material-kurta-set-with-earrings-14-2025-1567-18-14_1.jpg,2169,bandhani tie dye,3490,4492.664,1.287
kutch-bandhani-tie-dye-cotton-2pc-unstitched-dress-material-kurta-set-with-earrings-13-2025-1567-18-13_1.jpg,2169,bandhani tie dye,3490,4467.624,1.28
kutch-bandhani-tie-dye-cotton-2pc-unstitched-dress-material-kurta-set-with-earrings-12-2025-1567-18-12_1.jpg,2169,bandhani tie dye,3490,4523.406,1.296
kutch-bandhani-tie-dye-cotton-2pc-unstitched-dress-material-kurta-set-with-earrings-10-2025-1567-18-10_1.jpg,2169,bandhani tie dye,3490,4487.906,1.286
kutch-bandhani-tie-dye-cotton-2pc-unstitched-dress-material-kurta-set-with-earrings-09-2025-1567-18-9_1.jpg,2169,bandhani tie dye,3490,4476.215,1.283
kutch-bandhani-tie-dye-cotton-2pc-unstitched-dress-material-kurta-set-with-earrings-08-2025-1567-18-8_1.jpg,2169,bandhani tie dye,3490,4462.369,1.279
kutch-bandhani-tie-dye-cotton-2pc-unstitched-dress-material-kurta-set-with-earrings-07-2025-1567-18-7_1.jpg,2169,bandhani tie dye,3490,4433.939,1.27
kutch-bandhani-tie-dye-cotton-2pc-unstitched-dress-material-kurta-set-with-earrings-06-2025-1567-18-6_1.jpg,2169,bandhani tie dye,3490,4439.518,1.272
kutch-bandhani-tie-dye-cotton-2pc-unstitched-dress-material-kurta-set-with-earrings-05-2025-1567-18-5_1.jpg,2169,bandhani tie dye,3490,4456.264,1.277
kutch-bandhani-tie-dye-cotton-2pc-unstitched-dress-material-kurta-set-with-earrings-04-2025-1567-18-4_1.jpg,2169,bandhani tie dye,3490,4463.765,1.279
kutch-bandhani-tie-dye-cotton-2pc-unstitched-dress-material-kurta-set-with-earrings-02-2025-1567-18-2_1.jpg,2169,bandhani tie dye,3490,4495.475,1.288
kutch-bandhani-tie-dye-cotton-2pc-unstitched-dress-material-kurta-set-with-earrings-01-2025-1567-18-1_1.jpg,2169,bandhani tie dye,3490,4463.719,1.279
leheriya-tie-dye-cotton-2pc-unstitched-dress-material-kurta-set-with-jewellery-set-31-2025-820-47-31_1.jpg,2192,lehariya tie dye,3290,7195.895,2.187
kutch-tie-dye-cotton-bandhani-2pc-unstitched-dress-material-kurta-set-with-earrings-20-2025-1567-12-20_1.jpg,2194,bandhani tie dye,3490,4639.538,1.329
kutch-tie-dye-cotton-bandhani-2pc-unstitched-dress-material-kurta-set-with-earrings-16-2025-1567-12-16_1.jpg,2194,bandhani tie dye,3490,4663.739,1.336
kutch-tie-dye-cotton-bandhani-2pc-unstitched-dress-material-kurta-set-with-earrings-15-2025-1567-12-15_1.jpg,2194,bandhani tie dye,3490,4674.349,1.339
kutch-tie-dye-cotton-bandhani-2pc-unstitched-dress-material-kurta-set-with-earrings-13-2025-1567-12-13_1.jpg,2194,bandhani tie dye,3490,4611.964,1.321
kutch-tie-dye-cotton-bandhani-2pc-unstitched-dress-material-kurta-set-with-earrings-12-2025-1567-12-12_1.jpg,2194,bandhani tie dye,3490,4707.259,1.349
kutch-tie-dye-cotton-bandhani-2pc-unstitched-dress-material-kurta-set-with-earrings-10-2025-1567-12-10_1.jpg,2194,bandhani tie dye,3490,4660.219,1.335
kutch-tie-dye-cotton-bandhani-2pc-unstitched-dress-material-kurta-set-with-earrings-08-2025-1567-12-8_1.jpg,2194,bandhani tie dye,3490,4637.772,1.329
kutch-tie-dye-cotton-bandhani-2pc-unstitched-dress-material-kurta-set-with-earrings-06-2025-1567-12-6_1.jpg,2194,bandhani tie dye,3490,4631.725,1.327
kutch-tie-dye-cotton-bandhani-2pc-unstitched-dress-material-kurta-set-with-earrings-05-2025-1567-12-5_1.jpg,2194,bandhani tie dye,3490,4605.357,1.32
kutch-tie-dye-cotton-bandhani-2pc-unstitched-dress-material-kurta-set-with-earrings-04-2025-1567-12-4_1.jpg,2194,bandhani tie dye,3490,4638.976,1.329
kutch-tie-dye-cotton-bandhani-2pc-unstitched-dress-material-kurta-set-with-earrings-03-2025-1567-12-3_1.jpg,2194,bandhani tie dye,3490,4620.201,1.324
kutch-tie-dye-cotton-bandhani-2pc-unstitched-dress-material-kurta-set-with-earrings-02-2025-1567-12-2_1.jpg,2194,bandhani tie dye,3490,4667.317,1.337
kutch-tie-dye-cotton-bandhani-2pc-unstitched-dress-material-kurta-set-with-earrings-01-2025-1567-12-1_1.jpg,2194,bandhani tie dye,3490,4639.915,1.329
pochampally-ikat-cotton-2pc-unstitched-dress-material-kurta-set-35-2025-820-43-35_1.jpg,2195,pochampally ikat weaving,2190,2547.784,1.163
sanganeri-hand-block-print-cotton-2pc-unstitched-dress-material-kurta-set-23-2025-820-43-23_1.jpg,2196,sanganeri block printing,2990,2200.7,0.736
jahota-hand-block-print-natural-dyed-cotton-2pc-unstitched-dress-material-kurta-set-with-jewellery-set-15-2025-1567-11-15_1.jpg,2197,other,2190,3311.624,1.512
2pc-mul-chanderi-semi-stitched-heavy-chikankari-kurta-set-15-2024-1621-1-15_1.jpg,2204,lucknowi chikankari,17990,8436.933,0.469
2pc-mul-chanderi-semi-stitched-heavy-chikankari-kurta-set-11-2024-1621-1-11_1.jpg,2204,lucknowi chikankari,13990,8080.953,0.578
2pc-mul-chanderi-semi-stitched-anarkali-heavy-chikankari-kurta-set-07-2024-1621-1-7_1.jpg,2204,lucknowi chikankari,12990,6991.175,0.538
2pc-mul-chanderi-semi-stitched-anarkali-heavy-chikankari-kurta-set-02-2024-1621-1-2_1.jpg,2204,lucknowi chikankari,12490,6966.762,0.558
2pc-mul-chanderi-semi-stitched-heavy-chikankari-kurta-set-10-2024-1621-1-10_1.jpg,2204,lucknowi chikankari,13990,7966.445,0.569
mangalagiri-handloom-cotton-2pc-unstitched-dress-material-kurta-set-27-2023-645-1-55_1.jpg,2216,mangalagiri weaving,2290,4058.007,1.772
2022-202-1-4-2pc-chanderi-silk-handloom-suit-material-set-with-zari-border_1.jpg,2222,chanderi weaving,4690,6940.052,1.48
2022-202-1-3-2pc-chanderi-silk-handloom-suit-material-set-with-zari-border_1.jpg,2222,chanderi weaving,4690,7070.54,1.508
pure-handwoven-mangalagiri-silk-cotton-pattu-saree-with-zari-border-08-2026-522-1-8_1.jpg,2232,mangalagiri weaving,9490,7902.249,0.833
pure-handwoven-mangalagiri-silk-cotton-pattu-saree-with-zari-border-22-2026-522-1-22_1.jpg,2232,mangalagiri weaving,7490,8107.316,1.082
pure-handwoven-mangalagiri-silk-cotton-pattu-saree-with-zari-border-14-2026-522-1-14_1.jpg,2232,mangalagiri weaving,7490,7976.412,1.065
pure-handwoven-mangalagiri-silk-cotton-pattu-saree-with-zari-border-10-2026-522-1-10_1.jpg,2232,mangalagiri weaving,9490,7982.256,0.841
pure-handloom-tussar-silk-gujrati-stitch-saree-02-2026-238-1-2_1.jpg,2233,bengal kantha work,26990,13244.897,0.491
handloom-zari-buti-maheshwari-silk-saree-26-2026-756-1-26_1.jpg,2234,maheshwari weaving,9990,10948.161,1.096
handloom-zari-border-maheshwari-silk-saree-09-2026-756-1-9_1.jpg,2234,maheshwari weaving,7890,7693.794,0.975
handloom-zari-border-maheshwari-silk-saree-17-2026-756-1-17_1.jpg,2234,maheshwari weaving,8890,7758.578,0.873
handloom-zari-border-maheshwari-silk-saree-11-2026-756-1-11_1.jpg,2234,maheshwari weaving,7890,7782.347,0.986
chanderi-silk-bagh-print-saree-13-2025-626-1-13_1.jpg,2239,bagh block printing,9290,8902.072,0.958
chanderi-silk-bagh-print-saree-11-2025-626-1-11_1.jpg,2239,bagh block printing,9290,9717.102,1.046
lucknowi-chikankari-heavy-bead-work-pure-organza-silk-saree-12-2026-731-1-12_1.jpg,2241,lucknowi chikankari,24990,14461.923,0.579
lucknowi-chikankari-heavy-bead-work-pure-organza-silk-saree-11-2026-731-1-11_1.jpg,2241,lucknowi chikankari,24990,14280.509,0.571
lucknowi-chikankari-heavy-bead-work-pure-organza-silk-saree-10-2026-731-1-10_1.jpg,2241,lucknowi chikankari,24990,14267.325,0.571
lucknowi-chikankari-heavy-bead-work-pure-organza-silk-saree-09-2026-731-1-9_1.jpg,2241,lucknowi chikankari,24990,14266.298,0.571
pure-handloom-tussar-silk-gujrati-stitch-saree-01-2026-238-1-1_1.jpg,2233,bengal kantha work,26990,13142.679,0.487
handspun-handwoven-bhagalpuri-desi-tussar-silk-saree-12-2026-478-1-12_1.jpg,2243,bhagalpuri weaving,11490,6625.1,0.577
handspun-handwoven-bhagalpuri-tussar-silk-saree-10-2026-478-1-10_1.jpg,2243,bhagalpuri weaving,10990,6293.478,0.573
handspun-handwoven-bhagalpuri-tussar-silk-saree-08-2026-478-1-8_1.jpg,2243,bhagalpuri weaving,10990,6231.309,0.567
2023-1144-2-12-sanganeri-block-printed-linen-handloom-saree_1.jpg,2244,sanganeri block printing,5990,8885.474,1.483
2023-1144-2-11-sanganeri-block-printed-linen-handloom-saree_1.jpg,2244,sanganeri block printing,5990,8885.474,1.483
banarasi-pure-handwoven-georgette-meena-buti-zari-jaal-work-saree-16-2026-699-1-16_1.jpg,2246,banaras weaving,16290,10685.298,0.656
banarasi-pure-handwoven-georgette-meena-buti-zari-jaal-work-saree-13-2026-699-1-13_1.jpg,2246,banaras weaving,16990,10712.538,0.631
banarasi-pure-handwoven-georgette-meena-buti-zari-jaal-work-saree-12-2026-699-1-12_1.jpg,2246,banaras weaving,16990,10994.105,0.647
banarasi-pure-handwoven-georgette-meena-buti-zari-jaal-work-saree-11-2026-699-1-11_1.jpg,2246,banaras weaving,16990,10915.672,0.642
shibori-tie-dye-kota-doria-silk-saree-34-2025-1853-1-34_1.jpg,2253,shibori tie dye,2690,3278.816,1.219
bengal-handwoven-cotton-checks-begumpuri-saree-26-2026-598-2-26_1.jpg,2255,begampur weaving,4490,5093.794,1.134
bengal-handwoven-cotton-checks-begumpuri-saree-25-2026-598-2-25_1.jpg,2255,begampur weaving,4490,5343.913,1.19
bengal-handwoven-cotton-checks-begumpuri-saree-21-2026-598-2-21_1.jpg,2255,begampur weaving,4490,5230.135,1.165
bengal-handwoven-cotton-checks-begumpuri-saree-18-2026-598-2-18_1.jpg,2255,begampur weaving,4490,5178.37,1.153
dharwad-woven-mercerised-cotton-saree-with-border-67-2026-455-1-67_1.jpg,2257,dharwad weaving,2850,3670.159,1.288
dharwad-woven-mercerised-cotton-saree-with-border-64-2026-455-1-64_1.jpg,2257,dharwad weaving,2850,3754.686,1.317
dharwad-woven-mercerised-cotton-saree-with-border-63-2026-455-1-63_1.jpg,2257,dharwad weaving,2850,3739.04,1.312
dharwad-woven-mercerised-cotton-saree-with-border-62-2026-455-1-62_1.jpg,2257,dharwad weaving,2850,3693.605,1.296
2023-720-1-53-traditional-venkatagiri-handloom-cotton-zari-checks-saree-with-one-side-zari-border_1.jpg,2259,other,4290,10063.776,2.346
2023-720-1-50-traditional-venkatagiri-handloom-cotton-zari-saree_1.jpg,2259,other,5390,7607.468,1.411
2023-720-1-48-traditional-venkatagiri-handloom-cotton-zari-saree_1.jpg,2259,other,5390,7569.39,1.404
2023-1102-1-14-mangalagiri-godavari-handloom-rudraksha-border-cotton-saree_1.jpg,2265,mangalagiri weaving,5290,6855.591,1.296
2023-1102-1-5-mangalagiri-godavari-handloom-tarangini-cotton-saree_1.jpg,2265,mangalagiri weaving,5290,6515.703,1.232
pure-handloom-zari-stripes-katan-silk-chanderi-saree-12-2026-610-2-12_1.jpg,2278,chanderi weaving,9690,9954.942,1.027
handloom-zari-border-maheshwari-silk-saree-01-2026-756-1-1_1.jpg,2234,maheshwari weaving,7890,7665.062,0.971
2023-832-1-6-traditional-maheshwari-silk-handloom-saree-with-zari-border_1.jpg,2279,maheshwari weaving,7990,6407.394,0.802
handspun-handwoven-bhagalpuri-tussar-silk-saree-02-2026-478-1-2_1.jpg,2243,bhagalpuri weaving,10990,6302.495,0.573
handspun-handwoven-bhagalpuri-tussar-silk-saree-05-2026-478-1-5_1.jpg,2243,bhagalpuri weaving,10990,6233.568,0.567
handspun-handwoven-bhagalpuri-tussar-silk-saree-07-2026-478-1-7_1.jpg,2243,bhagalpuri weaving,10990,6087.79,0.554
bangalore-silk-zari-border-saree-29-2026-496-1-29_1.jpg,2282,paithani weaving,4890,5940.207,1.215
bangalore-silk-zari-border-saree-33-2026-496-1-33_1.jpg,2282,paithani weaving,4890,6188.514,1.266
bangalore-silk-zari-border-saree-01-2026-496-1-1_1.jpg,2282,paithani weaving,4890,5967.934,1.22
bangalore-silk-zari-border-saree-06-2026-496-1-6_1.jpg,2282,paithani weaving,4890,6049.001,1.237
srikalahasti-handpainted-natural-dyed-bangalore-silk-zari-border-pen-kalamkari-saree-09-2025-927-1-9_1.jpg,2285,srikalahasti penwork kalamkari,19890,12712.911,0.639
2023-702-1-5-srikalahasti-kalamkari-penwork-tussar-ghicha-silk-handspun-hand-painted-saree_1.jpg,2286,srikalahasti penwork kalamkari,35590,13350.728,0.375
srikalahasti-handpainted-natural-dyed-bangalore-silk-zari-border-pen-kalamkari-saree-08-2025-1248-1-8_1.jpg,2285,srikalahasti penwork kalamkari,16590,9380.436,0.565
srikalahasti-handpainted-natural-dyed-bangalore-silk-zari-border-pen-kalamkari-saree-05-2025-1248-1-5_1.jpg,2285,srikalahasti penwork kalamkari,16590,9380.025,0.565
srikalahasti-handpainted-natural-dyed-bangalore-silk-zari-border-pen-kalamkari-saree-04-2025-1248-1-4_1.jpg,2285,srikalahasti penwork kalamkari,16590,9359.721,0.564
srikalahasti-handpainted-natural-dyed-bangalore-silk-zari-border-pen-kalamkari-saree-03-2025-1248-1-3_1.jpg,2285,srikalahasti penwork kalamkari,16590,9445.541,0.569
561750-76-lucknow-chikankari-embroidery-cotton-saree_1.jpg,2289,lucknowi chikankari,6100,11639.373,1.908
563727-32-barmer-applique-work-chanderi-silk-saree-with-tassels_1.jpg,2289,barmer applique,6100,9104.842,1.493
applique-patchwork-mul-cotton-tagai-ajrakh-saree-01-2024-1386-1-1_1.jpg,2291,barmer applique,5600,9678.848,1.728
512842-25-kashidakari-hand-embroidery-pure-chanderi-silk-block-printed-saree-with-zari-border_1.jpg,2292,kashida embroidery,17900,13903.048,0.777
512842-9-kashidakari-hand-embroidery-pure-kota-silk-saree-with-zari-border_1.jpg,2292,kashida embroidery,11990,14354.412,1.197
512842-19-kashidakari-hand-embroidery-pure-chanderi-silk-block-printed-saree-with-zari-border_1.jpg,2292,kashida embroidery,17900,13839.585,0.773
2023-649-1-9-kashidakari-hand-embroidery-chanderi-silk-saree-with-zari-border_1.jpg,2292,kashida embroidery,20590,14251.428,0.692
hand-embroidered-chapa-work-silk-cotton-saree-35-2026-511-1-35_1.jpg,2294,phulkari,3490,6969.31,1.997
plain-pure-mul-cotton-ready-to-wear-saree-05-2026-533-1-5_1.jpg,2297,plain solid,2290,3304.699,1.443
plain-pure-mul-cotton-ready-to-wear-saree-12-2026-533-1-12_1.jpg,2297,plain solid,2290,3443.693,1.504
plain-pure-mul-cotton-ready-to-wear-saree-11-2026-533-1-11_1.jpg,2297,plain solid,2290,3532.764,1.543
plain-pure-mul-cotton-ready-to-wear-saree-10-2026-533-1-10_1.jpg,2297,plain solid,2290,3384.036,1.478
plain-pure-mul-cotton-ready-to-wear-saree-09-2026-533-1-9_1.jpg,2297,plain solid,2290,3177.984,1.388
plain-pure-mul-cotton-ready-to-wear-saree-08-2026-533-1-8_1.jpg,2297,plain solid,2290,3402.506,1.486
plain-pure-mul-cotton-ready-to-wear-saree-07-2026-533-1-7_1.jpg,2297,plain solid,2290,3248.14,1.418
plain-pure-mul-cotton-ready-to-wear-saree-06-2026-533-1-6_1.jpg,2297,plain solid,2290,3418.266,1.493
plain-pure-mul-cotton-ready-to-wear-saree-04-2026-533-1-4_1.jpg,2297,plain solid,2290,3149.728,1.375
plain-pure-mul-cotton-ready-to-wear-saree-03-2026-533-1-3_1.jpg,2297,plain solid,2290,3402.871,1.486
plain-pure-mul-cotton-ready-to-wear-saree-02-2026-533-1-2_1.jpg,2297,plain solid,2290,3386.536,1.479
plain-pure-mul-cotton-ready-to-wear-saree-01-2026-533-1-1_1.jpg,2297,plain solid,2290,3418.546,1.493
lucknowi-chikankari-heavy-bead-work-pure-organza-silk-saree-08-2026-731-1-8_1.jpg,2241,lucknowi chikankari,24990,14157.661,0.567
lucknowi-chikankari-heavy-bead-work-pure-organza-silk-saree-06-2026-731-1-6_1.jpg,2241,lucknowi chikankari,22990,14134.44,0.615
lucknowi-chikankari-heavy-bead-work-pure-organza-silk-saree-07-2026-731-1-7_1.jpg,2241,lucknowi chikankari,24990,14112.617,0.565
lucknowi-chikankari-heavy-bead-work-pure-organza-silk-saree-05-2026-731-1-5_1.jpg,2241,lucknowi chikankari,22990,14026.147,0.61
handloom-zari-border-maheshwari-silk-saree-16-2026-756-1-16_1.jpg,2234,maheshwari weaving,8890,7714.003,0.868
handloom-zari-border-maheshwari-silk-saree-14-2026-756-1-14_1.jpg,2234,maheshwari weaving,8890,7724.938,0.869
handloom-zari-border-maheshwari-silk-saree-13-2026-756-1-13_1.jpg,2234,maheshwari weaving,8890,7387.96,0.831
handloom-zari-border-maheshwari-silk-saree-12-2026-756-1-12_1.jpg,2234,maheshwari weaving,8890,7869.172,0.885
handloom-zari-border-maheshwari-silk-saree-10-2026-756-1-10_1.jpg,2234,maheshwari weaving,7890,7715.704,0.978
handloom-zari-border-maheshwari-silk-saree-08-2026-756-1-8_1.jpg,2234,maheshwari weaving,7890,7715.779,0.978
handloom-zari-border-maheshwari-silk-saree-07-2026-756-1-7_1.jpg,2234,maheshwari weaving,7890,7718.593,0.978
handloom-zari-border-maheshwari-silk-saree-05-2026-756-1-5_1.jpg,2234,maheshwari weaving,7890,7375.094,0.935
handloom-zari-border-maheshwari-silk-saree-04-2026-756-1-5_1.jpg,2234,maheshwari weaving,7890,7746.787,0.982
handloom-zari-border-maheshwari-silk-saree-03-2026-756-1-3_1.jpg,2234,maheshwari weaving,7890,7677.206,0.973
handloom-zari-border-maheshwari-silk-saree-02-2026-756-1-2_1.jpg,2234,maheshwari weaving,7890,7705.134,0.977
banarasi-pure-handwoven-georgette-meena-buti-zari-jaal-work-saree-10-2026-699-1-10_1.jpg,2246,banaras weaving,16990,10911.696,0.642
banarasi-pure-handwoven-georgette-meena-buti-zari-jaal-work-saree-09-2026-699-1-9_1.jpg,2246,banaras weaving,16990,10956.356,0.645
banarasi-pure-handwoven-georgette-meena-buti-zari-jaal-work-saree-07-2026-699-1-7_1.jpg,2246,banaras weaving,16990,10806.207,0.636
banarasi-pure-handwoven-georgette-meena-buti-zari-jaal-work-saree-08-2026-699-1-8_1.jpg,2246,banaras weaving,16990,10729.934,0.632
banarasi-pure-handwoven-georgette-meena-buti-zari-jaal-work-saree-06-2026-699-1-6_1.jpg,2246,banaras weaving,16990,10767.3,0.634
pure-handloom-zari-stripes-katan-silk-chanderi-saree-13-2026-610-2-13_1.jpg,2278,chanderi weaving,9690,9722.802,1.003
pure-handloom-zari-stripes-katan-silk-chanderi-saree-11-2026-610-2-11_1.jpg,2278,chanderi weaving,9690,9963.439,1.028
pure-handloom-zari-buta-katan-silk-chanderi-saree-09-2026-610-2-9_1.jpg,2278,chanderi weaving,14490,10699.485,0.738
pure-handloom-zari-buta-katan-silk-chanderi-saree-08-2026-610-2-8_1.jpg,2278,chanderi weaving,14490,10509.873,0.725
pure-handloom-zari-buta-katan-silk-chanderi-saree-07-2026-610-2-7_1.jpg,2278,chanderi weaving,14490,10535.238,0.727
pure-handloom-zari-buta-katan-silk-chanderi-saree-05-2026-610-2-5_1.jpg,2278,chanderi weaving,12490,10424.169,0.835
pure-handloom-zari-buta-katan-silk-chanderi-saree-04-2026-610-2-4_1.jpg,2278,chanderi weaving,12490,10640.962,0.852
pure-handloom-zari-buta-katan-silk-chanderi-saree-03-2026-610-2-3_1.jpg,2278,chanderi weaving,12490,10517.72,0.842
pure-handloom-zari-buta-katan-silk-chanderi-saree-02-2026-610-2-2_1.jpg,2278,chanderi weaving,12490,10687.621,0.856
pure-handloom-zari-buta-katan-silk-chanderi-saree-06-2026-610-2-6_1.jpg,2278,chanderi weaving,14490,10620.857,0.733
pure-handloom-zari-stripes-katan-silk-chanderi-saree-10-2026-610-2-10_1.jpg,2278,chanderi weaving,9690,9976.099,1.03
bengal-handwoven-cotton-begumpuri-saree-23-2026-598-2-23_1.jpg,2255,begampur weaving,4490,4784.039,1.065
bengal-handwoven-cotton-begumpuri-saree-16-2026-598-2-16_1.jpg,2255,begampur weaving,4490,5030.012,1.12
bengal-handwoven-cotton-begumpuri-saree-with-blouse-piece-02-2026-598-2-2_1.jpg,2255,begampur weaving,6590,5530.934,0.839
bengal-handwoven-cotton-begumpuri-saree-with-blouse-piece-13-2026-598-2-13_1.jpg,2255,begampur weaving,12290,5452.268,0.444
bengal-handwoven-cotton-begumpuri-saree-with-blouse-piece-12-2026-598-2-12_1.jpg,2255,begampur weaving,12290,5475.491,0.446
bengal-handwoven-cotton-begumpuri-saree-04-2026-598-2-4_1.jpg,2255,begampur weaving,6590,4997.287,0.758
bengal-handwoven-cotton-stripes-begumpuri-saree-07-2026-598-2-7_1.jpg,2255,begampur weaving,5890,5251.487,0.892
bengal-handwoven-cotton-fish-buti-begumpuri-saree-10-2026-598-2-10_1.jpg,2255,begampur weaving,9490,5185.037,0.546
bengal-handwoven-cotton-fish-buti-begumpuri-saree-with-blouse-piece-09-2026-598-2-9_1.jpg,2255,begampur weaving,9490,5805.065,0.612
bengal-handwoven-cotton-heart-buti-begumpuri-saree-with-blouse-piece-06-2026-598-2-6_1.jpg,2255,begampur weaving,4490,6221.547,1.386
bengal-handwoven-cotton-begumpuri-saree-01-2026-598-2-1_1.jpg,2255,begampur weaving,5290,4918.709,0.93
bengal-handwoven-cotton-begumpuri-saree-with-blouse-piece-11-2026-598-2-11_1.jpg,2255,begampur weaving,12290,5493.637,0.447
bengal-handwoven-cotton-begumpuri-saree-16-2026-598-2-15_1.jpg,2255,begampur weaving,6990,4838.152,0.692
handspun-handwoven-bhagalpuri-tussar-silk-saree-06-2026-478-1-6_1.jpg,2243,bhagalpuri weaving,10990,6243.804,0.568
handspun-handwoven-bhagalpuri-tussar-silk-saree-04-2026-478-1-4_1.jpg,2243,bhagalpuri weaving,10990,6255.476,0.569
handspun-handwoven-bhagalpuri-tussar-silk-saree-03-2026-478-1-3_1.jpg,2243,bhagalpuri weaving,10990,6263.259,0.57
handspun-handwoven-bhagalpuri-desi-tussar-silk-saree-11-2026-478-1-11_1.jpg,2243,bhagalpuri weaving,11490,6695.655,0.583
bhagalpuri-pure-handspun-handwoven-tussar-silk-saree-01-2026-478-1-1_1.jpg,2243,bhagalpuri weaving,10990,6304.146,0.574
hand-embroidered-chapa-work-silk-cotton-saree-36-2026-511-1-36_1.jpg,2294,phulkari,3490,7442.271,2.132
hand-embroidered-chapa-work-silk-cotton-saree-33-2026-511-1-33_1.jpg,2294,phulkari,3490,7093.087,2.032
hand-embroidered-chapa-work-silk-cotton-saree-32-2026-511-1-32_1.jpg,2294,phulkari,3490,7016.862,2.011
hand-embroidered-chapa-work-silk-cotton-saree-31-2026-511-1-31_1.jpg,2294,phulkari,3490,6720.687,1.926
hand-embroidered-chapa-work-silk-cotton-saree-30-2026-511-1-30_1.jpg,2294,phulkari,3490,7427.295,2.128
hand-embroidered-chapa-work-silk-cotton-saree-28-2026-511-1-28_1.jpg,2294,phulkari,3490,7486.888,2.145
hand-embroidered-chapa-work-silk-cotton-saree-27-2026-511-1-27_1.jpg,2294,phulkari,3490,7144.166,2.047
hand-embroidered-chapa-work-silk-cotton-saree-26-2026-511-1-26_1.jpg,2294,phulkari,3490,7151.134,2.049
hand-embroidered-chapa-work-silk-cotton-saree-24-2026-511-1-24_1.jpg,2294,phulkari,3490,6827.676,1.956
hand-embroidered-chapa-work-silk-cotton-saree-23-2026-511-1-23_1.jpg,2294,phulkari,3490,7124.325,2.041
hand-embroidered-chapa-work-silk-cotton-saree-22-2026-511-1-22_1.jpg,2294,phulkari,3490,7036.433,2.016
hand-embroidered-chapa-work-silk-cotton-saree-21-2026-511-1-21_1.jpg,2294,phulkari,3490,6896.222,1.976
hand-embroidered-chapa-work-silk-cotton-saree-20-2026-511-1-20_1.jpg,2294,phulkari,3490,7101.823,2.035
hand-embroidered-chapa-work-silk-cotton-saree-18-2026-511-1-18_1.jpg,2294,phulkari,3490,6786.141,1.944
hand-embroidered-chapa-work-silk-cotton-saree-16-2026-511-1-16_1.jpg,2294,phulkari,3490,7191.11,2.06
hand-embroidered-chapa-work-silk-cotton-saree-15-2026-511-1-15_1.jpg,2294,phulkari,3490,7527.912,2.157
hand-embroidered-chapa-work-silk-cotton-saree-14-2026-511-1-14_1.jpg,2294,phulkari,3490,7487.433,2.145
hand-embroidered-chapa-work-silk-cotton-saree-13-2026-511-1-13_1.jpg,2294,phulkari,3490,7472.9,2.141
hand-embroidered-chapa-work-silk-cotton-saree-12-2026-511-1-12_1.jpg,2294,phulkari,3490,7594.0,2.176
hand-embroidered-chapa-work-silk-cotton-saree-10-2026-511-1-10_1.jpg,2294,phulkari,3490,7481.642,2.144
hand-embroidered-chapa-work-silk-cotton-saree-09-2026-511-1-9_1.jpg,2294,phulkari,3490,6840.295,1.96
hand-embroidered-chapa-work-silk-cotton-saree-08-2026-511-1-8_1.jpg,2294,phulkari,3490,7417.63,2.125
hand-embroidered-chapa-work-silk-cotton-saree-06-2026-511-1-6_1.jpg,2294,phulkari,3490,6772.988,1.941
hand-embroidered-chapa-work-silk-cotton-saree-05-2026-511-1-5_1.jpg,2294,phulkari,3490,6717.92,1.925
hand-embroidered-chapa-work-silk-cotton-saree-04-2026-511-1-4_1.jpg,2294,phulkari,3490,7396.018,2.119
hand-embroidered-chapa-work-silk-cotton-saree-02-2026-511-1-2_1.jpg,2294,phulkari,3490,7601.471,2.178
pure-handwoven-mangalagiri-cotton-saree-with-nizam-zari-border-36-2026-522-1-36_1.jpg,2232,mangalagiri weaving,5890,5299.26,0.9
pure-handwoven-mangalagiri-cotton-saree-with-nizam-zari-border-32-2026-522-1-32_1.jpg,2232,mangalagiri weaving,5890,5267.822,0.894
pure-handwoven-mangalagiri-silk-cotton-pattu-saree-with-zari-border-30-2026-522-1-30_1.jpg,2232,mangalagiri weaving,7490,8317.536,1.11
pure-handwoven-mangalagiri-silk-cotton-pattu-saree-with-zari-border-29-2026-522-1-29_1.jpg,2232,mangalagiri weaving,7490,7994.961,1.067
pure-handwoven-mangalagiri-silk-cotton-pattu-saree-with-zari-border-28-2026-522-1-28_1.jpg,2232,mangalagiri weaving,7490,8059.842,1.076
pure-handwoven-mangalagiri-silk-cotton-pattu-saree-with-zari-border-26-2026-522-1-26_1.jpg,2232,mangalagiri weaving,7490,8017.757,1.07
pure-handwoven-mangalagiri-silk-cotton-pattu-saree-with-zari-border-18-2026-522-1-18_1.jpg,2232,mangalagiri weaving,7490,7944.564,1.061
pure-handwoven-mangalagiri-silk-cotton-pattu-saree-with-zari-border-17-2026-522-1-17_1.jpg,2232,mangalagiri weaving,7490,7892.934,1.054
pure-handwoven-mangalagiri-silk-cotton-pattu-saree-with-zari-border-11-2026-522-1-11_1.jpg,2232,mangalagiri weaving,9490,7908.673,0.833
pure-handwoven-mangalagiri-silk-cotton-pattu-saree-with-zari-border-09-2026-522-1-9_1.jpg,2232,mangalagiri weaving,9490,7989.864,0.842
pure-handwoven-mangalagiri-silk-cotton-pattu-saree-with-zari-border-07-2026-522-1-7_1.jpg,2232,mangalagiri weaving,9490,7893.231,0.832
pure-handwoven-mangalagiri-silk-cotton-pattu-saree-with-zari-border-06-2026-522-1-6_1.jpg,2232,mangalagiri weaving,9490,7891.601,0.832
pure-handwoven-mangalagiri-silk-cotton-pattu-saree-with-zari-border-05-2026-522-1-5_1.jpg,2232,mangalagiri weaving,9490,7844.841,0.827
pure-handwoven-mangalagiri-silk-cotton-pattu-saree-with-zari-border-03-2026-522-1-3_1.jpg,2232,mangalagiri weaving,9490,7896.252,0.832
pure-handwoven-mangalagiri-silk-cotton-pattu-saree-with-zari-border-02-2026-522-1-2_1.jpg,2232,mangalagiri weaving,9490,7908.394,0.833
pure-handwoven-mangalagiri-cotton-saree-with-nizam-zari-border-31-2026-522-1-31_1.jpg,2232,mangalagiri weaving,5890,5231.275,0.888
pure-handwoven-mangalagiri-silk-cotton-pattu-saree-with-zari-border-01-2026-522-1-1_1.jpg,2232,mangalagiri weaving,9490,7944.608,0.837
bangalore-silk-zari-border-saree-34-2026-496-1-34_1.jpg,2282,paithani weaving,4890,5812.03,1.189
bangalore-silk-zari-border-saree-32-2026-496-1-32_1.jpg,2282,paithani weaving,4890,5898.4,1.206
bangalore-silk-zari-border-saree-31-2026-496-1-31_1.jpg,2282,paithani weaving,4890,5917.974,1.21
bangalore-silk-zari-border-saree-30-2026-496-1-30_1.jpg,2282,paithani weaving,4890,6102.577,1.248
bangalore-silk-zari-border-saree-28-2026-496-1-28_1.jpg,2282,paithani weaving,4890,6102.17,1.248
bangalore-silk-zari-border-saree-27-2026-496-1-27_1.jpg,2282,paithani weaving,4890,5781.37,1.182
bangalore-silk-zari-border-saree-26-2026-496-1-26_1.jpg,2282,paithani weaving,4890,5934.244,1.214
bangalore-silk-zari-border-saree-25-2026-496-1-25_1.jpg,2282,paithani weaving,4890,6048.794,1.237
bangalore-silk-zari-border-saree-24-2026-496-1-24_1.jpg,2282,paithani weaving,4890,6151.628,1.258
bangalore-silk-zari-border-saree-23-2026-496-1-23_1.jpg,2282,paithani weaving,4890,5912.064,1.209
bangalore-silk-zari-border-saree-22-2026-496-1-22_1.jpg,2282,paithani weaving,4890,6080.988,1.244
bangalore-silk-zari-border-saree-20-2026-496-1-20_1.jpg,2282,paithani weaving,4890,6010.012,1.229
bangalore-silk-zari-border-saree-19-2026-496-1-19_1.jpg,2282,paithani weaving,4890,5780.978,1.182
bangalore-silk-zari-border-saree-17-2026-496-1-17_1.jpg,2282,paithani weaving,4890,6084.13,1.244
bangalore-silk-zari-border-saree-16-2026-496-1-16_1.jpg,2282,paithani weaving,4890,5975.507,1.222
bangalore-silk-zari-border-saree-15-2026-496-1-15_1.jpg,2282,paithani weaving,4890,6125.28,1.253
bangalore-silk-zari-border-saree-14-2026-496-1-14_1.jpg,2282,paithani weaving,4890,6208.194,1.27
bangalore-silk-zari-border-saree-13-2026-496-1-13_1.jpg,2282,paithani weaving,4890,6438.851,1.317
bangalore-silk-zari-border-saree-12-2026-496-1-12_1.jpg,2282,paithani weaving,4890,6171.115,1.262
bangalore-silk-zari-border-saree-11-2026-496-1-11_1.jpg,2282,paithani weaving,4890,5991.463,1.225
bangalore-silk-zari-border-saree-10-2026-496-1-10_1.jpg,2282,paithani weaving,4890,5984.899,1.224
bangalore-silk-zari-border-saree-09-2026-496-1-9_1.jpg,2282,paithani weaving,4890,6102.373,1.248
bangalore-silk-zari-border-saree-07-2026-496-1-7_1.jpg,2282,paithani weaving,4890,5938.978,1.215
bangalore-silk-zari-border-saree-05-2026-496-1-5_1.jpg,2282,paithani weaving,4890,5863.302,1.199
bangalore-silk-zari-border-saree-04-2026-496-1-4_1.jpg,2282,paithani weaving,4890,5931.123,1.213
bangalore-silk-zari-border-saree-03-2026-496-1-3_1.jpg,2282,paithani weaving,4890,5824.571,1.191
bangalore-silk-zari-border-saree-02-2026-496-1-2_1.jpg,2282,paithani weaving,4890,6083.026,1.244
dharwad-woven-mercerised-cotton-saree-with-border-60-2026-455-1-60_1.jpg,2257,dharwad weaving,2850,3659.612,1.284
dharwad-woven-thread-buti-mercerised-cotton-saree-with-border-55-2026-455-1-55_1.jpg,2257,dharwad weaving,2850,4217.475,1.48
dharwad-woven-mercerised-cotton-saree-with-border-53-2026-455-1-53_1.jpg,2257,dharwad weaving,2850,3739.04,1.312
dharwad-woven-mercerised-cotton-saree-with-border-52-2026-455-1-52_1.jpg,2257,dharwad weaving,2850,3717.793,1.304
dharwad-woven-mercerised-cotton-saree-with-border-51-2026-455-1-51_1.jpg,2257,dharwad weaving,2850,3681.684,1.292
dharwad-woven-mercerised-cotton-saree-with-border-48-2026-455-1-48_1.jpg,2257,dharwad weaving,2850,3736.157,1.311
dharwad-woven-mercerised-cotton-saree-with-border-47-2026-455-1-47_1.jpg,2257,dharwad weaving,2850,3724.399,1.307
dharwad-woven-mercerised-cotton-saree-with-border-46-2026-455-1-46_1.jpg,2257,dharwad weaving,2850,3711.294,1.302
dharwad-woven-mercerised-cotton-saree-with-border-44-2026-455-1-44_1.jpg,2257,dharwad weaving,2850,3578.747,1.256
dharwad-woven-mercerised-cotton-saree-with-border-43-2026-455-1-43_1.jpg,2257,dharwad weaving,2850,3688.29,1.294
dharwad-woven-mercerised-cotton-saree-with-border-42-2026-455-1-42_1.jpg,2257,dharwad weaving,2850,3710.964,1.302
dharwad-woven-mercerised-cotton-saree-with-border-41-2026-455-1-41_1.jpg,2257,dharwad weaving,2850,3621.281,1.271
dharwad-woven-mercerised-cotton-saree-with-border-40-2026-455-1-40_1.jpg,2257,dharwad weaving,2850,3721.683,1.306
dharwad-woven-thread-buti-mercerised-cotton-saree-with-border-37-2026-455-1-37_1.jpg,2257,dharwad weaving,3490,4298.182,1.232
dharwad-woven-thread-buti-mercerised-cotton-saree-with-border-36-2026-455-1-36_1.jpg,2257,dharwad weaving,3490,4313.178,1.236
dharwad-woven-mercerised-cotton-saree-with-border-59-2026-455-1-59_1.jpg,2257,dharwad weaving,2850,3706.527,1.301
dharwad-woven-mercerised-cotton-saree-with-border-50-2026-455-1-50_1.jpg,2257,dharwad weaving,2850,3637.872,1.276
dharwad-woven-thread-buti-mercerised-cotton-saree-with-border-68-2026-455-1-68_1.jpg,2257,dharwad weaving,3190,4308.225,1.351
dharwad-woven-thread-buti-mercerised-cotton-saree-with-border-35-2026-455-1-35_1.jpg,2257,dharwad weaving,3490,4368.487,1.252
dharwad-woven-mercerised-cotton-saree-with-border-24-2026-455-1-24_1.jpg,2257,dharwad weaving,2850,3675.043,1.289
dharwad-woven-mercerised-cotton-saree-with-border-23-2026-455-1-23_1.jpg,2257,dharwad weaving,2850,3715.515,1.304
dharwad-woven-mercerised-cotton-saree-with-border-22-2026-455-1-22_1.jpg,2257,dharwad weaving,2850,3792.259,1.331
dharwad-woven-mercerised-cotton-saree-with-border-21-2026-455-1-21_1.jpg,2257,dharwad weaving,2850,3712.475,1.303
dharwad-woven-mercerised-cotton-saree-with-border-18-2026-455-1-18_1.jpg,2257,dharwad weaving,2850,3721.601,1.306
dharwad-woven-mercerised-cotton-saree-with-border-16-2026-455-1-16_1.jpg,2257,dharwad weaving,2850,3726.913,1.308
dharwad-woven-mercerised-cotton-saree-with-border-15-2026-455-1-15_1.jpg,2257,dharwad weaving,2850,3773.303,1.324
dharwad-woven-mercerised-cotton-saree-with-border-14-2026-455-1-14_1.jpg,2257,dharwad weaving,2850,3755.2,1.318
dharwad-woven-mercerised-cotton-saree-with-border-13-2026-455-1-13_1.jpg,2257,dharwad weaving,2850,3609.15,1.266
dharwad-woven-mercerised-cotton-saree-with-border-12-2026-455-1-12_1.jpg,2257,dharwad weaving,2850,3752.4,1.317
dharwad-woven-mercerised-cotton-saree-with-border-10-2026-455-1-10_1.jpg,2257,dharwad weaving,2850,3751.523,1.316
dharwad-woven-mercerised-cotton-saree-with-border-09-2026-455-1-9_1.jpg,2257,dharwad weaving,2850,3751.537,1.316
dharwad-woven-mercerised-cotton-saree-with-border-07-2026-455-1-7_1.jpg,2257,dharwad weaving,2850,3708.327,1.301
dharwad-woven-mercerised-cotton-saree-with-border-05-2026-455-1-5_1.jpg,2257,dharwad weaving,2850,3575.411,1.255
dharwad-woven-mercerised-cotton-saree-with-border-04-2026-455-1-4_1.jpg,2257,dharwad weaving,2850,3662.822,1.285
dharwad-woven-mercerised-cotton-saree-with-border-03-2026-455-1-3_1.jpg,2257,dharwad weaving,2850,3649.192,1.28
dharwad-woven-mercerised-cotton-saree-with-border-01-2026-455-1-1_1.jpg,2257,dharwad weaving,2850,3724.268,1.307
dharwad-woven-mercerised-cotton-saree-with-border-32-2026-455-1-32_1.jpg,2257,dharwad weaving,2850,3702.888,1.299
dharwad-woven-mercerised-cotton-saree-with-border-29-2026-455-1-29_1.jpg,2257,dharwad weaving,2850,3707.173,1.301
dharwad-woven-thread-buti-mercerised-cotton-saree-with-border-54-2026-455-1-54_1.jpg,2257,dharwad weaving,2850,4326.877,1.518
dharwad-woven-mercerised-cotton-saree-with-border-28-2026-455-1-28_1.jpg,2257,dharwad weaving,2850,3695.293,1.297
pedana-hand-block-print-natural-dyed-cotton-kalamkari-saree-68-2026-249-1-68_1.jpg,2307,kalamkari block printing,3290,1899.459,0.577
pedana-hand-block-print-natural-dyed-cotton-kalamkari-saree-67-2026-249-1-67_1.jpg,2307,kalamkari block printing,3290,1899.459,0.577
pedana-hand-block-print-natural-dyed-cotton-kalamkari-saree-66-2026-249-1-66_1.jpg,2307,kalamkari block printing,3290,1928.094,0.586
pedana-hand-block-print-natural-dyed-cotton-kalamkari-saree-65-2026-249-1-65_1.jpg,2307,kalamkari block printing,3290,1906.062,0.579
pedana-hand-block-print-natural-dyed-cotton-kalamkari-saree-63-2026-249-1-63_1.jpg,2307,kalamkari block printing,3290,1989.278,0.605
pedana-hand-block-print-natural-dyed-cotton-kalamkari-saree-61-2026-249-1-61_1.jpg,2307,kalamkari block printing,3290,1906.448,0.579
pedana-hand-block-print-natural-dyed-cotton-kalamkari-saree-59-2026-249-1-59_1.jpg,2307,kalamkari block printing,3290,1906.062,0.579
pedana-hand-block-print-natural-dyed-cotton-kalamkari-saree-58-2026-249-1-58_1.jpg,2307,kalamkari block printing,3290,1899.459,0.577
pedana-hand-block-print-natural-dyed-cotton-kalamkari-saree-57-2026-249-1-57_1.jpg,2307,kalamkari block printing,3290,1906.062,0.579
pedana-hand-block-print-natural-dyed-cotton-kalamkari-saree-54-2026-249-1-54_1.jpg,2307,kalamkari block printing,3290,1991.209,0.605
pedana-hand-block-print-natural-dyed-cotton-kalamkari-saree-52-2026-249-1-52_1.jpg,2307,kalamkari block printing,3290,1902.491,0.578
pedana-hand-block-print-natural-dyed-cotton-kalamkari-saree-51-2026-249-1-51_1.jpg,2307,kalamkari block printing,3290,1894.474,0.576
pedana-hand-block-print-natural-dyed-cotton-kalamkari-saree-50-2026-249-1-50_1.jpg,2307,kalamkari block printing,3290,1796.27,0.546
pedana-hand-block-print-natural-dyed-cotton-kalamkari-saree-48-2026-249-1-48_1.jpg,2307,kalamkari block printing,3290,1921.702,0.584
pedana-hand-block-print-natural-dyed-cotton-kalamkari-saree-46-2026-249-1-46_1.jpg,2307,kalamkari block printing,3290,1907.153,0.58
pedana-hand-block-print-natural-dyed-cotton-kalamkari-saree-45-2026-249-1-45_1.jpg,2307,kalamkari block printing,3290,1925.974,0.585
pedana-hand-block-print-natural-dyed-cotton-kalamkari-saree-42-2026-249-1-42_1.jpg,2307,kalamkari block printing,3290,1926.946,0.586
pedana-hand-block-print-natural-dyed-cotton-kalamkari-saree-41-2026-249-1-41_1.jpg,2307,kalamkari block printing,3290,1892.382,0.575
pedana-hand-block-print-natural-dyed-cotton-kalamkari-saree-40-2026-249-1-40_1.jpg,2307,kalamkari block printing,3290,1924.266,0.585
pedana-hand-block-print-natural-dyed-cotton-kalamkari-saree-38-2026-249-1-38_1.jpg,2307,kalamkari block printing,3290,1905.164,0.579
pedana-hand-block-print-natural-dyed-cotton-kalamkari-saree-37-2026-249-1-37_1.jpg,2307,kalamkari block printing,3290,1892.597,0.575
pedana-hand-block-print-natural-dyed-cotton-kalamkari-saree-35-2026-249-1-35_1.jpg,2307,kalamkari block printing,3290,1915.355,0.582
pedana-hand-block-print-natural-dyed-cotton-kalamkari-saree-34-2026-249-1-34_1.jpg,2307,kalamkari block printing,3290,1942.866,0.591
pedana-hand-block-print-natural-dyed-cotton-kalamkari-saree-33-2026-249-1-33_1.jpg,2307,kalamkari block printing,3290,1911.963,0.581
pedana-hand-block-print-natural-dyed-cotton-kalamkari-saree-32-2026-249-1-32_1.jpg,2307,kalamkari block printing,3290,1895.487,0.576
pedana-hand-block-print-natural-dyed-cotton-kalamkari-saree-31-2026-249-1-31_1.jpg,2307,kalamkari block printing,3290,1969.124,0.599
pedana-hand-block-print-natural-dyed-cotton-kalamkari-saree-30-2026-249-1-30_1.jpg,2307,kalamkari block printing,3290,1982.991,0.603
pedana-hand-block-print-natural-dyed-cotton-kalamkari-saree-29-2026-249-1-29_1.jpg,2307,kalamkari block printing,3290,1903.05,0.578
pedana-hand-block-print-natural-dyed-cotton-kalamkari-saree-27-2026-249-1-27_1.jpg,2307,kalamkari block printing,3290,1907.402,0.58
pedana-hand-block-print-natural-dyed-cotton-kalamkari-saree-26-2026-249-1-26_1.jpg,2307,kalamkari block printing,3290,1930.365,0.587
pedana-hand-block-print-natural-dyed-cotton-kalamkari-saree-25-2026-249-1-25_1.jpg,2307,kalamkari block printing,3290,1950.325,0.593
pedana-hand-block-print-natural-dyed-cotton-kalamkari-saree-24-2026-249-1-24_1.jpg,2307,kalamkari block printing,3290,1907.909,0.58
pedana-hand-block-print-natural-dyed-cotton-kalamkari-saree-23-2026-249-1-23_1.jpg,2307,kalamkari block printing,3290,1923.864,0.585
pedana-hand-block-print-natural-dyed-cotton-kalamkari-saree-22-2026-249-1-22_1.jpg,2307,kalamkari block printing,3290,2036.635,0.619
pedana-hand-block-print-natural-dyed-cotton-kalamkari-saree-21-2026-249-1-21_1.jpg,2307,kalamkari block printing,3290,1922.589,0.584
pedana-hand-block-print-natural-dyed-cotton-kalamkari-saree-20-2026-249-1-20_1.jpg,2307,kalamkari block printing,3290,1895.043,0.576
pedana-hand-block-print-natural-dyed-cotton-kalamkari-saree-19-2026-249-1-19_1.jpg,2307,kalamkari block printing,3290,1926.643,0.586
pedana-hand-block-print-natural-dyed-cotton-kalamkari-saree-18-2026-249-1-18_1.jpg,2307,kalamkari block printing,3290,1924.797,0.585
pedana-hand-block-print-natural-dyed-cotton-kalamkari-saree-17-2026-249-1-17_1.jpg,2307,kalamkari block printing,3290,1933.64,0.588
pedana-hand-block-print-natural-dyed-cotton-kalamkari-saree-16-2026-249-1-16_1.jpg,2307,kalamkari block printing,3290,1913.881,0.582
pedana-hand-block-print-natural-dyed-cotton-kalamkari-saree-15-2026-249-1-15_1.jpg,2307,kalamkari block printing,3290,1996.185,0.607
pedana-hand-block-print-natural-dyed-cotton-kalamkari-saree-14-2026-249-1-14_1.jpg,2307,kalamkari block printing,3290,1938.015,0.589
pedana-hand-block-print-natural-dyed-cotton-kalamkari-saree-13-2026-249-1-13_1.jpg,2307,kalamkari block printing,3290,1911.541,0.581
pedana-hand-block-print-natural-dyed-cotton-kalamkari-saree-12-2026-249-1-12_1.jpg,2307,kalamkari block printing,3290,1955.48,0.594
pedana-hand-block-print-natural-dyed-cotton-kalamkari-saree-11-2026-249-1-11_1.jpg,2307,kalamkari block printing,3290,1937.776,0.589
pedana-hand-block-print-natural-dyed-cotton-kalamkari-saree-10-2026-249-1-10_1.jpg,2307,kalamkari block printing,3290,1912.36,0.581
pedana-hand-block-print-natural-dyed-cotton-kalamkari-saree-09-2026-249-1-9_1.jpg,2307,kalamkari block printing,3290,1907.939,0.58
pedana-hand-block-print-natural-dyed-cotton-kalamkari-saree-08-2026-249-1-8_1.jpg,2307,kalamkari block printing,3290,1924.021,0.585
pedana-hand-block-print-natural-dyed-cotton-kalamkari-saree-07-2026-249-1-7_1.jpg,2307,kalamkari block printing,3290,1918.342,0.583
pedana-hand-block-print-natural-dyed-cotton-kalamkari-saree-06-2026-249-1-6_1.jpg,2307,kalamkari block printing,3290,1918.526,0.583
pedana-hand-block-print-natural-dyed-cotton-kalamkari-saree-05-2026-249-1-5_1.jpg,2307,kalamkari block printing,3290,1887.496,0.574
pedana-hand-block-print-natural-dyed-cotton-kalamkari-saree-04-2026-249-1-4_1.jpg,2307,kalamkari block printing,3290,1921.85,0.584
pedana-hand-block-print-natural-dyed-cotton-kalamkari-saree-03-2026-249-1-3_1.jpg,2307,kalamkari block printing,3290,1913.239,0.582
pedana-hand-block-print-natural-dyed-cotton-kalamkari-saree-02-2026-249-1-2_1.jpg,2307,kalamkari block printing,3290,1937.194,0.589
pedana-hand-block-print-natural-dyed-cotton-kalamkari-saree-01-2026-249-1-1_1.jpg,2307,kalamkari block printing,3290,1924.948,0.585
bengal-handwoven-cotton-begumpuri-saree-36-2026-220-1-36_1.jpg,2255,begampur weaving,6890,4986.893,0.724
bengal-handwoven-cotton-begumpuri-saree-32-2026-220-1-32_1.jpg,2255,begampur weaving,5490,4851.18,0.884
bengal-handwoven-cotton-begumpuri-saree-28-2026-220-1-28_1.jpg,2255,begampur weaving,5590,5116.662,0.915
bengal-handwoven-cotton-begumpuri-saree-27-2026-220-1-27_1.jpg,2255,begampur weaving,5590,4990.202,0.893
bengal-handwoven-cotton-begumpuri-saree-23-2026-220-1-23_1.jpg,2255,begampur weaving,8490,5066.737,0.597
bengal-handwoven-cotton-begumpuri-saree-20-2026-220-1-20_1.jpg,2255,begampur weaving,3790,5031.688,1.328
bengal-handwoven-cotton-begumpuri-saree-14-2026-220-1-14_1.jpg,2255,begampur weaving,4490,5054.749,1.126
bengal-handwoven-cotton-begumpuri-saree-12-2026-220-1-12_1.jpg,2255,begampur weaving,4490,5126.542,1.142
bengal-handwoven-cotton-begumpuri-saree-10-2026-220-1-10_1.jpg,2255,begampur weaving,4490,5046.011,1.124
bengal-handwoven-cotton-begumpuri-saree-09-2026-220-1-9_1.jpg,2255,begampur weaving,4490,5073.378,1.13
bengal-handwoven-cotton-begumpuri-saree-06-2026-220-1-6_1.jpg,2255,begampur weaving,4490,5061.369,1.127
bengal-handwoven-cotton-begumpuri-saree-04-2026-220-1-4_1.jpg,2255,begampur weaving,4490,4859.197,1.082
bengal-handwoven-cotton-begumpuri-saree-01-2026-220-1-1_1.jpg,2255,begampur weaving,4490,4993.162,1.112
bengal-kantha-hand-embroidery-silk-cotton-chapa-work-saree-105-2026-156-1-105_1.jpg,2294,bengal kantha work,3190,5027.785,1.576
bengal-kantha-hand-embroidery-silk-cotton-chapa-work-saree-103-2026-156-1-103_1.jpg,2294,bengal kantha work,3190,5224.9,1.638
bengal-kantha-hand-embroidery-silk-cotton-chapa-work-saree-89-2026-156-1-89_1.jpg,2294,bengal kantha work,3190,5076.974,1.592
bengal-kantha-hand-embroidery-silk-cotton-chapa-work-saree-87-2026-156-1-87_1.jpg,2294,bengal kantha work,3190,5549.99,1.74
bengal-kantha-hand-embroidery-silk-cotton-chapa-work-saree-86-2026-156-1-86_1.jpg,2294,bengal kantha work,3190,5008.342,1.57
bengal-kantha-hand-embroidery-silk-cotton-chapa-work-saree-82-2026-156-1-82_1.jpg,2294,bengal kantha work,3190,5076.974,1.592
bengal-kantha-hand-embroidery-silk-cotton-chapa-work-saree-80-2026-156-1-80_1.jpg,2294,bengal kantha work,3190,5152.729,1.615
bengal-kantha-hand-embroidery-silk-cotton-chapa-work-saree-79-2026-156-1-79_1.jpg,2294,bengal kantha work,3190,5253.812,1.647
bengal-kantha-hand-embroidery-silk-cotton-chapa-work-saree-78-2026-156-1-78_1.jpg,2294,bengal kantha work,3190,5152.729,1.615
bengal-kantha-hand-embroidery-silk-cotton-chapa-work-saree-70-2026-156-1-70_1.jpg,2294,bengal kantha work,3190,5008.342,1.57
bengal-kantha-hand-embroidery-silk-cotton-chapa-work-saree-65-2026-156-1-65_1.jpg,2294,bengal kantha work,3190,5008.342,1.57
bengal-kantha-hand-embroidery-silk-cotton-chapa-work-saree-61-2026-156-1-61_1.jpg,2294,bengal kantha work,3190,5178.668,1.623
bengal-kantha-hand-embroidery-silk-cotton-chapa-work-saree-57-2026-156-1-57_1.jpg,2294,bengal kantha work,3190,5076.974,1.592
bengal-kantha-hand-embroidery-silk-cotton-chapa-work-saree-55-2026-156-1-55_1.jpg,2294,bengal kantha work,3190,5071.897,1.59
bengal-kantha-hand-embroidery-silk-cotton-chapa-work-saree-54-2026-156-1-54_1.jpg,2294,bengal kantha work,3190,5396.484,1.692
bengal-kantha-hand-embroidery-silk-cotton-chapa-work-saree-49-2026-156-1-49_1.jpg,2294,bengal kantha work,3190,5140.596,1.611
bengal-kantha-hand-embroidery-silk-cotton-chapa-work-saree-48-2026-156-1-48_1.jpg,2294,bengal kantha work,3190,5456.07,1.71
bengal-kantha-hand-embroidery-silk-cotton-chapa-work-saree-47-2026-156-1-47_1.jpg,2294,bengal kantha work,3190,5339.272,1.674
bengal-kantha-hand-embroidery-silk-cotton-chapa-work-saree-46-2026-156-1-46_1.jpg,2294,bengal kantha work,3190,5100.83,1.599
bengal-kantha-hand-embroidery-silk-cotton-chapa-work-saree-43-2026-156-1-43_1.jpg,2294,bengal kantha work,3190,5068.249,1.589
bengal-kantha-hand-embroidery-silk-cotton-chapa-work-saree-25-2026-156-1-25_1.jpg,2294,bengal kantha work,3190,5188.448,1.626
bengal-kantha-hand-embroidery-silk-cotton-chapa-work-saree-22-2026-156-1-22_1.jpg,2294,bengal kantha work,3190,5274.342,1.653
bengal-kantha-hand-embroidery-silk-cotton-chapa-work-saree-21-2026-156-1-21_1.jpg,2294,bengal kantha work,3190,5398.328,1.692
bengal-kantha-hand-embroidery-silk-cotton-chapa-work-saree-20-2026-156-1-20_1.jpg,2294,bengal kantha work,3190,5146.539,1.613
bengal-kantha-hand-embroidery-silk-cotton-chapa-work-saree-16-2026-156-1-16_1.jpg,2294,bengal kantha work,3190,5069.694,1.589
bengal-kantha-hand-embroidery-silk-cotton-chapa-work-saree-15-2026-156-1-15_1.jpg,2294,bengal kantha work,3190,5009.091,1.57
bengal-kantha-hand-embroidery-silk-cotton-chapa-work-saree-14-2026-156-1-14_1.jpg,2294,bengal kantha work,3190,5077.646,1.592
bengal-kantha-hand-embroidery-silk-cotton-chapa-work-saree-13-2026-156-1-13_1.jpg,2294,bengal kantha work,3190,5267.861,1.651
bengal-kantha-hand-embroidery-silk-cotton-chapa-work-saree-12-2026-156-1-12_1.jpg,2294,bengal kantha work,3190,5376.813,1.686
bengal-kantha-hand-embroidery-silk-cotton-chapa-work-saree-11-2026-156-1-11_1.jpg,2294,bengal kantha work,3190,5009.787,1.57
bengal-kantha-hand-embroidery-silk-cotton-chapa-work-saree-09-2026-156-1-9_1.jpg,2294,bengal kantha work,3190,5540.111,1.737
bengal-kantha-hand-embroidery-silk-cotton-chapa-work-saree-06-2026-156-1-6_1.jpg,2294,bengal kantha work,3190,5402.501,1.694
bengal-kantha-hand-embroidery-silk-cotton-chapa-work-saree-05-2026-156-1-5_1.jpg,2294,bengal kantha work,3190,4889.149,1.533
bengal-kantha-hand-embroidery-silk-cotton-chapa-work-saree-04-2026-156-1-4_1.jpg,2294,bengal kantha work,3190,5032.734,1.578
bengal-kantha-hand-embroidery-silk-cotton-chapa-work-saree-03-2026-156-1-3_1.jpg,2294,bengal kantha work,3190,5381.941,1.687
bengal-kantha-hand-embroidery-silk-cotton-chapa-work-saree-02-2026-156-1-2_1.jpg,2294,bengal kantha work,3190,5560.141,1.743
bengal-kantha-hand-embroidery-silk-cotton-chapa-work-saree-01-2026-156-1-1_1.jpg,2294,bengal kantha work,3190,5417.687,1.698
phulkari-hand-embroidered-chanderi-silk-chapa-work-saree-28-2026-136-1-28_1.jpg,2294,phulkari,3490,8920.55,2.556
phulkari-hand-embroidered-chanderi-silk-chapa-work-saree-27-2026-136-1-27_1.jpg,2294,phulkari,3490,8846.355,2.535
phulkari-hand-embroidered-chanderi-silk-chapa-work-saree-26-2026-136-1-26_1.jpg,2294,phulkari,3490,8855.439,2.537
phulkari-hand-embroidered-chanderi-silk-chapa-work-saree-24-2026-136-1-24_1.jpg,2294,phulkari,3490,8449.456,2.421
phulkari-hand-embroidered-chanderi-silk-chapa-work-saree-13-2026-136-1-13_1.jpg,2294,phulkari,3490,9047.218,2.592
phulkari-hand-embroidered-chanderi-silk-chapa-work-saree-12-2026-136-1-12_1.jpg,2294,phulkari,3490,9348.629,2.679
phulkari-hand-embroidered-chanderi-silk-chapa-work-saree-03-2026-136-1-3_1.jpg,2294,phulkari,3490,8513.379,2.439
phulkari-hand-embroidered-chanderi-silk-chapa-work-saree-02-2026-136-1-2_1.jpg,2294,phulkari,3490,8641.338,2.476
phulkari-hand-embroidered-chanderi-silk-chapa-work-saree-01-2026-136-1-1_1.jpg,2294,phulkari,3490,8567.981,2.455
pure-handloom-cotton-thread-buti-chanderi-saree-19-2026-104-3-19_1.jpg,2314,chanderi weaving,4590,4080.283,0.889
pure-handloom-cotton-thread-buti-chanderi-saree-15-2026-104-3-15_1.jpg,2314,chanderi weaving,4590,4117.352,0.897
pure-handloom-cotton-thread-buti-chanderi-saree-13-2026-104-3-13_1.jpg,2314,chanderi weaving,4590,4013.017,0.874
pure-handloom-cotton-thread-buti-chanderi-saree-10-2026-104-3-10_1.jpg,2314,chanderi weaving,4590,4072.556,0.887
pure-handloom-cotton-thread-buti-chanderi-saree-06-2026-104-3-6_1.jpg,2314,chanderi weaving,4590,4068.032,0.886
pure-handloom-cotton-thread-buti-chanderi-saree-05-2026-104-3-5_1.jpg,2314,chanderi weaving,4590,3910.419,0.852
pure-handloom-cotton-thread-buti-chanderi-saree-03-2026-104-3-3_1.jpg,2314,chanderi weaving,4590,4055.321,0.884
pure-handwoven-mangalagiri-cotton-saree-with-zari-border-39-2025-1846-2-39_1.jpg,2232,mangalagiri weaving,6190,5033.211,0.813
pure-handwoven-mangalagiri-cotton-saree-with-zari-border-38-2025-1846-2-38_1.jpg,2232,mangalagiri weaving,6190,5112.88,0.826
pure-handwoven-mangalagiri-cotton-saree-with-zari-border-37-2025-1846-2-37_1.jpg,2232,mangalagiri weaving,6190,5077.054,0.82
pure-handwoven-mangalagiri-cotton-saree-with-zari-border-35-2025-1846-2-35_1.jpg,2232,mangalagiri weaving,6190,5126.745,0.828
pure-handwoven-mangalagiri-cotton-saree-with-zari-border-34-2025-1846-2-34_1.jpg,2232,mangalagiri weaving,6190,5236.494,0.846
pure-handwoven-zari-checks-mangalagiri-cotton-saree-28-2025-1846-2-28_1.jpg,2232,mangalagiri weaving,6190,4908.139,0.793
pure-handwoven-zari-checks-mangalagiri-cotton-saree-27-2025-1846-2-27_1.jpg,2232,mangalagiri weaving,6190,4917.209,0.794
pure-handwoven-mangalagiri-silk-cotton-pattu-saree-24-2025-1846-2-24_1.jpg,2232,mangalagiri weaving,5290,4684.393,0.886
pure-handwoven-mangalagiri-silk-cotton-pattu-saree-14-2025-1846-2-14_1.jpg,2232,mangalagiri weaving,5890,4743.94,0.805
pure-handwoven-mangalagiri-silk-cotton-pattu-saree-with-zari-border-09-2025-1846-2-9_1.jpg,2232,mangalagiri weaving,5890,6990.04,1.187
pure-handwoven-mangalagiri-silk-cotton-pattu-saree-with-zari-border-12-2025-1846-2-12_1.jpg,2232,mangalagiri weaving,5890,7059.563,1.199
pure-handwoven-mangalagiri-silk-cotton-pattu-saree-with-zari-border-11-2025-1846-2-11_1.jpg,2232,mangalagiri weaving,5890,7050.56,1.197
pure-handwoven-mangalagiri-silk-cotton-pattu-saree-with-zari-border-05-2025-1846-2-5_1.jpg,2232,mangalagiri weaving,5890,6969.35,1.183
pure-handwoven-mangalagiri-silk-cotton-pattu-saree-with-zari-border-02-2025-1846-2-2_1.jpg,2232,mangalagiri weaving,5890,7050.271,1.197
phulkari-hand-embroidery-chapa-work-chanderi-silk-saree-15-2025-1877-1-15_1.jpg,2294,phulkari,3490,8879.44,2.544
pure-handwoven-mangalagiri-cotton-saree-with-zari-border-33-2025-1846-2-33_1.jpg,2232,mangalagiri weaving,6190,5091.817,0.823
pure-handwoven-mangalagiri-silk-cotton-pattu-saree-13-2025-1846-2-13_1.jpg,2232,mangalagiri weaving,5890,4642.158,0.788
mangalagiri-handwoven-pure-silk-pattu-saree-36-2026-021-1-36_1.jpg,2232,mangalagiri weaving,7190,7175.574,0.998
mangalagiri-handwoven-pure-silk-pattu-saree-34-2026-021-1-34_1.jpg,2232,mangalagiri weaving,7190,7206.443,1.002
mangalagiri-handwoven-pure-silk-pattu-saree-33-2026-021-1-33_1.jpg,2232,mangalagiri weaving,7190,7197.375,1.001
mangalagiri-handwoven-pure-silk-pattu-saree-32-2026-021-1-32_1.jpg,2232,mangalagiri weaving,7190,7143.518,0.994
mangalagiri-handwoven-pure-silk-pattu-saree-31-2026-021-1-31_1.jpg,2232,mangalagiri weaving,7190,7216.801,1.004
mangalagiri-handwoven-pure-silk-pattu-saree-25-2026-021-1-25_1.jpg,2232,mangalagiri weaving,7190,7311.338,1.017
mangalagiri-handwoven-pure-silk-pattu-saree-22-2026-021-1-22_1.jpg,2232,mangalagiri weaving,7190,7460.764,1.038
traditional-pochampally-ikat-handwoven-pure-silk-pattu-saree-with-rudraksha-border-19-2026-021-1-19_1.jpg,2321,pochampally ikat weaving,17990,19973.258,1.11
traditional-pochampally-ikat-handwoven-pure-silk-pattu-saree-with-rudraksha-border-18-2026-021-1-18_1.jpg,2321,pochampally ikat weaving,17990,20668.299,1.149
traditional-pochampally-ikat-handwoven-pure-silk-pattu-saree-with-rudraksha-border-17-2026-021-1-17_1.jpg,2321,pochampally ikat weaving,17990,20642.54,1.147
traditional-pochampally-ikat-handwoven-pure-silk-pattu-saree-with-rudraksha-border-15-2026-021-1-15_1.jpg,2321,pochampally ikat weaving,17990,20755.918,1.154
traditional-pochampally-ikat-handwoven-pure-silk-pattu-saree-with-rudraksha-border-14-2026-021-1-14_1.jpg,2321,pochampally ikat weaving,17990,20696.378,1.15
traditional-pochampally-ikat-handwoven-pure-silk-pattu-saree-with-rudraksha-border-13-2026-021-1-13_1.jpg,2321,pochampally ikat weaving,17990,20613.384,1.146
traditional-pochampally-ikat-handwoven-pure-silk-pattu-saree-with-rudraksha-border-12-2026-021-1-12_1.jpg,2321,pochampally ikat weaving,17990,21058.77,1.171
traditional-pochampally-ikat-handwoven-pure-silk-pattu-saree-with-rudraksha-border-11-2026-021-1-11_1.jpg,2321,pochampally ikat weaving,17990,20575.782,1.144
traditional-pochampally-ikat-handwoven-pure-silk-pattu-saree-with-rudraksha-border-10-2026-021-1-10_1.jpg,2321,pochampally ikat weaving,17990,20790.588,1.156
traditional-pochampally-ikat-handwoven-pure-silk-pattu-saree-with-rudraksha-border-09-2026-021-1-9_1.jpg,2321,pochampally ikat weaving,17990,20087.112,1.117
traditional-pochampally-ikat-handwoven-pure-silk-pattu-saree-with-rudraksha-border-08-2026-021-1-8_1.jpg,2321,pochampally ikat weaving,17990,20538.659,1.142
traditional-pochampally-ikat-handwoven-pure-silk-pattu-saree-with-rudraksha-border-07-2026-021-1-7_1.jpg,2321,pochampally ikat weaving,17990,20364.955,1.132
traditional-pochampally-ikat-handwoven-pure-silk-pattu-saree-with-rudraksha-border-04-2026-021-1-4_1.jpg,2321,pochampally ikat weaving,17990,20689.37,1.15
traditional-pochampally-ikat-handwoven-pure-silk-pattu-saree-with-rudraksha-border-03-2026-021-1-3_1.jpg,2321,pochampally ikat weaving,17990,20658.804,1.148
traditional-pochampally-ikat-handwoven-pure-silk-pattu-saree-with-rudraksha-border-02-2026-021-1-2_1.jpg,2321,pochampally ikat weaving,17990,20769.893,1.155
traditional-pochampally-ikat-handwoven-pure-silk-pattu-saree-with-rudraksha-border-01-2026-021-1-1_1.jpg,2321,pochampally ikat weaving,17990,20627.677,1.147
pure-mul-cotton-natural-dyed-hand-block-bagru-print-saree-21-2025-1807-2-21_1.jpg,2327,bagru block printing,2690,2501.346,0.93
pure-mul-cotton-natural-dyed-hand-block-bagru-print-saree-20-2025-1807-2-20_1.jpg,2327,bagru block printing,2690,2498.816,0.929
pure-mul-cotton-natural-dyed-hand-block-bagru-print-saree-18-2025-1807-2-18_1.jpg,2327,bagru block printing,2690,2499.923,0.929
pure-mul-cotton-natural-dyed-hand-block-bagru-print-saree-17-2025-1807-2-17_1.jpg,2327,bagru block printing,2690,2520.694,0.937
pure-mul-cotton-natural-dyed-hand-block-bagru-print-saree-15-2025-1807-2-15_1.jpg,2327,bagru block printing,2690,2503.555,0.931
pure-mul-cotton-natural-dyed-hand-block-bagru-print-saree-13-2025-1807-2-13_1.jpg,2327,bagru block printing,2690,2493.46,0.927
pure-mul-cotton-natural-dyed-hand-block-bagru-print-saree-12-2025-1807-2-12_1.jpg,2327,bagru block printing,2690,2652.652,0.986
pure-mul-cotton-natural-dyed-hand-block-bagru-print-saree-11-2025-1807-2-11_1.jpg,2327,bagru block printing,2690,2498.055,0.929
pure-mul-cotton-natural-dyed-hand-block-bagru-print-saree-10-2025-1807-2-10_1.jpg,2327,bagru block printing,2690,2511.437,0.934
pure-mul-cotton-natural-dyed-hand-block-bagru-print-saree-09-2025-1807-2-9_1.jpg,2327,bagru block printing,2690,2514.108,0.935
pure-mul-cotton-natural-dyed-hand-block-bagru-print-saree-04-2025-1739-1-4_1.jpg,2327,bagru block printing,2690,2550.322,0.948
pure-mul-cotton-natural-dyed-hand-block-bagru-print-saree-02-2025-1739-1-2_1.jpg,2327,bagru block printing,2690,2566.934,0.954
natural-dyed-hand-block-print-pure-mul-cotton-bagru-saree-11-2025-1752-2-11_1.jpg,2327,bagru block printing,2690,2420.863,0.9
bengal-kantha-hand-embroidery-silk-cotton-chapa-work-saree-36-2025-1786-1-36_1.jpg,2294,bengal kantha work,3190,4915.441,1.541
bengal-kantha-hand-embroidery-silk-cotton-chapa-work-saree-15-2025-1786-1-15_1.jpg,2294,bengal kantha work,3190,4967.112,1.557
bengal-kantha-hand-embroidery-silk-cotton-chapa-work-saree-06-2025-1786-1-6_1.jpg,2294,bengal kantha work,3190,4887.807,1.532
bengal-kantha-hand-embroidery-silk-cotton-chapa-work-saree-01-2025-1786-1-1_1.jpg,2294,bengal kantha work,3190,5134.247,1.609
hand-embroidered-chanderi-silk-chapa-work-phulkari-saree-18-2025-1690-2-18_1.jpg,2294,phulkari,3490,8266.052,2.368
hand-embroidered-chanderi-silk-chapa-work-phulkari-saree-13-2025-1690-2-13_1.jpg,2294,phulkari,3490,8369.178,2.398
kutch-tie-dye-pure-cotton-shibori-saree-29-2025-1635-1-29_1.jpg,2334,shibori tie dye,3990,2749.744,0.689
kutch-tie-dye-pure-cotton-shibori-saree-26-2025-1635-1-26_1.jpg,2334,shibori tie dye,3990,2652.722,0.665
kutch-tie-dye-pure-cotton-shibori-saree-25-2025-1635-1-25_1.jpg,2334,shibori tie dye,3990,2904.217,0.728
kutch-tie-dye-pure-cotton-shibori-saree-24-2025-1635-1-24_1.jpg,2334,shibori tie dye,3990,2760.051,0.692
chanderi-silk-natural-dyed-hand-block-dabu-bagru-print-saree-61-2025-1553-1-61_1.jpg,2327,bagru block printing,4890,3784.16,0.774
pure-mul-cotton-hand-block-batik-print-saree-40-2025-1553-1-40_1.jpg,2339,batik block printing,2290,2356.255,1.029
pure-mul-cotton-hand-block-batik-print-saree-39-2025-1553-1-39_1.jpg,2339,batik block printing,2290,2310.673,1.009
pure-mul-cotton-hand-block-batik-print-saree-28-2025-1553-1-28_1.jpg,2339,batik block printing,2290,2394.215,1.046
pure-mul-cotton-natural-dyed-hand-block-dabu-bagru-print-saree-16-2025-1553-1-16_1.jpg,2327,bagru block printing,2690,2520.876,0.937
pure-mul-cotton-natural-dyed-hand-block-dabu-bagru-print-saree-15-2025-1553-1-15_1.jpg,2327,bagru block printing,2690,2570.354,0.956
pure-mul-cotton-natural-dyed-hand-block-dabu-bagru-print-saree-14-2025-1553-1-14_1.jpg,2327,bagru block printing,2690,2505.393,0.931
chanderi-silk-natural-dyed-hand-block-dabu-bagru-print-saree-60-2025-1553-1-60_1.jpg,2327,bagru block printing,4890,3766.332,0.77
nath-work-silk-cotton-khun-saree-15-2025-1518-1-15_1.jpg,2342,khun weaving,4290,3631.952,0.847
nath-work-silk-cotton-khun-saree-14-2025-1518-1-14_1.jpg,2342,khun weaving,4290,3591.66,0.837
nath-work-silk-cotton-khun-saree-13-2025-1518-1-13_1.jpg,2342,khun weaving,4290,3529.813,0.823
nath-work-silk-cotton-khun-saree-01-2025-1518-1-1_1.jpg,2342,khun weaving,4290,3480.185,0.811
natural-dyed-mul-cotton-hand-block-print-bagru-saree-20-2025-1401-1-20_1.jpg,2345,bagru block printing,2690,2137.037,0.794
ikat-handloom-pure-cotton-sambalpuri-saree-11-2025-1235-2-11_1.jpg,2348,sambalpuri ikat weaving,5990,5302.862,0.885
ikat-handloom-pure-cotton-sambalpuri-saree-10-2025-1235-2-10_1.jpg,2348,sambalpuri ikat weaving,5990,5296.93,0.884
ikat-handloom-pure-cotton-sambalpuri-saree-09-2025-1235-2-9_1.jpg,2348,sambalpuri ikat weaving,5990,5307.788,0.886
ikat-handloom-pure-cotton-sambalpuri-saree-07-2025-1235-2-7_1.jpg,2348,sambalpuri ikat weaving,5990,5192.158,0.867
bangalore-silk-paithani-saree-07-2025-1176-1-7_1.jpg,2282,paithani weaving,4890,3531.016,0.722
bangalore-silk-paithani-saree-06-2025-1176-1-6_1.jpg,2282,paithani weaving,4890,3590.89,0.734
modal-silk-hand-block-print-bagru-saree-12-2025-1108-2-12_1.jpg,2350,bagru block printing,6990,4295.13,0.614
modal-silk-hand-block-print-bagru-saree-08-2025-1108-2-8_1.jpg,2350,bagru block printing,7990,4205.608,0.526
modal-silk-hand-block-sanganeri-print-saree-01-2025-1108-2-1_1.jpg,2352,sanganeri block printing,6990,5497.788,0.787
chanderi-silk-hand-block-print-bagru-saree-with-zari-border-13-2025-1108-3-13_1.jpg,2350,bagru block printing,4890,5538.116,1.133
ikat-handloom-cotton-sambalpuri-saree-33-2025-1133-1-33_1.jpg,2348,sambalpuri ikat weaving,10990,4756.658,0.433
ikat-handloom-cotton-sambalpuri-saree-30-2025-1133-1-30_1.jpg,2348,sambalpuri ikat weaving,9690,4932.131,0.509
ikat-handloom-cotton-sambalpuri-saree-21-2025-1133-1-21_1.jpg,2348,sambalpuri ikat weaving,6500,4624.967,0.712
ikat-handloom-cotton-sambalpuri-saree-20-2025-1133-1-20_1.jpg,2348,sambalpuri ikat weaving,6500,4533.546,0.697
ikat-handloom-cotton-sambalpuri-saree-19-2025-1133-1-19_1.jpg,2348,sambalpuri ikat weaving,6890,4716.198,0.684
ikat-handloom-cotton-sambalpuri-saree-15-2025-1133-1-15_1.jpg,2348,sambalpuri ikat weaving,6890,4728.628,0.686
ikat-handloom-cotton-sambalpuri-saree-13-2025-1133-1-13_1.jpg,2348,sambalpuri ikat weaving,6890,4632.011,0.672
ikat-handloom-cotton-sambalpuri-saree-12-2025-1133-1-12_1.jpg,2348,sambalpuri ikat weaving,6890,4732.532,0.687
ikat-handloom-cotton-sambalpuri-saree-07-2025-1133-1-7_1.jpg,2348,sambalpuri ikat weaving,6890,4614.046,0.67
ikat-handloom-cotton-sambalpuri-saree-04-2025-1133-1-4_1.jpg,2348,sambalpuri ikat weaving,6890,4891.043,0.71
chanderi-silk-hand-block-batik-print-saree-14-2025-1084-1-14_1.jpg,2358,batik block printing,5890,3934.771,0.668
chanderi-silk-hand-block-batik-print-saree-11-2025-1084-1-11_1.jpg,2358,batik block printing,5890,3899.344,0.662
chanderi-silk-hand-block-batik-print-saree-06-2025-1084-1-6_1.jpg,2358,batik block printing,5890,3912.806,0.664
chanderi-silk-hand-block-batik-print-saree-03-2025-1084-1-3_1.jpg,2358,batik block printing,5890,3838.061,0.652
chanderi-silk-hand-batik-print-saree-with-zari-border-21-2025-970-2-21_1.jpg,2350,bagru block printing,4890,4424.609,0.905
chanderi-silk-hand-batik-print-saree-with-zari-border-19-2025-970-2-19_1.jpg,2350,bagru block printing,4890,4526.747,0.926
chanderi-silk-hand-batik-print-saree-with-zari-border-18-2025-970-2-18_1.jpg,2350,bagru block printing,4890,4769.796,0.975
chanderi-silk-hand-batik-print-saree-with-zari-border-16-2025-970-2-16_1.jpg,2350,bagru block printing,4890,4458.845,0.912
chanderi-silk-hand-block-print-bagru-saree-with-zari-border-08-2025-970-2-8_1.jpg,2350,bagru block printing,4890,4564.679,0.933
modal-silk-hand-block-print-bagru-saree-33-2025-970-3-33_1.jpg,2350,bagru block printing,7990,4249.193,0.532
modal-silk-hand-block-print-bagru-saree-31-2025-970-3-31_1.jpg,2350,bagru block printing,7990,4104.424,0.514
modal-silk-hand-block-print-bagru-saree-27-2025-970-3-27_1.jpg,2350,bagru block printing,7990,4160.49,0.521
modal-silk-hand-block-print-bagru-saree-22-2025-970-3-22_1.jpg,2350,bagru block printing,7990,4325.91,0.541
modal-silk-hand-block-print-bagru-saree-15-2025-970-3-15_1.jpg,2350,bagru block printing,7990,4201.679,0.526
modal-silk-hand-block-sanganeri-print-saree-02-2025-970-3-2_1.jpg,2359,sanganeri block printing,6990,5400.71,0.773
zari-work-chiniya-silk-banarasi-saree-15-2025-990-1-15_1.jpg,2360,banaras weaving,14990,9772.572,0.652
zari-work-chiniya-silk-banarasi-saree-11-2025-990-1-11_1.jpg,2360,banaras weaving,14990,9631.501,0.643
zari-work-chiniya-silk-banarasi-saree-10-2025-990-1-10_1.jpg,2360,banaras weaving,14990,10029.222,0.669
silk-ilkal-saree-with-temple-border-14-2025-1021-1-14_1.jpg,2364,ilkal weaving,2490,5405.353,2.171
chanderi-silk-hand-batik-print-saree-with-zari-border-15-2025-970-2-15_1.jpg,2350,bagru block printing,4890,4548.839,0.93
zari-work-chiniya-silk-banarasi-saree-09-2025-990-1-9_1.jpg,2360,banaras weaving,14990,10066.232,0.672
zari-work-chiniya-silk-banarasi-saree-08-2025-990-1-8_1.jpg,2360,banaras weaving,14990,9692.697,0.647
ikat-handloom-cotton-sambalpuri-saree-23-2025-931-1-23_1.jpg,2348,sambalpuri ikat weaving,6890,6815.94,0.989
ikat-handloom-cotton-sambalpuri-saree-21-2025-931-1-21_1.jpg,2348,sambalpuri ikat weaving,6890,6796.902,0.986
ikat-handloom-cotton-sambalpuri-saree-16-2025-931-1-16_1.jpg,2348,sambalpuri ikat weaving,6890,6974.766,1.012
ikat-handloom-cotton-sambalpuri-saree-11-2025-931-1-11_1.jpg,2348,sambalpuri ikat weaving,6890,6884.241,0.999
ikat-handloom-cotton-sambalpuri-saree-09-2025-931-1-9_1.jpg,2348,sambalpuri ikat weaving,6890,6863.907,0.996
ikat-handloom-cotton-sambalpuri-saree-07-2025-931-1-7_1.jpg,2348,sambalpuri ikat weaving,6890,6898.474,1.001
ikat-handloom-cotton-sambalpuri-saree-06-2025-931-1-6_1.jpg,2348,sambalpuri ikat weaving,6890,6909.427,1.003
natural-dyed-dola-silk-bagh-print-saree-with-zari-border-25-2025-928-1-25_1.jpg,2365,bagh block printing,6590,7975.879,1.21
mukaish-hand-embroidered-georgette-heavy-beadwork-chikankari-lucknowi-saree-07-2025-947-2-7_1.jpg,2368,lucknowi chikankari,21990,17480.074,0.795
handloom-cotton-zari-border-mangalagiri-saree-30-2025-910-1-30_1.jpg,2370,mangalagiri weaving,5890,4951.612,0.841
handloom-cotton-zari-border-mangalagiri-saree-29-2025-910-1-29_1.jpg,2370,mangalagiri weaving,5890,4681.048,0.795
handloom-cotton-zari-border-mangalagiri-saree-25-2025-910-1-25_1.jpg,2370,mangalagiri weaving,5890,4836.117,0.821
handloom-cotton-zari-border-mangalagiri-saree-24-2025-910-1-24_1.jpg,2370,mangalagiri weaving,5890,4708.479,0.799
handloom-cotton-zari-border-mangalagiri-saree-12-2025-910-1-12_1.jpg,2370,mangalagiri weaving,5890,4793.78,0.814
handloom-cotton-zari-border-mangalagiri-saree-11-2025-910-1-11_1.jpg,2370,mangalagiri weaving,5890,4742.094,0.805
handloom-cotton-zari-border-mangalagiri-saree-10-2025-910-1-10_1.jpg,2370,mangalagiri weaving,5890,4722.977,0.802
mukaish-hand-embroidered-georgette-heavy-beadwork-chikankari-lucknowi-saree-06-2025-947-2-6_1.jpg,2368,lucknowi chikankari,21990,17273.414,0.786
handloom-cotton-zari-border-mangalagiri-saree-19-2025-847-1-19_1.jpg,2370,mangalagiri weaving,5890,4644.735,0.789
handloom-cotton-zari-border-mangalagiri-saree-16-2025-847-1-16_1.jpg,2370,mangalagiri weaving,5890,4655.132,0.79
handloom-cotton-zari-border-mangalagiri-saree-11-2025-847-1-11_1.jpg,2370,mangalagiri weaving,5890,4753.618,0.807
handloom-cotton-zari-border-mangalagiri-saree-10-2025-847-1-10_1.jpg,2370,mangalagiri weaving,5890,4737.351,0.804
handloom-cotton-zari-border-mangalagiri-saree-08-2025-847-1-8_1.jpg,2370,mangalagiri weaving,5890,4639.211,0.788
handloom-cotton-zari-border-mangalagiri-saree-04-2025-847-1-4_1.jpg,2370,mangalagiri weaving,5890,4679.172,0.794
handloom-cotton-zari-border-mangalagiri-saree-03-2025-847-1-3_1.jpg,2370,mangalagiri weaving,5890,4667.563,0.792
srikalahasti-handpainted-natural-dyed-bangalore-silk-zari-border-pen-kalamkari-saree-15-2025-927-1-15_1.jpg,2285,srikalahasti penwork kalamkari,19890,12927.026,0.65
handloom-cotton-thread-border-mangalagiri-saree-16-2025-910-1-16_1.jpg,2370,mangalagiri weaving,5890,3863.75,0.656
mercerized-cotton-ilkal-saree-with-blouse-23-2025-758-2-23_1.jpg,2378,ilkal weaving,3590,3414.453,0.951
chanderi-silk-bagh-print-saree-15-2025-626-1-15_1.jpg,2239,bagh block printing,9290,9230.444,0.994
chanderi-silk-bagh-print-saree-10-2025-626-1-10_1.jpg,2239,bagh block printing,9290,9722.793,1.047
maheshwari-silk-bagh-print-saree-03-2025-626-1-3_1.jpg,2239,bagh block printing,9290,9668.382,1.041
natural-dyed-maheshwari-silk-bagh-print-saree-07-2025-590-1-7_1.jpg,2387,bagh block printing,9290,6353.343,0.684
handloom-cotton-zari-border-mangalagiri-saree-25-2025-492-1-25_1.jpg,2370,mangalagiri weaving,5890,4650.282,0.79
handloom-cotton-zari-border-mangalagiri-saree-23-2025-492-1-23_1.jpg,2370,mangalagiri weaving,5890,4433.186,0.753
handloom-cotton-phulia-jamdani-saree-02-2025-434-1-2_1.jpg,2391,bengal jamdani weaving,4690,4557.912,0.972
handloom-zari-work-chanderi-katan-silk-saree-15-2025-036-2-15_1.jpg,2398,chanderi weaving,18990,10829.83,0.57
kutch-tie-dye-cotton-bandhani-saree-88-2025-276-1-88_1.jpg,2400,bandhani tie dye,2650,3431.661,1.295
georgette-embroidery-phulkari-saree-05-2024-1733-2-5_1.jpg,2401,phulkari,6890,6340.446,0.92
mul-cotton-hand-batik-print-saree-20-2024-1663-1-20_1.jpg,2405,batik block printing,2890,2558.665,0.885
telia-rumal-handloom-cotton-pochampally-double-ikat-saree-18-2024-1606-3-18_1.jpg,2407,pochampally ikat weaving,15490,8903.355,0.575
telia-rumal-handloom-cotton-pochampally-double-ikat-saree-16-2024-1606-3-16_1.jpg,2407,pochampally ikat weaving,15490,8907.64,0.575
telia-rumal-handloom-cotton-pochampally-double-ikat-saree-15-2024-1606-3-15_1.jpg,2407,pochampally ikat weaving,15490,8842.101,0.571
telia-rumal-handloom-cotton-pochampally-double-ikat-saree-14-2024-1606-3-14_1.jpg,2407,pochampally ikat weaving,15490,8789.619,0.567
telia-rumal-handloom-cotton-pochampally-double-ikat-saree-13-2024-1606-3-13_1.jpg,2407,pochampally ikat weaving,15490,8831.28,0.57
telia-rumal-handloom-cotton-pochampally-double-ikat-saree-12-2024-1606-3-12_1.jpg,2407,pochampally ikat weaving,15490,9362.483,0.604
telia-rumal-handloom-cotton-pochampally-double-ikat-saree-11-2024-1606-3-11_1.jpg,2407,pochampally ikat weaving,15490,9001.622,0.581
telia-rumal-handloom-cotton-pochampally-double-ikat-saree-09-2024-1606-3-9_1.jpg,2407,pochampally ikat weaving,15490,8780.665,0.567
telia-rumal-handloom-cotton-pochampally-double-ikat-saree-04-2024-1606-3-4_1.jpg,2407,pochampally ikat weaving,15490,9315.777,0.601
handloom-cotton-zari-border-kanchipuram-saree-17-2024-1289-1-17_1.jpg,2410,kanchipuram weaving,7290,3771.3,0.517
handloom-cotton-thread-border-kanchipuram-saree-18-2024-1289-1-18_1.jpg,2410,kanchipuram weaving,7800,2811.566,0.36
bengal-fine-tissue-zari-saree-15-2024-666-1-15_1.jpg,2411,bengal weaving,2490,3521.319,1.414
bengal-fine-tissue-zari-saree-14-2024-666-1-14_1.jpg,2411,bengal weaving,2490,3433.678,1.379
bengal-fine-tissue-zari-saree-12-2024-666-1-12_1.jpg,2411,bengal weaving,2490,3442.071,1.382
bengal-fine-tissue-zari-saree-11-2024-666-1-11_1.jpg,2411,bengal weaving,2490,3318.575,1.333
bengal-fine-tissue-zari-saree-10-2024-666-1-10_1.jpg,2411,bengal weaving,2490,3482.272,1.399
bengal-fine-tissue-zari-saree-09-2024-666-1-9_1.jpg,2411,bengal weaving,2490,3484.169,1.399
bengal-fine-tissue-zari-saree-08-2024-666-1-8_1.jpg,2411,bengal weaving,2490,3348.333,1.345
bengal-fine-tissue-zari-saree-04-2024-666-1-4_1.jpg,2411,bengal weaving,2490,3339.977,1.341
bengal-fine-tissue-zari-saree-02-2024-666-1-2_1.jpg,2411,bengal weaving,2490,3480.998,1.398
traditional-handloom-chanderi-silk-cotton-saree-14-12024-1091-14_1.jpg,1737,chanderi weaving,4590,6456.466,1.407
2024-828-1-6-durga-pooja-special-traditional-handloom-chanderi-silk-saree-06_1.jpg,2420,chanderi weaving,20490,7968.471,0.389
2024-828-1-5-durga-pooja-special-traditional-handloom-chanderi-silk-saree-05_1.jpg,2420,chanderi weaving,19490,7905.392,0.406
2024-848-1-15-durga-pooja-special-handloom-cotton-phulia-jamdani-saree-15_1.jpg,2423,bengal jamdani weaving,8290,5062.047,0.611
2024-848-1-14-durga-pooja-special-handloom-cotton-phulia-jamdani-saree-14_1.jpg,2423,bengal jamdani weaving,8290,5013.921,0.605
2024-848-1-12-durga-pooja-special-handloom-cotton-phulia-jamdani-saree-12_1.jpg,2423,bengal jamdani weaving,8290,5112.262,0.617
2024-848-1-10-durga-pooja-special-handloom-cotton-phulia-jamdani-saree-10_1.jpg,2423,bengal jamdani weaving,8290,5016.19,0.605
2024-828-1-4-durga-pooja-special-traditional-handloom-chanderi-silk-saree-04_1.jpg,2420,chanderi weaving,19490,7985.978,0.41
2024-848-1-9-durga-pooja-special-handloom-cotton-phulia-jamdani-saree-09_1.jpg,2423,bengal jamdani weaving,8290,5008.476,0.604
2024-360-1-32-dharwad-cotton-saree-with-zari-border-32_1.jpg,2426,dharwad weaving,2850,3074.219,1.079
2024-303-1-63-traditional-kanchipuram-cotton-buti-saree-with-zari-border-63_1.jpg,2427,kanchipuram weaving,2690,4199.934,1.561
2024-150-1-5-pochampally-ikat-weave-handloom-cotton-saree-05_1.jpg,2430,pochampally ikat weaving,6800,10218.82,1.503
2024-049-3-3-pedana-block-print-cotton-kalamkari-saree-03_1.jpg,2435,kalamkari block printing,3290,3358.806,1.021
2024-049-3-1-pedana-block-print-cotton-kalamkari-saree-01_1.jpg,2435,kalamkari block printing,3290,3405.351,1.035
2024-029-1-19-pedana-block-print-cotton-kalamkari-saree-19_1.jpg,2435,kalamkari block printing,3290,3556.804,1.081
2024-029-1-3-pedana-block-print-cotton-kalamkari-saree-03_1.jpg,2435,kalamkari block printing,3290,3374.992,1.026
2023-1134-1-38-pochampally-ikat-weave-handloom-cotton-saree_1.jpg,2430,pochampally ikat weaving,8190,9749.122,1.19
2023-1134-1-11-pochampally-ikat-weave-handloom-cotton-saree_1.jpg,2430,pochampally ikat weaving,6800,9474.054,1.393
2023-1134-1-5-pochampally-ikat-weave-handloom-cotton-saree_1.jpg,2430,pochampally ikat weaving,6800,9955.637,1.464
2023-1163-1-45-pedana-block-print-cotton-kalamkari-saree_1.jpg,2435,kalamkari block printing,3290,3383.628,1.028
2023-1163-1-44-pedana-block-print-cotton-kalamkari-saree_1.jpg,2435,kalamkari block printing,3290,3373.816,1.025
2023-1163-1-39-pedana-block-print-cotton-kalamkari-saree_1.jpg,2443,kalamkari block printing,3290,2583.552,0.785
2023-1163-1-19-original-pedana-kalamkari-block-print-silk-saree_1.jpg,2444,kalamkari block printing,7190,4354.381,0.606
2023-1163-1-15-original-pedana-kalamkari-block-print-silk-saree_1.jpg,2444,kalamkari block printing,7190,4618.021,0.642
2023-1163-1-14-original-pedana-kalamkari-block-print-silk-saree_1.jpg,2444,kalamkari block printing,7190,4607.128,0.641
2023-1163-1-13-original-pedana-kalamkari-block-print-silk-saree_1.jpg,2444,kalamkari block printing,7190,4643.681,0.646
2023-1163-1-3-original-pedana-kalamkari-block-print-silk-saree_1.jpg,2444,kalamkari block printing,7190,4529.302,0.63
2023-1163-1-1-original-pedana-kalamkari-block-print-silk-saree_1.jpg,2444,kalamkari block printing,7190,4394.658,0.611
2023-832-1-10-traditional-maheshwari-silk-handloom-saree-with-zari-border_1.jpg,2279,maheshwari weaving,8990,6407.394,0.713
2023-832-1-5-traditional-maheshwari-silk-handloom-saree-with-zari-border_1.jpg,2279,maheshwari weaving,7990,6407.394,0.802
2023-730-2-7-traditional-chanderi-silk-cotton-handloom-buti-saree_1.jpg,1737,chanderi weaving,4590,7386.076,1.609
2023-730-2-3-traditional-chanderi-silk-cotton-handloom-buti-saree_1.jpg,1737,chanderi weaving,4590,7526.382,1.64
kutch-tie-dye-cotton-bandhani-saree-87-2025-276-1-87_1.jpg,2400,bandhani tie dye,2650,3648.41,1.377
2023-730-2-35-traditional-chanderi-silk-handloom-tissue-zari-saree_1.jpg,1737,chanderi weaving,12500,10093.207,0.807
2023-778-1-58-original-pedana-kalamkari-block-print-silk-saree_1.jpg,2444,kalamkari block printing,7190,4334.158,0.603
2023-778-1-57-original-pedana-kalamkari-block-print-silk-saree_1.jpg,2444,kalamkari block printing,7190,4651.9,0.647
2023-778-1-56-original-pedana-kalamkari-block-print-silk-saree_1.jpg,2444,kalamkari block printing,7190,4407.559,0.613
2023-778-1-55-original-pedana-kalamkari-block-print-silk-saree_1.jpg,2444,kalamkari block printing,7190,4332.361,0.603
2023-778-1-54-original-pedana-kalamkari-block-print-silk-saree_1.jpg,2444,kalamkari block printing,7190,4416.064,0.614
2023-778-1-52-original-pedana-kalamkari-block-print-silk-saree_1.jpg,2444,kalamkari block printing,7190,4453.355,0.619
2023-778-1-51-original-pedana-kalamkari-block-print-silk-saree_1.jpg,2444,kalamkari block printing,7190,4391.36,0.611
2023-778-1-50-original-pedana-kalamkari-block-print-silk-saree_1.jpg,2444,kalamkari block printing,7190,4353.406,0.605
2023-778-1-49-original-pedana-kalamkari-block-print-silk-saree_1.jpg,2444,kalamkari block printing,7190,4449.856,0.619
2023-778-1-48-original-pedana-kalamkari-block-print-silk-saree_1.jpg,2444,kalamkari block printing,7190,4367.744,0.607
2023-778-1-47-original-pedana-kalamkari-block-print-silk-saree_1.jpg,2444,kalamkari block printing,7190,4417.382,0.614
2023-720-1-36-traditional-venkatagiri-handloom-cotton-thread-zari-buti-saree_1.jpg,2259,other,3150,8638.091,2.742
2023-720-1-3-traditional-venkatagiri-handloom-cotton-checks-saree_1.jpg,2259,other,4100,7263.655,1.772
2023-720-1-2-traditional-venkatagiri-handloom-cotton-checks-saree_1.jpg,2259,other,4100,7399.495,1.805
2023-720-1-61-traditional-venkatagiri-handloom-cotton-zari-checks-saree_1.jpg,2259,other,5190,7909.725,1.524
2023-720-1-56-traditional-venkatagiri-handloom-cotton-zari-stripe-saree_1.jpg,2259,other,4590,8207.162,1.788
2023-720-1-51-traditional-venkatagiri-handloom-cotton-zari-checks-saree-with-one-side-zari-border_1.jpg,2259,other,4290,10276.765,2.396
2023-720-1-44-traditional-venkatagiri-handloom-cotton-zari-saree_1.jpg,2259,other,5390,7672.448,1.423
2023-720-1-11-traditional-venkatagiri-handloom-cotton-stripe-saree-with-thread-zari-buti_1.jpg,2259,other,4100,10754.734,2.623
2023-649-1-7-kashidakari-hand-embroidery-chanderi-silk-saree-with-zari-border_1.jpg,2292,kashida embroidery,20590,14654.177,0.712
2023-649-1-5-kashidakari-hand-embroidery-ghicha-tussar-silk-saree_1.jpg,2292,kashida embroidery,32690,14793.301,0.453
2023-649-1-4-kashidakari-hand-embroidery-ghicha-tussar-silk-saree_1.jpg,2292,kashida embroidery,32690,14536.224,0.445
2023-649-1-10-kashidakari-hand-embroidery-kerala-cotton-saree-with-zari-border_1.jpg,2292,kashida embroidery,17990,9398.864,0.522
2023-649-1-6-kashidakari-hand-embroidery-chanderi-silk-saree-with-zari-border_1.jpg,2292,kashida embroidery,17900,14450.707,0.807
2023-649-1-1-kashidakari-hand-embroidery-ghicha-tussar-silk-saree_1.jpg,2292,kashida embroidery,32690,14793.301,0.453
2023-494-1-17-srikakulam-cherry-jamdani-cotton-handspun-handloom-saree_1.jpg,2457,srikakulam jamdani weaving,8490,7885.44,0.929
620375-4-traditional-vidarbha-tussar-silk-handloom-saree-with-woven-border_1.jpg,2461,plain solid,12900,9208.434,0.714
2023-239-1-38-pochampally-ikat-weave-handloom-cotton-saree_1.jpg,2430,pochampally ikat weaving,8990,10130.14,1.127
2023-239-1-27-pochampally-ikat-weave-handloom-cotton-saree_1.jpg,2430,pochampally ikat weaving,6800,9781.474,1.438
2023-239-1-10-pochampally-ikat-weave-handloom-cotton-saree_1.jpg,2430,pochampally ikat weaving,6800,8765.624,1.289
601105-41-pochampally-ikat-weaves-handloom-cotton-saree_1.jpg,2430,pochampally ikat weaving,10990,10046.57,0.914
601105-38-pochampally-ikat-weaves-handloom-cotton-saree_1.jpg,2430,pochampally ikat weaving,11490,10046.57,0.874
601105-34-pochampally-ikat-weaves-handloom-cotton-saree_1.jpg,2430,pochampally ikat weaving,8990,10331.13,1.149
601105-27-pochampally-ikat-weaves-handloom-cotton-saree_1.jpg,2430,pochampally ikat weaving,9990,10082.565,1.009
601105-66-pochampally-double-ikat-weave-handloom-cotton-saree-1_1.jpg,2430,pochampally ikat weaving,9990,11069.654,1.108
2022-1046-1-26-traditional-chanderi-silk-buti-handloom-zari-work-saree_1.jpg,1737,chanderi weaving,6890,6570.345,0.954
2022-1046-1-14-traditional-chanderi-silk-buta-handloom-zari-work-saree_1.jpg,1737,chanderi weaving,11890,8256.708,0.694
2022-1046-1-13-traditional-chanderi-silk-buta-handloom-zari-work-saree_1.jpg,1737,chanderi weaving,11890,8031.435,0.675
566148-21-traditional-vidarbha-tussar-silk-cotton-handloom-saree-with-woven-border_1.jpg,2461,plain solid,6990,8591.233,1.229
566148-9-traditional-vidarbha-tussar-silk-handloom-saree-with-woven-border_1.jpg,2461,plain solid,12900,9139.226,0.708
566148-3-traditional-vidarbha-tussar-silk-handloom-saree-with-woven-border_1.jpg,2461,plain solid,12900,9044.007,0.701
2022-957-2-7-traditional-chanderi-silk-tissue-zari-handloom-saree_1.jpg,1737,chanderi weaving,8990,5457.839,0.607
566760-17-traditional-chanderi-silk-handloom-zari-work-saree-by-rauph-khan_1.jpg,1737,chanderi weaving,11890,5041.012,0.424
566148-1-traditional-vidarbha-tussar-silk-handloom-saree-with-woven-border_1.jpg,2461,plain solid,12900,8891.542,0.689
563727-24-traditional-chanderi-silk-zari-buti-handloom-saree_1.jpg,1737,chanderi weaving,8250,4682.465,0.568
2022-535-1-49-mangalagiri-missing-checks-cotton-handloom-saree-with-pochampally-ikat-blouse-piece_1.jpg,2477,mangalagiri weaving,5290,7609.978,1.439
2022-387-1-30-kutch-bandhani-tie-dye-modal-silk-pichwai-printing-saree_1.jpg,2482,bandhani tie dye,14990,5153.248,0.344
534674-19-kashidakari-hand-embroidered-chanderi-silk-block-printed-saree-with-zari-border_1.jpg,2292,kashida embroidery,17900,18219.409,1.018
512835-21-traditional-venkatagiri-pure-handloom-silk-cotton-zari-weave-saree_1.jpg,2483,other,7750,15377.994,1.984
512842-22-kashidakari-hand-embroidery-pure-chanderi-silk-block-printed-saree-with-zari-border_1.jpg,2292,kashida embroidery,17900,13657.665,0.763
512842-30-kashidakari-hand-embroidery-pure-tussar-silk-saree_1.jpg,2292,kashida embroidery,24590,15220.94,0.619
2022-132-1-20-sanganeri-block-printed-mul-cotton-saree_1.jpg,2484,sanganeri block printing,3890,2990.439,0.769
2022-132-1-9-sanganeri-block-printed-mul-cotton-saree_1.jpg,2484,sanganeri block printing,3890,3017.707,0.776
2022-132-1-7-sanganeri-block-printed-mul-cotton-saree_1.jpg,2484,sanganeri block printing,3890,2966.282,0.763
2022-109-1-75-srikakulam-handloom-jamdani-buti-cotton-saree-with-tassels_1.jpg,2457,srikakulam jamdani weaving,6290,7168.684,1.14
2022-109-1-70-srikakulam-handloom-jamdani-buti-cotton-saree-with-tassels_1.jpg,2457,srikakulam jamdani weaving,5290,7193.42,1.36
2022-109-1-67-srikakulam-handloom-jamdani-buti-cotton-saree-with-tassels_1.jpg,2457,srikakulam jamdani weaving,5900,7077.673,1.2
2022-109-1-63-srikakulam-handloom-jamdani-buti-cotton-saree-with-tassels_1.jpg,2457,srikakulam jamdani weaving,5990,7110.862,1.187
2022-109-1-54-srikakulam-handloom-jamdani-buti-cotton-saree-with-tassels_1.jpg,2457,srikakulam jamdani weaving,6690,7141.94,1.068
2022-109-1-41-srikakulam-handloom-jamdani-buti-cotton-saree-with-tassels_1.jpg,2457,srikakulam jamdani weaving,8290,7535.216,0.909
2022-109-1-30-srikakulam-handloom-jamdani-buti-cotton-saree-with-tassels_1.jpg,2457,srikakulam jamdani weaving,8900,7118.514,0.8
2022-109-1-28-srikakulam-handloom-jamdani-buti-cotton-saree-with-tassels_1.jpg,2457,srikakulam jamdani weaving,8900,7070.416,0.794
2021-233-2-2-special-sanganeri-block-printed-mul-cotton-saree_1.jpg,2484,sanganeri block printing,3890,3053.634,0.785
srikalahasti-handpainted-natural-dyed-bangalore-silk-zari-border-pen-kalamkari-saree-17-2025-927-1-17_1.jpg,2285,srikalahasti penwork kalamkari,16590,13964.43,0.842
kutch-lagdi-patta-border-modal-silk-bandhani-dupatta-07-2026-654-1-7_1.jpg,2507,bandhani tie dye,2990,3569.785,1.194
kutch-lagdi-patta-border-modal-silk-bandhani-dupatta-02-2026-654-1-2_1.jpg,2507,bandhani tie dye,2990,3604.967,1.206
kutch-lagdi-patta-border-modal-silk-bandhani-dupatta-10-2026-654-1-10_1.jpg,2507,bandhani tie dye,2990,3591.106,1.201
kutch-lagdi-patta-border-modal-silk-bandhani-dupatta-06-2026-654-1-6_1.jpg,2507,bandhani tie dye,2990,3594.553,1.202
2023-552-1-17-banarasi-semi-silk-zari-jaal-dupatta-with-tassels_1.jpg,2512,banaras weaving,3690,3432.859,0.93
2023-552-1-39-banarasi-semi-silk-zari-jaal-dupatta-with-tassels_1.jpg,2512,banaras weaving,3690,3274.302,0.887
2023-552-1-50-banarasi-semi-silk-zari-jaal-dupatta-with-tassels_1.jpg,2512,banaras weaving,3690,3233.489,0.876
2023-552-1-64-banarasi-semi-silk-zari-jaal-dupatta-with-tassels_1.jpg,2512,banaras weaving,3690,2972.26,0.805
kutch-lagdi-patta-border-modal-silk-bandhani-dupatta-05-2026-654-1-5_1.jpg,2507,bandhani tie dye,2990,3511.697,1.174
kutch-lagdi-patta-border-modal-silk-bandhani-dupatta-12-2026-654-1-12_1.jpg,2507,bandhani tie dye,2990,3638.218,1.217
kutch-lagdi-patta-border-modal-silk-bandhani-dupatta-04-2026-654-1-4_1.jpg,2507,bandhani tie dye,2990,3547.758,1.187
kutch-lagdi-patta-border-modal-silk-bandhani-dupatta-03-2026-654-1-3_1.jpg,2507,bandhani tie dye,2990,3566.117,1.193
mata-ni-pachedi-handpainted-natural-dyed-chanderi-silk-handloom-dupatta-19-2026-396-1-19_1.jpg,2518,other,8900,7799.231,0.876
mata-ni-pachedi-handpainted-natural-dyed-chanderi-silk-handloom-dupatta-23-2026-396-1-23_1.jpg,2518,other,8900,7712.881,0.867
kota-doria-cotton-tie-dye-leheriya-dupatta-with-tassels-02-2026-096-2-2_1.jpg,2523,lehariya tie dye,2190,1822.245,0.832
2024-692-1-7-traditional-tie-dye-tussar-silk-leheriya-dupatta-07_1.jpg,2524,lehariya tie dye,5490,4906.185,0.894
2022-883-1-8-leheriya-tie-dye-tussar-silk-handloom-dupatta-with-tassels_1.jpg,2524,lehariya tie dye,5490,5496.332,1.001
2023-673-1-39-traditional-maheshwari-silk-cotton-handloom-zari-border-dupatta_1.jpg,2527,maheshwari weaving,2450,2424.886,0.99
2024-692-1-8-traditional-tie-dye-tussar-silk-leheriya-dupatta-08_1.jpg,2524,lehariya tie dye,5490,4791.646,0.873
2022-883-1-6-leheriya-tie-dye-tussar-silk-handloom-dupatta-with-tassels_1.jpg,2524,lehariya tie dye,5490,6295.09,1.147
2022-1111-1-5-bengal-kantha-embroidery-tussar-silk-handloom-dupatta_1.jpg,2533,bengal kantha work,6290,5726.643,0.91
2023-400-2-38-bengal-handloom-linen-zari-buta-dupatta-with-tassels_1.jpg,2535,bengal weaving,2950,3596.778,1.219
500146-74-jaipur-floral-printed-chiffon-dupatta_1.jpg,2540,jaipur printing,1190,930.937,0.782
2023-1347-2-6-shibori-tie-dye-cotton-dupatta-with-tassels_1.jpg,2545,shibori tie dye,1150,1290.227,1.122
2023-040-1-31-traditional-maheshwari-silk-cotton-handloom-zari-border-dupatta_1.jpg,2527,maheshwari weaving,2450,2280.612,0.931
kutch-weaving-handloom-fine-cotton-bhujodi-dupatta-60-773594-61_1.jpg,2555,bhujodi weaving,3400,4080.98,1.2
kutch-bhujodi-handwoven-mirror-work-organic-kala-cotton-dupatta-05-2025-1751-1-5_1.jpg,2556,bhujodi weaving,5190,3790.769,0.73
2021-1291-1-15-original-gond-handpainted-handloom-maheshwari-silk-zari-work-dupatta-with-tassels_1.jpg,2567,gond folk art,4490,9871.152,2.198
original-gond-handpainted-handloom-chanderi-silk-dupatta-01-2025-1802-1-1_1.jpg,2568,gond folk art,4190,7286.425,1.739
original-gond-handpainted-handloom-chanderi-silk-dupatta-09-2025-1802-1-9_1.jpg,2568,gond folk art,5590,7341.314,1.313
original-gond-handpainted-handloom-chanderi-silk-dupatta-03-2025-1802-1-3_1.jpg,2568,gond folk art,4190,7243.985,1.729
mata-ni-pachedi-handpainted-natural-dyed-chanderi-silk-handloom-dupatta-29-2026-396-1-29_1.jpg,2518,other,8900,7798.635,0.876
509033-55-kashidakari-hand-embroidery-kota-silk-handloom-dupatta-with-zari-border_1.jpg,2292,kashida embroidery,3450,6593.614,1.911
kota-doria-cotton-barmer-applique-work-dupatta-with-zari-border-05-2026-312-1-5_1.jpg,2572,barmer applique,1950,3771.762,1.934
474684-30-traditional-leheriya-tie-dye-pure-tussar-silk-handloom-dupatta_1.jpg,2524,lehariya tie dye,5490,5496.332,1.001
kutch-lagdi-patta-border-modal-silk-bandhani-dupatta-11-2026-654-1-11_1.jpg,2507,bandhani tie dye,2990,3524.55,1.179
kutch-lagdi-patta-border-modal-silk-bandhani-dupatta-08-2026-654-1-8_1.jpg,2507,bandhani tie dye,2990,3565.584,1.193
