primary_artform,price,log_price
handmade,550,6.309918278226516
bead work,350,5.857933154483459
fabart,190,5.247024072160486
handmade,350,5.857933154483459
bead work,350,5.857933154483459
bead work,350,5.857933154483459
bead work,350,5.857933154483459
handmade,450,6.1092475827643655
bead work,550,6.309918278226516
handmade,750,6.620073206530356
handmade,290,5.66988092298052
bead work,850,6.745236349484363
handmade,890,6.7912214627261855
bead work,250,5.521460917862246
handmade,690,6.536691597591305
handmade,750,6.620073206530356
bead work,850,6.745236349484363
handmade,890,6.7912214627261855
plain solid,290,5.66988092298052
bead work,290,5.66988092298052
bead work,350,5.857933154483459
handmade,750,6.620073206530356
handmade,450,6.1092475827643655
bead work,890,6.7912214627261855
bead work,350,5.857933154483459
bead work,350,5.857933154483459
fabart,790,6.672032945461067
handmade,750,6.620073206530356
handmade,750,6.620073206530356
handmade,290,5.66988092298052
bead work,490,6.194405391104672
bead work,350,5.857933154483459
bead work,350,5.857933154483459
bead work,350,5.857933154483459
handmade,290,5.66988092298052
handmade,290,5.66988092298052
bead work,350,5.857933154483459
bead work,350,5.857933154483459
handmade,490,6.194405391104672
bead work,850,6.745236349484363
bead work,450,6.1092475827643655
handmade,750,6.620073206530356
bead work,550,6.309918278226516
bead work,290,5.66988092298052
bead work,350,5.857933154483459
bead work,450,6.1092475827643655
bead work,450,6.1092475827643655
handmade,750,6.620073206530356
bead work,450,6.1092475827643655
bead work,550,6.309918278226516
handmade,350,5.857933154483459
handmade,290,5.66988092298052
bead work,290,5.66988092298052
handmade,750,6.620073206530356
bead work,450,6.1092475827643655
handmade,490,6.194405391104672
bead work,350,5.857933154483459
handmade,490,6.194405391104672
handmade,390,5.966146739123692
handmade,890,6.7912214627261855
handmade,350,5.857933154483459
handmade,790,6.672032945461067
handmade,290,5.66988092298052
bead work,450,6.1092475827643655
handmade,450,6.1092475827643655
bead work,550,6.309918278226516
bead work,550,6.309918278226516
bead work,890,6.7912214627261855
bead work,490,6.194405391104672
bead work,250,5.521460917862246
fabart,290,5.66988092298052
bead work,290,5.66988092298052
handmade,450,6.1092475827643655
bead work,290,5.66988092298052
bead work,795,6.678342114654332
handmade,290,5.66988092298052
bead work,550,6.309918278226516
handmade,750,6.620073206530356
handmade,750,6.620073206530356
bead work,250,5.521460917862246
bead work,290,5.66988092298052
handmade,390,5.966146739123692
bead work,550,6.309918278226516
bead work,350,5.857933154483459
bead work,350,5.857933154483459
handmade,490,6.194405391104672
bead work,550,6.309918278226516
bead work,290,5.66988092298052
bead work,690,6.536691597591305
handmade,350,5.857933154483459
handmade,750,6.620073206530356
bead work,450,6.1092475827643655
bead work,550,6.309918278226516
handmade,390,5.966146739123692
bead work,350,5.857933154483459
bead work,350,5.857933154483459
handmade,290,5.66988092298052
bead work,450,6.1092475827643655
handmade,890,6.7912214627261855
handmade,590,6.380122536899765
bead work,450,6.1092475827643655
handmade,790,6.672032945461067
bead work,490,6.194405391104672
bead work,350,5.857933154483459
bead work,290,5.66988092298052
bead work,350,5.857933154483459
bead work,290,5.66988092298052
bead work,250,5.521460917862246
handmade,290,5.66988092298052
bead work,690,6.536691597591305
bead work,550,6.309918278226516
handmade,490,6.194405391104672
handmade,490,6.194405391104672
handmade,790,6.672032945461067
bead work,550,6.309918278226516
handmade,790,6.672032945461067
handmade,450,6.1092475827643655
handmade,290,5.66988092298052
bead work,350,5.857933154483459
handmade,390,5.966146739123692
fabart,290,5.66988092298052
bead work,350,5.857933154483459
bead work,590,6.380122536899765
handmade,340,5.8289456176102075
handmade,590,6.380122536899765
handmade,490,6.194405391104672
handmade,390,5.966146739123692
handmade,390,5.966146739123692
bead work,795,6.678342114654332
bead work,390,5.966146739123692
bead work,350,5.857933154483459
handmade,690,6.536691597591305
handmade,450,6.1092475827643655
handmade,890,6.7912214627261855
bead work,850,6.745236349484363
bead work,290,5.66988092298052
handmade,390,5.966146739123692
handmade,890,6.7912214627261855
bead work,550,6.309918278226516
fabart,790,6.672032945461067
handmade,1690,7.432483807917119
bead work,290,5.66988092298052
handmade,350,5.857933154483459
handmade,590,6.380122536899765
handmade,450,6.1092475827643655
bead work,350,5.857933154483459
handmade,350,5.857933154483459
handmade,790,6.672032945461067
handmade,750,6.620073206530356
bead work,350,5.857933154483459
bead work,350,5.857933154483459
bead work,850,6.745236349484363
handmade,1690,7.432483807917119
bead work,290,5.66988092298052
handmade,490,6.194405391104672
bead work,850,6.745236349484363
bead work,350,5.857933154483459
handmade,1690,7.432483807917119
plain solid,290,5.66988092298052
bead work,350,5.857933154483459
bead work,350,5.857933154483459
bead work,350,5.857933154483459
bead work,550,6.309918278226516
bead work,350,5.857933154483459
handmade,590,6.380122536899765
bead work,350,5.857933154483459
bead work,850,6.745236349484363
bead work,490,6.194405391104672
bead work,850,6.745236349484363
bead work,250,5.521460917862246
plain solid,290,5.66988092298052
bead work,550,6.309918278226516
handmade,490,6.194405391104672
handmade,350,5.857933154483459
handmade,750,6.620073206530356
bead work,550,6.309918278226516
bead work,690,6.536691597591305
handmade,290,5.66988092298052
handmade,350,5.857933154483459
handmade,390,5.966146739123692
handmade,390,5.966146739123692
bead work,450,6.1092475827643655
bead work,450,6.1092475827643655
bead work,350,5.857933154483459
bead work,590,6.380122536899765
bead work,350,5.857933154483459
bead work,350,5.857933154483459
handmade,350,5.857933154483459
bead work,350,5.857933154483459
bead work,795,6.678342114654332
bead work,550,6.309918278226516
bead work,450,6.1092475827643655
handmade,590,6.380122536899765
handmade,590,6.380122536899765
bead work,350,5.857933154483459
bead work,850,6.745236349484363
bead work,190,5.247024072160486
bead work,450,6.1092475827643655
handmade,390,5.966146739123692
bead work,350,5.857933154483459
handmade,390,5.966146739123692
bead work,795,6.678342114654332
handmade,350,5.857933154483459
bead work,350,5.857933154483459
bead work,350,5.857933154483459
handmade,450,6.1092475827643655
fabart,890,6.7912214627261855
handmade,390,5.966146739123692
bead work,350,5.857933154483459
bead work,890,6.7912214627261855
handmade,290,5.66988092298052
fabart,290,5.66988092298052
handmade,290,5.66988092298052
bead work,350,5.857933154483459
bead work,450,6.1092475827643655
handmade,750,6.620073206530356
handmade,290,5.66988092298052
handmade,490,6.194405391104672
handmade,490,6.194405391104672
handmade,450,6.1092475827643655
handmade,750,6.620073206530356
bead work,450,6.1092475827643655
handmade,490,6.194405391104672
handmade,490,6.194405391104672
bead work,290,5.66988092298052
bead work,290,5.66988092298052
bead work,350,5.857933154483459
handmade,290,5.66988092298052
handmade,750,6.620073206530356
bead work,490,6.194405391104672
bead work,350,5.857933154483459
bead work,350,5.857933154483459
handmade,290,5.66988092298052
bead work,350,5.857933154483459
handmade,450,6.1092475827643655
bead work,250,5.521460917862246
handmade,490,6.194405391104672
handmade,390,5.966146739123692
bead work,450,6.1092475827643655
handmade,750,6.620073206530356
bead work,850,6.745236349484363
handmade,390,5.966146739123692
bead work,850,6.745236349484363
handmade,350,5.857933154483459
bead work,690,6.536691597591305
handmade,250,5.521460917862246
bead work,795,6.678342114654332
handmade,350,5.857933154483459
bead work,850,6.745236349484363
plain solid,290,5.66988092298052
bead work,490,6.194405391104672
handmade,750,6.620073206530356
fabart,290,5.66988092298052
plain solid,290,5.66988092298052
handmade,290,5.66988092298052
handmade,1290,7.162397497355718
bead work,850,6.745236349484363
bead work,350,5.857933154483459
fabart,790,6.672032945461067
handmade,750,6.620073206530356
plain solid,290,5.66988092298052
handmade,450,6.1092475827643655
bead work,350,5.857933154483459
handmade,290,5.66988092298052
bead work,290,5.66988092298052
bead work,550,6.309918278226516
handmade,790,6.672032945461067
bead work,450,6.1092475827643655
handmade,490,6.194405391104672
handmade,340,5.8289456176102075
plain solid,290,5.66988092298052
handmade,890,6.7912214627261855
handmade,990,6.897704943128636
bead work,690,6.536691597591305
fabart,950,6.856461984594587
handmade,1050,6.956545443151569
bead work,1690,7.432483807917119
bead work,590,6.380122536899765
fabart,950,6.856461984594587
patchwork,1050,6.956545443151569
patchwork,1050,6.956545443151569
patchwork,1050,6.956545443151569
fabart,950,6.856461984594587
patchwork,1050,6.956545443151569
handmade,1050,6.956545443151569
bead work,590,6.380122536899765
bead work,590,6.380122536899765
fabart,950,6.856461984594587
handmade,1050,6.956545443151569
handmade,1050,6.956545443151569
handmade,1050,6.956545443151569
handmade,1050,6.956545443151569
bead work,590,6.380122536899765
handmade,1050,6.956545443151569
bead work,590,6.380122536899765
bead work,850,6.745236349484363
handmade,1390,7.237059026124737
handmade,1050,6.956545443151569
fabart,950,6.856461984594587
patchwork,1050,6.956545443151569
patchwork,1050,6.956545443151569
handmade,1050,6.956545443151569
fabart,950,6.856461984594587
patchwork,1050,6.956545443151569
patchwork,1050,6.956545443151569
handmade,1050,6.956545443151569
bead work,590,6.380122536899765
patchwork,1050,6.956545443151569
handmade,1050,6.956545443151569
handmade,1050,6.956545443151569
bead work,590,6.380122536899765
patchwork,1050,6.956545443151569
handmade,1050,6.956545443151569
fabart,950,6.856461984594587
patchwork,1290,7.162397497355718
bead work,590,6.380122536899765
bead work,590,6.380122536899765
fabart,950,6.856461984594587
fabart,950,6.856461984594587
handmade,2800,7.937374696163295
bead work,590,6.380122536899765
handmade,1050,6.956545443151569
fabart,950,6.856461984594587
bead work,590,6.380122536899765
bead work,590,6.380122536899765
bead work,590,6.380122536899765
handmade,1050,6.956545443151569
handmade,1050,6.956545443151569
patchwork,1050,6.956545443151569
fabart,950,6.856461984594587
fabart,950,6.856461984594587
fabart,950,6.856461984594587
handmade,1050,6.956545443151569
fabart,950,6.856461984594587
bead work,590,6.380122536899765
bead work,590,6.380122536899765
fabart,950,6.856461984594587
fabart,950,6.856461984594587
handmade,1050,6.956545443151569
bead work,590,6.380122536899765
bead work,590,6.380122536899765
fabart,950,6.856461984594587
handmade,1050,6.956545443151569
bead work,590,6.380122536899765
handmade,1050,6.956545443151569
patchwork,1050,6.956545443151569
handmade,1050,6.956545443151569
handmade,1050,6.956545443151569
fabart,950,6.856461984594587
handmade,1050,6.956545443151569
bead work,590,6.380122536899765
patchwork,1050,6.956545443151569
fabart,950,6.856461984594587
handmade,1050,6.956545443151569
handmade,1050,6.956545443151569
handmade,1050,6.956545443151569
fabart,950,6.856461984594587
patchwork,1050,6.956545443151569
handmade,1050,6.956545443151569
handmade,1050,6.956545443151569
bead work,590,6.380122536899765
patchwork,1050,6.956545443151569
bead work,590,6.380122536899765
fabart,950,6.856461984594587
patchwork,1050,6.956545443151569
handmade,1050,6.956545443151569
handmade,1050,6.956545443151569
fabart,950,6.856461984594587
handmade,1050,6.956545443151569
bead work,590,6.380122536899765
bead work,590,6.380122536899765
bead work,590,6.380122536899765
patchwork,1050,6.956545443151569
handmade,1050,6.956545443151569
bead work,590,6.380122536899765
handmade,1050,6.956545443151569
patchwork,1050,6.956545443151569
handmade,1050,6.956545443151569
handmade,1050,6.956545443151569
handmade,1050,6.956545443151569
handmade,1050,6.956545443151569
fabart,950,6.856461984594587
patchwork,1050,6.956545443151569
handmade,1050,6.956545443151569
handmade,1050,6.956545443151569
bead work,590,6.380122536899765
handmade,1050,6.956545443151569
fabart,950,6.856461984594587
bead work,590,6.380122536899765
handmade,1050,6.956545443151569
fabart,950,6.856461984594587
fabart,950,6.856461984594587
fabart,950,6.856461984594587
bead work,590,6.380122536899765
handmade,1050,6.956545443151569
bead work,590,6.380122536899765
fabart,950,6.856461984594587
bead work,590,6.380122536899765
fabart,950,6.856461984594587
handmade,1050,6.956545443151569
bead work,590,6.380122536899765
fabart,950,6.856461984594587
fabart,950,6.856461984594587
fabart,950,6.856461984594587
bead work,590,6.380122536899765
bead work,590,6.380122536899765
patchwork,1050,6.956545443151569
fabart,950,6.856461984594587
patchwork,1050,6.956545443151569
fabart,950,6.856461984594587
handmade,1050,6.956545443151569
fabart,950,6.856461984594587
handmade,1050,6.956545443151569
bead work,950,6.856461984594587
handmade,1050,6.956545443151569
fabart,950,6.856461984594587
handmade,1050,6.956545443151569
handmade,1050,6.956545443151569
bead work,590,6.380122536899765
bead work,590,6.380122536899765
handmade,1050,6.956545443151569
fabart,950,6.856461984594587
fabart,950,6.856461984594587
fabart,950,6.856461984594587
fabart,950,6.856461984594587
handmade,1050,6.956545443151569
fabart,950,6.856461984594587
bead work,590,6.380122536899765
fabart,950,6.856461984594587
bead work,590,6.380122536899765
bead work,590,6.380122536899765
handmade,1050,6.956545443151569
handmade,1050,6.956545443151569
bead work,590,6.380122536899765
patchwork,1050,6.956545443151569
handmade,1050,6.956545443151569
handmade,1050,6.956545443151569
fabart,950,6.856461984594587
fabart,950,6.856461984594587
handmade,1050,6.956545443151569
bead work,590,6.380122536899765
handmade,1050,6.956545443151569
bead work,590,6.380122536899765
bead work,590,6.380122536899765
patchwork,1050,6.956545443151569
bead work,590,6.380122536899765
handmade,1050,6.956545443151569
fabart,950,6.856461984594587
handmade,1050,6.956545443151569
handmade,1050,6.956545443151569
fabart,950,6.856461984594587
bead work,590,6.380122536899765
bead work,590,6.380122536899765
fabart,950,6.856461984594587
handmade,1050,6.956545443151569
patchwork,1050,6.956545443151569
bead work,950,6.856461984594587
handmade,1050,6.956545443151569
bead work,590,6.380122536899765
fabart,950,6.856461984594587
fabart,950,6.856461984594587
bead work,590,6.380122536899765
handmade,1050,6.956545443151569
handmade,1050,6.956545443151569
fabart,950,6.856461984594587
fabart,950,6.856461984594587
handmade,1050,6.956545443151569
bead work,590,6.380122536899765
patchwork,1050,6.956545443151569
handmade,1050,6.956545443151569
handmade,1050,6.956545443151569
fabart,950,6.856461984594587
handmade,1050,6.956545443151569
fabart,950,6.856461984594587
handmade,1050,6.956545443151569
fabart,950,6.856461984594587
bead work,590,6.380122536899765
handmade,1050,6.956545443151569
fabart,950,6.856461984594587
handmade,1050,6.956545443151569
bead work,590,6.380122536899765
fabart,950,6.856461984594587
patchwork,1050,6.956545443151569
handmade,1050,6.956545443151569
patchwork,1050,6.956545443151569
bead work,590,6.380122536899765
patchwork,1050,6.956545443151569
handmade,2800,7.937374696163295
fabart,950,6.856461984594587
bead work,590,6.380122536899765
handmade,1050,6.956545443151569
handmade,1050,6.956545443151569
bead work,590,6.380122536899765
bead work,590,6.380122536899765
handmade,1050,6.956545443151569
handmade,1050,6.956545443151569
handmade,1050,6.956545443151569
bead work,590,6.380122536899765
fabart,950,6.856461984594587
handmade,1050,6.956545443151569
bead work,590,6.380122536899765
handmade,1050,6.956545443151569
bead work,590,6.380122536899765
handmade,1050,6.956545443151569
handmade,1050,6.956545443151569
patchwork,1050,6.956545443151569
bead work,590,6.380122536899765
handmade,1050,6.956545443151569
bead work,590,6.380122536899765
bead work,590,6.380122536899765
bead work,590,6.380122536899765
bead work,590,6.380122536899765
handmade,1050,6.956545443151569
fabart,950,6.856461984594587
handmade,1050,6.956545443151569
bead work,590,6.380122536899765
patchwork,1050,6.956545443151569
bead work,590,6.380122536899765
patchwork,1050,6.956545443151569
fabart,950,6.856461984594587
handmade,1050,6.956545443151569
bead work,590,6.380122536899765
handmade,1050,6.956545443151569
handmade,1050,6.956545443151569
patchwork,1050,6.956545443151569
bead work,590,6.380122536899765
handmade,1050,6.956545443151569
handmade,1050,6.956545443151569
bead work,590,6.380122536899765
handmade,1790,7.489970898834801
fabart,950,6.856461984594587
handmade,1050,6.956545443151569
handmade,1050,6.956545443151569
handmade,1050,6.956545443151569
patchwork,1050,6.956545443151569
fabart,950,6.856461984594587
fabart,950,6.856461984594587
bead work,590,6.380122536899765
bead work,590,6.380122536899765
patchwork,1050,6.956545443151569
bead work,590,6.380122536899765
bead work,590,6.380122536899765
fabart,950,6.856461984594587
patchwork,1050,6.956545443151569
handmade,1050,6.956545443151569
fabart,950,6.856461984594587
patchwork,1050,6.956545443151569
fabart,950,6.856461984594587
patchwork,1050,6.956545443151569
patchwork,1050,6.956545443151569
patchwork,1050,6.956545443151569
handmade,1050,6.956545443151569
handmade,1050,6.956545443151569
fabart,950,6.856461984594587
patchwork,1050,6.956545443151569
handmade,1050,6.956545443151569
bead work,590,6.380122536899765
fabart,950,6.856461984594587
bead work,590,6.380122536899765
fabart,950,6.856461984594587
fabart,950,6.856461984594587
patchwork,1050,6.956545443151569
bead work,590,6.380122536899765
bead work,590,6.380122536899765
fabart,950,6.856461984594587
handmade,1050,6.956545443151569
handmade,1050,6.956545443151569
bead work,590,6.380122536899765
fabart,950,6.856461984594587
handmade,1050,6.956545443151569
fabart,950,6.856461984594587
patchwork,1050,6.956545443151569
handmade,1050,6.956545443151569
fabart,950,6.856461984594587
handmade,1050,6.956545443151569
bead work,590,6.380122536899765
patchwork,1050,6.956545443151569
handmade,1050,6.956545443151569
handmade,1050,6.956545443151569
handmade,1050,6.956545443151569
bead work,590,6.380122536899765
fabart,950,6.856461984594587
bead work,590,6.380122536899765
handmade,1050,6.956545443151569
patchwork,1050,6.956545443151569
patchwork,1050,6.956545443151569
bead work,590,6.380122536899765
fabart,950,6.856461984594587
bead work,590,6.380122536899765
handmade,1050,6.956545443151569
handmade,1050,6.956545443151569
handmade,1050,6.956545443151569
fabart,950,6.856461984594587
fabart,950,6.856461984594587
fabart,950,6.856461984594587
handmade,850,6.745236349484363
fabart,950,6.856461984594587
patchwork,1050,6.956545443151569
handmade,1050,6.956545443151569
handmade,1050,6.956545443151569
fabart,950,6.856461984594587
patchwork,1050,6.956545443151569
fabart,950,6.856461984594587
handmade,1050,6.956545443151569
fabart,950,6.856461984594587
handmade,1050,6.956545443151569
fabart,950,6.856461984594587
bead work,590,6.380122536899765
fabart,950,6.856461984594587
handmade,1050,6.956545443151569
fabart,950,6.856461984594587
handmade,1050,6.956545443151569
handmade,1050,6.956545443151569
fabart,950,6.856461984594587
handmade,1050,6.956545443151569
handmade,1050,6.956545443151569
patchwork,1050,6.956545443151569
bead work,590,6.380122536899765
bead work,950,6.856461984594587
patchwork,1050,6.956545443151569
handmade,650,6.476972362889683
handmade,650,6.476972362889683
handmade,1290,7.162397497355718
handmade,690,6.536691597591305
handmade,1290,7.162397497355718
handmade,690,6.536691597591305
handmade,690,6.536691597591305
handmade,650,6.476972362889683
handmade,690,6.536691597591305
handmade,1290,7.162397497355718
handmade,650,6.476972362889683
handmade,250,5.521460917862246
handmade,690,6.536691597591305
handmade,390,5.966146739123692
handmade,180,5.19295685089021
bead work,290,5.66988092298052
handmade,690,6.536691597591305
handmade,690,6.536691597591305
handmade,1290,7.162397497355718
handmade,250,5.521460917862246
handmade,390,5.966146739123692
handmade,690,6.536691597591305
handmade,180,5.19295685089021
handmade,690,6.536691597591305
handmade,690,6.536691597591305
handmade,690,6.536691597591305
handmade,490,6.194405391104672
handmade,690,6.536691597591305
bead work,250,5.521460917862246
handmade,650,6.476972362889683
handmade,650,6.476972362889683
bead work,180,5.19295685089021
handmade,590,6.380122536899765
handmade,690,6.536691597591305
handmade,650,6.476972362889683
handmade,1290,7.162397497355718
bead work,180,5.19295685089021
handmade,390,5.966146739123692
bead work,250,5.521460917862246
handmade,650,6.476972362889683
handmade,390,5.966146739123692
handmade,650,6.476972362889683
handmade,250,5.521460917862246
handmade,180,5.19295685089021
handmade,650,6.476972362889683
bead work,350,5.857933154483459
handmade,590,6.380122536899765
handmade,690,6.536691597591305
handmade,650,6.476972362889683
handmade,650,6.476972362889683
bead work,180,5.19295685089021
handmade,1190,7.081708586105575
handmade,180,5.19295685089021
handmade,650,6.476972362889683
handmade,790,6.672032945461067
handmade,790,6.672032945461067
handmade,750,6.620073206530356
bead work,180,5.19295685089021
bead work,390,5.966146739123692
bead work,390,5.966146739123692
bead work,350,5.857933154483459
bead work,180,5.19295685089021
bead work,390,5.966146739123692
bead work,1100,7.003065458786462
patchwork,690,6.536691597591305
patchwork,690,6.536691597591305
patchwork,850,6.745236349484363
patchwork,690,6.536691597591305
patchwork,690,6.536691597591305
patchwork,690,6.536691597591305
patchwork,750,6.620073206530356
patchwork,750,6.620073206530356
patchwork,850,6.745236349484363
patchwork,690,6.536691597591305
patchwork,750,6.620073206530356
patchwork,690,6.536691597591305
patchwork,690,6.536691597591305
patchwork,690,6.536691597591305
patchwork,690,6.536691597591305
patchwork,690,6.536691597591305
patchwork,750,6.620073206530356
patchwork,850,6.745236349484363
patchwork,690,6.536691597591305
patchwork,750,6.620073206530356
patchwork,690,6.536691597591305
patchwork,690,6.536691597591305
patchwork,850,6.745236349484363
patchwork,750,6.620073206530356
patchwork,690,6.536691597591305
patchwork,750,6.620073206530356
patchwork,690,6.536691597591305
patchwork,690,6.536691597591305
patchwork,690,6.536691597591305
patchwork,850,6.745236349484363
patchwork,690,6.536691597591305
patchwork,690,6.536691597591305
patchwork,750,6.620073206530356
patchwork,690,6.536691597591305
patchwork,690,6.536691597591305
patchwork,750,6.620073206530356
patchwork,690,6.536691597591305
patchwork,850,6.745236349484363
patchwork,690,6.536691597591305
patchwork,690,6.536691597591305
patchwork,690,6.536691597591305
patchwork,750,6.620073206530356
patchwork,850,6.745236349484363
patchwork,850,6.745236349484363
patchwork,690,6.536691597591305
patchwork,850,6.745236349484363
patchwork,750,6.620073206530356
patchwork,690,6.536691597591305
patchwork,690,6.536691597591305
patchwork,850,6.745236349484363
patchwork,850,6.745236349484363
patchwork,690,6.536691597591305
patchwork,750,6.620073206530356
patchwork,690,6.536691597591305
patchwork,750,6.620073206530356
patchwork,690,6.536691597591305
patchwork,850,6.745236349484363
patchwork,690,6.536691597591305
patchwork,750,6.620073206530356
patchwork,750,6.620073206530356
patchwork,750,6.620073206530356
patchwork,850,6.745236349484363
patchwork,690,6.536691597591305
patchwork,690,6.536691597591305
patchwork,690,6.536691597591305
patchwork,690,6.536691597591305
patchwork,850,6.745236349484363
patchwork,690,6.536691597591305
patchwork,850,6.745236349484363
patchwork,690,6.536691597591305
patchwork,690,6.536691597591305
patchwork,850,6.745236349484363
patchwork,850,6.745236349484363
patchwork,850,6.745236349484363
patchwork,690,6.536691597591305
patchwork,690,6.536691597591305
patchwork,850,6.745236349484363
patchwork,690,6.536691597591305
patchwork,850,6.745236349484363
patchwork,750,6.620073206530356
patchwork,750,6.620073206530356
patchwork,750,6.620073206530356
patchwork,690,6.536691597591305
patchwork,690,6.536691597591305
patchwork,850,6.745236349484363
patchwork,750,6.620073206530356
patchwork,850,6.745236349484363
patchwork,690,6.536691597591305
patchwork,750,6.620073206530356
patchwork,690,6.536691597591305
patchwork,690,6.536691597591305
patchwork,850,6.745236349484363
patchwork,850,6.745236349484363
patchwork,850,6.745236349484363
patchwork,690,6.536691597591305
patchwork,850,6.745236349484363
patchwork,690,6.536691597591305
patchwork,850,6.745236349484363
patchwork,750,6.620073206530356
patchwork,690,6.536691597591305
patchwork,690,6.536691597591305
patchwork,750,6.620073206530356
patchwork,850,6.745236349484363
patchwork,750,6.620073206530356
patchwork,850,6.745236349484363
patchwork,750,6.620073206530356
patchwork,750,6.620073206530356
patchwork,750,6.620073206530356
patchwork,850,6.745236349484363
patchwork,850,6.745236349484363
patchwork,690,6.536691597591305
patchwork,750,6.620073206530356
patchwork,750,6.620073206530356
patchwork,850,6.745236349484363
patchwork,690,6.536691597591305
patchwork,690,6.536691597591305
patchwork,750,6.620073206530356
patchwork,690,6.536691597591305
patchwork,850,6.745236349484363
patchwork,690,6.536691597591305
patchwork,690,6.536691597591305
patchwork,850,6.745236349484363
patchwork,750,6.620073206530356
patchwork,690,6.536691597591305
patchwork,690,6.536691597591305
patchwork,750,6.620073206530356
patchwork,750,6.620073206530356
patchwork,750,6.620073206530356
patchwork,850,6.745236349484363
patchwork,690,6.536691597591305
patchwork,750,6.620073206530356
patchwork,690,6.536691597591305
patchwork,850,6.745236349484363
patchwork,850,6.745236349484363
patchwork,750,6.620073206530356
patchwork,750,6.620073206530356
patchwork,750,6.620073206530356
patchwork,850,6.745236349484363
patchwork,850,6.745236349484363
patchwork,690,6.536691597591305
patchwork,690,6.536691597591305
patchwork,690,6.536691597591305
patchwork,690,6.536691597591305
patchwork,690,6.536691597591305
patchwork,750,6.620073206530356
patchwork,750,6.620073206530356
patchwork,690,6.536691597591305
patchwork,690,6.536691597591305
patchwork,850,6.745236349484363
handmade,1790,7.489970898834801
handmade,1690,7.432483807917119
handmade,1190,7.081708586105575
handmade,1790,7.489970898834801
bead work,690,6.536691597591305
bead work,690,6.536691597591305
bead work,690,6.536691597591305
bead work,690,6.536691597591305
bead work,690,6.536691597591305
bead work,690,6.536691597591305
bead work,690,6.536691597591305
bead work,690,6.536691597591305
bead work,690,6.536691597591305
bead work,690,6.536691597591305
handmade,450,6.1092475827643655
handmade,990,6.897704943128636
handmade,1990,7.595889917718538
handmade,990,6.897704943128636
handmade,990,6.897704943128636
handmade,990,6.897704943128636
handmade,690,6.536691597591305
handmade,390,5.966146739123692
handmade,450,6.1092475827643655
handmade,50,3.912023005428146
handmade,1490,7.306531398939505
handmade,990,6.897704943128636
handmade,390,5.966146739123692
handmade,50,3.912023005428146
handmade,690,6.536691597591305
handmade,450,6.1092475827643655
handmade,150,5.0106352940962555
handmade,390,5.966146739123692
handmade,390,5.966146739123692
handmade,750,6.620073206530356
handmade,360,5.886104031450156
handmade,450,6.1092475827643655
handmade,690,6.536691597591305
ajrakh block printing,290,5.66988092298052
patchwork,3590,8.185907481482324
kalamkari block printing,290,5.66988092298052
pochampally ikat weaving,890,6.7912214627261855
patchwork,3590,8.185907481482324
patchwork,3590,8.185907481482324
kalamkari block printing,890,6.7912214627261855
bead work,2190,7.691656822810547
bagh block printing,4200,8.34283980427146
sanganeri block printing,290,5.66988092298052
sanganeri block printing,390,5.966146739123692
batik block printing,890,6.7912214627261855
handmade,1190,7.081708586105575
sanganeri block printing,390,5.966146739123692
kalamkari block printing,850,6.745236349484363
sanganeri block printing,290,5.66988092298052
ajrakh block printing,2890,7.969011781106478
jacquard weaving,290,5.66988092298052
handmade,1190,7.081708586105575
batik block printing,290,5.66988092298052
kalamkari block printing,890,6.7912214627261855
kalamkari block printing,290,5.66988092298052
kalamkari block printing,290,5.66988092298052
batik block printing,890,6.7912214627261855
kalamkari block printing,890,6.7912214627261855
batik block printing,890,6.7912214627261855
sanganeri block printing,290,5.66988092298052
patchwork,3590,8.185907481482324
patchwork,3590,8.185907481482324
bagh block printing,3690,8.213381737034572
batik block printing,890,6.7912214627261855
batik block printing,890,6.7912214627261855
kalamkari block printing,450,6.1092475827643655
sanganeri block printing,290,5.66988092298052
kalamkari block printing,850,6.745236349484363
patchwork,3590,8.185907481482324
ajrakh block printing,290,5.66988092298052
batik block printing,890,6.7912214627261855
sanganeri block printing,390,5.966146739123692
ajrakh block printing,290,5.66988092298052
patchwork,3590,8.185907481482324
ajrakh block printing,290,5.66988092298052
patchwork,3590,8.185907481482324
sanganeri block printing,390,5.966146739123692
batik block printing,890,6.7912214627261855
ajrakh block printing,290,5.66988092298052
bagru block printing,290,5.66988092298052
jacquard weaving,290,5.66988092298052
sanganeri block printing,590,6.380122536899765
kalamkari block printing,890,6.7912214627261855
kalamkari block printing,450,6.1092475827643655
kalamkari block printing,450,6.1092475827643655
batik block printing,890,6.7912214627261855
patchwork,3590,8.185907481482324
plain solid,290,5.66988092298052
batik block printing,890,6.7912214627261855
sanganeri block printing,390,5.966146739123692
kalamkari block printing,850,6.745236349484363
sanganeri block printing,390,5.966146739123692
pochampally ikat weaving,290,5.66988092298052
bandhani tie dye,290,5.66988092298052
patchwork,3590,8.185907481482324
ajrakh block printing,290,5.66988092298052
sanganeri block printing,290,5.66988092298052
batik block printing,290,5.66988092298052
sanganeri block printing,590,6.380122536899765
ajrakh block printing,290,5.66988092298052
jacquard weaving,290,5.66988092298052
sanganeri block printing,390,5.966146739123692
ajrakh block printing,2890,7.969011781106478
sanganeri block printing,390,5.966146739123692
patchwork,3590,8.185907481482324
patchwork,3590,8.185907481482324
kalamkari block printing,850,6.745236349484363
batik block printing,890,6.7912214627261855
sanganeri block printing,290,5.66988092298052
bagh block printing,3800,8.242756345714477
handmade,1090,6.993932975223189
batik block printing,890,6.7912214627261855
ajrakh block printing,2890,7.969011781106478
pochampally ikat weaving,750,6.620073206530356
sanganeri block printing,2690,7.897296472595885
patchwork,3590,8.185907481482324
patchwork,450,6.1092475827643655
patchwork,450,6.1092475827643655
batik block printing,290,5.66988092298052
sanganeri block printing,290,5.66988092298052
batik block printing,890,6.7912214627261855
kalamkari block printing,450,6.1092475827643655
sanganeri block printing,290,5.66988092298052
patchwork,3590,8.185907481482324
pochampally ikat weaving,890,6.7912214627261855
batik block printing,790,6.672032945461067
sanganeri block printing,390,5.966146739123692
pochampally ikat weaving,290,5.66988092298052
ajrakh block printing,2890,7.969011781106478
sanganeri block printing,2690,7.897296472595885
pochampally ikat weaving,890,6.7912214627261855
sanganeri block printing,390,5.966146739123692
batik block printing,890,6.7912214627261855
handmade,690,6.536691597591305
batik block printing,890,6.7912214627261855
handmade,1190,7.081708586105575
ajrakh block printing,290,5.66988092298052
sanganeri block printing,290,5.66988092298052
jacquard weaving,290,5.66988092298052
kalamkari block printing,450,6.1092475827643655
handmade,1190,7.081708586105575
sanganeri block printing,390,5.966146739123692
batik block printing,890,6.7912214627261855
batik block printing,890,6.7912214627261855
patchwork,3590,8.185907481482324
sanganeri block printing,350,5.857933154483459
pochampally ikat weaving,890,6.7912214627261855
batik block printing,290,5.66988092298052
kalamkari block printing,890,6.7912214627261855
bagru block printing,390,5.966146739123692
batik block printing,890,6.7912214627261855
batik block printing,890,6.7912214627261855
handmade,690,6.536691597591305
patchwork,3590,8.185907481482324
bagh block printing,490,6.194405391104672
sanganeri block printing,390,5.966146739123692
sanganeri block printing,290,5.66988092298052
sanganeri block printing,2990,8.003028666384733
bagru block printing,390,5.966146739123692
patchwork,3590,8.185907481482324
kalamkari block printing,450,6.1092475827643655
sanganeri block printing,2690,7.897296472595885
handmade,1190,7.081708586105575
sanganeri block printing,390,5.966146739123692
sanganeri block printing,390,5.966146739123692
sanganeri block printing,290,5.66988092298052
kalamkari block printing,290,5.66988092298052
sanganeri block printing,390,5.966146739123692
sanganeri block printing,390,5.966146739123692
patchwork,3590,8.185907481482324
handmade,1190,7.081708586105575
sanganeri block printing,290,5.66988092298052
patchwork,3590,8.185907481482324
sanganeri block printing,390,5.966146739123692
sanganeri block printing,390,5.966146739123692
sanganeri block printing,350,5.857933154483459
pochampally ikat weaving,750,6.620073206530356
sanganeri block printing,390,5.966146739123692
handmade,290,5.66988092298052
kalamkari block printing,850,6.745236349484363
handmade,1190,7.081708586105575
sanganeri block printing,590,6.380122536899765
jacquard weaving,290,5.66988092298052
patchwork,3590,8.185907481482324
kalamkari block printing,850,6.745236349484363
sanganeri block printing,390,5.966146739123692
sanganeri block printing,390,5.966146739123692
patchwork,3590,8.185907481482324
sanganeri block printing,590,6.380122536899765
kalamkari block printing,890,6.7912214627261855
patchwork,3590,8.185907481482324
sanganeri block printing,390,5.966146739123692
kalamkari block printing,450,6.1092475827643655
pochampally ikat weaving,890,6.7912214627261855
patchwork,3590,8.185907481482324
kalamkari block printing,850,6.745236349484363
handmade,1190,7.081708586105575
batik block printing,290,5.66988092298052
batik block printing,790,6.672032945461067
jacquard weaving,290,5.66988092298052
handmade,490,6.194405391104672
patchwork,3590,8.185907481482324
ajrakh block printing,290,5.66988092298052
sanganeri block printing,2690,7.897296472595885
kalamkari block printing,890,6.7912214627261855
sanganeri block printing,290,5.66988092298052
sanganeri block printing,290,5.66988092298052
sanganeri block printing,390,5.966146739123692
sanganeri block printing,390,5.966146739123692
sanganeri block printing,390,5.966146739123692
handmade,290,5.66988092298052
batik block printing,890,6.7912214627261855
handmade,290,5.66988092298052
ajrakh block printing,2890,7.969011781106478
batik block printing,890,6.7912214627261855
kalamkari block printing,850,6.745236349484363
batik block printing,890,6.7912214627261855
batik block printing,890,6.7912214627261855
handmade,490,6.194405391104672
patchwork,3590,8.185907481482324
sanganeri block printing,2690,7.897296472595885
patchwork,3590,8.185907481482324
bagh block printing,390,5.966146739123692
batik block printing,890,6.7912214627261855
batik block printing,890,6.7912214627261855
jacquard weaving,390,5.966146739123692
sanganeri block printing,390,5.966146739123692
sanganeri block printing,390,5.966146739123692
batik block printing,890,6.7912214627261855
bagh block printing,1890,7.544332108053688
patchwork,3590,8.185907481482324
kalamkari block printing,390,5.966146739123692
sanganeri block printing,390,5.966146739123692
kalamkari block printing,890,6.7912214627261855
patchwork,3590,8.185907481482324
sanganeri block printing,390,5.966146739123692
patchwork,3590,8.185907481482324
batik block printing,290,5.66988092298052
kalamkari block printing,890,6.7912214627261855
patchwork,3590,8.185907481482324
ajrakh block printing,390,5.966146739123692
patchwork,3590,8.185907481482324
patchwork,450,6.1092475827643655
pochampally ikat weaving,290,5.66988092298052
bagh block printing,290,5.66988092298052
ajrakh block printing,2890,7.969011781106478
kalamkari block printing,850,6.745236349484363
kalamkari block printing,850,6.745236349484363
kalamkari block printing,290,5.66988092298052
bagru block printing,390,5.966146739123692
sanganeri block printing,590,6.380122536899765
handmade,690,6.536691597591305
sanganeri block printing,390,5.966146739123692
batik block printing,890,6.7912214627261855
patchwork,3590,8.185907481482324
kalamkari block printing,890,6.7912214627261855
jacquard weaving,390,5.966146739123692
sanganeri block printing,390,5.966146739123692
sanganeri block printing,290,5.66988092298052
sanganeri block printing,390,5.966146739123692
jacquard weaving,290,5.66988092298052
patchwork,450,6.1092475827643655
kalamkari block printing,850,6.745236349484363
sanganeri block printing,390,5.966146739123692
ajrakh block printing,290,5.66988092298052
bagh block printing,4900,8.496990484098719
pochampally ikat weaving,750,6.620073206530356
batik block printing,790,6.672032945461067
sanganeri block printing,590,6.380122536899765
kalamkari block printing,850,6.745236349484363
patchwork,3590,8.185907481482324
handmade,1190,7.081708586105575
kalamkari block printing,850,6.745236349484363
bagh block printing,3690,8.213381737034572
batik block printing,890,6.7912214627261855
kalamkari block printing,890,6.7912214627261855
sanganeri block printing,350,5.857933154483459
sanganeri block printing,290,5.66988092298052
patchwork,3590,8.185907481482324
sanganeri block printing,390,5.966146739123692
sanganeri block printing,390,5.966146739123692
sanganeri block printing,2690,7.897296472595885
ajrakh block printing,2890,7.969011781106478
ajrakh block printing,2890,7.969011781106478
kalamkari block printing,850,6.745236349484363
kalamkari block printing,450,6.1092475827643655
sanganeri block printing,2690,7.897296472595885
ajrakh block printing,2890,7.969011781106478
patchwork,3590,8.185907481482324
ajrakh block printing,2890,7.969011781106478
ajrakh block printing,290,5.66988092298052
handmade,1190,7.081708586105575
kalamkari block printing,890,6.7912214627261855
sanganeri block printing,390,5.966146739123692
sanganeri block printing,2690,7.897296472595885
batik block printing,890,6.7912214627261855
kalamkari block printing,850,6.745236349484363
batik block printing,290,5.66988092298052
sanganeri block printing,390,5.966146739123692
pochampally ikat weaving,890,6.7912214627261855
ajrakh block printing,2890,7.969011781106478
sanganeri block printing,590,6.380122536899765
sanganeri block printing,2690,7.897296472595885
batik block printing,790,6.672032945461067
handmade,290,5.66988092298052
batik block printing,890,6.7912214627261855
bagh block printing,3800,8.242756345714477
sanganeri block printing,390,5.966146739123692
patchwork,3590,8.185907481482324
jacquard weaving,390,5.966146739123692
ajrakh block printing,2890,7.969011781106478
jacquard weaving,390,5.966146739123692
handmade,1190,7.081708586105575
ajrakh block printing,290,5.66988092298052
batik block printing,890,6.7912214627261855
sanganeri block printing,390,5.966146739123692
sanganeri block printing,390,5.966146739123692
patchwork,3590,8.185907481482324
bagru block printing,790,6.672032945461067
kalamkari block printing,890,6.7912214627261855
bagru block printing,290,5.66988092298052
sanganeri block printing,350,5.857933154483459
plain solid,290,5.66988092298052
patchwork,450,6.1092475827643655
patchwork,3590,8.185907481482324
ajrakh block printing,290,5.66988092298052
sanganeri block printing,290,5.66988092298052
patchwork,3590,8.185907481482324
ajrakh block printing,290,5.66988092298052
patchwork,3590,8.185907481482324
sanganeri block printing,350,5.857933154483459
sanganeri block printing,290,5.66988092298052
batik block printing,890,6.7912214627261855
kalamkari block printing,890,6.7912214627261855
patchwork,450,6.1092475827643655
sanganeri block printing,390,5.966146739123692
kalamkari block printing,450,6.1092475827643655
pochampally ikat weaving,290,5.66988092298052
patchwork,3590,8.185907481482324
patchwork,3590,8.185907481482324
pochampally ikat weaving,890,6.7912214627261855
kalamkari block printing,850,6.745236349484363
sanganeri block printing,290,5.66988092298052
patchwork,3590,8.185907481482324
pochampally ikat weaving,290,5.66988092298052
patchwork,3590,8.185907481482324
batik block printing,890,6.7912214627261855
sanganeri block printing,390,5.966146739123692
kalamkari block printing,850,6.745236349484363
sanganeri block printing,390,5.966146739123692
ajrakh block printing,2890,7.969011781106478
sanganeri block printing,390,5.966146739123692
pochampally ikat weaving,750,6.620073206530356
sanganeri block printing,590,6.380122536899765
bagh block printing,290,5.66988092298052
ajrakh block printing,290,5.66988092298052
patchwork,3590,8.185907481482324
bandhani tie dye,290,5.66988092298052
patchwork,3590,8.185907481482324
handmade,1190,7.081708586105575
patchwork,3590,8.185907481482324
handmade,1190,7.081708586105575
batik block printing,890,6.7912214627261855
sanganeri block printing,390,5.966146739123692
batik block printing,890,6.7912214627261855
kalamkari block printing,450,6.1092475827643655
bagru block printing,290,5.66988092298052
batik block printing,890,6.7912214627261855
kalamkari block printing,450,6.1092475827643655
kalamkari block printing,850,6.745236349484363
kalamkari block printing,450,6.1092475827643655
jacquard weaving,290,5.66988092298052
sanganeri block printing,2690,7.897296472595885
pochampally ikat weaving,890,6.7912214627261855
sanganeri block printing,2690,7.897296472595885
patchwork,450,6.1092475827643655
bagh block printing,4900,8.496990484098719
jacquard weaving,290,5.66988092298052
sanganeri block printing,290,5.66988092298052
sanganeri block printing,290,5.66988092298052
batik block printing,890,6.7912214627261855
sanganeri block printing,390,5.966146739123692
pochampally ikat weaving,750,6.620073206530356
patchwork,3590,8.185907481482324
kalamkari block printing,450,6.1092475827643655
ajrakh block printing,2890,7.969011781106478
ajrakh block printing,290,5.66988092298052
ajrakh block printing,2890,7.969011781106478
patchwork,3590,8.185907481482324
batik block printing,890,6.7912214627261855
kalamkari block printing,450,6.1092475827643655
sanganeri block printing,350,5.857933154483459
patchwork,3590,8.185907481482324
sanganeri block printing,290,5.66988092298052
sanganeri block printing,390,5.966146739123692
patchwork,3590,8.185907481482324
bagh block printing,3690,8.213381737034572
kalamkari block printing,390,5.966146739123692
kalamkari block printing,890,6.7912214627261855
jacquard weaving,390,5.966146739123692
sanganeri block printing,390,5.966146739123692
kalamkari block printing,890,6.7912214627261855
jacquard weaving,290,5.66988092298052
sanganeri block printing,390,5.966146739123692
sanganeri block printing,290,5.66988092298052
sanganeri block printing,2690,7.897296472595885
batik block printing,890,6.7912214627261855
ajrakh block printing,2890,7.969011781106478
patchwork,3590,8.185907481482324
patchwork,450,6.1092475827643655
sanganeri block printing,390,5.966146739123692
kalamkari block printing,450,6.1092475827643655
batik block printing,290,5.66988092298052
ajrakh block printing,290,5.66988092298052
sanganeri block printing,390,5.966146739123692
batik block printing,290,5.66988092298052
batik block printing,890,6.7912214627261855
sanganeri block printing,290,5.66988092298052
sanganeri block printing,2690,7.897296472595885
sanganeri block printing,390,5.966146739123692
sanganeri block printing,390,5.966146739123692
ajrakh block printing,290,5.66988092298052
ajrakh block printing,2890,7.969011781106478
bandhani tie dye,290,5.66988092298052
kalamkari block printing,850,6.745236349484363
pochampally ikat weaving,750,6.620073206530356
sanganeri block printing,2690,7.897296472595885
kalamkari block printing,890,6.7912214627261855
pochampally ikat weaving,890,6.7912214627261855
kalamkari block printing,890,6.7912214627261855
kalamkari block printing,450,6.1092475827643655
patchwork,3590,8.185907481482324
sanganeri block printing,390,5.966146739123692
sanganeri block printing,290,5.66988092298052
bagru block printing,390,5.966146739123692
handmade,1190,7.081708586105575
handmade,1190,7.081708586105575
patchwork,3590,8.185907481482324
ajrakh block printing,390,5.966146739123692
batik block printing,890,6.7912214627261855
kalamkari block printing,450,6.1092475827643655
kalamkari block printing,890,6.7912214627261855
sanganeri block printing,2690,7.897296472595885
sanganeri block printing,390,5.966146739123692
kalamkari block printing,450,6.1092475827643655
sanganeri block printing,390,5.966146739123692
kalamkari block printing,450,6.1092475827643655
kalamkari block printing,290,5.66988092298052
sanganeri block printing,390,5.966146739123692
bagru block printing,290,5.66988092298052
batik block printing,290,5.66988092298052
kalamkari block printing,390,5.966146739123692
patchwork,3590,8.185907481482324
sanganeri block printing,390,5.966146739123692
pochampally ikat weaving,290,5.66988092298052
sanganeri block printing,290,5.66988092298052
pochampally ikat weaving,290,5.66988092298052
patchwork,3590,8.185907481482324
kalamkari block printing,290,5.66988092298052
kalamkari block printing,850,6.745236349484363
sanganeri block printing,590,6.380122536899765
batik block printing,890,6.7912214627261855
kalamkari block printing,850,6.745236349484363
handmade,690,6.536691597591305
sanganeri block printing,2990,8.003028666384733
kalamkari block printing,450,6.1092475827643655
ajrakh block printing,290,5.66988092298052
kalamkari block printing,450,6.1092475827643655
sanganeri block printing,790,6.672032945461067
sanganeri block printing,290,5.66988092298052
pochampally ikat weaving,890,6.7912214627261855
pochampally ikat weaving,890,6.7912214627261855
sanganeri block printing,2690,7.897296472595885
sanganeri block printing,2990,8.003028666384733
sanganeri block printing,2690,7.897296472595885
handmade,500,6.214608098422191
handmade,1590,7.371489295214277
handmade,385,5.953243334287785
handmade,390,5.966146739123692
handmade,770,6.646390514847729
handmade,450,6.1092475827643655
handmade,500,6.214608098422191
handmade,1090,6.993932975223189
handmade,500,6.214608098422191
handmade,590,6.380122536899765
handmade,390,5.966146739123692
handmade,690,6.536691597591305
handmade,790,6.672032945461067
handmade,1290,7.162397497355718
handmade,950,6.856461984594587
handmade,690,6.536691597591305
handmade,650,6.476972362889683
handmade,420,6.040254711277414
oxidised metal craft,1290,7.162397497355718
bead work,1290,7.162397497355718
bead work,1290,7.162397497355718
bead work,1290,7.162397497355718
bead work,1290,7.162397497355718
bead work,1290,7.162397497355718
bead work,1290,7.162397497355718
bead work,1290,7.162397497355718
bead work,1290,7.162397497355718
bead work,1290,7.162397497355718
fabart,1100,7.003065458786462
fabart,1100,7.003065458786462
fabart,1100,7.003065458786462
fabart,2100,7.649692623711514
fabart,1290,7.162397497355718
fabart,1290,7.162397497355718
fabart,2290,7.736307096548285
fabart,2290,7.736307096548285
fabart,2290,7.736307096548285
fabart,2290,7.736307096548285
fabart,2290,7.736307096548285
fabart,1490,7.306531398939505
fabart,1100,7.003065458786462
fabart,1100,7.003065458786462
fabart,2100,7.649692623711514
fabart,2290,7.736307096548285
fabart,850,6.745236349484363
fabart,850,6.745236349484363
fabart,850,6.745236349484363
fabart,850,6.745236349484363
bead work,1950,7.575584651557793
bead work,1950,7.575584651557793
bead work,1950,7.575584651557793
bead work,1950,7.575584651557793
bead work,1950,7.575584651557793
bead work,1090,6.993932975223189
bead work,1850,7.52294091807237
bead work,3990,8.29154650988391
bead work,2650,7.882314918980268
bead work,850,6.745236349484363
oxidised metal craft,1290,7.162397497355718
oxidised metal craft,1290,7.162397497355718
oxidised metal craft,1290,7.162397497355718
fabart,690,6.536691597591305
fabart,690,6.536691597591305
fabart,690,6.536691597591305
fabart,490,6.194405391104672
fabart,690,6.536691597591305
oxidised metal craft,890,6.7912214627261855
oxidised metal craft,690,6.536691597591305
oxidised metal craft,950,6.856461984594587
fabart,490,6.194405391104672
fabart,690,6.536691597591305
fabart,490,6.194405391104672
oxidised metal craft,850,6.745236349484363
fabart,890,6.7912214627261855
oxidised metal craft,890,6.7912214627261855
fabart,690,6.536691597591305
oxidised metal craft,790,6.672032945461067
fabart,690,6.536691597591305
bead work,550,6.309918278226516
oxidised metal craft,790,6.672032945461067
oxidised metal craft,890,6.7912214627261855
oxidised metal craft,790,6.672032945461067
oxidised metal craft,3100,8.039157390473237
fabart,490,6.194405391104672
oxidised metal craft,690,6.536691597591305
oxidised metal craft,690,6.536691597591305
oxidised metal craft,690,6.536691597591305
fabart,750,6.620073206530356
fabart,690,6.536691597591305
oxidised metal craft,1950,7.575584651557793
oxidised metal craft,690,6.536691597591305
fabart,690,6.536691597591305
oxidised metal craft,690,6.536691597591305
oxidised metal craft,690,6.536691597591305
handmade,450,6.1092475827643655
oxidised metal craft,690,6.536691597591305
fabart,690,6.536691597591305
fabart,690,6.536691597591305
oxidised metal craft,890,6.7912214627261855
fabart,690,6.536691597591305
fabart,690,6.536691597591305
oxidised metal craft,690,6.536691597591305
oxidised metal craft,950,6.856461984594587
fabart,790,6.672032945461067
oxidised metal craft,2590,7.859413154693583
fabart,890,6.7912214627261855
fabart,590,6.380122536899765
oxidised metal craft,790,6.672032945461067
fabart,690,6.536691597591305
oxidised metal craft,550,6.309918278226516
fabart,490,6.194405391104672
fabart,590,6.380122536899765
oxidised metal craft,890,6.7912214627261855
oxidised metal craft,690,6.536691597591305
fabart,690,6.536691597591305
oxidised metal craft,690,6.536691597591305
oxidised metal craft,500,6.214608098422191
oxidised metal craft,690,6.536691597591305
oxidised metal craft,3400,8.131530710604252
fabart,490,6.194405391104672
oxidised metal craft,690,6.536691597591305
fabart,690,6.536691597591305
fabart,690,6.536691597591305
oxidised metal craft,690,6.536691597591305
oxidised metal craft,890,6.7912214627261855
fabart,690,6.536691597591305
fabart,690,6.536691597591305
fabart,890,6.7912214627261855
handmade,490,6.194405391104672
fabart,690,6.536691597591305
fabart,890,6.7912214627261855
oxidised metal craft,690,6.536691597591305
oxidised metal craft,690,6.536691597591305
oxidised metal craft,950,6.856461984594587
fabart,690,6.536691597591305
oxidised metal craft,590,6.380122536899765
fabart,690,6.536691597591305
fabart,790,6.672032945461067
oxidised metal craft,1090,6.993932975223189
fabart,690,6.536691597591305
fabart,690,6.536691597591305
fabart,690,6.536691597591305
oxidised metal craft,690,6.536691597591305
bead work,550,6.309918278226516
fabart,690,6.536691597591305
fabart,690,6.536691597591305
oxidised metal craft,690,6.536691597591305
fabart,890,6.7912214627261855
oxidised metal craft,690,6.536691597591305
oxidised metal craft,590,6.380122536899765
fabart,690,6.536691597591305
oxidised metal craft,690,6.536691597591305
fabart,490,6.194405391104672
oxidised metal craft,690,6.536691597591305
fabart,690,6.536691597591305
bead work,1500,7.313220387090301
oxidised metal craft,690,6.536691597591305
fabart,590,6.380122536899765
handmade,490,6.194405391104672
fabart,690,6.536691597591305
fabart,690,6.536691597591305
oxidised metal craft,690,6.536691597591305
bead work,1500,7.313220387090301
oxidised metal craft,690,6.536691597591305
fabart,490,6.194405391104672
oxidised metal craft,890,6.7912214627261855
oxidised metal craft,2590,7.859413154693583
fabart,590,6.380122536899765
fabart,690,6.536691597591305
fabart,590,6.380122536899765
oxidised metal craft,690,6.536691597591305
fabart,490,6.194405391104672
fabart,490,6.194405391104672
oxidised metal craft,890,6.7912214627261855
oxidised metal craft,690,6.536691597591305
oxidised metal craft,550,6.309918278226516
oxidised metal craft,690,6.536691597591305
fabart,690,6.536691597591305
oxidised metal craft,1090,6.993932975223189
fabart,490,6.194405391104672
fabart,690,6.536691597591305
oxidised metal craft,890,6.7912214627261855
fabart,690,6.536691597591305
oxidised metal craft,3100,8.039157390473237
oxidised metal craft,890,6.7912214627261855
oxidised metal craft,690,6.536691597591305
oxidised metal craft,890,6.7912214627261855
fabart,890,6.7912214627261855
fabart,890,6.7912214627261855
fabart,690,6.536691597591305
fabart,690,6.536691597591305
fabart,690,6.536691597591305
handmade,490,6.194405391104672
oxidised metal craft,690,6.536691597591305
fabart,690,6.536691597591305
bead work,1500,7.313220387090301
fabart,690,6.536691597591305
bead work,790,6.672032945461067
fabart,690,6.536691597591305
oxidised metal craft,890,6.7912214627261855
fabart,690,6.536691597591305
oxidised metal craft,1990,7.595889917718538
oxidised metal craft,2850,7.955074273262696
fabart,690,6.536691597591305
fabart,490,6.194405391104672
oxidised metal craft,2590,7.859413154693583
oxidised metal craft,850,6.745236349484363
oxidised metal craft,690,6.536691597591305
oxidised metal craft,690,6.536691597591305
oxidised metal craft,690,6.536691597591305
handmade,490,6.194405391104672
handmade,490,6.194405391104672
fabart,690,6.536691597591305
fabart,690,6.536691597591305
fabart,790,6.672032945461067
bead work,1500,7.313220387090301
oxidised metal craft,690,6.536691597591305
oxidised metal craft,690,6.536691597591305
fabart,690,6.536691597591305
fabart,590,6.380122536899765
bead work,550,6.309918278226516
oxidised metal craft,790,6.672032945461067
fabart,490,6.194405391104672
oxidised metal craft,690,6.536691597591305
oxidised metal craft,550,6.309918278226516
oxidised metal craft,690,6.536691597591305
fabart,690,6.536691597591305
oxidised metal craft,790,6.672032945461067
fabart,690,6.536691597591305
fabart,790,6.672032945461067
oxidised metal craft,550,6.309918278226516
oxidised metal craft,690,6.536691597591305
fabart,490,6.194405391104672
oxidised metal craft,690,6.536691597591305
fabart,590,6.380122536899765
fabart,690,6.536691597591305
oxidised metal craft,890,6.7912214627261855
oxidised metal craft,690,6.536691597591305
bead work,790,6.672032945461067
oxidised metal craft,690,6.536691597591305
fabart,690,6.536691597591305
oxidised metal craft,690,6.536691597591305
oxidised metal craft,550,6.309918278226516
fabart,890,6.7912214627261855
oxidised metal craft,890,6.7912214627261855
fabart,690,6.536691597591305
fabart,690,6.536691597591305
handmade,690,6.536691597591305
oxidised metal craft,690,6.536691597591305
oxidised metal craft,590,6.380122536899765
fabart,690,6.536691597591305
oxidised metal craft,690,6.536691597591305
oxidised metal craft,590,6.380122536899765
fabart,690,6.536691597591305
oxidised metal craft,500,6.214608098422191
oxidised metal craft,690,6.536691597591305
oxidised metal craft,690,6.536691597591305
fabart,490,6.194405391104672
fabart,490,6.194405391104672
fabart,690,6.536691597591305
oxidised metal craft,690,6.536691597591305
fabart,590,6.380122536899765
oxidised metal craft,950,6.856461984594587
fabart,690,6.536691597591305
fabart,690,6.536691597591305
handmade,450,6.1092475827643655
fabart,690,6.536691597591305
oxidised metal craft,550,6.309918278226516
oxidised metal craft,3690,8.213381737034572
oxidised metal craft,2590,7.859413154693583
oxidised metal craft,950,6.856461984594587
fabart,690,6.536691597591305
oxidised metal craft,690,6.536691597591305
handmade,490,6.194405391104672
oxidised metal craft,550,6.309918278226516
oxidised metal craft,690,6.536691597591305
handmade,490,6.194405391104672
fabart,890,6.7912214627261855
fabart,690,6.536691597591305
fabart,690,6.536691597591305
oxidised metal craft,690,6.536691597591305
oxidised metal craft,690,6.536691597591305
fabart,690,6.536691597591305
oxidised metal craft,550,6.309918278226516
fabart,690,6.536691597591305
oxidised metal craft,2990,8.003028666384733
fabart,490,6.194405391104672
oxidised metal craft,690,6.536691597591305
fabart,690,6.536691597591305
oxidised metal craft,590,6.380122536899765
oxidised metal craft,890,6.7912214627261855
fabart,690,6.536691597591305
fabart,690,6.536691597591305
oxidised metal craft,500,6.214608098422191
fabart,590,6.380122536899765
oxidised metal craft,1690,7.432483807917119
oxidised metal craft,690,6.536691597591305
fabart,690,6.536691597591305
fabart,690,6.536691597591305
oxidised metal craft,690,6.536691597591305
oxidised metal craft,690,6.536691597591305
oxidised metal craft,690,6.536691597591305
oxidised metal craft,590,6.380122536899765
oxidised metal craft,590,6.380122536899765
oxidised metal craft,550,6.309918278226516
oxidised metal craft,890,6.7912214627261855
oxidised metal craft,690,6.536691597591305
oxidised metal craft,690,6.536691597591305
handmade,490,6.194405391104672
fabart,590,6.380122536899765
handmade,450,6.1092475827643655
handmade,450,6.1092475827643655
fabart,690,6.536691597591305
fabart,690,6.536691597591305
fabart,690,6.536691597591305
fabart,890,6.7912214627261855
oxidised metal craft,690,6.536691597591305
oxidised metal craft,690,6.536691597591305
oxidised metal craft,950,6.856461984594587
fabart,690,6.536691597591305
fabart,690,6.536691597591305
fabart,490,6.194405391104672
handmade,490,6.194405391104672
oxidised metal craft,690,6.536691597591305
oxidised metal craft,850,6.745236349484363
oxidised metal craft,790,6.672032945461067
fabart,490,6.194405391104672
fabart,490,6.194405391104672
oxidised metal craft,690,6.536691597591305
fabart,490,6.194405391104672
oxidised metal craft,690,6.536691597591305
oxidised metal craft,690,6.536691597591305
fabart,690,6.536691597591305
fabart,690,6.536691597591305
fabart,690,6.536691597591305
oxidised metal craft,550,6.309918278226516
fabart,690,6.536691597591305
handmade,490,6.194405391104672
fabart,690,6.536691597591305
fabart,490,6.194405391104672
fabart,690,6.536691597591305
oxidised metal craft,550,6.309918278226516
handmade,450,6.1092475827643655
oxidised metal craft,690,6.536691597591305
fabart,690,6.536691597591305
handmade,490,6.194405391104672
fabart,690,6.536691597591305
oxidised metal craft,690,6.536691597591305
oxidised metal craft,590,6.380122536899765
oxidised metal craft,890,6.7912214627261855
handmade,490,6.194405391104672
fabart,690,6.536691597591305
oxidised metal craft,550,6.309918278226516
fabart,690,6.536691597591305
fabart,690,6.536691597591305
oxidised metal craft,690,6.536691597591305
fabart,690,6.536691597591305
fabart,690,6.536691597591305
oxidised metal craft,890,6.7912214627261855
oxidised metal craft,690,6.536691597591305
oxidised metal craft,2990,8.003028666384733
oxidised metal craft,690,6.536691597591305
fabart,890,6.7912214627261855
fabart,490,6.194405391104672
oxidised metal craft,890,6.7912214627261855
oxidised metal craft,690,6.536691597591305
fabart,690,6.536691597591305
handmade,450,6.1092475827643655
oxidised metal craft,690,6.536691597591305
fabart,890,6.7912214627261855
fabart,890,6.7912214627261855
oxidised metal craft,790,6.672032945461067
fabart,490,6.194405391104672
oxidised metal craft,550,6.309918278226516
oxidised metal craft,890,6.7912214627261855
oxidised metal craft,690,6.536691597591305
oxidised metal craft,850,6.745236349484363
oxidised metal craft,890,6.7912214627261855
fabart,750,6.620073206530356
fabart,690,6.536691597591305
fabart,890,6.7912214627261855
oxidised metal craft,690,6.536691597591305
fabart,490,6.194405391104672
fabart,490,6.194405391104672
oxidised metal craft,790,6.672032945461067
oxidised metal craft,1090,6.993932975223189
oxidised metal craft,890,6.7912214627261855
oxidised metal craft,550,6.309918278226516
fabart,590,6.380122536899765
oxidised metal craft,690,6.536691597591305
fabart,790,6.672032945461067
bead work,1500,7.313220387090301
fabart,890,6.7912214627261855
fabart,890,6.7912214627261855
oxidised metal craft,690,6.536691597591305
fabart,690,6.536691597591305
oxidised metal craft,550,6.309918278226516
fabart,490,6.194405391104672
oxidised metal craft,690,6.536691597591305
handmade,490,6.194405391104672
fabart,690,6.536691597591305
fabart,490,6.194405391104672
oxidised metal craft,690,6.536691597591305
oxidised metal craft,690,6.536691597591305
fabart,690,6.536691597591305
oxidised metal craft,690,6.536691597591305
fabart,690,6.536691597591305
oxidised metal craft,890,6.7912214627261855
oxidised metal craft,2850,7.955074273262696
fabart,690,6.536691597591305
fabart,690,6.536691597591305
fabart,890,6.7912214627261855
fabart,690,6.536691597591305
bead work,550,6.309918278226516
fabart,690,6.536691597591305
oxidised metal craft,550,6.309918278226516
fabart,690,6.536691597591305
oxidised metal craft,540,6.29156913955832
fabart,690,6.536691597591305
fabart,690,6.536691597591305
oxidised metal craft,1090,6.993932975223189
oxidised metal craft,590,6.380122536899765
oxidised metal craft,890,6.7912214627261855
oxidised metal craft,690,6.536691597591305
handmade,590,6.380122536899765
fabart,690,6.536691597591305
fabart,690,6.536691597591305
oxidised metal craft,690,6.536691597591305
oxidised metal craft,690,6.536691597591305
fabart,690,6.536691597591305
fabart,890,6.7912214627261855
oxidised metal craft,690,6.536691597591305
oxidised metal craft,690,6.536691597591305
oxidised metal craft,950,6.856461984594587
oxidised metal craft,790,6.672032945461067
fabart,690,6.536691597591305
oxidised metal craft,890,6.7912214627261855
oxidised metal craft,850,6.745236349484363
fabart,590,6.380122536899765
oxidised metal craft,550,6.309918278226516
fabart,590,6.380122536899765
oxidised metal craft,890,6.7912214627261855
oxidised metal craft,690,6.536691597591305
fabart,690,6.536691597591305
fabart,690,6.536691597591305
fabart,590,6.380122536899765
handmade,450,6.1092475827643655
oxidised metal craft,690,6.536691597591305
oxidised metal craft,690,6.536691597591305
oxidised metal craft,3100,8.039157390473237
oxidised metal craft,1390,7.237059026124737
fabart,690,6.536691597591305
oxidised metal craft,690,6.536691597591305
oxidised metal craft,690,6.536691597591305
fabart,690,6.536691597591305
oxidised metal craft,850,6.745236349484363
oxidised metal craft,890,6.7912214627261855
fabart,690,6.536691597591305
fabart,590,6.380122536899765
oxidised metal craft,550,6.309918278226516
fabart,690,6.536691597591305
fabart,490,6.194405391104672
oxidised metal craft,590,6.380122536899765
oxidised metal craft,690,6.536691597591305
fabart,690,6.536691597591305
oxidised metal craft,890,6.7912214627261855
oxidised metal craft,890,6.7912214627261855
handmade,490,6.194405391104672
fabart,690,6.536691597591305
oxidised metal craft,690,6.536691597591305
fabart,890,6.7912214627261855
fabart,690,6.536691597591305
handmade,450,6.1092475827643655
bead work,1500,7.313220387090301
oxidised metal craft,1550,7.346010209913293
oxidised metal craft,890,6.7912214627261855
oxidised metal craft,690,6.536691597591305
oxidised metal craft,500,6.214608098422191
fabart,690,6.536691597591305
oxidised metal craft,490,6.194405391104672
fabart,690,6.536691597591305
oxidised metal craft,3100,8.039157390473237
fabart,690,6.536691597591305
fabart,690,6.536691597591305
oxidised metal craft,550,6.309918278226516
fabart,890,6.7912214627261855
fabart,890,6.7912214627261855
fabart,690,6.536691597591305
oxidised metal craft,790,6.672032945461067
fabart,690,6.536691597591305
bead work,550,6.309918278226516
fabart,590,6.380122536899765
fabart,690,6.536691597591305
oxidised metal craft,690,6.536691597591305
oxidised metal craft,690,6.536691597591305
oxidised metal craft,890,6.7912214627261855
oxidised metal craft,890,6.7912214627261855
oxidised metal craft,790,6.672032945461067
fabart,590,6.380122536899765
oxidised metal craft,550,6.309918278226516
oxidised metal craft,690,6.536691597591305
oxidised metal craft,690,6.536691597591305
fabart,590,6.380122536899765
oxidised metal craft,500,6.214608098422191
oxidised metal craft,3100,8.039157390473237
fabart,590,6.380122536899765
fabart,690,6.536691597591305
oxidised metal craft,850,6.745236349484363
oxidised metal craft,2790,7.933796874815411
oxidised metal craft,890,6.7912214627261855
fabart,690,6.536691597591305
oxidised metal craft,690,6.536691597591305
fabart,690,6.536691597591305
oxidised metal craft,2990,8.003028666384733
oxidised metal craft,890,6.7912214627261855
fabart,690,6.536691597591305
oxidised metal craft,590,6.380122536899765
fabart,690,6.536691597591305
oxidised metal craft,690,6.536691597591305
oxidised metal craft,690,6.536691597591305
fabart,690,6.536691597591305
handmade,490,6.194405391104672
oxidised metal craft,890,6.7912214627261855
fabart,790,6.672032945461067
bead work,1500,7.313220387090301
fabart,690,6.536691597591305
fabart,690,6.536691597591305
oxidised metal craft,550,6.309918278226516
oxidised metal craft,690,6.536691597591305
bead work,790,6.672032945461067
fabart,690,6.536691597591305
fabart,750,6.620073206530356
oxidised metal craft,690,6.536691597591305
bead work,790,6.672032945461067
fabart,590,6.380122536899765
bead work,450,6.1092475827643655
oxidised metal craft,550,6.309918278226516
fabart,690,6.536691597591305
fabart,490,6.194405391104672
handmade,450,6.1092475827643655
fabart,890,6.7912214627261855
handmade,490,6.194405391104672
fabart,590,6.380122536899765
oxidised metal craft,1790,7.489970898834801
oxidised metal craft,690,6.536691597591305
oxidised metal craft,690,6.536691597591305
oxidised metal craft,690,6.536691597591305
oxidised metal craft,590,6.380122536899765
bead work,1500,7.313220387090301
oxidised metal craft,850,6.745236349484363
oxidised metal craft,690,6.536691597591305
oxidised metal craft,690,6.536691597591305
fabart,490,6.194405391104672
oxidised metal craft,690,6.536691597591305
fabart,690,6.536691597591305
fabart,690,6.536691597591305
fabart,690,6.536691597591305
oxidised metal craft,690,6.536691597591305
fabart,690,6.536691597591305
oxidised metal craft,690,6.536691597591305
fabart,690,6.536691597591305
oxidised metal craft,550,6.309918278226516
bead work,1500,7.313220387090301
oxidised metal craft,890,6.7912214627261855
oxidised metal craft,690,6.536691597591305
fabart,690,6.536691597591305
fabart,690,6.536691597591305
oxidised metal craft,550,6.309918278226516
oxidised metal craft,950,6.856461984594587
fabart,690,6.536691597591305
oxidised metal craft,950,6.856461984594587
fabart,750,6.620073206530356
oxidised metal craft,850,6.745236349484363
fabart,490,6.194405391104672
fabart,490,6.194405391104672
bead work,550,6.309918278226516
oxidised metal craft,850,6.745236349484363
oxidised metal craft,690,6.536691597591305
oxidised metal craft,790,6.672032945461067
oxidised metal craft,690,6.536691597591305
oxidised metal craft,690,6.536691597591305
fabart,690,6.536691597591305
oxidised metal craft,690,6.536691597591305
oxidised metal craft,690,6.536691597591305
fabart,690,6.536691597591305
fabart,690,6.536691597591305
oxidised metal craft,790,6.672032945461067
oxidised metal craft,2990,8.003028666384733
oxidised metal craft,690,6.536691597591305
fabart,690,6.536691597591305
oxidised metal craft,950,6.856461984594587
oxidised metal craft,690,6.536691597591305
oxidised metal craft,550,6.309918278226516
fabart,490,6.194405391104672
fabart,590,6.380122536899765
fabart,690,6.536691597591305
oxidised metal craft,500,6.214608098422191
fabart,690,6.536691597591305
oxidised metal craft,550,6.309918278226516
oxidised metal craft,550,6.309918278226516
fabart,690,6.536691597591305
fabart,690,6.536691597591305
oxidised metal craft,2190,7.691656822810547
oxidised metal craft,2990,8.003028666384733
fabart,890,6.7912214627261855
fabart,690,6.536691597591305
oxidised metal craft,590,6.380122536899765
fabart,590,6.380122536899765
fabart,690,6.536691597591305
oxidised metal craft,690,6.536691597591305
oxidised metal craft,550,6.309918278226516
fabart,890,6.7912214627261855
oxidised metal craft,1950,7.575584651557793
fabart,490,6.194405391104672
bead work,450,6.1092475827643655
oxidised metal craft,690,6.536691597591305
oxidised metal craft,890,6.7912214627261855
fabart,490,6.194405391104672
fabart,790,6.672032945461067
oxidised metal craft,1390,7.237059026124737
oxidised metal craft,890,6.7912214627261855
fabart,690,6.536691597591305
oxidised metal craft,690,6.536691597591305
fabart,690,6.536691597591305
oxidised metal craft,690,6.536691597591305
fabart,750,6.620073206530356
fabart,690,6.536691597591305
oxidised metal craft,790,6.672032945461067
bead work,450,6.1092475827643655
oxidised metal craft,490,6.194405391104672
fabart,490,6.194405391104672
oxidised metal craft,690,6.536691597591305
fabart,590,6.380122536899765
fabart,690,6.536691597591305
fabart,490,6.194405391104672
fabart,890,6.7912214627261855
fabart,590,6.380122536899765
oxidised metal craft,590,6.380122536899765
oxidised metal craft,690,6.536691597591305
fabart,690,6.536691597591305
fabart,690,6.536691597591305
fabart,690,6.536691597591305
oxidised metal craft,690,6.536691597591305
oxidised metal craft,690,6.536691597591305
oxidised metal craft,550,6.309918278226516
oxidised metal craft,690,6.536691597591305
fabart,690,6.536691597591305
fabart,690,6.536691597591305
oxidised metal craft,690,6.536691597591305
bead work,550,6.309918278226516
oxidised metal craft,890,6.7912214627261855
oxidised metal craft,690,6.536691597591305
fabart,490,6.194405391104672
oxidised metal craft,550,6.309918278226516
fabart,690,6.536691597591305
bead work,1500,7.313220387090301
oxidised metal craft,690,6.536691597591305
fabart,590,6.380122536899765
fabart,690,6.536691597591305
fabart,690,6.536691597591305
fabart,690,6.536691597591305
fabart,690,6.536691597591305
fabart,690,6.536691597591305
fabart,690,6.536691597591305
fabart,690,6.536691597591305
oxidised metal craft,550,6.309918278226516
fabart,690,6.536691597591305
oxidised metal craft,3100,8.039157390473237
oxidised metal craft,950,6.856461984594587
oxidised metal craft,2590,7.859413154693583
oxidised metal craft,3100,8.039157390473237
fabart,690,6.536691597591305
oxidised metal craft,950,6.856461984594587
fabart,750,6.620073206530356
fabart,690,6.536691597591305
oxidised metal craft,1550,7.346010209913293
fabart,690,6.536691597591305
oxidised metal craft,950,6.856461984594587
oxidised metal craft,690,6.536691597591305
oxidised metal craft,2190,7.691656822810547
oxidised metal craft,1390,7.237059026124737
oxidised metal craft,690,6.536691597591305
fabart,690,6.536691597591305
fabart,890,6.7912214627261855
oxidised metal craft,2490,7.820037989458753
oxidised metal craft,890,6.7912214627261855
oxidised metal craft,890,6.7912214627261855
oxidised metal craft,690,6.536691597591305
fabart,690,6.536691597591305
fabart,690,6.536691597591305
fabart,690,6.536691597591305
fabart,690,6.536691597591305
oxidised metal craft,590,6.380122536899765
fabart,490,6.194405391104672
oxidised metal craft,690,6.536691597591305
fabart,690,6.536691597591305
oxidised metal craft,790,6.672032945461067
oxidised metal craft,890,6.7912214627261855
oxidised metal craft,690,6.536691597591305
fabart,790,6.672032945461067
fabart,690,6.536691597591305
bead work,550,6.309918278226516
fabart,690,6.536691597591305
fabart,490,6.194405391104672
fabart,890,6.7912214627261855
bead work,1500,7.313220387090301
oxidised metal craft,850,6.745236349484363
fabart,690,6.536691597591305
oxidised metal craft,850,6.745236349484363
oxidised metal craft,690,6.536691597591305
oxidised metal craft,950,6.856461984594587
oxidised metal craft,3100,8.039157390473237
oxidised metal craft,690,6.536691597591305
oxidised metal craft,890,6.7912214627261855
bead work,790,6.672032945461067
bead work,1500,7.313220387090301
oxidised metal craft,690,6.536691597591305
fabart,690,6.536691597591305
oxidised metal craft,890,6.7912214627261855
oxidised metal craft,950,6.856461984594587
oxidised metal craft,690,6.536691597591305
oxidised metal craft,890,6.7912214627261855
oxidised metal craft,500,6.214608098422191
oxidised metal craft,790,6.672032945461067
fabart,690,6.536691597591305
oxidised metal craft,850,6.745236349484363
oxidised metal craft,850,6.745236349484363
fabart,690,6.536691597591305
fabart,590,6.380122536899765
oxidised metal craft,790,6.672032945461067
oxidised metal craft,690,6.536691597591305
fabart,690,6.536691597591305
oxidised metal craft,550,6.309918278226516
bead work,1500,7.313220387090301
fabart,690,6.536691597591305
fabart,690,6.536691597591305
bead work,790,6.672032945461067
fabart,490,6.194405391104672
fabart,690,6.536691597591305
oxidised metal craft,3100,8.039157390473237
fabart,690,6.536691597591305
fabart,690,6.536691597591305
fabart,690,6.536691597591305
bead work,450,6.1092475827643655
fabart,690,6.536691597591305
handmade,490,6.194405391104672
bead work,1500,7.313220387090301
oxidised metal craft,890,6.7912214627261855
fabart,690,6.536691597591305
fabart,690,6.536691597591305
oxidised metal craft,590,6.380122536899765
oxidised metal craft,550,6.309918278226516
oxidised metal craft,1150,7.047517221357296
oxidised metal craft,590,6.380122536899765
fabart,890,6.7912214627261855
fabart,590,6.380122536899765
oxidised metal craft,690,6.536691597591305
oxidised metal craft,3100,8.039157390473237
oxidised metal craft,690,6.536691597591305
oxidised metal craft,550,6.309918278226516
fabart,890,6.7912214627261855
fabart,490,6.194405391104672
fabart,690,6.536691597591305
oxidised metal craft,890,6.7912214627261855
oxidised metal craft,550,6.309918278226516
fabart,890,6.7912214627261855
oxidised metal craft,690,6.536691597591305
oxidised metal craft,1790,7.489970898834801
oxidised metal craft,550,6.309918278226516
fabart,490,6.194405391104672
fabart,790,6.672032945461067
oxidised metal craft,890,6.7912214627261855
oxidised metal craft,690,6.536691597591305
oxidised metal craft,690,6.536691597591305
bead work,1500,7.313220387090301
fabart,590,6.380122536899765
oxidised metal craft,690,6.536691597591305
oxidised metal craft,550,6.309918278226516
handmade,490,6.194405391104672
oxidised metal craft,2590,7.859413154693583
oxidised metal craft,2990,8.003028666384733
oxidised metal craft,950,6.856461984594587
oxidised metal craft,550,6.309918278226516
oxidised metal craft,690,6.536691597591305
fabart,690,6.536691597591305
oxidised metal craft,550,6.309918278226516
oxidised metal craft,890,6.7912214627261855
oxidised metal craft,690,6.536691597591305
oxidised metal craft,550,6.309918278226516
fabart,690,6.536691597591305
oxidised metal craft,690,6.536691597591305
oxidised metal craft,950,6.856461984594587
fabart,490,6.194405391104672
bead work,790,6.672032945461067
fabart,690,6.536691597591305
oxidised metal craft,690,6.536691597591305
oxidised metal craft,1090,6.993932975223189
oxidised metal craft,690,6.536691597591305
oxidised metal craft,690,6.536691597591305
oxidised metal craft,550,6.309918278226516
fabart,690,6.536691597591305
fabart,690,6.536691597591305
oxidised metal craft,890,6.7912214627261855
oxidised metal craft,2590,7.859413154693583
oxidised metal craft,850,6.745236349484363
fabart,690,6.536691597591305
fabart,690,6.536691597591305
fabart,690,6.536691597591305
fabart,690,6.536691597591305
fabart,690,6.536691597591305
fabart,690,6.536691597591305
oxidised metal craft,890,6.7912214627261855
fabart,690,6.536691597591305
fabart,490,6.194405391104672
oxidised metal craft,3100,8.039157390473237
oxidised metal craft,690,6.536691597591305
bead work,790,6.672032945461067
fabart,490,6.194405391104672
fabart,490,6.194405391104672
oxidised metal craft,890,6.7912214627261855
oxidised metal craft,890,6.7912214627261855
fabart,890,6.7912214627261855
oxidised metal craft,690,6.536691597591305
oxidised metal craft,550,6.309918278226516
fabart,490,6.194405391104672
oxidised metal craft,690,6.536691597591305
oxidised metal craft,690,6.536691597591305
fabart,690,6.536691597591305
oxidised metal craft,690,6.536691597591305
fabart,690,6.536691597591305
fabart,690,6.536691597591305
fabart,890,6.7912214627261855
handmade,490,6.194405391104672
oxidised metal craft,690,6.536691597591305
oxidised metal craft,850,6.745236349484363
oxidised metal craft,550,6.309918278226516
handmade,490,6.194405391104672
oxidised metal craft,590,6.380122536899765
fabart,590,6.380122536899765
fabart,690,6.536691597591305
oxidised metal craft,690,6.536691597591305
fabart,790,6.672032945461067
oxidised metal craft,2990,8.003028666384733
fabart,690,6.536691597591305
oxidised metal craft,690,6.536691597591305
oxidised metal craft,890,6.7912214627261855
oxidised metal craft,790,6.672032945461067
oxidised metal craft,3100,8.039157390473237
bead work,790,6.672032945461067
oxidised metal craft,550,6.309918278226516
fabart,890,6.7912214627261855
fabart,690,6.536691597591305
handmade,450,6.1092475827643655
fabart,690,6.536691597591305
oxidised metal craft,690,6.536691597591305
oxidised metal craft,2590,7.859413154693583
fabart,750,6.620073206530356
oxidised metal craft,850,6.745236349484363
oxidised metal craft,690,6.536691597591305
oxidised metal craft,690,6.536691597591305
fabart,690,6.536691597591305
fabart,690,6.536691597591305
oxidised metal craft,550,6.309918278226516
fabart,690,6.536691597591305
fabart,690,6.536691597591305
fabart,690,6.536691597591305
oxidised metal craft,2590,7.859413154693583
fabart,590,6.380122536899765
oxidised metal craft,2590,7.859413154693583
oxidised metal craft,3100,8.039157390473237
fabart,490,6.194405391104672
fabart,890,6.7912214627261855
fabart,690,6.536691597591305
oxidised metal craft,550,6.309918278226516
oxidised metal craft,550,6.309918278226516
fabart,690,6.536691597591305
fabart,890,6.7912214627261855
oxidised metal craft,690,6.536691597591305
fabart,690,6.536691597591305
oxidised metal craft,690,6.536691597591305
handmade,490,6.194405391104672
oxidised metal craft,1990,7.595889917718538
oxidised metal craft,690,6.536691597591305
fabart,690,6.536691597591305
handmade,490,6.194405391104672
oxidised metal craft,690,6.536691597591305
fabart,690,6.536691597591305
oxidised metal craft,590,6.380122536899765
oxidised metal craft,690,6.536691597591305
oxidised metal craft,2190,7.691656822810547
fabart,690,6.536691597591305
fabart,690,6.536691597591305
oxidised metal craft,690,6.536691597591305
oxidised metal craft,2190,7.691656822810547
fabart,690,6.536691597591305
fabart,690,6.536691597591305
fabart,690,6.536691597591305
oxidised metal craft,890,6.7912214627261855
oxidised metal craft,690,6.536691597591305
fabart,690,6.536691597591305
oxidised metal craft,3100,8.039157390473237
fabart,690,6.536691597591305
fabart,690,6.536691597591305
fabart,690,6.536691597591305
fabart,690,6.536691597591305
fabart,690,6.536691597591305
fabart,490,6.194405391104672
handmade,490,6.194405391104672
oxidised metal craft,690,6.536691597591305
fabart,690,6.536691597591305
oxidised metal craft,1090,6.993932975223189
oxidised metal craft,690,6.536691597591305
fabart,590,6.380122536899765
fabart,690,6.536691597591305
oxidised metal craft,2990,8.003028666384733
fabart,690,6.536691597591305
fabart,690,6.536691597591305
oxidised metal craft,790,6.672032945461067
oxidised metal craft,690,6.536691597591305
oxidised metal craft,950,6.856461984594587
fabart,690,6.536691597591305
fabart,690,6.536691597591305
handmade,390,5.966146739123692
handmade,290,5.66988092298052
oxidised metal craft,490,6.194405391104672
oxidised metal craft,490,6.194405391104672
oxidised metal craft,490,6.194405391104672
oxidised metal craft,490,6.194405391104672
oxidised metal craft,390,5.966146739123692
oxidised metal craft,490,6.194405391104672
oxidised metal craft,390,5.966146739123692
oxidised metal craft,490,6.194405391104672
oxidised metal craft,490,6.194405391104672
oxidised metal craft,490,6.194405391104672
oxidised metal craft,490,6.194405391104672
oxidised metal craft,490,6.194405391104672
oxidised metal craft,490,6.194405391104672
oxidised metal craft,490,6.194405391104672
oxidised metal craft,490,6.194405391104672
oxidised metal craft,490,6.194405391104672
oxidised metal craft,490,6.194405391104672
oxidised metal craft,490,6.194405391104672
oxidised metal craft,390,5.966146739123692
oxidised metal craft,390,5.966146739123692
oxidised metal craft,390,5.966146739123692
oxidised metal craft,390,5.966146739123692
oxidised metal craft,390,5.966146739123692
oxidised metal craft,390,5.966146739123692
oxidised metal craft,390,5.966146739123692
oxidised metal craft,390,5.966146739123692
oxidised metal craft,390,5.966146739123692
oxidised metal craft,390,5.966146739123692
oxidised metal craft,490,6.194405391104672
oxidised metal craft,390,5.966146739123692
oxidised metal craft,390,5.966146739123692
oxidised metal craft,590,6.380122536899765
oxidised metal craft,590,6.380122536899765
oxidised metal craft,590,6.380122536899765
oxidised metal craft,590,6.380122536899765
oxidised metal craft,590,6.380122536899765
oxidised metal craft,690,6.536691597591305
oxidised metal craft,690,6.536691597591305
oxidised metal craft,690,6.536691597591305
oxidised metal craft,690,6.536691597591305
oxidised metal craft,690,6.536691597591305
bead work,350,5.857933154483459
bead work,350,5.857933154483459
bead work,350,5.857933154483459
bead work,350,5.857933154483459
bead work,350,5.857933154483459
bead work,350,5.857933154483459
bead work,350,5.857933154483459
bead work,350,5.857933154483459
bead work,350,5.857933154483459
bead work,350,5.857933154483459
bead work,350,5.857933154483459
bead work,350,5.857933154483459
bead work,350,5.857933154483459
bead work,350,5.857933154483459
bead work,350,5.857933154483459
bead work,350,5.857933154483459
bead work,350,5.857933154483459
bead work,350,5.857933154483459
bead work,350,5.857933154483459
bead work,350,5.857933154483459
bead work,350,5.857933154483459
bead work,350,5.857933154483459
bead work,350,5.857933154483459
bead work,350,5.857933154483459
bead work,350,5.857933154483459
bead work,350,5.857933154483459
bead work,350,5.857933154483459
bead work,450,6.1092475827643655
bead work,450,6.1092475827643655
bead work,450,6.1092475827643655
bead work,450,6.1092475827643655
bead work,450,6.1092475827643655
bead work,450,6.1092475827643655
bead work,450,6.1092475827643655
bead work,450,6.1092475827643655
bead work,450,6.1092475827643655
bead work,450,6.1092475827643655
bead work,450,6.1092475827643655
bead work,450,6.1092475827643655
bead work,450,6.1092475827643655
bead work,450,6.1092475827643655
bead work,450,6.1092475827643655
bead work,450,6.1092475827643655
bead work,450,6.1092475827643655
bead work,450,6.1092475827643655
bead work,450,6.1092475827643655
bead work,450,6.1092475827643655
bead work,450,6.1092475827643655
bead work,450,6.1092475827643655
bead work,450,6.1092475827643655
bead work,450,6.1092475827643655
bead work,450,6.1092475827643655
bead work,450,6.1092475827643655
bead work,450,6.1092475827643655
bead work,450,6.1092475827643655
bead work,350,5.857933154483459
bead work,350,5.857933154483459
bead work,450,6.1092475827643655
handmade,590,6.380122536899765
handmade,590,6.380122536899765
handmade,590,6.380122536899765
handmade,590,6.380122536899765
handmade,590,6.380122536899765
handmade,290,5.66988092298052
handmade,290,5.66988092298052
handmade,590,6.380122536899765
handmade,590,6.380122536899765
handmade,590,6.380122536899765
handmade,590,6.380122536899765
handmade,390,5.966146739123692
handmade,390,5.966146739123692
handmade,290,5.66988092298052
handmade,390,5.966146739123692
fabart,390,5.966146739123692
fabart,390,5.966146739123692
fabart,390,5.966146739123692
fabart,390,5.966146739123692
fabart,390,5.966146739123692
fabart,390,5.966146739123692
fabart,390,5.966146739123692
fabart,390,5.966146739123692
fabart,390,5.966146739123692
fabart,390,5.966146739123692
fabart,390,5.966146739123692
fabart,390,5.966146739123692
fabart,390,5.966146739123692
fabart,390,5.966146739123692
fabart,590,6.380122536899765
fabart,590,6.380122536899765
fabart,590,6.380122536899765
fabart,590,6.380122536899765
fabart,590,6.380122536899765
fabart,390,5.966146739123692
fabart,590,6.380122536899765
oxidised metal craft,390,5.966146739123692
oxidised metal craft,390,5.966146739123692
oxidised metal craft,390,5.966146739123692
oxidised metal craft,390,5.966146739123692
oxidised metal craft,390,5.966146739123692
oxidised metal craft,390,5.966146739123692
oxidised metal craft,390,5.966146739123692
oxidised metal craft,390,5.966146739123692
oxidised metal craft,390,5.966146739123692
oxidised metal craft,390,5.966146739123692
fabart,390,5.966146739123692
fabart,390,5.966146739123692
fabart,390,5.966146739123692
fabart,390,5.966146739123692
fabart,390,5.966146739123692
fabart,390,5.966146739123692
fabart,390,5.966146739123692
fabart,390,5.966146739123692
fabart,390,5.966146739123692
oxidised metal craft,350,5.857933154483459
oxidised metal craft,350,5.857933154483459
oxidised metal craft,350,5.857933154483459
oxidised metal craft,350,5.857933154483459
oxidised metal craft,350,5.857933154483459
oxidised metal craft,350,5.857933154483459
oxidised metal craft,350,5.857933154483459
oxidised metal craft,350,5.857933154483459
fabart,350,5.857933154483459
fabart,350,5.857933154483459
fabart,350,5.857933154483459
fabart,350,5.857933154483459
fabart,350,5.857933154483459
fabart,350,5.857933154483459
fabart,350,5.857933154483459
fabart,350,5.857933154483459
fabart,350,5.857933154483459
fabart,350,5.857933154483459
oxidised metal craft,350,5.857933154483459
oxidised metal craft,350,5.857933154483459
oxidised metal craft,350,5.857933154483459
oxidised metal craft,350,5.857933154483459
oxidised metal craft,350,5.857933154483459
oxidised metal craft,350,5.857933154483459
oxidised metal craft,350,5.857933154483459
oxidised metal craft,350,5.857933154483459
oxidised metal craft,350,5.857933154483459
oxidised metal craft,350,5.857933154483459
oxidised metal craft,350,5.857933154483459
oxidised metal craft,350,5.857933154483459
oxidised metal craft,350,5.857933154483459
oxidised metal craft,350,5.857933154483459
oxidised metal craft,350,5.857933154483459
oxidised metal craft,350,5.857933154483459
oxidised metal craft,350,5.857933154483459
oxidised metal craft,350,5.857933154483459
oxidised metal craft,350,5.857933154483459
oxidised metal craft,350,5.857933154483459
oxidised metal craft,350,5.857933154483459
oxidised metal craft,350,5.857933154483459
oxidised metal craft,350,5.857933154483459
oxidised metal craft,350,5.857933154483459
oxidised metal craft,350,5.857933154483459
oxidised metal craft,350,5.857933154483459
oxidised metal craft,350,5.857933154483459
oxidised metal craft,350,5.857933154483459
oxidised metal craft,350,5.857933154483459
oxidised metal craft,350,5.857933154483459
oxidised metal craft,350,5.857933154483459
oxidised metal craft,350,5.857933154483459
oxidised metal craft,350,5.857933154483459
fabart,390,5.966146739123692
oxidised metal craft,350,5.857933154483459
oxidised metal craft,350,5.857933154483459
oxidised metal craft,490,6.194405391104672
oxidised metal craft,490,6.194405391104672
oxidised metal craft,490,6.194405391104672
oxidised metal craft,490,6.194405391104672
oxidised metal craft,490,6.194405391104672
oxidised metal craft,490,6.194405391104672
oxidised metal craft,490,6.194405391104672
oxidised metal craft,490,6.194405391104672
oxidised metal craft,490,6.194405391104672
oxidised metal craft,490,6.194405391104672
oxidised metal craft,490,6.194405391104672
oxidised metal craft,490,6.194405391104672
oxidised metal craft,490,6.194405391104672
oxidised metal craft,490,6.194405391104672
fabart,490,6.194405391104672
fabart,490,6.194405391104672
fabart,490,6.194405391104672
fabart,490,6.194405391104672
fabart,490,6.194405391104672
fabart,490,6.194405391104672
fabart,490,6.194405391104672
fabart,490,6.194405391104672
fabart,490,6.194405391104672
fabart,490,6.194405391104672
fabart,490,6.194405391104672
fabart,490,6.194405391104672
fabart,490,6.194405391104672
oxidised metal craft,490,6.194405391104672
oxidised metal craft,490,6.194405391104672
fabart,490,6.194405391104672
oxidised metal craft,1100,7.003065458786462
oxidised metal craft,1100,7.003065458786462
oxidised metal craft,750,6.620073206530356
oxidised metal craft,750,6.620073206530356
oxidised metal craft,650,6.476972362889683
oxidised metal craft,650,6.476972362889683
oxidised metal craft,490,6.194405391104672
oxidised metal craft,490,6.194405391104672
oxidised metal craft,550,6.309918278226516
oxidised metal craft,550,6.309918278226516
oxidised metal craft,650,6.476972362889683
oxidised metal craft,650,6.476972362889683
oxidised metal craft,650,6.476972362889683
oxidised metal craft,650,6.476972362889683
oxidised metal craft,390,5.966146739123692
oxidised metal craft,390,5.966146739123692
oxidised metal craft,390,5.966146739123692
oxidised metal craft,550,6.309918278226516
oxidised metal craft,550,6.309918278226516
oxidised metal craft,550,6.309918278226516
oxidised metal craft,790,6.672032945461067
oxidised metal craft,790,6.672032945461067
oxidised metal craft,790,6.672032945461067
oxidised metal craft,790,6.672032945461067
oxidised metal craft,790,6.672032945461067
oxidised metal craft,790,6.672032945461067
oxidised metal craft,790,6.672032945461067
oxidised metal craft,790,6.672032945461067
oxidised metal craft,1100,7.003065458786462
oxidised metal craft,1100,7.003065458786462
oxidised metal craft,1100,7.003065458786462
oxidised metal craft,1100,7.003065458786462
oxidised metal craft,1100,7.003065458786462
oxidised metal craft,690,6.536691597591305
oxidised metal craft,690,6.536691597591305
oxidised metal craft,1100,7.003065458786462
oxidised metal craft,1100,7.003065458786462
oxidised metal craft,1100,7.003065458786462
oxidised metal craft,1100,7.003065458786462
oxidised metal craft,1100,7.003065458786462
oxidised metal craft,1100,7.003065458786462
oxidised metal craft,1100,7.003065458786462
oxidised metal craft,1100,7.003065458786462
oxidised metal craft,1100,7.003065458786462
oxidised metal craft,1100,7.003065458786462
oxidised metal craft,1100,7.003065458786462
oxidised metal craft,1100,7.003065458786462
oxidised metal craft,1100,7.003065458786462
oxidised metal craft,1100,7.003065458786462
oxidised metal craft,1100,7.003065458786462
oxidised metal craft,1100,7.003065458786462
oxidised metal craft,1100,7.003065458786462
oxidised metal craft,1100,7.003065458786462
oxidised metal craft,1100,7.003065458786462
oxidised metal craft,1100,7.003065458786462
oxidised metal craft,1100,7.003065458786462
oxidised metal craft,1100,7.003065458786462
oxidised metal craft,1100,7.003065458786462
oxidised metal craft,1100,7.003065458786462
oxidised metal craft,1100,7.003065458786462
oxidised metal craft,1100,7.003065458786462
oxidised metal craft,1100,7.003065458786462
oxidised metal craft,1100,7.003065458786462
oxidised metal craft,1100,7.003065458786462
oxidised metal craft,1100,7.003065458786462
oxidised metal craft,1100,7.003065458786462
oxidised metal craft,1100,7.003065458786462
oxidised metal craft,1100,7.003065458786462
oxidised metal craft,1100,7.003065458786462
oxidised metal craft,1100,7.003065458786462
oxidised metal craft,1100,7.003065458786462
oxidised metal craft,1100,7.003065458786462
oxidised metal craft,1100,7.003065458786462
oxidised metal craft,1100,7.003065458786462
oxidised metal craft,1100,7.003065458786462
oxidised metal craft,1100,7.003065458786462
oxidised metal craft,1100,7.003065458786462
oxidised metal craft,1100,7.003065458786462
oxidised metal craft,1100,7.003065458786462
oxidised metal craft,1100,7.003065458786462
oxidised metal craft,1100,7.003065458786462
oxidised metal craft,1100,7.003065458786462
oxidised metal craft,1100,7.003065458786462
oxidised metal craft,1100,7.003065458786462
oxidised metal craft,1100,7.003065458786462
oxidised metal craft,1100,7.003065458786462
oxidised metal craft,1100,7.003065458786462
oxidised metal craft,1100,7.003065458786462
oxidised metal craft,1100,7.003065458786462
oxidised metal craft,1100,7.003065458786462
oxidised metal craft,1100,7.003065458786462
oxidised metal craft,1100,7.003065458786462
oxidised metal craft,1100,7.003065458786462
oxidised metal craft,1100,7.003065458786462
oxidised metal craft,1100,7.003065458786462
oxidised metal craft,1100,7.003065458786462
oxidised metal craft,1100,7.003065458786462
oxidised metal craft,1100,7.003065458786462
oxidised metal craft,1100,7.003065458786462
oxidised metal craft,1100,7.003065458786462
oxidised metal craft,1100,7.003065458786462
oxidised metal craft,1100,7.003065458786462
oxidised metal craft,1100,7.003065458786462
oxidised metal craft,1100,7.003065458786462
oxidised metal craft,1100,7.003065458786462
oxidised metal craft,1100,7.003065458786462
oxidised metal craft,1100,7.003065458786462
oxidised metal craft,1100,7.003065458786462
oxidised metal craft,1100,7.003065458786462
oxidised metal craft,1100,7.003065458786462
oxidised metal craft,1100,7.003065458786462
oxidised metal craft,1100,7.003065458786462
oxidised metal craft,1100,7.003065458786462
oxidised metal craft,1100,7.003065458786462
oxidised metal craft,1100,7.003065458786462
oxidised metal craft,1100,7.003065458786462
oxidised metal craft,1100,7.003065458786462
oxidised metal craft,1100,7.003065458786462
oxidised metal craft,1100,7.003065458786462
oxidised metal craft,1100,7.003065458786462
oxidised metal craft,1100,7.003065458786462
oxidised metal craft,1100,7.003065458786462
oxidised metal craft,1100,7.003065458786462
oxidised metal craft,1100,7.003065458786462
oxidised metal craft,1100,7.003065458786462
oxidised metal craft,1100,7.003065458786462
oxidised metal craft,1100,7.003065458786462
oxidised metal craft,690,6.536691597591305
oxidised metal craft,1100,7.003065458786462
oxidised metal craft,1100,7.003065458786462
oxidised metal craft,1100,7.003065458786462
oxidised metal craft,1100,7.003065458786462
oxidised metal craft,1100,7.003065458786462
oxidised metal craft,1100,7.003065458786462
oxidised metal craft,1100,7.003065458786462
oxidised metal craft,1100,7.003065458786462
oxidised metal craft,1100,7.003065458786462
oxidised metal craft,1100,7.003065458786462
oxidised metal craft,1100,7.003065458786462
oxidised metal craft,1100,7.003065458786462
oxidised metal craft,1100,7.003065458786462
oxidised metal craft,1100,7.003065458786462
oxidised metal craft,1100,7.003065458786462
oxidised metal craft,1100,7.003065458786462
oxidised metal craft,1100,7.003065458786462
oxidised metal craft,1100,7.003065458786462
oxidised metal craft,1100,7.003065458786462
oxidised metal craft,1100,7.003065458786462
oxidised metal craft,1100,7.003065458786462
oxidised metal craft,1100,7.003065458786462
oxidised metal craft,1100,7.003065458786462
oxidised metal craft,1100,7.003065458786462
oxidised metal craft,1100,7.003065458786462
oxidised metal craft,1100,7.003065458786462
oxidised metal craft,1100,7.003065458786462
oxidised metal craft,1100,7.003065458786462
oxidised metal craft,1100,7.003065458786462
oxidised metal craft,1100,7.003065458786462
oxidised metal craft,1100,7.003065458786462
oxidised metal craft,1100,7.003065458786462
oxidised metal craft,1100,7.003065458786462
oxidised metal craft,1100,7.003065458786462
oxidised metal craft,1100,7.003065458786462
oxidised metal craft,1100,7.003065458786462
oxidised metal craft,1100,7.003065458786462
oxidised metal craft,1100,7.003065458786462
oxidised metal craft,1100,7.003065458786462
oxidised metal craft,1100,7.003065458786462
oxidised metal craft,1100,7.003065458786462
oxidised metal craft,1100,7.003065458786462
oxidised metal craft,490,6.194405391104672
oxidised metal craft,550,6.309918278226516
oxidised metal craft,590,6.380122536899765
fabart,450,6.1092475827643655
fabart,450,6.1092475827643655
fabart,450,6.1092475827643655
fabart,450,6.1092475827643655
fabart,450,6.1092475827643655
fabart,450,6.1092475827643655
fabart,450,6.1092475827643655
fabart,450,6.1092475827643655
fabart,450,6.1092475827643655
fabart,450,6.1092475827643655
fabart,450,6.1092475827643655
fabart,450,6.1092475827643655
fabart,450,6.1092475827643655
fabart,450,6.1092475827643655
fabart,450,6.1092475827643655
fabart,450,6.1092475827643655
fabart,450,6.1092475827643655
fabart,450,6.1092475827643655
fabart,450,6.1092475827643655
fabart,450,6.1092475827643655
fabart,450,6.1092475827643655
fabart,450,6.1092475827643655
fabart,450,6.1092475827643655
fabart,450,6.1092475827643655
fabart,450,6.1092475827643655
fabart,450,6.1092475827643655
fabart,450,6.1092475827643655
fabart,450,6.1092475827643655
fabart,450,6.1092475827643655
fabart,450,6.1092475827643655
fabart,450,6.1092475827643655
fabart,450,6.1092475827643655
fabart,450,6.1092475827643655
fabart,450,6.1092475827643655
fabart,450,6.1092475827643655
oxidised metal craft,1320,7.1853870155804165
oxidised metal craft,1200,7.090076835776092
oxidised metal craft,1320,7.1853870155804165
oxidised metal craft,1350,7.2078598714324755
oxidised metal craft,1320,7.1853870155804165
oxidised metal craft,600,6.396929655216146
oxidised metal craft,600,6.396929655216146
oxidised metal craft,540,6.29156913955832
oxidised metal craft,2040,7.620705086838262
oxidised metal craft,2100,7.649692623711514
oxidised metal craft,2040,7.620705086838262
oxidised metal craft,1340,7.200424892944957
oxidised metal craft,1340,7.200424892944957
oxidised metal craft,990,6.897704943128636
oxidised metal craft,990,6.897704943128636
oxidised metal craft,990,6.897704943128636
oxidised metal craft,990,6.897704943128636
oxidised metal craft,990,6.897704943128636
oxidised metal craft,990,6.897704943128636
oxidised metal craft,990,6.897704943128636
oxidised metal craft,930,6.835184586147301
oxidised metal craft,930,6.835184586147301
oxidised metal craft,930,6.835184586147301
oxidised metal craft,720,6.579251212010101
oxidised metal craft,720,6.579251212010101
oxidised metal craft,890,6.7912214627261855
oxidised metal craft,890,6.7912214627261855
oxidised metal craft,890,6.7912214627261855
oxidised metal craft,890,6.7912214627261855
oxidised metal craft,890,6.7912214627261855
oxidised metal craft,890,6.7912214627261855
oxidised metal craft,1050,6.956545443151569
oxidised metal craft,1050,6.956545443151569
oxidised metal craft,1050,6.956545443151569
oxidised metal craft,1050,6.956545443151569
oxidised metal craft,1050,6.956545443151569
oxidised metal craft,1050,6.956545443151569
oxidised metal craft,1050,6.956545443151569
oxidised metal craft,1050,6.956545443151569
oxidised metal craft,1050,6.956545443151569
oxidised metal craft,1050,6.956545443151569
oxidised metal craft,990,6.897704943128636
oxidised metal craft,990,6.897704943128636
oxidised metal craft,990,6.897704943128636
oxidised metal craft,990,6.897704943128636
oxidised metal craft,990,6.897704943128636
oxidised metal craft,990,6.897704943128636
oxidised metal craft,990,6.897704943128636
oxidised metal craft,990,6.897704943128636
oxidised metal craft,990,6.897704943128636
oxidised metal craft,990,6.897704943128636
oxidised metal craft,990,6.897704943128636
oxidised metal craft,990,6.897704943128636
oxidised metal craft,990,6.897704943128636
oxidised metal craft,990,6.897704943128636
oxidised metal craft,990,6.897704943128636
oxidised metal craft,990,6.897704943128636
oxidised metal craft,990,6.897704943128636
oxidised metal craft,990,6.897704943128636
oxidised metal craft,990,6.897704943128636
oxidised metal craft,990,6.897704943128636
oxidised metal craft,990,6.897704943128636
oxidised metal craft,990,6.897704943128636
oxidised metal craft,990,6.897704943128636
oxidised metal craft,990,6.897704943128636
oxidised metal craft,990,6.897704943128636
oxidised metal craft,990,6.897704943128636
oxidised metal craft,990,6.897704943128636
oxidised metal craft,990,6.897704943128636
oxidised metal craft,990,6.897704943128636
oxidised metal craft,990,6.897704943128636
oxidised metal craft,990,6.897704943128636
oxidised metal craft,990,6.897704943128636
oxidised metal craft,990,6.897704943128636
oxidised metal craft,990,6.897704943128636
oxidised metal craft,990,6.897704943128636
oxidised metal craft,990,6.897704943128636
oxidised metal craft,990,6.897704943128636
oxidised metal craft,990,6.897704943128636
oxidised metal craft,990,6.897704943128636
oxidised metal craft,990,6.897704943128636
oxidised metal craft,990,6.897704943128636
oxidised metal craft,990,6.897704943128636
oxidised metal craft,990,6.897704943128636
oxidised metal craft,990,6.897704943128636
oxidised metal craft,990,6.897704943128636
oxidised metal craft,990,6.897704943128636
oxidised metal craft,990,6.897704943128636
oxidised metal craft,990,6.897704943128636
oxidised metal craft,990,6.897704943128636
oxidised metal craft,990,6.897704943128636
oxidised metal craft,990,6.897704943128636
oxidised metal craft,990,6.897704943128636
oxidised metal craft,990,6.897704943128636
oxidised metal craft,990,6.897704943128636
oxidised metal craft,990,6.897704943128636
oxidised metal craft,990,6.897704943128636
oxidised metal craft,990,6.897704943128636
oxidised metal craft,990,6.897704943128636
oxidised metal craft,990,6.897704943128636
oxidised metal craft,990,6.897704943128636
oxidised metal craft,990,6.897704943128636
oxidised metal craft,990,6.897704943128636
oxidised metal craft,990,6.897704943128636
oxidised metal craft,990,6.897704943128636
oxidised metal craft,990,6.897704943128636
oxidised metal craft,990,6.897704943128636
oxidised metal craft,990,6.897704943128636
fabart,450,6.1092475827643655
fabart,450,6.1092475827643655
oxidised metal craft,350,5.857933154483459
oxidised metal craft,350,5.857933154483459
oxidised metal craft,350,5.857933154483459
oxidised metal craft,350,5.857933154483459
oxidised metal craft,350,5.857933154483459
oxidised metal craft,350,5.857933154483459
oxidised metal craft,350,5.857933154483459
oxidised metal craft,350,5.857933154483459
oxidised metal craft,390,5.966146739123692
oxidised metal craft,350,5.857933154483459
oxidised metal craft,390,5.966146739123692
oxidised metal craft,390,5.966146739123692
oxidised metal craft,390,5.966146739123692
oxidised metal craft,390,5.966146739123692
oxidised metal craft,390,5.966146739123692
oxidised metal craft,390,5.966146739123692
fabart,450,6.1092475827643655
oxidised metal craft,490,6.194405391104672
oxidised metal craft,490,6.194405391104672
oxidised metal craft,490,6.194405391104672
oxidised metal craft,450,6.1092475827643655
oxidised metal craft,450,6.1092475827643655
oxidised metal craft,450,6.1092475827643655
oxidised metal craft,450,6.1092475827643655
oxidised metal craft,250,5.521460917862246
oxidised metal craft,250,5.521460917862246
oxidised metal craft,490,6.194405391104672
oxidised metal craft,890,6.7912214627261855
oxidised metal craft,890,6.7912214627261855
oxidised metal craft,890,6.7912214627261855
oxidised metal craft,890,6.7912214627261855
oxidised metal craft,890,6.7912214627261855
oxidised metal craft,950,6.856461984594587
oxidised metal craft,950,6.856461984594587
oxidised metal craft,950,6.856461984594587
oxidised metal craft,950,6.856461984594587
oxidised metal craft,490,6.194405391104672
oxidised metal craft,490,6.194405391104672
oxidised metal craft,490,6.194405391104672
oxidised metal craft,490,6.194405391104672
oxidised metal craft,490,6.194405391104672
oxidised metal craft,490,6.194405391104672
oxidised metal craft,490,6.194405391104672
oxidised metal craft,490,6.194405391104672
oxidised metal craft,1490,7.306531398939505
oxidised metal craft,1490,7.306531398939505
oxidised metal craft,1490,7.306531398939505
oxidised metal craft,1490,7.306531398939505
oxidised metal craft,650,6.476972362889683
oxidised metal craft,650,6.476972362889683
oxidised metal craft,650,6.476972362889683
oxidised metal craft,650,6.476972362889683
oxidised metal craft,650,6.476972362889683
oxidised metal craft,650,6.476972362889683
oxidised metal craft,650,6.476972362889683
oxidised metal craft,650,6.476972362889683
oxidised metal craft,1850,7.52294091807237
oxidised metal craft,1850,7.52294091807237
oxidised metal craft,1850,7.52294091807237
oxidised metal craft,1850,7.52294091807237
oxidised metal craft,1850,7.52294091807237
oxidised metal craft,1490,7.306531398939505
oxidised metal craft,1490,7.306531398939505
oxidised metal craft,1850,7.52294091807237
oxidised metal craft,1490,7.306531398939505
oxidised metal craft,1490,7.306531398939505
oxidised metal craft,1490,7.306531398939505
oxidised metal craft,1490,7.306531398939505
oxidised metal craft,1490,7.306531398939505
oxidised metal craft,1490,7.306531398939505
oxidised metal craft,950,6.856461984594587
oxidised metal craft,990,6.897704943128636
oxidised metal craft,650,6.476972362889683
oxidised metal craft,1490,7.306531398939505
oxidised metal craft,390,5.966146739123692
oxidised metal craft,390,5.966146739123692
oxidised metal craft,390,5.966146739123692
oxidised metal craft,390,5.966146739123692
oxidised metal craft,390,5.966146739123692
oxidised metal craft,450,6.1092475827643655
oxidised metal craft,450,6.1092475827643655
oxidised metal craft,450,6.1092475827643655
oxidised metal craft,450,6.1092475827643655
oxidised metal craft,450,6.1092475827643655
oxidised metal craft,450,6.1092475827643655
oxidised metal craft,450,6.1092475827643655
oxidised metal craft,450,6.1092475827643655
oxidised metal craft,450,6.1092475827643655
oxidised metal craft,450,6.1092475827643655
oxidised metal craft,450,6.1092475827643655
oxidised metal craft,450,6.1092475827643655
oxidised metal craft,450,6.1092475827643655
oxidised metal craft,350,5.857933154483459
oxidised metal craft,350,5.857933154483459
oxidised metal craft,350,5.857933154483459
oxidised metal craft,350,5.857933154483459
oxidised metal craft,350,5.857933154483459
oxidised metal craft,350,5.857933154483459
oxidised metal craft,350,5.857933154483459
oxidised metal craft,350,5.857933154483459
oxidised metal craft,350,5.857933154483459
oxidised metal craft,350,5.857933154483459
oxidised metal craft,350,5.857933154483459
oxidised metal craft,350,5.857933154483459
oxidised metal craft,350,5.857933154483459
oxidised metal craft,350,5.857933154483459
oxidised metal craft,350,5.857933154483459
oxidised metal craft,350,5.857933154483459
oxidised metal craft,350,5.857933154483459
oxidised metal craft,450,6.1092475827643655
oxidised metal craft,450,6.1092475827643655
oxidised metal craft,450,6.1092475827643655
oxidised metal craft,450,6.1092475827643655
oxidised metal craft,450,6.1092475827643655
oxidised metal craft,450,6.1092475827643655
oxidised metal craft,450,6.1092475827643655
oxidised metal craft,450,6.1092475827643655
oxidised metal craft,450,6.1092475827643655
oxidised metal craft,450,6.1092475827643655
oxidised metal craft,450,6.1092475827643655
oxidised metal craft,450,6.1092475827643655
oxidised metal craft,450,6.1092475827643655
oxidised metal craft,450,6.1092475827643655
oxidised metal craft,450,6.1092475827643655
oxidised metal craft,450,6.1092475827643655
oxidised metal craft,450,6.1092475827643655
oxidised metal craft,450,6.1092475827643655
oxidised metal craft,450,6.1092475827643655
oxidised metal craft,450,6.1092475827643655
oxidised metal craft,450,6.1092475827643655
oxidised metal craft,450,6.1092475827643655
oxidised metal craft,450,6.1092475827643655
oxidised metal craft,450,6.1092475827643655
fabart,350,5.857933154483459
fabart,350,5.857933154483459
fabart,350,5.857933154483459
fabart,350,5.857933154483459
oxidised metal craft,390,5.966146739123692
oxidised metal craft,390,5.966146739123692
oxidised metal craft,390,5.966146739123692
oxidised metal craft,390,5.966146739123692
oxidised metal craft,390,5.966146739123692
oxidised metal craft,390,5.966146739123692
oxidised metal craft,390,5.966146739123692
oxidised metal craft,390,5.966146739123692
oxidised metal craft,390,5.966146739123692
oxidised metal craft,350,5.857933154483459
oxidised metal craft,350,5.857933154483459
oxidised metal craft,350,5.857933154483459
oxidised metal craft,350,5.857933154483459
oxidised metal craft,390,5.966146739123692
oxidised metal craft,290,5.66988092298052
oxidised metal craft,290,5.66988092298052
oxidised metal craft,350,5.857933154483459
oxidised metal craft,350,5.857933154483459
oxidised metal craft,350,5.857933154483459
oxidised metal craft,350,5.857933154483459
oxidised metal craft,350,5.857933154483459
oxidised metal craft,350,5.857933154483459
oxidised metal craft,350,5.857933154483459
oxidised metal craft,350,5.857933154483459
oxidised metal craft,350,5.857933154483459
oxidised metal craft,350,5.857933154483459
oxidised metal craft,350,5.857933154483459
oxidised metal craft,350,5.857933154483459
oxidised metal craft,350,5.857933154483459
oxidised metal craft,350,5.857933154483459
oxidised metal craft,350,5.857933154483459
oxidised metal craft,350,5.857933154483459
oxidised metal craft,350,5.857933154483459
oxidised metal craft,350,5.857933154483459
oxidised metal craft,290,5.66988092298052
oxidised metal craft,350,5.857933154483459
oxidised metal craft,290,5.66988092298052
oxidised metal craft,290,5.66988092298052
oxidised metal craft,290,5.66988092298052
oxidised metal craft,290,5.66988092298052
oxidised metal craft,290,5.66988092298052
oxidised metal craft,290,5.66988092298052
oxidised metal craft,290,5.66988092298052
oxidised metal craft,350,5.857933154483459
oxidised metal craft,350,5.857933154483459
oxidised metal craft,350,5.857933154483459
oxidised metal craft,350,5.857933154483459
fabart,250,5.521460917862246
fabart,250,5.521460917862246
fabart,250,5.521460917862246
fabart,250,5.521460917862246
fabart,250,5.521460917862246
fabart,250,5.521460917862246
fabart,250,5.521460917862246
fabart,250,5.521460917862246
fabart,250,5.521460917862246
oxidised metal craft,450,6.1092475827643655
oxidised metal craft,450,6.1092475827643655
oxidised metal craft,450,6.1092475827643655
oxidised metal craft,450,6.1092475827643655
oxidised metal craft,450,6.1092475827643655
oxidised metal craft,490,6.194405391104672
oxidised metal craft,490,6.194405391104672
oxidised metal craft,490,6.194405391104672
oxidised metal craft,490,6.194405391104672
oxidised metal craft,490,6.194405391104672
oxidised metal craft,490,6.194405391104672
oxidised metal craft,490,6.194405391104672
oxidised metal craft,490,6.194405391104672
oxidised metal craft,490,6.194405391104672
oxidised metal craft,490,6.194405391104672
oxidised metal craft,490,6.194405391104672
oxidised metal craft,490,6.194405391104672
oxidised metal craft,490,6.194405391104672
oxidised metal craft,490,6.194405391104672
oxidised metal craft,490,6.194405391104672
oxidised metal craft,490,6.194405391104672
oxidised metal craft,490,6.194405391104672
oxidised metal craft,490,6.194405391104672
oxidised metal craft,490,6.194405391104672
oxidised metal craft,490,6.194405391104672
oxidised metal craft,490,6.194405391104672
fabart,250,5.521460917862246
oxidised metal craft,490,6.194405391104672
oxidised metal craft,490,6.194405391104672
oxidised metal craft,490,6.194405391104672
oxidised metal craft,490,6.194405391104672
oxidised metal craft,490,6.194405391104672
oxidised metal craft,490,6.194405391104672
oxidised metal craft,490,6.194405391104672
oxidised metal craft,490,6.194405391104672
oxidised metal craft,490,6.194405391104672
oxidised metal craft,490,6.194405391104672
oxidised metal craft,490,6.194405391104672
oxidised metal craft,490,6.194405391104672
oxidised metal craft,490,6.194405391104672
oxidised metal craft,490,6.194405391104672
oxidised metal craft,490,6.194405391104672
oxidised metal craft,490,6.194405391104672
oxidised metal craft,490,6.194405391104672
oxidised metal craft,490,6.194405391104672
oxidised metal craft,490,6.194405391104672
oxidised metal craft,490,6.194405391104672
oxidised metal craft,490,6.194405391104672
oxidised metal craft,490,6.194405391104672
oxidised metal craft,490,6.194405391104672
oxidised metal craft,490,6.194405391104672
oxidised metal craft,490,6.194405391104672
oxidised metal craft,490,6.194405391104672
oxidised metal craft,490,6.194405391104672
oxidised metal craft,490,6.194405391104672
oxidised metal craft,490,6.194405391104672
oxidised metal craft,490,6.194405391104672
oxidised metal craft,490,6.194405391104672
oxidised metal craft,490,6.194405391104672
oxidised metal craft,490,6.194405391104672
oxidised metal craft,490,6.194405391104672
oxidised metal craft,490,6.194405391104672
oxidised metal craft,350,5.857933154483459
oxidised metal craft,350,5.857933154483459
fabart,350,5.857933154483459
fabart,350,5.857933154483459
fabart,350,5.857933154483459
fabart,350,5.857933154483459
fabart,350,5.857933154483459
fabart,350,5.857933154483459
fabart,350,5.857933154483459
fabart,350,5.857933154483459
fabart,350,5.857933154483459
fabart,350,5.857933154483459
fabart,350,5.857933154483459
fabart,450,6.1092475827643655
fabart,350,5.857933154483459
fabart,350,5.857933154483459
fabart,350,5.857933154483459
fabart,350,5.857933154483459
fabart,350,5.857933154483459
fabart,350,5.857933154483459
fabart,350,5.857933154483459
fabart,350,5.857933154483459
fabart,350,5.857933154483459
fabart,350,5.857933154483459
fabart,350,5.857933154483459
fabart,350,5.857933154483459
fabart,350,5.857933154483459
fabart,350,5.857933154483459
fabart,350,5.857933154483459
fabart,350,5.857933154483459
fabart,350,5.857933154483459
fabart,350,5.857933154483459
fabart,350,5.857933154483459
fabart,350,5.857933154483459
fabart,350,5.857933154483459
fabart,350,5.857933154483459
fabart,350,5.857933154483459
fabart,350,5.857933154483459
fabart,350,5.857933154483459
fabart,350,5.857933154483459
fabart,350,5.857933154483459
fabart,350,5.857933154483459
fabart,350,5.857933154483459
fabart,350,5.857933154483459
fabart,350,5.857933154483459
fabart,350,5.857933154483459
fabart,350,5.857933154483459
fabart,350,5.857933154483459
fabart,350,5.857933154483459
fabart,350,5.857933154483459
fabart,350,5.857933154483459
fabart,350,5.857933154483459
fabart,350,5.857933154483459
fabart,350,5.857933154483459
fabart,350,5.857933154483459
fabart,350,5.857933154483459
fabart,350,5.857933154483459
fabart,350,5.857933154483459
fabart,350,5.857933154483459
fabart,350,5.857933154483459
oxidised metal craft,390,5.966146739123692
oxidised metal craft,390,5.966146739123692
oxidised metal craft,390,5.966146739123692
oxidised metal craft,390,5.966146739123692
oxidised metal craft,390,5.966146739123692
oxidised metal craft,390,5.966146739123692
oxidised metal craft,390,5.966146739123692
oxidised metal craft,390,5.966146739123692
oxidised metal craft,390,5.966146739123692
oxidised metal craft,390,5.966146739123692
oxidised metal craft,390,5.966146739123692
oxidised metal craft,390,5.966146739123692
oxidised metal craft,290,5.66988092298052
oxidised metal craft,290,5.66988092298052
oxidised metal craft,490,6.194405391104672
oxidised metal craft,490,6.194405391104672
oxidised metal craft,490,6.194405391104672
oxidised metal craft,490,6.194405391104672
oxidised metal craft,490,6.194405391104672
oxidised metal craft,490,6.194405391104672
oxidised metal craft,290,5.66988092298052
oxidised metal craft,290,5.66988092298052
oxidised metal craft,390,5.966146739123692
oxidised metal craft,390,5.966146739123692
oxidised metal craft,390,5.966146739123692
oxidised metal craft,390,5.966146739123692
oxidised metal craft,390,5.966146739123692
fabart,350,5.857933154483459
oxidised metal craft,390,5.966146739123692
oxidised metal craft,290,5.66988092298052
oxidised metal craft,490,6.194405391104672
oxidised metal craft,390,5.966146739123692
bead work,250,5.521460917862246
bead work,550,6.309918278226516
bead work,550,6.309918278226516
bead work,550,6.309918278226516
bead work,550,6.309918278226516
bead work,550,6.309918278226516
bead work,550,6.309918278226516
bead work,550,6.309918278226516
bead work,550,6.309918278226516
bead work,550,6.309918278226516
bead work,550,6.309918278226516
bead work,550,6.309918278226516
bead work,550,6.309918278226516
oxidised metal craft,390,5.966146739123692
oxidised metal craft,390,5.966146739123692
bead work,550,6.309918278226516
bead work,550,6.309918278226516
bead work,550,6.309918278226516
bead work,550,6.309918278226516
bead work,550,6.309918278226516
bead work,550,6.309918278226516
bead work,550,6.309918278226516
bead work,550,6.309918278226516
bead work,550,6.309918278226516
bead work,550,6.309918278226516
bead work,550,6.309918278226516
bead work,550,6.309918278226516
bead work,550,6.309918278226516
bead work,550,6.309918278226516
bead work,550,6.309918278226516
bead work,550,6.309918278226516
bead work,550,6.309918278226516
bead work,550,6.309918278226516
bead work,550,6.309918278226516
bead work,550,6.309918278226516
bead work,550,6.309918278226516
bead work,550,6.309918278226516
oxidised metal craft,390,5.966146739123692
bead work,550,6.309918278226516
oxidised metal craft,250,5.521460917862246
oxidised metal craft,250,5.521460917862246
oxidised metal craft,250,5.521460917862246
oxidised metal craft,250,5.521460917862246
oxidised metal craft,250,5.521460917862246
oxidised metal craft,250,5.521460917862246
oxidised metal craft,250,5.521460917862246
oxidised metal craft,250,5.521460917862246
oxidised metal craft,250,5.521460917862246
oxidised metal craft,250,5.521460917862246
oxidised metal craft,250,5.521460917862246
oxidised metal craft,390,5.966146739123692
oxidised metal craft,490,6.194405391104672
oxidised metal craft,250,5.521460917862246
oxidised metal craft,290,5.66988092298052
oxidised metal craft,290,5.66988092298052
oxidised metal craft,290,5.66988092298052
oxidised metal craft,490,6.194405391104672
oxidised metal craft,290,5.66988092298052
oxidised metal craft,290,5.66988092298052
oxidised metal craft,290,5.66988092298052
oxidised metal craft,290,5.66988092298052
oxidised metal craft,290,5.66988092298052
oxidised metal craft,260,5.560681631015528
oxidised metal craft,260,5.560681631015528
oxidised metal craft,260,5.560681631015528
oxidised metal craft,260,5.560681631015528
oxidised metal craft,260,5.560681631015528
oxidised metal craft,260,5.560681631015528
oxidised metal craft,260,5.560681631015528
oxidised metal craft,490,6.194405391104672
oxidised metal craft,290,5.66988092298052
oxidised metal craft,260,5.560681631015528
oxidised metal craft,290,5.66988092298052
oxidised metal craft,350,5.857933154483459
oxidised metal craft,350,5.857933154483459
oxidised metal craft,350,5.857933154483459
oxidised metal craft,350,5.857933154483459
oxidised metal craft,350,5.857933154483459
oxidised metal craft,350,5.857933154483459
oxidised metal craft,390,5.966146739123692
oxidised metal craft,690,6.536691597591305
oxidised metal craft,650,6.476972362889683
bead work,750,6.620073206530356
bead work,750,6.620073206530356
bead work,750,6.620073206530356
bead work,750,6.620073206530356
bead work,750,6.620073206530356
bead work,750,6.620073206530356
bead work,750,6.620073206530356
bead work,750,6.620073206530356
bead work,750,6.620073206530356
bead work,750,6.620073206530356
fabart,390,5.966146739123692
fabart,390,5.966146739123692
fabart,390,5.966146739123692
fabart,390,5.966146739123692
fabart,390,5.966146739123692
bead work,690,6.536691597591305
bead work,690,6.536691597591305
bead work,690,6.536691597591305
bead work,690,6.536691597591305
bead work,690,6.536691597591305
bead work,690,6.536691597591305
bead work,690,6.536691597591305
fabart,280,5.634789603169249
fabart,280,5.634789603169249
fabart,280,5.634789603169249
bead work,950,6.856461984594587
bead work,950,6.856461984594587
bead work,950,6.856461984594587
bead work,950,6.856461984594587
bead work,950,6.856461984594587
bead work,950,6.856461984594587
bead work,950,6.856461984594587
bead work,950,6.856461984594587
bead work,950,6.856461984594587
bead work,950,6.856461984594587
bead work,950,6.856461984594587
bead work,950,6.856461984594587
bead work,950,6.856461984594587
bead work,950,6.856461984594587
bead work,950,6.856461984594587
bead work,950,6.856461984594587
bead work,950,6.856461984594587
bead work,950,6.856461984594587
bead work,950,6.856461984594587
bead work,450,6.1092475827643655
bead work,450,6.1092475827643655
bead work,450,6.1092475827643655
bead work,450,6.1092475827643655
bead work,450,6.1092475827643655
bead work,450,6.1092475827643655
bead work,450,6.1092475827643655
bead work,450,6.1092475827643655
bead work,450,6.1092475827643655
bead work,450,6.1092475827643655
bead work,450,6.1092475827643655
bead work,450,6.1092475827643655
bead work,450,6.1092475827643655
bead work,450,6.1092475827643655
bead work,450,6.1092475827643655
bead work,450,6.1092475827643655
bead work,450,6.1092475827643655
bead work,450,6.1092475827643655
fabart,280,5.634789603169249
bead work,450,6.1092475827643655
oxidised metal craft,790,6.672032945461067
oxidised metal craft,790,6.672032945461067
oxidised metal craft,540,6.29156913955832
oxidised metal craft,650,6.476972362889683
oxidised metal craft,490,6.194405391104672
handmade,290,5.66988092298052
handmade,290,5.66988092298052
oxidised metal craft,650,6.476972362889683
oxidised metal craft,890,6.7912214627261855
oxidised metal craft,650,6.476972362889683
oxidised metal craft,650,6.476972362889683
oxidised metal craft,650,6.476972362889683
oxidised metal craft,650,6.476972362889683
oxidised metal craft,650,6.476972362889683
oxidised metal craft,650,6.476972362889683
oxidised metal craft,650,6.476972362889683
oxidised metal craft,650,6.476972362889683
oxidised metal craft,650,6.476972362889683
oxidised metal craft,650,6.476972362889683
oxidised metal craft,650,6.476972362889683
oxidised metal craft,650,6.476972362889683
oxidised metal craft,650,6.476972362889683
oxidised metal craft,650,6.476972362889683
oxidised metal craft,650,6.476972362889683
oxidised metal craft,650,6.476972362889683
oxidised metal craft,650,6.476972362889683
oxidised metal craft,650,6.476972362889683
oxidised metal craft,650,6.476972362889683
oxidised metal craft,650,6.476972362889683
oxidised metal craft,650,6.476972362889683
oxidised metal craft,650,6.476972362889683
oxidised metal craft,650,6.476972362889683
oxidised metal craft,650,6.476972362889683
oxidised metal craft,650,6.476972362889683
oxidised metal craft,650,6.476972362889683
oxidised metal craft,650,6.476972362889683
oxidised metal craft,690,6.536691597591305
oxidised metal craft,690,6.536691597591305
oxidised metal craft,690,6.536691597591305
oxidised metal craft,690,6.536691597591305
oxidised metal craft,650,6.476972362889683
oxidised metal craft,650,6.476972362889683
oxidised metal craft,650,6.476972362889683
oxidised metal craft,650,6.476972362889683
oxidised metal craft,450,6.1092475827643655
oxidised metal craft,390,5.966146739123692
oxidised metal craft,390,5.966146739123692
oxidised metal craft,650,6.476972362889683
oxidised metal craft,560,6.327936783729195
oxidised metal craft,450,6.1092475827643655
oxidised metal craft,390,5.966146739123692
oxidised metal craft,500,6.214608098422191
oxidised metal craft,590,6.380122536899765
oxidised metal craft,490,6.194405391104672
oxidised metal craft,550,6.309918278226516
oxidised metal craft,550,6.309918278226516
oxidised metal craft,390,5.966146739123692
handmade,250,5.521460917862246
handmade,250,5.521460917862246
handmade,250,5.521460917862246
handmade,250,5.521460917862246
handmade,250,5.521460917862246
oxidised metal craft,590,6.380122536899765
oxidised metal craft,450,6.1092475827643655
oxidised metal craft,490,6.194405391104672
oxidised metal craft,490,6.194405391104672
oxidised metal craft,490,6.194405391104672
oxidised metal craft,490,6.194405391104672
oxidised metal craft,490,6.194405391104672
bead work,850,6.745236349484363
bead work,450,6.1092475827643655
bead work,450,6.1092475827643655
bead work,450,6.1092475827643655
bead work,450,6.1092475827643655
bead work,890,6.7912214627261855
bead work,890,6.7912214627261855
bead work,890,6.7912214627261855
bead work,890,6.7912214627261855
ajrakh block printing,850,6.745236349484363
oxidised metal craft,850,6.745236349484363
ajrakh block printing,850,6.745236349484363
ajrakh block printing,850,6.745236349484363
ajrakh block printing,850,6.745236349484363
ajrakh block printing,850,6.745236349484363
oxidised metal craft,490,6.194405391104672
oxidised metal craft,590,6.380122536899765
oxidised metal craft,350,5.857933154483459
oxidised metal craft,1490,7.306531398939505
oxidised metal craft,690,6.536691597591305
oxidised metal craft,690,6.536691597591305
oxidised metal craft,690,6.536691597591305
oxidised metal craft,690,6.536691597591305
oxidised metal craft,690,6.536691597591305
oxidised metal craft,690,6.536691597591305
oxidised metal craft,690,6.536691597591305
oxidised metal craft,690,6.536691597591305
oxidised metal craft,690,6.536691597591305
oxidised metal craft,690,6.536691597591305
oxidised metal craft,690,6.536691597591305
oxidised metal craft,690,6.536691597591305
oxidised metal craft,690,6.536691597591305
oxidised metal craft,690,6.536691597591305
oxidised metal craft,690,6.536691597591305
oxidised metal craft,690,6.536691597591305
oxidised metal craft,690,6.536691597591305
oxidised metal craft,690,6.536691597591305
oxidised metal craft,690,6.536691597591305
oxidised metal craft,750,6.620073206530356
oxidised metal craft,350,5.857933154483459
oxidised metal craft,350,5.857933154483459
oxidised metal craft,1250,7.1308988302963465
oxidised metal craft,1190,7.081708586105575
oxidised metal craft,1190,7.081708586105575
oxidised metal craft,1190,7.081708586105575
oxidised metal craft,1450,7.27931883541462
oxidised metal craft,850,6.745236349484363
oxidised metal craft,850,6.745236349484363
oxidised metal craft,1250,7.1308988302963465
oxidised metal craft,1490,7.306531398939505
oxidised metal craft,690,6.536691597591305
bead work,250,5.521460917862246
bead work,390,5.966146739123692
bead work,550,6.309918278226516
bead work,550,6.309918278226516
bead work,550,6.309918278226516
oxidised metal craft,850,6.745236349484363
oxidised metal craft,450,6.1092475827643655
oxidised metal craft,1290,7.162397497355718
oxidised metal craft,1290,7.162397497355718
bead work,250,5.521460917862246
bead work,250,5.521460917862246
bead work,290,5.66988092298052
bead work,290,5.66988092298052
bead work,290,5.66988092298052
bead work,290,5.66988092298052
bead work,975,6.882437470997847
oxidised metal craft,380,5.940171252720432
bead work,520,6.253828811575473
bead work,520,6.253828811575473
oxidised metal craft,520,6.253828811575473
kalamkari block printing,150,5.0106352940962555
handmade,150,5.0106352940962555
fabart,150,5.0106352940962555
handmade,690,6.536691597591305
fabart,280,5.634789603169249
fabart,390,5.966146739123692
fabart,280,5.634789603169249
ajrakh block printing,280,5.634789603169249
plain solid,250,5.521460917862246
fabart,280,5.634789603169249
handmade,150,5.0106352940962555
fabart,390,5.966146739123692
fabart,150,5.0106352940962555
plain solid,250,5.521460917862246
kalamkari block printing,150,5.0106352940962555
fabart,280,5.634789603169249
handmade,690,6.536691597591305
ajrakh block printing,280,5.634789603169249
fabart,690,6.536691597591305
handmade,690,6.536691597591305
fabart,390,5.966146739123692
handmade,690,6.536691597591305
fabart,690,6.536691597591305
kalamkari block printing,150,5.0106352940962555
fabart,390,5.966146739123692
handmade,150,5.0106352940962555
fabart,390,5.966146739123692
sanganeri block printing,280,5.634789603169249
kalamkari block printing,150,5.0106352940962555
kalamkari block printing,190,5.247024072160486
ajrakh block printing,280,5.634789603169249
sanganeri block printing,190,5.247024072160486
handmade,690,6.536691597591305
kalamkari block printing,150,5.0106352940962555
pochampally ikat weaving,190,5.247024072160486
bagru block printing,280,5.634789603169249
ajrakh block printing,280,5.634789603169249
fabart,390,5.966146739123692
fabart,150,5.0106352940962555
fabart,390,5.966146739123692
handmade,150,5.0106352940962555
fabart,390,5.966146739123692
fabart,150,5.0106352940962555
handmade,250,5.521460917862246
jacquard weaving,150,5.0106352940962555
fabart,390,5.966146739123692
fabart,390,5.966146739123692
pochampally ikat weaving,150,5.0106352940962555
plain solid,250,5.521460917862246
kalamkari block printing,280,5.634789603169249
bagh block printing,190,5.247024072160486
fabart,390,5.966146739123692
handmade,150,5.0106352940962555
fabart,390,5.966146739123692
handmade,150,5.0106352940962555
handmade,150,5.0106352940962555
pochampally ikat weaving,190,5.247024072160486
fabart,390,5.966146739123692
pochampally ikat weaving,150,5.0106352940962555
pochampally ikat weaving,190,5.247024072160486
handmade,250,5.521460917862246
fabart,150,5.0106352940962555
sanganeri block printing,190,5.247024072160486
fabart,390,5.966146739123692
fabart,390,5.966146739123692
handmade,150,5.0106352940962555
fabart,280,5.634789603169249
fabart,390,5.966146739123692
handmade,690,6.536691597591305
handmade,250,5.521460917862246
sanganeri block printing,280,5.634789603169249
fabart,390,5.966146739123692
bagh block printing,190,5.247024072160486
fabart,150,5.0106352940962555
fabart,390,5.966146739123692
handmade,690,6.536691597591305
fabart,150,5.0106352940962555
plain solid,250,5.521460917862246
kalamkari block printing,150,5.0106352940962555
ajrakh block printing,190,5.247024072160486
handmade,690,6.536691597591305
fabart,150,5.0106352940962555
pochampally ikat weaving,190,5.247024072160486
fabart,280,5.634789603169249
handmade,190,5.247024072160486
handmade,150,5.0106352940962555
plain solid,250,5.521460917862246
handmade,190,5.247024072160486
plain solid,250,5.521460917862246
fabart,390,5.966146739123692
fabart,280,5.634789603169249
fabart,390,5.966146739123692
handmade,690,6.536691597591305
fabart,150,5.0106352940962555
fabart,150,5.0106352940962555
fabart,390,5.966146739123692
handmade,690,6.536691597591305
fabart,390,5.966146739123692
plain solid,250,5.521460917862246
plain solid,250,5.521460917862246
pochampally ikat weaving,150,5.0106352940962555
handmade,150,5.0106352940962555
ajrakh block printing,280,5.634789603169249
fabart,280,5.634789603169249
fabart,150,5.0106352940962555
handmade,690,6.536691597591305
fabart,390,5.966146739123692
fabart,280,5.634789603169249
handmade,150,5.0106352940962555
fabart,390,5.966146739123692
fabart,690,6.536691597591305
handmade,150,5.0106352940962555
handmade,690,6.536691597591305
handmade,690,6.536691597591305
plain solid,250,5.521460917862246
fabart,280,5.634789603169249
fabart,690,6.536691597591305
handmade,690,6.536691597591305
pochampally ikat weaving,150,5.0106352940962555
handmade,150,5.0106352940962555
pochampally ikat weaving,190,5.247024072160486
bagru block printing,280,5.634789603169249
fabart,390,5.966146739123692
fabart,280,5.634789603169249
handmade,690,6.536691597591305
kalamkari block printing,150,5.0106352940962555
bagru block printing,280,5.634789603169249
handmade,690,6.536691597591305
handmade,150,5.0106352940962555
fabart,150,5.0106352940962555
ajrakh block printing,280,5.634789603169249
kalamkari block printing,150,5.0106352940962555
pochampally ikat weaving,190,5.247024072160486
ajrakh block printing,280,5.634789603169249
handmade,250,5.521460917862246
handmade,150,5.0106352940962555
jacquard weaving,280,5.634789603169249
fabart,150,5.0106352940962555
handmade,250,5.521460917862246
kalamkari block printing,150,5.0106352940962555
fabart,390,5.966146739123692
sanganeri block printing,190,5.247024072160486
sanganeri block printing,280,5.634789603169249
kalamkari block printing,150,5.0106352940962555
handmade,150,5.0106352940962555
handmade,150,5.0106352940962555
handmade,690,6.536691597591305
handmade,690,6.536691597591305
kalamkari block printing,150,5.0106352940962555
handmade,250,5.521460917862246
fabart,280,5.634789603169249
fabart,150,5.0106352940962555
fabart,280,5.634789603169249
plain solid,150,5.0106352940962555
plain solid,250,5.521460917862246
fabart,150,5.0106352940962555
fabart,150,5.0106352940962555
fabart,390,5.966146739123692
plain solid,250,5.521460917862246
fabart,690,6.536691597591305
fabart,280,5.634789603169249
fabart,150,5.0106352940962555
plain solid,250,5.521460917862246
fabart,390,5.966146739123692
handmade,190,5.247024072160486
pochampally ikat weaving,190,5.247024072160486
handmade,190,5.247024072160486
sanganeri block printing,190,5.247024072160486
sanganeri block printing,190,5.247024072160486
fabart,390,5.966146739123692
kalamkari block printing,150,5.0106352940962555
fabart,390,5.966146739123692
pochampally ikat weaving,280,5.634789603169249
fabart,390,5.966146739123692
plain solid,250,5.521460917862246
plain solid,250,5.521460917862246
handmade,150,5.0106352940962555
plain solid,250,5.521460917862246
plain solid,250,5.521460917862246
fabart,390,5.966146739123692
sanganeri block printing,190,5.247024072160486
bagh block printing,190,5.247024072160486
fabart,150,5.0106352940962555
handmade,690,6.536691597591305
fabart,390,5.966146739123692
kalamkari block printing,150,5.0106352940962555
plain solid,250,5.521460917862246
handmade,190,5.247024072160486
plain solid,250,5.521460917862246
handmade,190,5.247024072160486
handmade,690,6.536691597591305
handmade,150,5.0106352940962555
fabart,690,6.536691597591305
handmade,150,5.0106352940962555
fabart,690,6.536691597591305
bagh block printing,280,5.634789603169249
handmade,190,5.247024072160486
pochampally ikat weaving,150,5.0106352940962555
fabart,690,6.536691597591305
fabart,280,5.634789603169249
plain solid,250,5.521460917862246
fabart,390,5.966146739123692
fabart,150,5.0106352940962555
sanganeri block printing,190,5.247024072160486
handmade,690,6.536691597591305
fabart,390,5.966146739123692
fabart,150,5.0106352940962555
handmade,150,5.0106352940962555
plain solid,250,5.521460917862246
fabart,150,5.0106352940962555
fabart,390,5.966146739123692
sanganeri block printing,150,5.0106352940962555
sanganeri block printing,190,5.247024072160486
plain solid,250,5.521460917862246
plain solid,250,5.521460917862246
sanganeri block printing,280,5.634789603169249
fabart,280,5.634789603169249
pochampally ikat weaving,190,5.247024072160486
batik block printing,150,5.0106352940962555
handmade,250,5.521460917862246
handmade,690,6.536691597591305
handmade,690,6.536691597591305
handmade,190,5.247024072160486
plain solid,250,5.521460917862246
handmade,690,6.536691597591305
fabart,390,5.966146739123692
handmade,690,6.536691597591305
plain solid,250,5.521460917862246
handmade,690,6.536691597591305
pochampally ikat weaving,190,5.247024072160486
kalamkari block printing,150,5.0106352940962555
fabart,150,5.0106352940962555
fabart,150,5.0106352940962555
ajrakh block printing,150,5.0106352940962555
fabart,390,5.966146739123692
fabart,280,5.634789603169249
plain solid,250,5.521460917862246
plain solid,250,5.521460917862246
kalamkari block printing,150,5.0106352940962555
plain solid,250,5.521460917862246
handmade,190,5.247024072160486
handmade,690,6.536691597591305
plain solid,250,5.521460917862246
fabart,280,5.634789603169249
fabart,390,5.966146739123692
fabart,280,5.634789603169249
fabart,150,5.0106352940962555
handmade,190,5.247024072160486
handmade,190,5.247024072160486
sanganeri block printing,190,5.247024072160486
fabart,280,5.634789603169249
fabart,390,5.966146739123692
fabart,390,5.966146739123692
batik block printing,150,5.0106352940962555
fabart,150,5.0106352940962555
plain solid,250,5.521460917862246
kalamkari block printing,150,5.0106352940962555
sanganeri block printing,190,5.247024072160486
ajrakh block printing,150,5.0106352940962555
kalamkari block printing,150,5.0106352940962555
fabart,280,5.634789603169249
fabart,150,5.0106352940962555
fabart,390,5.966146739123692
kalamkari block printing,150,5.0106352940962555
sanganeri block printing,190,5.247024072160486
handmade,150,5.0106352940962555
pochampally ikat weaving,150,5.0106352940962555
fabart,150,5.0106352940962555
pochampally ikat weaving,190,5.247024072160486
fabart,280,5.634789603169249
handmade,690,6.536691597591305
kalamkari block printing,150,5.0106352940962555
kalamkari block printing,280,5.634789603169249
pochampally ikat weaving,190,5.247024072160486
handmade,690,6.536691597591305
kalamkari block printing,150,5.0106352940962555
kalamkari block printing,150,5.0106352940962555
pochampally ikat weaving,150,5.0106352940962555
fabart,150,5.0106352940962555
sanganeri block printing,190,5.247024072160486
ajrakh block printing,280,5.634789603169249
sanganeri block printing,190,5.247024072160486
fabart,390,5.966146739123692
fabart,150,5.0106352940962555
pochampally ikat weaving,190,5.247024072160486
batik block printing,150,5.0106352940962555
fabart,390,5.966146739123692
handmade,190,5.247024072160486
fabart,150,5.0106352940962555
kalamkari block printing,150,5.0106352940962555
sanganeri block printing,190,5.247024072160486
handmade,150,5.0106352940962555
fabart,390,5.966146739123692
fabart,280,5.634789603169249
jacquard weaving,280,5.634789603169249
batik block printing,150,5.0106352940962555
fabart,280,5.634789603169249
ajrakh block printing,190,5.247024072160486
sanganeri block printing,190,5.247024072160486
fabart,150,5.0106352940962555
fabart,280,5.634789603169249
fabart,150,5.0106352940962555
handmade,150,5.0106352940962555
fabart,390,5.966146739123692
fabart,150,5.0106352940962555
bagh block printing,280,5.634789603169249
handmade,690,6.536691597591305
fabart,280,5.634789603169249
fabart,280,5.634789603169249
handmade,150,5.0106352940962555
fabart,390,5.966146739123692
handmade,690,6.536691597591305
fabart,390,5.966146739123692
fabart,150,5.0106352940962555
pochampally ikat weaving,190,5.247024072160486
kalamkari block printing,150,5.0106352940962555
handmade,150,5.0106352940962555
fabart,280,5.634789603169249
sanganeri block printing,150,5.0106352940962555
plain solid,250,5.521460917862246
fabart,150,5.0106352940962555
pochampally ikat weaving,190,5.247024072160486
fabart,280,5.634789603169249
fabart,280,5.634789603169249
handmade,690,6.536691597591305
fabart,690,6.536691597591305
fabart,280,5.634789603169249
handmade,690,6.536691597591305
batik block printing,150,5.0106352940962555
fabart,690,6.536691597591305
fabart,390,5.966146739123692
fabart,390,5.966146739123692
kalamkari block printing,150,5.0106352940962555
kalamkari block printing,150,5.0106352940962555
handmade,690,6.536691597591305
fabart,280,5.634789603169249
fabart,390,5.966146739123692
fabart,390,5.966146739123692
handmade,150,5.0106352940962555
handmade,150,5.0106352940962555
fabart,390,5.966146739123692
handmade,690,6.536691597591305
kalamkari block printing,280,5.634789603169249
kalamkari block printing,150,5.0106352940962555
fabart,150,5.0106352940962555
fabart,690,6.536691597591305
kalamkari block printing,150,5.0106352940962555
fabart,280,5.634789603169249
fabart,280,5.634789603169249
fabart,280,5.634789603169249
handmade,150,5.0106352940962555
handmade,190,5.247024072160486
plain solid,250,5.521460917862246
plain solid,250,5.521460917862246
handmade,690,6.536691597591305
fabart,690,6.536691597591305
fabart,280,5.634789603169249
fabart,280,5.634789603169249
fabart,280,5.634789603169249
fabart,390,5.966146739123692
handmade,690,6.536691597591305
fabart,390,5.966146739123692
fabart,390,5.966146739123692
kalamkari block printing,150,5.0106352940962555
plain solid,250,5.521460917862246
fabart,280,5.634789603169249
plain solid,250,5.521460917862246
fabart,280,5.634789603169249
handmade,150,5.0106352940962555
fabart,280,5.634789603169249
plain solid,250,5.521460917862246
fabart,280,5.634789603169249
plain solid,250,5.521460917862246
fabart,390,5.966146739123692
fabart,150,5.0106352940962555
handmade,690,6.536691597591305
handmade,690,6.536691597591305
plain solid,250,5.521460917862246
fabart,390,5.966146739123692
handmade,190,5.247024072160486
handmade,150,5.0106352940962555
bandhani tie dye,280,5.634789603169249
fabart,280,5.634789603169249
handmade,150,5.0106352940962555
ajrakh block printing,280,5.634789603169249
fabart,280,5.634789603169249
fabart,280,5.634789603169249
fabart,390,5.966146739123692
fabart,390,5.966146739123692
handmade,150,5.0106352940962555
fabart,150,5.0106352940962555
fabart,280,5.634789603169249
kalamkari block printing,150,5.0106352940962555
fabart,150,5.0106352940962555
fabart,280,5.634789603169249
fabart,280,5.634789603169249
kalamkari block printing,150,5.0106352940962555
handmade,150,5.0106352940962555
kalamkari block printing,150,5.0106352940962555
fabart,390,5.966146739123692
bagru block printing,280,5.634789603169249
fabart,280,5.634789603169249
sanganeri block printing,190,5.247024072160486
plain solid,250,5.521460917862246
handmade,250,5.521460917862246
fabart,150,5.0106352940962555
fabart,150,5.0106352940962555
fabart,390,5.966146739123692
plain solid,250,5.521460917862246
fabart,390,5.966146739123692
fabart,690,6.536691597591305
kalamkari block printing,150,5.0106352940962555
kalamkari block printing,150,5.0106352940962555
fabart,690,6.536691597591305
fabart,150,5.0106352940962555
sanganeri block printing,190,5.247024072160486
plain solid,250,5.521460917862246
pochampally ikat weaving,190,5.247024072160486
fabart,280,5.634789603169249
kalamkari block printing,150,5.0106352940962555
handmade,150,5.0106352940962555
kalamkari block printing,280,5.634789603169249
handmade,150,5.0106352940962555
fabart,280,5.634789603169249
fabart,150,5.0106352940962555
bagru block printing,150,5.0106352940962555
fabart,280,5.634789603169249
sanganeri block printing,190,5.247024072160486
fabart,150,5.0106352940962555
fabart,690,6.536691597591305
fabart,690,6.536691597591305
fabart,280,5.634789603169249
fabart,390,5.966146739123692
fabart,390,5.966146739123692
fabart,280,5.634789603169249
fabart,690,6.536691597591305
handmade,690,6.536691597591305
plain solid,250,5.521460917862246
handmade,150,5.0106352940962555
handmade,690,6.536691597591305
kalamkari block printing,190,5.247024072160486
handmade,150,5.0106352940962555
bagh block printing,190,5.247024072160486
handmade,690,6.536691597591305
fabart,390,5.966146739123692
fabart,280,5.634789603169249
fabart,280,5.634789603169249
batik block printing,280,5.634789603169249
handmade,250,5.521460917862246
ajrakh block printing,150,5.0106352940962555
handmade,690,6.536691597591305
handmade,150,5.0106352940962555
sanganeri block printing,190,5.247024072160486
ajrakh block printing,150,5.0106352940962555
handmade,150,5.0106352940962555
fabart,280,5.634789603169249
fabart,150,5.0106352940962555
fabart,280,5.634789603169249
fabart,390,5.966146739123692
handmade,190,5.247024072160486
handmade,150,5.0106352940962555
fabart,390,5.966146739123692
fabart,150,5.0106352940962555
pochampally ikat weaving,150,5.0106352940962555
handmade,150,5.0106352940962555
fabart,390,5.966146739123692
handmade,690,6.536691597591305
fabart,280,5.634789603169249
fabart,150,5.0106352940962555
handmade,150,5.0106352940962555
fabart,280,5.634789603169249
sanganeri block printing,190,5.247024072160486
ajrakh block printing,280,5.634789603169249
plain solid,250,5.521460917862246
sanganeri block printing,190,5.247024072160486
fabart,280,5.634789603169249
fabart,280,5.634789603169249
handmade,690,6.536691597591305
handmade,150,5.0106352940962555
fabart,390,5.966146739123692
handmade,690,6.536691597591305
kalamkari block printing,150,5.0106352940962555
fabart,150,5.0106352940962555
fabart,280,5.634789603169249
ajrakh block printing,280,5.634789603169249
handmade,150,5.0106352940962555
fabart,390,5.966146739123692
fabart,690,6.536691597591305
fabart,390,5.966146739123692
fabart,390,5.966146739123692
fabart,150,5.0106352940962555
fabart,280,5.634789603169249
sanganeri block printing,190,5.247024072160486
pochampally ikat weaving,150,5.0106352940962555
handmade,150,5.0106352940962555
sanganeri block printing,280,5.634789603169249
fabart,690,6.536691597591305
sanganeri block printing,190,5.247024072160486
handmade,150,5.0106352940962555
handmade,190,5.247024072160486
bandhani tie dye,280,5.634789603169249
handmade,690,6.536691597591305
kalamkari block printing,280,5.634789603169249
fabart,150,5.0106352940962555
handmade,150,5.0106352940962555
handmade,190,5.247024072160486
fabart,150,5.0106352940962555
plain solid,250,5.521460917862246
fabart,280,5.634789603169249
fabart,280,5.634789603169249
fabart,150,5.0106352940962555
kalamkari block printing,150,5.0106352940962555
fabart,690,6.536691597591305
pochampally ikat weaving,150,5.0106352940962555
fabart,150,5.0106352940962555
ajrakh block printing,150,5.0106352940962555
fabart,280,5.634789603169249
plain solid,250,5.521460917862246
handmade,150,5.0106352940962555
fabart,390,5.966146739123692
plain solid,250,5.521460917862246
fabart,150,5.0106352940962555
fabart,280,5.634789603169249
fabart,280,5.634789603169249
handmade,690,6.536691597591305
plain solid,250,5.521460917862246
handmade,150,5.0106352940962555
plain solid,250,5.521460917862246
fabart,150,5.0106352940962555
handmade,150,5.0106352940962555
fabart,390,5.966146739123692
fabart,150,5.0106352940962555
kalamkari block printing,150,5.0106352940962555
fabart,390,5.966146739123692
ajrakh block printing,280,5.634789603169249
fabart,390,5.966146739123692
handmade,690,6.536691597591305
fabart,150,5.0106352940962555
fabart,690,6.536691597591305
plain solid,250,5.521460917862246
fabart,390,5.966146739123692
fabart,150,5.0106352940962555
plain solid,250,5.521460917862246
kalamkari block printing,150,5.0106352940962555
fabart,390,5.966146739123692
handmade,250,5.521460917862246
fabart,280,5.634789603169249
fabart,390,5.966146739123692
fabart,390,5.966146739123692
handmade,190,5.247024072160486
ajrakh block printing,150,5.0106352940962555
fabart,280,5.634789603169249
handmade,150,5.0106352940962555
plain solid,250,5.521460917862246
fabart,690,6.536691597591305
ajrakh block printing,280,5.634789603169249
fabart,390,5.966146739123692
kalamkari block printing,150,5.0106352940962555
fabart,390,5.966146739123692
fabart,690,6.536691597591305
ajrakh block printing,150,5.0106352940962555
handmade,690,6.536691597591305
handmade,150,5.0106352940962555
fabart,390,5.966146739123692
ajrakh block printing,190,5.247024072160486
plain solid,250,5.521460917862246
plain solid,250,5.521460917862246
handmade,150,5.0106352940962555
batik block printing,150,5.0106352940962555
kalamkari block printing,150,5.0106352940962555
kalamkari block printing,280,5.634789603169249
fabart,150,5.0106352940962555
sanganeri block printing,190,5.247024072160486
fabart,690,6.536691597591305
pochampally ikat weaving,190,5.247024072160486
fabart,280,5.634789603169249
handmade,150,5.0106352940962555
fabart,390,5.966146739123692
fabart,390,5.966146739123692
fabart,150,5.0106352940962555
fabart,280,5.634789603169249
sanganeri block printing,150,5.0106352940962555
fabart,280,5.634789603169249
handmade,690,6.536691597591305
fabart,390,5.966146739123692
handmade,250,5.521460917862246
handmade,150,5.0106352940962555
handmade,150,5.0106352940962555
pochampally ikat weaving,150,5.0106352940962555
fabart,150,5.0106352940962555
handmade,690,6.536691597591305
fabart,150,5.0106352940962555
plain solid,250,5.521460917862246
fabart,280,5.634789603169249
kalamkari block printing,150,5.0106352940962555
batik block printing,150,5.0106352940962555
fabart,150,5.0106352940962555
handmade,150,5.0106352940962555
handmade,690,6.536691597591305
handmade,190,5.247024072160486
fabart,390,5.966146739123692
fabart,390,5.966146739123692
fabart,150,5.0106352940962555
sanganeri block printing,150,5.0106352940962555
fabart,280,5.634789603169249
fabart,150,5.0106352940962555
fabart,390,5.966146739123692
fabart,150,5.0106352940962555
handmade,150,5.0106352940962555
plain solid,250,5.521460917862246
handmade,150,5.0106352940962555
sanganeri block printing,190,5.247024072160486
fabart,280,5.634789603169249
fabart,150,5.0106352940962555
fabart,390,5.966146739123692
fabart,290,5.66988092298052
fabart,290,5.66988092298052
fabart,390,5.966146739123692
handmade,450,6.1092475827643655
oxidised metal craft,350,5.857933154483459
plain solid,150,5.0106352940962555
plain solid,150,5.0106352940962555
handmade,450,6.1092475827643655
fabart,390,5.966146739123692
fabart,290,5.66988092298052
handmade,450,6.1092475827643655
handmade,450,6.1092475827643655
fabart,390,5.966146739123692
fabart,150,5.0106352940962555
fabart,290,5.66988092298052
fabart,290,5.66988092298052
fabart,290,5.66988092298052
fabart,290,5.66988092298052
fabart,350,5.857933154483459
oxidised metal craft,350,5.857933154483459
fabart,290,5.66988092298052
fabart,390,5.966146739123692
fabart,290,5.66988092298052
fabart,390,5.966146739123692
fabart,290,5.66988092298052
fabart,290,5.66988092298052
fabart,290,5.66988092298052
fabart,390,5.966146739123692
fabart,290,5.66988092298052
oxidised metal craft,350,5.857933154483459
fabart,390,5.966146739123692
fabart,290,5.66988092298052
fabart,350,5.857933154483459
fabart,390,5.966146739123692
fabart,390,5.966146739123692
fabart,290,5.66988092298052
fabart,350,5.857933154483459
fabart,290,5.66988092298052
handmade,450,6.1092475827643655
fabart,290,5.66988092298052
fabart,350,5.857933154483459
fabart,250,5.521460917862246
fabart,290,5.66988092298052
fabart,390,5.966146739123692
fabart,350,5.857933154483459
fabart,390,5.966146739123692
fabart,290,5.66988092298052
fabart,390,5.966146739123692
fabart,350,5.857933154483459
fabart,350,5.857933154483459
fabart,290,5.66988092298052
fabart,290,5.66988092298052
fabart,290,5.66988092298052
fabart,390,5.966146739123692
fabart,290,5.66988092298052
fabart,390,5.966146739123692
fabart,290,5.66988092298052
fabart,290,5.66988092298052
fabart,290,5.66988092298052
fabart,290,5.66988092298052
fabart,290,5.66988092298052
fabart,290,5.66988092298052
fabart,390,5.966146739123692
fabart,290,5.66988092298052
fabart,350,5.857933154483459
fabart,390,5.966146739123692
fabart,390,5.966146739123692
fabart,350,5.857933154483459
fabart,390,5.966146739123692
fabart,390,5.966146739123692
fabart,390,5.966146739123692
oxidised metal craft,350,5.857933154483459
fabart,250,5.521460917862246
fabart,250,5.521460917862246
fabart,150,5.0106352940962555
fabart,290,5.66988092298052
fabart,390,5.966146739123692
fabart,390,5.966146739123692
handmade,450,6.1092475827643655
handmade,450,6.1092475827643655
fabart,290,5.66988092298052
fabart,290,5.66988092298052
fabart,290,5.66988092298052
fabart,290,5.66988092298052
fabart,290,5.66988092298052
handmade,450,6.1092475827643655
fabart,390,5.966146739123692
fabart,290,5.66988092298052
plain solid,150,5.0106352940962555
fabart,150,5.0106352940962555
fabart,290,5.66988092298052
fabart,390,5.966146739123692
fabart,350,5.857933154483459
fabart,290,5.66988092298052
fabart,250,5.521460917862246
fabart,390,5.966146739123692
fabart,390,5.966146739123692
fabart,290,5.66988092298052
fabart,350,5.857933154483459
handmade,450,6.1092475827643655
fabart,290,5.66988092298052
fabart,350,5.857933154483459
fabart,290,5.66988092298052
fabart,390,5.966146739123692
fabart,290,5.66988092298052
fabart,290,5.66988092298052
fabart,390,5.966146739123692
fabart,350,5.857933154483459
fabart,390,5.966146739123692
fabart,350,5.857933154483459
fabart,290,5.66988092298052
handmade,450,6.1092475827643655
fabart,350,5.857933154483459
handmade,450,6.1092475827643655
fabart,350,5.857933154483459
fabart,390,5.966146739123692
fabart,290,5.66988092298052
fabart,390,5.966146739123692
fabart,390,5.966146739123692
fabart,290,5.66988092298052
fabart,290,5.66988092298052
fabart,150,5.0106352940962555
fabart,290,5.66988092298052
fabart,150,5.0106352940962555
fabart,290,5.66988092298052
fabart,250,5.521460917862246
fabart,290,5.66988092298052
fabart,290,5.66988092298052
fabart,290,5.66988092298052
fabart,390,5.966146739123692
fabart,290,5.66988092298052
fabart,350,5.857933154483459
fabart,290,5.66988092298052
handmade,450,6.1092475827643655
fabart,290,5.66988092298052
fabart,290,5.66988092298052
fabart,390,5.966146739123692
fabart,250,5.521460917862246
fabart,390,5.966146739123692
fabart,290,5.66988092298052
fabart,290,5.66988092298052
fabart,390,5.966146739123692
fabart,290,5.66988092298052
fabart,350,5.857933154483459
fabart,290,5.66988092298052
fabart,150,5.0106352940962555
fabart,390,5.966146739123692
oxidised metal craft,350,5.857933154483459
fabart,350,5.857933154483459
fabart,290,5.66988092298052
fabart,390,5.966146739123692
fabart,290,5.66988092298052
fabart,290,5.66988092298052
fabart,290,5.66988092298052
fabart,290,5.66988092298052
fabart,390,5.966146739123692
fabart,290,5.66988092298052
fabart,390,5.966146739123692
handmade,450,6.1092475827643655
fabart,390,5.966146739123692
fabart,290,5.66988092298052
fabart,390,5.966146739123692
fabart,290,5.66988092298052
fabart,350,5.857933154483459
fabart,290,5.66988092298052
fabart,390,5.966146739123692
fabart,290,5.66988092298052
fabart,390,5.966146739123692
fabart,390,5.966146739123692
fabart,290,5.66988092298052
fabart,290,5.66988092298052
fabart,350,5.857933154483459
fabart,350,5.857933154483459
fabart,290,5.66988092298052
fabart,290,5.66988092298052
fabart,390,5.966146739123692
handmade,450,6.1092475827643655
fabart,290,5.66988092298052
fabart,290,5.66988092298052
fabart,290,5.66988092298052
handmade,450,6.1092475827643655
fabart,290,5.66988092298052
fabart,290,5.66988092298052
fabart,390,5.966146739123692
fabart,250,5.521460917862246
fabart,390,5.966146739123692
fabart,390,5.966146739123692
fabart,290,5.66988092298052
fabart,390,5.966146739123692
fabart,290,5.66988092298052
fabart,350,5.857933154483459
fabart,390,5.966146739123692
fabart,290,5.66988092298052
fabart,290,5.66988092298052
fabart,390,5.966146739123692
fabart,290,5.66988092298052
fabart,350,5.857933154483459
fabart,290,5.66988092298052
fabart,290,5.66988092298052
fabart,290,5.66988092298052
fabart,390,5.966146739123692
fabart,290,5.66988092298052
fabart,390,5.966146739123692
fabart,290,5.66988092298052
fabart,390,5.966146739123692
fabart,290,5.66988092298052
fabart,390,5.966146739123692
fabart,250,5.521460917862246
fabart,290,5.66988092298052
fabart,150,5.0106352940962555
fabart,350,5.857933154483459
fabart,250,5.521460917862246
fabart,290,5.66988092298052
fabart,350,5.857933154483459
fabart,290,5.66988092298052
oxidised metal craft,350,5.857933154483459
fabart,150,5.0106352940962555
fabart,390,5.966146739123692
oxidised metal craft,350,5.857933154483459
fabart,290,5.66988092298052
fabart,290,5.66988092298052
fabart,390,5.966146739123692
handmade,450,6.1092475827643655
fabart,290,5.66988092298052
handmade,450,6.1092475827643655
fabart,390,5.966146739123692
fabart,290,5.66988092298052
fabart,290,5.66988092298052
fabart,290,5.66988092298052
fabart,290,5.66988092298052
fabart,390,5.966146739123692
fabart,290,5.66988092298052
fabart,290,5.66988092298052
fabart,290,5.66988092298052
oxidised metal craft,350,5.857933154483459
fabart,390,5.966146739123692
fabart,290,5.66988092298052
fabart,390,5.966146739123692
fabart,290,5.66988092298052
fabart,150,5.0106352940962555
fabart,390,5.966146739123692
fabart,390,5.966146739123692
handmade,450,6.1092475827643655
plain solid,150,5.0106352940962555
fabart,390,5.966146739123692
fabart,290,5.66988092298052
fabart,290,5.66988092298052
fabart,290,5.66988092298052
fabart,290,5.66988092298052
fabart,390,5.966146739123692
fabart,290,5.66988092298052
fabart,180,5.19295685089021
fabart,390,5.966146739123692
fabart,390,5.966146739123692
fabart,350,5.857933154483459
fabart,150,5.0106352940962555
fabart,390,5.966146739123692
fabart,180,5.19295685089021
fabart,290,5.66988092298052
fabart,290,5.66988092298052
fabart,290,5.66988092298052
fabart,290,5.66988092298052
fabart,290,5.66988092298052
fabart,390,5.966146739123692
fabart,150,5.0106352940962555
fabart,390,5.966146739123692
fabart,290,5.66988092298052
fabart,390,5.966146739123692
fabart,390,5.966146739123692
fabart,290,5.66988092298052
fabart,350,5.857933154483459
bead work,290,5.66988092298052
fabart,390,5.966146739123692
fabart,290,5.66988092298052
fabart,290,5.66988092298052
fabart,290,5.66988092298052
fabart,390,5.966146739123692
fabart,290,5.66988092298052
oxidised metal craft,350,5.857933154483459
fabart,290,5.66988092298052
oxidised metal craft,350,5.857933154483459
fabart,350,5.857933154483459
fabart,290,5.66988092298052
fabart,390,5.966146739123692
fabart,350,5.857933154483459
fabart,290,5.66988092298052
fabart,290,5.66988092298052
fabart,390,5.966146739123692
fabart,290,5.66988092298052
fabart,180,5.19295685089021
fabart,290,5.66988092298052
fabart,290,5.66988092298052
fabart,350,5.857933154483459
fabart,180,5.19295685089021
fabart,290,5.66988092298052
bead work,190,5.247024072160486
fabart,290,5.66988092298052
fabart,350,5.857933154483459
fabart,390,5.966146739123692
fabart,350,5.857933154483459
fabart,290,5.66988092298052
fabart,290,5.66988092298052
fabart,290,5.66988092298052
fabart,350,5.857933154483459
fabart,290,5.66988092298052
fabart,290,5.66988092298052
oxidised metal craft,350,5.857933154483459
fabart,350,5.857933154483459
fabart,390,5.966146739123692
fabart,290,5.66988092298052
fabart,290,5.66988092298052
fabart,290,5.66988092298052
fabart,290,5.66988092298052
fabart,150,5.0106352940962555
fabart,390,5.966146739123692
fabart,350,5.857933154483459
fabart,180,5.19295685089021
fabart,290,5.66988092298052
fabart,290,5.66988092298052
fabart,290,5.66988092298052
fabart,350,5.857933154483459
fabart,290,5.66988092298052
plain solid,150,5.0106352940962555
plain solid,150,5.0106352940962555
fabart,390,5.966146739123692
fabart,390,5.966146739123692
fabart,290,5.66988092298052
fabart,350,5.857933154483459
fabart,290,5.66988092298052
fabart,290,5.66988092298052
fabart,290,5.66988092298052
fabart,290,5.66988092298052
fabart,390,5.966146739123692
handmade,450,6.1092475827643655
fabart,290,5.66988092298052
fabart,390,5.966146739123692
handmade,450,6.1092475827643655
fabart,390,5.966146739123692
oxidised metal craft,350,5.857933154483459
oxidised metal craft,350,5.857933154483459
bead work,190,5.247024072160486
fabart,390,5.966146739123692
fabart,290,5.66988092298052
fabart,290,5.66988092298052
fabart,290,5.66988092298052
plain solid,150,5.0106352940962555
fabart,290,5.66988092298052
oxidised metal craft,350,5.857933154483459
oxidised metal craft,350,5.857933154483459
fabart,290,5.66988092298052
fabart,390,5.966146739123692
handmade,450,6.1092475827643655
fabart,290,5.66988092298052
fabart,290,5.66988092298052
fabart,350,5.857933154483459
fabart,290,5.66988092298052
fabart,390,5.966146739123692
fabart,290,5.66988092298052
handmade,450,6.1092475827643655
oxidised metal craft,350,5.857933154483459
fabart,390,5.966146739123692
fabart,390,5.966146739123692
fabart,290,5.66988092298052
fabart,390,5.966146739123692
fabart,390,5.966146739123692
fabart,290,5.66988092298052
fabart,390,5.966146739123692
fabart,390,5.966146739123692
handmade,450,6.1092475827643655
fabart,290,5.66988092298052
fabart,290,5.66988092298052
handmade,450,6.1092475827643655
fabart,390,5.966146739123692
fabart,390,5.966146739123692
fabart,290,5.66988092298052
handmade,450,6.1092475827643655
fabart,290,5.66988092298052
fabart,420,6.040254711277414
fabart,390,5.966146739123692
handmade,450,6.1092475827643655
handmade,450,6.1092475827643655
fabart,290,5.66988092298052
fabart,390,5.966146739123692
fabart,290,5.66988092298052
fabart,290,5.66988092298052
fabart,390,5.966146739123692
fabart,390,5.966146739123692
fabart,390,5.966146739123692
fabart,290,5.66988092298052
handmade,450,6.1092475827643655
handmade,490,6.194405391104672
fabart,350,5.857933154483459
fabart,390,5.966146739123692
fabart,390,5.966146739123692
fabart,290,5.66988092298052
plain solid,150,5.0106352940962555
fabart,290,5.66988092298052
fabart,390,5.966146739123692
handmade,450,6.1092475827643655
fabart,290,5.66988092298052
fabart,290,5.66988092298052
fabart,390,5.966146739123692
fabart,290,5.66988092298052
oxidised metal craft,350,5.857933154483459
handmade,450,6.1092475827643655
handmade,450,6.1092475827643655
fabart,290,5.66988092298052
fabart,290,5.66988092298052
fabart,290,5.66988092298052
fabart,390,5.966146739123692
fabart,390,5.966146739123692
fabart,290,5.66988092298052
fabart,290,5.66988092298052
fabart,390,5.966146739123692
fabart,290,5.66988092298052
fabart,290,5.66988092298052
handmade,450,6.1092475827643655
fabart,290,5.66988092298052
fabart,290,5.66988092298052
fabart,290,5.66988092298052
fabart,290,5.66988092298052
fabart,290,5.66988092298052
plain solid,150,5.0106352940962555
fabart,390,5.966146739123692
oxidised metal craft,350,5.857933154483459
fabart,350,5.857933154483459
fabart,290,5.66988092298052
fabart,350,5.857933154483459
fabart,390,5.966146739123692
fabart,290,5.66988092298052
fabart,390,5.966146739123692
fabart,290,5.66988092298052
fabart,290,5.66988092298052
plain solid,150,5.0106352940962555
fabart,390,5.966146739123692
fabart,290,5.66988092298052
handmade,450,6.1092475827643655
fabart,290,5.66988092298052
handmade,150,5.0106352940962555
fabart,250,5.521460917862246
fabart,250,5.521460917862246
fabart,250,5.521460917862246
fabart,250,5.521460917862246
fabart,250,5.521460917862246
fabart,250,5.521460917862246
fabart,250,5.521460917862246
fabart,250,5.521460917862246
fabart,250,5.521460917862246
fabart,250,5.521460917862246
handmade,150,5.0106352940962555
fabart,250,5.521460917862246
fabart,250,5.521460917862246
fabart,250,5.521460917862246
fabart,250,5.521460917862246
fabart,250,5.521460917862246
handmade,250,5.521460917862246
fabart,250,5.521460917862246
fabart,250,5.521460917862246
fabart,250,5.521460917862246
fabart,250,5.521460917862246
fabart,250,5.521460917862246
fabart,250,5.521460917862246
fabart,250,5.521460917862246
fabart,250,5.521460917862246
fabart,250,5.521460917862246
fabart,250,5.521460917862246
fabart,250,5.521460917862246
handmade,150,5.0106352940962555
fabart,250,5.521460917862246
fabart,250,5.521460917862246
fabart,250,5.521460917862246
fabart,250,5.521460917862246
fabart,250,5.521460917862246
fabart,250,5.521460917862246
fabart,250,5.521460917862246
fabart,250,5.521460917862246
fabart,250,5.521460917862246
fabart,250,5.521460917862246
fabart,250,5.521460917862246
fabart,250,5.521460917862246
fabart,250,5.521460917862246
fabart,250,5.521460917862246
fabart,250,5.521460917862246
fabart,250,5.521460917862246
fabart,250,5.521460917862246
fabart,250,5.521460917862246
fabart,250,5.521460917862246
fabart,250,5.521460917862246
fabart,250,5.521460917862246
fabart,250,5.521460917862246
fabart,250,5.521460917862246
fabart,250,5.521460917862246
fabart,250,5.521460917862246
fabart,250,5.521460917862246
fabart,250,5.521460917862246
fabart,250,5.521460917862246
fabart,250,5.521460917862246
fabart,250,5.521460917862246
fabart,250,5.521460917862246
fabart,250,5.521460917862246
fabart,250,5.521460917862246
fabart,250,5.521460917862246
fabart,250,5.521460917862246
fabart,250,5.521460917862246
fabart,250,5.521460917862246
handmade,150,5.0106352940962555
fabart,250,5.521460917862246
fabart,250,5.521460917862246
fabart,250,5.521460917862246
fabart,250,5.521460917862246
fabart,250,5.521460917862246
fabart,250,5.521460917862246
fabart,250,5.521460917862246
fabart,250,5.521460917862246
fabart,250,5.521460917862246
fabart,250,5.521460917862246
fabart,250,5.521460917862246
fabart,250,5.521460917862246
fabart,250,5.521460917862246
fabart,250,5.521460917862246
fabart,250,5.521460917862246
fabart,250,5.521460917862246
fabart,250,5.521460917862246
fabart,250,5.521460917862246
fabart,250,5.521460917862246
fabart,250,5.521460917862246
fabart,250,5.521460917862246
fabart,250,5.521460917862246
fabart,250,5.521460917862246
fabart,250,5.521460917862246
handmade,150,5.0106352940962555
fabart,250,5.521460917862246
fabart,250,5.521460917862246
fabart,250,5.521460917862246
fabart,250,5.521460917862246
fabart,250,5.521460917862246
fabart,250,5.521460917862246
fabart,250,5.521460917862246
fabart,250,5.521460917862246
fabart,250,5.521460917862246
fabart,250,5.521460917862246
fabart,250,5.521460917862246
fabart,250,5.521460917862246
fabart,250,5.521460917862246
fabart,250,5.521460917862246
fabart,250,5.521460917862246
fabart,250,5.521460917862246
fabart,250,5.521460917862246
fabart,250,5.521460917862246
fabart,250,5.521460917862246
fabart,250,5.521460917862246
fabart,250,5.521460917862246
fabart,250,5.521460917862246
fabart,250,5.521460917862246
fabart,250,5.521460917862246
fabart,250,5.521460917862246
handmade,150,5.0106352940962555
fabart,250,5.521460917862246
fabart,250,5.521460917862246
fabart,250,5.521460917862246
fabart,250,5.521460917862246
fabart,250,5.521460917862246
fabart,250,5.521460917862246
handmade,250,5.521460917862246
handmade,150,5.0106352940962555
handmade,150,5.0106352940962555
fabart,250,5.521460917862246
fabart,250,5.521460917862246
fabart,250,5.521460917862246
fabart,250,5.521460917862246
fabart,250,5.521460917862246
fabart,250,5.521460917862246
fabart,250,5.521460917862246
fabart,250,5.521460917862246
fabart,250,5.521460917862246
handmade,150,5.0106352940962555
handmade,290,5.66988092298052
fabart,250,5.521460917862246
fabart,250,5.521460917862246
fabart,250,5.521460917862246
fabart,250,5.521460917862246
fabart,250,5.521460917862246
fabart,250,5.521460917862246
fabart,250,5.521460917862246
fabart,250,5.521460917862246
fabart,250,5.521460917862246
fabart,250,5.521460917862246
fabart,250,5.521460917862246
fabart,250,5.521460917862246
fabart,250,5.521460917862246
fabart,250,5.521460917862246
fabart,250,5.521460917862246
fabart,250,5.521460917862246
fabart,250,5.521460917862246
fabart,250,5.521460917862246
fabart,250,5.521460917862246
fabart,250,5.521460917862246
fabart,250,5.521460917862246
fabart,250,5.521460917862246
fabart,250,5.521460917862246
fabart,250,5.521460917862246
fabart,250,5.521460917862246
fabart,250,5.521460917862246
handmade,250,5.521460917862246
fabart,250,5.521460917862246
fabart,250,5.521460917862246
fabart,250,5.521460917862246
fabart,250,5.521460917862246
fabart,250,5.521460917862246
fabart,250,5.521460917862246
fabart,250,5.521460917862246
fabart,250,5.521460917862246
fabart,250,5.521460917862246
fabart,250,5.521460917862246
fabart,250,5.521460917862246
fabart,250,5.521460917862246
fabart,250,5.521460917862246
fabart,250,5.521460917862246
fabart,250,5.521460917862246
fabart,250,5.521460917862246
fabart,250,5.521460917862246
fabart,250,5.521460917862246
fabart,250,5.521460917862246
fabart,250,5.521460917862246
fabart,250,5.521460917862246
fabart,250,5.521460917862246
fabart,250,5.521460917862246
fabart,250,5.521460917862246
fabart,250,5.521460917862246
handmade,150,5.0106352940962555
fabart,250,5.521460917862246
fabart,250,5.521460917862246
fabart,250,5.521460917862246
fabart,250,5.521460917862246
handmade,250,5.521460917862246
fabart,250,5.521460917862246
fabart,250,5.521460917862246
fabart,250,5.521460917862246
fabart,250,5.521460917862246
fabart,250,5.521460917862246
fabart,250,5.521460917862246
fabart,250,5.521460917862246
fabart,250,5.521460917862246
fabart,250,5.521460917862246
fabart,250,5.521460917862246
fabart,250,5.521460917862246
handmade,150,5.0106352940962555
fabart,250,5.521460917862246
fabart,250,5.521460917862246
fabart,250,5.521460917862246
fabart,250,5.521460917862246
handmade,150,5.0106352940962555
fabart,250,5.521460917862246
fabart,250,5.521460917862246
fabart,250,5.521460917862246
fabart,250,5.521460917862246
fabart,250,5.521460917862246
handmade,150,5.0106352940962555
fabart,250,5.521460917862246
fabart,250,5.521460917862246
fabart,250,5.521460917862246
fabart,250,5.521460917862246
fabart,250,5.521460917862246
handmade,250,5.521460917862246
handmade,150,5.0106352940962555
fabart,250,5.521460917862246
fabart,250,5.521460917862246
fabart,250,5.521460917862246
fabart,250,5.521460917862246
fabart,250,5.521460917862246
fabart,250,5.521460917862246
fabart,250,5.521460917862246
fabart,250,5.521460917862246
handmade,150,5.0106352940962555
fabart,250,5.521460917862246
fabart,250,5.521460917862246
fabart,250,5.521460917862246
fabart,250,5.521460917862246
fabart,250,5.521460917862246
fabart,250,5.521460917862246
fabart,250,5.521460917862246
fabart,250,5.521460917862246
fabart,250,5.521460917862246
fabart,250,5.521460917862246
fabart,250,5.521460917862246
fabart,250,5.521460917862246
fabart,250,5.521460917862246
fabart,250,5.521460917862246
fabart,250,5.521460917862246
fabart,250,5.521460917862246
fabart,250,5.521460917862246
fabart,250,5.521460917862246
fabart,250,5.521460917862246
fabart,250,5.521460917862246
fabart,250,5.521460917862246
fabart,250,5.521460917862246
fabart,250,5.521460917862246
fabart,250,5.521460917862246
fabart,250,5.521460917862246
fabart,250,5.521460917862246
fabart,250,5.521460917862246
handmade,150,5.0106352940962555
fabart,250,5.521460917862246
fabart,250,5.521460917862246
fabart,250,5.521460917862246
fabart,250,5.521460917862246
fabart,250,5.521460917862246
fabart,250,5.521460917862246
fabart,250,5.521460917862246
fabart,250,5.521460917862246
fabart,250,5.521460917862246
fabart,250,5.521460917862246
fabart,250,5.521460917862246
fabart,250,5.521460917862246
fabart,250,5.521460917862246
fabart,250,5.521460917862246
fabart,250,5.521460917862246
fabart,250,5.521460917862246
bead work,350,5.857933154483459
fabart,250,5.521460917862246
fabart,250,5.521460917862246
fabart,250,5.521460917862246
fabart,250,5.521460917862246
fabart,250,5.521460917862246
fabart,250,5.521460917862246
fabart,250,5.521460917862246
fabart,250,5.521460917862246
fabart,250,5.521460917862246
fabart,250,5.521460917862246
fabart,250,5.521460917862246
fabart,250,5.521460917862246
fabart,250,5.521460917862246
fabart,250,5.521460917862246
fabart,250,5.521460917862246
fabart,250,5.521460917862246
fabart,250,5.521460917862246
fabart,250,5.521460917862246
fabart,250,5.521460917862246
fabart,250,5.521460917862246
fabart,250,5.521460917862246
fabart,250,5.521460917862246
fabart,250,5.521460917862246
fabart,250,5.521460917862246
fabart,250,5.521460917862246
fabart,250,5.521460917862246
handmade,150,5.0106352940962555
handmade,150,5.0106352940962555
fabart,250,5.521460917862246
fabart,250,5.521460917862246
fabart,250,5.521460917862246
handmade,250,5.521460917862246
handmade,290,5.66988092298052
fabart,250,5.521460917862246
fabart,250,5.521460917862246
fabart,250,5.521460917862246
fabart,250,5.521460917862246
fabart,250,5.521460917862246
fabart,250,5.521460917862246
handmade,150,5.0106352940962555
fabart,250,5.521460917862246
fabart,250,5.521460917862246
fabart,250,5.521460917862246
fabart,250,5.521460917862246
fabart,250,5.521460917862246
fabart,250,5.521460917862246
fabart,250,5.521460917862246
fabart,250,5.521460917862246
fabart,250,5.521460917862246
fabart,250,5.521460917862246
fabart,250,5.521460917862246
fabart,250,5.521460917862246
fabart,250,5.521460917862246
fabart,250,5.521460917862246
handmade,150,5.0106352940962555
fabart,250,5.521460917862246
fabart,250,5.521460917862246
fabart,250,5.521460917862246
fabart,250,5.521460917862246
handmade,150,5.0106352940962555
fabart,250,5.521460917862246
fabart,250,5.521460917862246
fabart,250,5.521460917862246
fabart,250,5.521460917862246
fabart,250,5.521460917862246
fabart,250,5.521460917862246
fabart,250,5.521460917862246
fabart,250,5.521460917862246
fabart,250,5.521460917862246
fabart,250,5.521460917862246
handmade,150,5.0106352940962555
handmade,150,5.0106352940962555
handmade,150,5.0106352940962555
handmade,150,5.0106352940962555
fabart,250,5.521460917862246
fabart,250,5.521460917862246
fabart,250,5.521460917862246
fabart,250,5.521460917862246
fabart,250,5.521460917862246
fabart,250,5.521460917862246
fabart,250,5.521460917862246
fabart,250,5.521460917862246
fabart,250,5.521460917862246
fabart,250,5.521460917862246
fabart,250,5.521460917862246
fabart,250,5.521460917862246
fabart,250,5.521460917862246
fabart,250,5.521460917862246
fabart,250,5.521460917862246
fabart,250,5.521460917862246
fabart,250,5.521460917862246
fabart,250,5.521460917862246
fabart,250,5.521460917862246
fabart,250,5.521460917862246
fabart,250,5.521460917862246
fabart,250,5.521460917862246
fabart,250,5.521460917862246
fabart,250,5.521460917862246
fabart,250,5.521460917862246
fabart,250,5.521460917862246
fabart,250,5.521460917862246
fabart,250,5.521460917862246
handmade,150,5.0106352940962555
fabart,250,5.521460917862246
fabart,250,5.521460917862246
fabart,250,5.521460917862246
fabart,250,5.521460917862246
fabart,250,5.521460917862246
fabart,250,5.521460917862246
handmade,250,5.521460917862246
fabart,250,5.521460917862246
fabart,250,5.521460917862246
fabart,250,5.521460917862246
handmade,250,5.521460917862246
fabart,250,5.521460917862246
fabart,250,5.521460917862246
fabart,250,5.521460917862246
fabart,250,5.521460917862246
fabart,250,5.521460917862246
handmade,150,5.0106352940962555
fabart,250,5.521460917862246
fabart,250,5.521460917862246
fabart,250,5.521460917862246
fabart,250,5.521460917862246
fabart,250,5.521460917862246
fabart,250,5.521460917862246
fabart,250,5.521460917862246
fabart,250,5.521460917862246
fabart,250,5.521460917862246
fabart,250,5.521460917862246
handmade,150,5.0106352940962555
fabart,250,5.521460917862246
fabart,250,5.521460917862246
fabart,250,5.521460917862246
fabart,250,5.521460917862246
fabart,250,5.521460917862246
fabart,250,5.521460917862246
fabart,250,5.521460917862246
fabart,250,5.521460917862246
fabart,250,5.521460917862246
fabart,250,5.521460917862246
fabart,250,5.521460917862246
handmade,150,5.0106352940962555
handmade,150,5.0106352940962555
fabart,250,5.521460917862246
fabart,250,5.521460917862246
fabart,250,5.521460917862246
fabart,250,5.521460917862246
fabart,250,5.521460917862246
fabart,250,5.521460917862246
fabart,250,5.521460917862246
fabart,250,5.521460917862246
fabart,250,5.521460917862246
fabart,250,5.521460917862246
fabart,250,5.521460917862246
fabart,250,5.521460917862246
fabart,250,5.521460917862246
fabart,250,5.521460917862246
fabart,250,5.521460917862246
fabart,250,5.521460917862246
handmade,150,5.0106352940962555
fabart,250,5.521460917862246
fabart,250,5.521460917862246
fabart,250,5.521460917862246
fabart,250,5.521460917862246
fabart,250,5.521460917862246
handmade,250,5.521460917862246
fabart,250,5.521460917862246
fabart,250,5.521460917862246
fabart,250,5.521460917862246
fabart,250,5.521460917862246
fabart,250,5.521460917862246
fabart,250,5.521460917862246
fabart,250,5.521460917862246
fabart,250,5.521460917862246
fabart,250,5.521460917862246
fabart,250,5.521460917862246
handmade,150,5.0106352940962555
handmade,150,5.0106352940962555
fabart,250,5.521460917862246
fabart,250,5.521460917862246
fabart,250,5.521460917862246
fabart,250,5.521460917862246
fabart,250,5.521460917862246
fabart,250,5.521460917862246
fabart,250,5.521460917862246
fabart,250,5.521460917862246
fabart,250,5.521460917862246
fabart,250,5.521460917862246
fabart,250,5.521460917862246
fabart,250,5.521460917862246
handmade,150,5.0106352940962555
fabart,250,5.521460917862246
fabart,250,5.521460917862246
fabart,250,5.521460917862246
fabart,250,5.521460917862246
fabart,250,5.521460917862246
fabart,250,5.521460917862246
fabart,250,5.521460917862246
fabart,250,5.521460917862246
fabart,250,5.521460917862246
fabart,250,5.521460917862246
fabart,250,5.521460917862246
fabart,250,5.521460917862246
fabart,250,5.521460917862246
fabart,250,5.521460917862246
fabart,250,5.521460917862246
fabart,250,5.521460917862246
fabart,250,5.521460917862246
fabart,250,5.521460917862246
handmade,150,5.0106352940962555
fabart,250,5.521460917862246
fabart,250,5.521460917862246
fabart,250,5.521460917862246
fabart,250,5.521460917862246
fabart,250,5.521460917862246
fabart,250,5.521460917862246
fabart,250,5.521460917862246
fabart,250,5.521460917862246
fabart,250,5.521460917862246
fabart,250,5.521460917862246
fabart,250,5.521460917862246
fabart,250,5.521460917862246
fabart,250,5.521460917862246
fabart,250,5.521460917862246
fabart,250,5.521460917862246
fabart,250,5.521460917862246
fabart,250,5.521460917862246
fabart,250,5.521460917862246
fabart,250,5.521460917862246
fabart,250,5.521460917862246
fabart,250,5.521460917862246
fabart,250,5.521460917862246
fabart,250,5.521460917862246
fabart,250,5.521460917862246
fabart,250,5.521460917862246
fabart,250,5.521460917862246
fabart,250,5.521460917862246
fabart,250,5.521460917862246
fabart,250,5.521460917862246
fabart,250,5.521460917862246
handmade,250,5.521460917862246
handmade,150,5.0106352940962555
fabart,250,5.521460917862246
fabart,250,5.521460917862246
handmade,250,5.521460917862246
fabart,250,5.521460917862246
fabart,250,5.521460917862246
fabart,250,5.521460917862246
fabart,250,5.521460917862246
fabart,250,5.521460917862246
fabart,250,5.521460917862246
fabart,250,5.521460917862246
fabart,250,5.521460917862246
fabart,250,5.521460917862246
handmade,250,5.521460917862246
fabart,250,5.521460917862246
fabart,250,5.521460917862246
fabart,250,5.521460917862246
fabart,250,5.521460917862246
fabart,250,5.521460917862246
fabart,250,5.521460917862246
fabart,250,5.521460917862246
fabart,250,5.521460917862246
fabart,250,5.521460917862246
fabart,250,5.521460917862246
fabart,250,5.521460917862246
fabart,250,5.521460917862246
fabart,250,5.521460917862246
fabart,250,5.521460917862246
handmade,150,5.0106352940962555
fabart,250,5.521460917862246
fabart,250,5.521460917862246
fabart,250,5.521460917862246
fabart,250,5.521460917862246
fabart,250,5.521460917862246
fabart,250,5.521460917862246
fabart,250,5.521460917862246
fabart,250,5.521460917862246
fabart,250,5.521460917862246
fabart,250,5.521460917862246
fabart,250,5.521460917862246
fabart,250,5.521460917862246
fabart,250,5.521460917862246
handmade,150,5.0106352940962555
fabart,250,5.521460917862246
handmade,150,5.0106352940962555
fabart,250,5.521460917862246
fabart,250,5.521460917862246
fabart,250,5.521460917862246
fabart,250,5.521460917862246
handmade,290,5.66988092298052
fabart,250,5.521460917862246
fabart,250,5.521460917862246
fabart,250,5.521460917862246
fabart,250,5.521460917862246
fabart,250,5.521460917862246
fabart,250,5.521460917862246
fabart,250,5.521460917862246
fabart,250,5.521460917862246
fabart,250,5.521460917862246
fabart,250,5.521460917862246
fabart,250,5.521460917862246
fabart,250,5.521460917862246
fabart,250,5.521460917862246
fabart,250,5.521460917862246
handmade,150,5.0106352940962555
fabart,250,5.521460917862246
fabart,250,5.521460917862246
fabart,250,5.521460917862246
fabart,250,5.521460917862246
fabart,250,5.521460917862246
fabart,250,5.521460917862246
fabart,250,5.521460917862246
fabart,250,5.521460917862246
fabart,250,5.521460917862246
fabart,250,5.521460917862246
fabart,250,5.521460917862246
fabart,250,5.521460917862246
fabart,250,5.521460917862246
fabart,250,5.521460917862246
fabart,250,5.521460917862246
fabart,250,5.521460917862246
fabart,250,5.521460917862246
fabart,250,5.521460917862246
handmade,150,5.0106352940962555
fabart,250,5.521460917862246
fabart,250,5.521460917862246
fabart,250,5.521460917862246
handmade,150,5.0106352940962555
fabart,250,5.521460917862246
fabart,250,5.521460917862246
handmade,250,5.521460917862246
handmade,150,5.0106352940962555
fabart,250,5.521460917862246
fabart,250,5.521460917862246
fabart,250,5.521460917862246
fabart,250,5.521460917862246
fabart,250,5.521460917862246
fabart,250,5.521460917862246
fabart,250,5.521460917862246
fabart,250,5.521460917862246
fabart,250,5.521460917862246
handmade,150,5.0106352940962555
fabart,250,5.521460917862246
handmade,190,5.247024072160486
handmade,350,5.857933154483459
handmade,350,5.857933154483459
handmade,350,5.857933154483459
handmade,350,5.857933154483459
handmade,350,5.857933154483459
bead work,350,5.857933154483459
handmade,190,5.247024072160486
handmade,350,5.857933154483459
oxidised metal craft,390,5.966146739123692
handmade,390,5.966146739123692
handmade,350,5.857933154483459
bead work,350,5.857933154483459
bead work,350,5.857933154483459
handmade,290,5.66988092298052
handmade,350,5.857933154483459
handmade,350,5.857933154483459
handmade,190,5.247024072160486
handmade,350,5.857933154483459
handmade,190,5.247024072160486
oxidised metal craft,390,5.966146739123692
handmade,190,5.247024072160486
handmade,290,5.66988092298052
handmade,190,5.247024072160486
bead work,350,5.857933154483459
handmade,350,5.857933154483459
bead work,350,5.857933154483459
handmade,190,5.247024072160486
handmade,390,5.966146739123692
handmade,350,5.857933154483459
handmade,350,5.857933154483459
handmade,190,5.247024072160486
handmade,390,5.966146739123692
handmade,350,5.857933154483459
handmade,390,5.966146739123692
handmade,350,5.857933154483459
handmade,290,5.66988092298052
handmade,350,5.857933154483459
handmade,290,5.66988092298052
handmade,290,5.66988092298052
handmade,350,5.857933154483459
oxidised metal craft,490,6.194405391104672
handmade,190,5.247024072160486
handmade,350,5.857933154483459
handmade,350,5.857933154483459
handmade,350,5.857933154483459
handmade,190,5.247024072160486
handmade,350,5.857933154483459
handmade,350,5.857933154483459
handmade,390,5.966146739123692
handmade,350,5.857933154483459
handmade,390,5.966146739123692
oxidised metal craft,390,5.966146739123692
handmade,350,5.857933154483459
handmade,350,5.857933154483459
bead work,350,5.857933154483459
handmade,350,5.857933154483459
handmade,350,5.857933154483459
handmade,350,5.857933154483459
oxidised metal craft,390,5.966146739123692
handmade,290,5.66988092298052
oxidised metal craft,390,5.966146739123692
handmade,350,5.857933154483459
handmade,290,5.66988092298052
handmade,350,5.857933154483459
handmade,290,5.66988092298052
handmade,350,5.857933154483459
handmade,350,5.857933154483459
handmade,350,5.857933154483459
handmade,290,5.66988092298052
handmade,390,5.966146739123692
handmade,350,5.857933154483459
handmade,350,5.857933154483459
handmade,190,5.247024072160486
handmade,290,5.66988092298052
handmade,390,5.966146739123692
handmade,190,5.247024072160486
handmade,350,5.857933154483459
handmade,350,5.857933154483459
bead work,350,5.857933154483459
handmade,350,5.857933154483459
handmade,350,5.857933154483459
bead work,350,5.857933154483459
handmade,350,5.857933154483459
handmade,350,5.857933154483459
handmade,350,5.857933154483459
bead work,350,5.857933154483459
handmade,390,5.966146739123692
handmade,350,5.857933154483459
bead work,350,5.857933154483459
bead work,350,5.857933154483459
handmade,350,5.857933154483459
bead work,350,5.857933154483459
handmade,390,5.966146739123692
handmade,290,5.66988092298052
handmade,390,5.966146739123692
handmade,350,5.857933154483459
handmade,190,5.247024072160486
handmade,390,5.966146739123692
handmade,350,5.857933154483459
handmade,350,5.857933154483459
handmade,350,5.857933154483459
handmade,350,5.857933154483459
handmade,350,5.857933154483459
handmade,350,5.857933154483459
handmade,390,5.966146739123692
fabart,350,5.857933154483459
handmade,290,5.66988092298052
handmade,350,5.857933154483459
handmade,290,5.66988092298052
handmade,390,5.966146739123692
bead work,350,5.857933154483459
bead work,350,5.857933154483459
handmade,390,5.966146739123692
handmade,390,5.966146739123692
handmade,350,5.857933154483459
handmade,390,5.966146739123692
bead work,350,5.857933154483459
handmade,350,5.857933154483459
handmade,350,5.857933154483459
handmade,350,5.857933154483459
handmade,350,5.857933154483459
handmade,390,5.966146739123692
handmade,350,5.857933154483459
handmade,350,5.857933154483459
handmade,350,5.857933154483459
handmade,190,5.247024072160486
handmade,190,5.247024072160486
handmade,350,5.857933154483459
handmade,350,5.857933154483459
handmade,350,5.857933154483459
handmade,350,5.857933154483459
handmade,390,5.966146739123692
handmade,350,5.857933154483459
handmade,190,5.247024072160486
handmade,350,5.857933154483459
handmade,350,5.857933154483459
handmade,350,5.857933154483459
handmade,350,5.857933154483459
handmade,190,5.247024072160486
handmade,350,5.857933154483459
handmade,350,5.857933154483459
handmade,350,5.857933154483459
handmade,350,5.857933154483459
handmade,350,5.857933154483459
handmade,350,5.857933154483459
handmade,390,5.966146739123692
oxidised metal craft,390,5.966146739123692
oxidised metal craft,390,5.966146739123692
handmade,290,5.66988092298052
handmade,290,5.66988092298052
bead work,350,5.857933154483459
handmade,190,5.247024072160486
handmade,350,5.857933154483459
bead work,350,5.857933154483459
handmade,350,5.857933154483459
handmade,350,5.857933154483459
handmade,350,5.857933154483459
handmade,190,5.247024072160486
handmade,390,5.966146739123692
handmade,390,5.966146739123692
handmade,350,5.857933154483459
handmade,350,5.857933154483459
bead work,350,5.857933154483459
handmade,190,5.247024072160486
handmade,350,5.857933154483459
handmade,290,5.66988092298052
handmade,350,5.857933154483459
bead work,350,5.857933154483459
handmade,350,5.857933154483459
handmade,350,5.857933154483459
handmade,350,5.857933154483459
handmade,350,5.857933154483459
handmade,350,5.857933154483459
handmade,350,5.857933154483459
fabart,350,5.857933154483459
oxidised metal craft,390,5.966146739123692
handmade,350,5.857933154483459
handmade,390,5.966146739123692
handmade,290,5.66988092298052
handmade,190,5.247024072160486
handmade,390,5.966146739123692
handmade,290,5.66988092298052
handmade,290,5.66988092298052
handmade,350,5.857933154483459
handmade,290,5.66988092298052
handmade,290,5.66988092298052
handmade,350,5.857933154483459
handmade,190,5.247024072160486
handmade,350,5.857933154483459
handmade,350,5.857933154483459
handmade,390,5.966146739123692
bead work,350,5.857933154483459
handmade,350,5.857933154483459
handmade,350,5.857933154483459
bead work,350,5.857933154483459
handmade,290,5.66988092298052
handmade,350,5.857933154483459
oxidised metal craft,350,5.857933154483459
bead work,350,5.857933154483459
handmade,350,5.857933154483459
handmade,350,5.857933154483459
handmade,350,5.857933154483459
handmade,390,5.966146739123692
handmade,190,5.247024072160486
bead work,350,5.857933154483459
handmade,390,5.966146739123692
handmade,350,5.857933154483459
handmade,290,5.66988092298052
bead work,350,5.857933154483459
handmade,350,5.857933154483459
bead work,350,5.857933154483459
handmade,190,5.247024072160486
handmade,350,5.857933154483459
handmade,390,5.966146739123692
bead work,350,5.857933154483459
handmade,350,5.857933154483459
handmade,350,5.857933154483459
handmade,350,5.857933154483459
handmade,290,5.66988092298052
oxidised metal craft,390,5.966146739123692
bead work,350,5.857933154483459
handmade,390,5.966146739123692
handmade,350,5.857933154483459
handmade,350,5.857933154483459
fabart,450,6.1092475827643655
fabart,350,5.857933154483459
fabart,490,6.194405391104672
fabart,350,5.857933154483459
oxidised metal craft,390,5.966146739123692
fabart,450,6.1092475827643655
fabart,350,5.857933154483459
fabart,450,6.1092475827643655
fabart,350,5.857933154483459
fabart,450,6.1092475827643655
fabart,490,6.194405391104672
fabart,450,6.1092475827643655
fabart,450,6.1092475827643655
fabart,450,6.1092475827643655
fabart,450,6.1092475827643655
fabart,490,6.194405391104672
fabart,350,5.857933154483459
fabart,350,5.857933154483459
fabart,450,6.1092475827643655
fabart,350,5.857933154483459
fabart,350,5.857933154483459
fabart,490,6.194405391104672
fabart,490,6.194405391104672
fabart,350,5.857933154483459
fabart,350,5.857933154483459
handmade,390,5.966146739123692
fabart,490,6.194405391104672
fabart,490,6.194405391104672
fabart,450,6.1092475827643655
fabart,450,6.1092475827643655
fabart,490,6.194405391104672
fabart,450,6.1092475827643655
oxidised metal craft,390,5.966146739123692
oxidised metal craft,460,6.131226489483141
fabart,490,6.194405391104672
fabart,450,6.1092475827643655
fabart,450,6.1092475827643655
fabart,450,6.1092475827643655
oxidised metal craft,590,6.380122536899765
fabart,450,6.1092475827643655
fabart,350,5.857933154483459
fabart,490,6.194405391104672
fabart,450,6.1092475827643655
oxidised metal craft,590,6.380122536899765
bead work,350,5.857933154483459
fabart,350,5.857933154483459
bead work,350,5.857933154483459
fabart,450,6.1092475827643655
fabart,490,6.194405391104672
fabart,350,5.857933154483459
fabart,450,6.1092475827643655
fabart,350,5.857933154483459
fabart,450,6.1092475827643655
fabart,450,6.1092475827643655
fabart,490,6.194405391104672
fabart,450,6.1092475827643655
fabart,490,6.194405391104672
fabart,490,6.194405391104672
fabart,350,5.857933154483459
fabart,450,6.1092475827643655
fabart,450,6.1092475827643655
fabart,450,6.1092475827643655
fabart,450,6.1092475827643655
fabart,450,6.1092475827643655
fabart,350,5.857933154483459
handmade,390,5.966146739123692
oxidised metal craft,450,6.1092475827643655
fabart,450,6.1092475827643655
fabart,490,6.194405391104672
bead work,350,5.857933154483459
fabart,490,6.194405391104672
fabart,490,6.194405391104672
fabart,350,5.857933154483459
handmade,390,5.966146739123692
fabart,450,6.1092475827643655
fabart,450,6.1092475827643655
fabart,450,6.1092475827643655
fabart,350,5.857933154483459
fabart,450,6.1092475827643655
bead work,350,5.857933154483459
fabart,350,5.857933154483459
fabart,350,5.857933154483459
fabart,350,5.857933154483459
fabart,450,6.1092475827643655
fabart,350,5.857933154483459
fabart,450,6.1092475827643655
fabart,450,6.1092475827643655
fabart,450,6.1092475827643655
fabart,350,5.857933154483459
fabart,450,6.1092475827643655
fabart,490,6.194405391104672
fabart,450,6.1092475827643655
fabart,450,6.1092475827643655
fabart,450,6.1092475827643655
fabart,450,6.1092475827643655
fabart,450,6.1092475827643655
fabart,450,6.1092475827643655
fabart,450,6.1092475827643655
fabart,490,6.194405391104672
fabart,350,5.857933154483459
fabart,490,6.194405391104672
fabart,350,5.857933154483459
fabart,350,5.857933154483459
fabart,450,6.1092475827643655
fabart,490,6.194405391104672
fabart,450,6.1092475827643655
fabart,450,6.1092475827643655
fabart,490,6.194405391104672
fabart,450,6.1092475827643655
bead work,350,5.857933154483459
oxidised metal craft,450,6.1092475827643655
fabart,350,5.857933154483459
fabart,450,6.1092475827643655
fabart,350,5.857933154483459
fabart,490,6.194405391104672
fabart,350,5.857933154483459
fabart,350,5.857933154483459
fabart,490,6.194405391104672
fabart,450,6.1092475827643655
fabart,450,6.1092475827643655
fabart,350,5.857933154483459
fabart,350,5.857933154483459
fabart,490,6.194405391104672
fabart,450,6.1092475827643655
fabart,450,6.1092475827643655
fabart,450,6.1092475827643655
fabart,450,6.1092475827643655
fabart,490,6.194405391104672
fabart,450,6.1092475827643655
fabart,450,6.1092475827643655
fabart,490,6.194405391104672
fabart,450,6.1092475827643655
fabart,350,5.857933154483459
fabart,350,5.857933154483459
fabart,490,6.194405391104672
fabart,450,6.1092475827643655
handmade,390,5.966146739123692
fabart,490,6.194405391104672
fabart,450,6.1092475827643655
fabart,350,5.857933154483459
fabart,450,6.1092475827643655
fabart,350,5.857933154483459
fabart,450,6.1092475827643655
fabart,490,6.194405391104672
fabart,350,5.857933154483459
fabart,490,6.194405391104672
fabart,350,5.857933154483459
fabart,450,6.1092475827643655
fabart,490,6.194405391104672
fabart,350,5.857933154483459
bead work,590,6.380122536899765
bead work,590,6.380122536899765
bead work,590,6.380122536899765
bead work,590,6.380122536899765
bead work,590,6.380122536899765
bead work,590,6.380122536899765
bead work,590,6.380122536899765
bead work,590,6.380122536899765
bead work,590,6.380122536899765
bead work,590,6.380122536899765
bead work,590,6.380122536899765
bead work,590,6.380122536899765
handmade,790,6.672032945461067
bead work,590,6.380122536899765
handmade,790,6.672032945461067
bead work,590,6.380122536899765
bead work,590,6.380122536899765
bead work,590,6.380122536899765
bead work,590,6.380122536899765
bead work,590,6.380122536899765
bead work,590,6.380122536899765
bead work,590,6.380122536899765
bead work,790,6.672032945461067
bead work,590,6.380122536899765
bead work,590,6.380122536899765
bead work,590,6.380122536899765
bead work,590,6.380122536899765
bead work,590,6.380122536899765
bead work,590,6.380122536899765
bead work,1100,7.003065458786462
bead work,1100,7.003065458786462
bead work,1100,7.003065458786462
handmade,1490,7.306531398939505
handmade,1490,7.306531398939505
handmade,1490,7.306531398939505
handmade,250,5.521460917862246
handmade,250,5.521460917862246
handmade,250,5.521460917862246
handmade,250,5.521460917862246
handmade,250,5.521460917862246
handmade,250,5.521460917862246
handmade,250,5.521460917862246
handmade,250,5.521460917862246
fabart,250,5.521460917862246
fabart,490,6.194405391104672
handmade,390,5.966146739123692
fabart,250,5.521460917862246
handmade,350,5.857933154483459
sanganeri block printing,250,5.521460917862246
sanganeri block printing,250,5.521460917862246
handmade,350,5.857933154483459
handmade,390,5.966146739123692
fabart,250,5.521460917862246
handmade,390,5.966146739123692
handmade,350,5.857933154483459
fabart,450,6.1092475827643655
fabart,250,5.521460917862246
handmade,250,5.521460917862246
fabart,250,5.521460917862246
handmade,390,5.966146739123692
fabart,250,5.521460917862246
fabart,450,6.1092475827643655
fabart,250,5.521460917862246
handmade,390,5.966146739123692
fabart,250,5.521460917862246
handmade,390,5.966146739123692
fabart,450,6.1092475827643655
fabart,290,5.66988092298052
fabart,250,5.521460917862246
fabart,250,5.521460917862246
fabart,490,6.194405391104672
handmade,250,5.521460917862246
handmade,390,5.966146739123692
sanganeri block printing,250,5.521460917862246
handmade,390,5.966146739123692
fabart,250,5.521460917862246
fabart,250,5.521460917862246
fabart,290,5.66988092298052
fabart,450,6.1092475827643655
fabart,250,5.521460917862246
handmade,350,5.857933154483459
handmade,350,5.857933154483459
sanganeri block printing,250,5.521460917862246
sanganeri block printing,250,5.521460917862246
handmade,390,5.966146739123692
fabart,250,5.521460917862246
fabart,250,5.521460917862246
handmade,390,5.966146739123692
fabart,450,6.1092475827643655
handmade,350,5.857933154483459
handmade,250,5.521460917862246
fabart,450,6.1092475827643655
fabart,250,5.521460917862246
fabart,250,5.521460917862246
fabart,250,5.521460917862246
fabart,250,5.521460917862246
fabart,290,5.66988092298052
fabart,250,5.521460917862246
handmade,390,5.966146739123692
fabart,290,5.66988092298052
sanganeri block printing,250,5.521460917862246
fabart,250,5.521460917862246
handmade,350,5.857933154483459
fabart,250,5.521460917862246
fabart,450,6.1092475827643655
fabart,250,5.521460917862246
fabart,250,5.521460917862246
sanganeri block printing,250,5.521460917862246
fabart,250,5.521460917862246
bead work,290,5.66988092298052
handmade,350,5.857933154483459
handmade,250,5.521460917862246
sanganeri block printing,250,5.521460917862246
fabart,250,5.521460917862246
fabart,250,5.521460917862246
bead work,290,5.66988092298052
handmade,390,5.966146739123692
fabart,450,6.1092475827643655
fabart,490,6.194405391104672
fabart,250,5.521460917862246
fabart,490,6.194405391104672
handmade,390,5.966146739123692
handmade,390,5.966146739123692
fabart,250,5.521460917862246
handmade,390,5.966146739123692
fabart,450,6.1092475827643655
fabart,250,5.521460917862246
fabart,250,5.521460917862246
handmade,390,5.966146739123692
sanganeri block printing,250,5.521460917862246
fabart,250,5.521460917862246
fabart,250,5.521460917862246
fabart,250,5.521460917862246
handmade,250,5.521460917862246
handmade,250,5.521460917862246
fabart,450,6.1092475827643655
fabart,250,5.521460917862246
fabart,250,5.521460917862246
bead work,290,5.66988092298052
handmade,390,5.966146739123692
sanganeri block printing,250,5.521460917862246
handmade,390,5.966146739123692
sanganeri block printing,250,5.521460917862246
handmade,350,5.857933154483459
fabart,250,5.521460917862246
fabart,250,5.521460917862246
sanganeri block printing,250,5.521460917862246
handmade,390,5.966146739123692
fabart,450,6.1092475827643655
handmade,390,5.966146739123692
handmade,390,5.966146739123692
fabart,250,5.521460917862246
handmade,390,5.966146739123692
fabart,250,5.521460917862246
fabart,250,5.521460917862246
handmade,250,5.521460917862246
sanganeri block printing,250,5.521460917862246
handmade,350,5.857933154483459
fabart,450,6.1092475827643655
handmade,390,5.966146739123692
fabart,490,6.194405391104672
fabart,490,6.194405391104672
handmade,390,5.966146739123692
fabart,450,6.1092475827643655
fabart,250,5.521460917862246
fabart,250,5.521460917862246
fabart,250,5.521460917862246
fabart,250,5.521460917862246
sanganeri block printing,250,5.521460917862246
fabart,290,5.66988092298052
fabart,250,5.521460917862246
fabart,250,5.521460917862246
fabart,250,5.521460917862246
handmade,390,5.966146739123692
fabart,250,5.521460917862246
handmade,390,5.966146739123692
fabart,490,6.194405391104672
handmade,390,5.966146739123692
fabart,250,5.521460917862246
fabart,250,5.521460917862246
handmade,350,5.857933154483459
sanganeri block printing,250,5.521460917862246
handmade,350,5.857933154483459
fabart,250,5.521460917862246
fabart,250,5.521460917862246
fabart,250,5.521460917862246
fabart,490,6.194405391104672
fabart,250,5.521460917862246
fabart,250,5.521460917862246
fabart,250,5.521460917862246
fabart,250,5.521460917862246
fabart,450,6.1092475827643655
handmade,390,5.966146739123692
fabart,250,5.521460917862246
handmade,350,5.857933154483459
fabart,490,6.194405391104672
fabart,250,5.521460917862246
fabart,250,5.521460917862246
handmade,250,5.521460917862246
sanganeri block printing,250,5.521460917862246
fabart,250,5.521460917862246
fabart,250,5.521460917862246
fabart,250,5.521460917862246
sanganeri block printing,250,5.521460917862246
handmade,390,5.966146739123692
fabart,450,6.1092475827643655
fabart,250,5.521460917862246
fabart,250,5.521460917862246
fabart,250,5.521460917862246
fabart,250,5.521460917862246
fabart,450,6.1092475827643655
fabart,250,5.521460917862246
handmade,390,5.966146739123692
fabart,250,5.521460917862246
handmade,390,5.966146739123692
fabart,250,5.521460917862246
fabart,250,5.521460917862246
fabart,490,6.194405391104672
fabart,290,5.66988092298052
fabart,290,5.66988092298052
handmade,250,5.521460917862246
handmade,390,5.966146739123692
fabart,250,5.521460917862246
fabart,250,5.521460917862246
fabart,250,5.521460917862246
handmade,390,5.966146739123692
handmade,390,5.966146739123692
handmade,350,5.857933154483459
fabart,250,5.521460917862246
fabart,250,5.521460917862246
fabart,250,5.521460917862246
sanganeri block printing,250,5.521460917862246
handmade,390,5.966146739123692
fabart,250,5.521460917862246
sanganeri block printing,250,5.521460917862246
fabart,250,5.521460917862246
fabart,250,5.521460917862246
sanganeri block printing,250,5.521460917862246
fabart,250,5.521460917862246
fabart,250,5.521460917862246
fabart,250,5.521460917862246
handmade,250,5.521460917862246
handmade,390,5.966146739123692
fabart,250,5.521460917862246
fabart,250,5.521460917862246
handmade,390,5.966146739123692
fabart,250,5.521460917862246
fabart,290,5.66988092298052
fabart,250,5.521460917862246
fabart,250,5.521460917862246
handmade,350,5.857933154483459
handmade,390,5.966146739123692
fabart,450,6.1092475827643655
fabart,250,5.521460917862246
fabart,250,5.521460917862246
handmade,390,5.966146739123692
fabart,250,5.521460917862246
handmade,390,5.966146739123692
handmade,350,5.857933154483459
fabart,250,5.521460917862246
handmade,390,5.966146739123692
handmade,390,5.966146739123692
fabart,250,5.521460917862246
handmade,390,5.966146739123692
fabart,250,5.521460917862246
fabart,250,5.521460917862246
handmade,350,5.857933154483459
fabart,450,6.1092475827643655
fabart,250,5.521460917862246
fabart,250,5.521460917862246
fabart,450,6.1092475827643655
fabart,250,5.521460917862246
handmade,350,5.857933154483459
fabart,250,5.521460917862246
handmade,350,5.857933154483459
handmade,350,5.857933154483459
fabart,250,5.521460917862246
fabart,450,6.1092475827643655
handmade,390,5.966146739123692
sanganeri block printing,250,5.521460917862246
fabart,250,5.521460917862246
fabart,250,5.521460917862246
fabart,250,5.521460917862246
handmade,390,5.966146739123692
fabart,250,5.521460917862246
fabart,450,6.1092475827643655
fabart,250,5.521460917862246
handmade,390,5.966146739123692
fabart,250,5.521460917862246
fabart,250,5.521460917862246
oxidised metal craft,590,6.380122536899765
oxidised metal craft,420,6.040254711277414
oxidised metal craft,390,5.966146739123692
oxidised metal craft,390,5.966146739123692
oxidised metal craft,250,5.521460917862246
oxidised metal craft,250,5.521460917862246
oxidised metal craft,420,6.040254711277414
oxidised metal craft,390,5.966146739123692
oxidised metal craft,390,5.966146739123692
oxidised metal craft,250,5.521460917862246
oxidised metal craft,250,5.521460917862246
oxidised metal craft,250,5.521460917862246
oxidised metal craft,250,5.521460917862246
oxidised metal craft,250,5.521460917862246
oxidised metal craft,250,5.521460917862246
oxidised metal craft,250,5.521460917862246
oxidised metal craft,250,5.521460917862246
oxidised metal craft,250,5.521460917862246
oxidised metal craft,250,5.521460917862246
oxidised metal craft,250,5.521460917862246
oxidised metal craft,250,5.521460917862246
oxidised metal craft,420,6.040254711277414
oxidised metal craft,420,6.040254711277414
fabart,590,6.380122536899765
fabart,590,6.380122536899765
handmade,690,6.536691597591305
oxidised metal craft,790,6.672032945461067
oxidised metal craft,690,6.536691597591305
oxidised metal craft,690,6.536691597591305
oxidised metal craft,790,6.672032945461067
oxidised metal craft,690,6.536691597591305
oxidised metal craft,790,6.672032945461067
bead work,790,6.672032945461067
fabart,590,6.380122536899765
fabart,590,6.380122536899765
fabart,590,6.380122536899765
fabart,590,6.380122536899765
bead work,790,6.672032945461067
bead work,790,6.672032945461067
handmade,690,6.536691597591305
handmade,690,6.536691597591305
handmade,690,6.536691597591305
oxidised metal craft,690,6.536691597591305
oxidised metal craft,690,6.536691597591305
oxidised metal craft,690,6.536691597591305
oxidised metal craft,690,6.536691597591305
oxidised metal craft,690,6.536691597591305
oxidised metal craft,690,6.536691597591305
oxidised metal craft,690,6.536691597591305
oxidised metal craft,690,6.536691597591305
fabart,590,6.380122536899765
fabart,590,6.380122536899765
fabart,590,6.380122536899765
fabart,590,6.380122536899765
handmade,690,6.536691597591305
fabart,590,6.380122536899765
oxidised metal craft,690,6.536691597591305
fabart,590,6.380122536899765
oxidised metal craft,690,6.536691597591305
bead work,1290,7.162397497355718
fabart,590,6.380122536899765
fabart,590,6.380122536899765
fabart,590,6.380122536899765
fabart,590,6.380122536899765
fabart,590,6.380122536899765
fabart,590,6.380122536899765
bead work,790,6.672032945461067
oxidised metal craft,790,6.672032945461067
bead work,1290,7.162397497355718
bead work,1290,7.162397497355718
bead work,1290,7.162397497355718
bead work,1290,7.162397497355718
bead work,1290,7.162397497355718
bead work,1290,7.162397497355718
bead work,1290,7.162397497355718
bead work,1290,7.162397497355718
fabart,590,6.380122536899765
fabart,590,6.380122536899765
fabart,590,6.380122536899765
fabart,590,6.380122536899765
fabart,590,6.380122536899765
fabart,590,6.380122536899765
fabart,590,6.380122536899765
fabart,590,6.380122536899765
fabart,590,6.380122536899765
fabart,590,6.380122536899765
fabart,590,6.380122536899765
fabart,590,6.380122536899765
fabart,590,6.380122536899765
fabart,590,6.380122536899765
fabart,590,6.380122536899765
fabart,590,6.380122536899765
fabart,590,6.380122536899765
fabart,590,6.380122536899765
fabart,590,6.380122536899765
fabart,590,6.380122536899765
fabart,590,6.380122536899765
fabart,590,6.380122536899765
fabart,590,6.380122536899765
fabart,590,6.380122536899765
fabart,590,6.380122536899765
fabart,590,6.380122536899765
oxidised metal craft,690,6.536691597591305
oxidised metal craft,690,6.536691597591305
oxidised metal craft,690,6.536691597591305
bead work,590,6.380122536899765
bead work,850,6.745236349484363
bead work,1850,7.52294091807237
oxidised metal craft,590,6.380122536899765
bead work,290,5.66988092298052
handmade,150,5.0106352940962555
bead work,350,5.857933154483459
bead work,350,5.857933154483459
bead work,390,5.966146739123692
bead work,290,5.66988092298052
bead work,450,6.1092475827643655
bead work,250,5.521460917862246
bead work,290,5.66988092298052
bead work,490,6.194405391104672
fabart,450,6.1092475827643655
bead work,350,5.857933154483459
bead work,390,5.966146739123692
bead work,290,5.66988092298052
oxidised metal craft,490,6.194405391104672
bead work,250,5.521460917862246
bead work,750,6.620073206530356
fabart,590,6.380122536899765
bead work,1290,7.162397497355718
bead work,1190,7.081708586105575
handmade,490,6.194405391104672
bead work,390,5.966146739123692
bead work,350,5.857933154483459
bead work,450,6.1092475827643655
bead work,290,5.66988092298052
handmade,290,5.66988092298052
bead work,290,5.66988092298052
bead work,450,6.1092475827643655
bead work,290,5.66988092298052
bead work,320,5.768320995793772
bead work,390,5.966146739123692
oxidised metal craft,420,6.040254711277414
handmade,450,6.1092475827643655
handmade,290,5.66988092298052
oxidised metal craft,490,6.194405391104672
oxidised metal craft,450,6.1092475827643655
bead work,690,6.536691597591305
bead work,1190,7.081708586105575
bead work,1190,7.081708586105575
bead work,1190,7.081708586105575
bead work,490,6.194405391104672
bead work,620,6.429719478039138
fabart,590,6.380122536899765
bead work,450,6.1092475827643655
bead work,450,6.1092475827643655
handmade,250,5.521460917862246
handmade,290,5.66988092298052
bead work,390,5.966146739123692
bead work,450,6.1092475827643655
fabart,390,5.966146739123692
bead work,390,5.966146739123692
fabart,390,5.966146739123692
handmade,450,6.1092475827643655
bead work,490,6.194405391104672
oxidised metal craft,490,6.194405391104672
oxidised metal craft,450,6.1092475827643655
oxidised metal craft,450,6.1092475827643655
bead work,250,5.521460917862246
handmade,490,6.194405391104672
bead work,420,6.040254711277414
oxidised metal craft,690,6.536691597591305
bead work,450,6.1092475827643655
bead work,490,6.194405391104672
bead work,290,5.66988092298052
bead work,290,5.66988092298052
bead work,390,5.966146739123692
bead work,350,5.857933154483459
bead work,320,5.768320995793772
bead work,290,5.66988092298052
oxidised metal craft,690,6.536691597591305
handmade,690,6.536691597591305
bead work,690,6.536691597591305
bead work,690,6.536691597591305
handmade,690,6.536691597591305
handmade,690,6.536691597591305
handmade,690,6.536691597591305
handmade,690,6.536691597591305
handmade,690,6.536691597591305
handmade,690,6.536691597591305
handmade,450,6.1092475827643655
bead work,450,6.1092475827643655
bead work,620,6.429719478039138
oxidised metal craft,590,6.380122536899765
oxidised metal craft,590,6.380122536899765
fabart,390,5.966146739123692
bead work,550,6.309918278226516
handmade,490,6.194405391104672
oxidised metal craft,490,6.194405391104672
handmade,490,6.194405391104672
handmade,490,6.194405391104672
oxidised metal craft,490,6.194405391104672
bead work,450,6.1092475827643655
bead work,450,6.1092475827643655
bead work,450,6.1092475827643655
handmade,450,6.1092475827643655
bead work,450,6.1092475827643655
bead work,450,6.1092475827643655
bead work,450,6.1092475827643655
bead work,450,6.1092475827643655
bead work,450,6.1092475827643655
oxidised metal craft,450,6.1092475827643655
oxidised metal craft,450,6.1092475827643655
fabart,450,6.1092475827643655
handmade,450,6.1092475827643655
handmade,450,6.1092475827643655
handmade,450,6.1092475827643655
handmade,450,6.1092475827643655
bead work,450,6.1092475827643655
bead work,450,6.1092475827643655
oxidised metal craft,590,6.380122536899765
oxidised metal craft,590,6.380122536899765
handmade,290,5.66988092298052
bead work,390,5.966146739123692
bead work,390,5.966146739123692
fabart,390,5.966146739123692
fabart,390,5.966146739123692
fabart,390,5.966146739123692
bead work,390,5.966146739123692
bead work,350,5.857933154483459
bead work,350,5.857933154483459
bead work,250,5.521460917862246
bead work,250,5.521460917862246
handmade,250,5.521460917862246
handmade,150,5.0106352940962555
bead work,790,6.672032945461067
bead work,790,6.672032945461067
bead work,790,6.672032945461067
bead work,790,6.672032945461067
bead work,790,6.672032945461067
bead work,1290,7.162397497355718
bead work,1290,7.162397497355718
bead work,1290,7.162397497355718
bead work,1290,7.162397497355718
bead work,1290,7.162397497355718
bead work,1290,7.162397497355718
bead work,1290,7.162397497355718
bead work,1290,7.162397497355718
bead work,1290,7.162397497355718
bead work,1290,7.162397497355718
bead work,1290,7.162397497355718
bead work,1290,7.162397497355718
bead work,1290,7.162397497355718
fabart,590,6.380122536899765
fabart,590,6.380122536899765
fabart,590,6.380122536899765
fabart,590,6.380122536899765
fabart,590,6.380122536899765
fabart,590,6.380122536899765
fabart,590,6.380122536899765
fabart,590,6.380122536899765
fabart,590,6.380122536899765
fabart,590,6.380122536899765
fabart,590,6.380122536899765
fabart,590,6.380122536899765
fabart,590,6.380122536899765
fabart,590,6.380122536899765
fabart,590,6.380122536899765
fabart,590,6.380122536899765
fabart,590,6.380122536899765
fabart,590,6.380122536899765
fabart,590,6.380122536899765
fabart,590,6.380122536899765
fabart,590,6.380122536899765
fabart,590,6.380122536899765
fabart,590,6.380122536899765
fabart,590,6.380122536899765
fabart,590,6.380122536899765
fabart,590,6.380122536899765
fabart,590,6.380122536899765
fabart,590,6.380122536899765
fabart,590,6.380122536899765
fabart,590,6.380122536899765
fabart,590,6.380122536899765
fabart,590,6.380122536899765
fabart,590,6.380122536899765
fabart,590,6.380122536899765
fabart,590,6.380122536899765
fabart,590,6.380122536899765
fabart,590,6.380122536899765
fabart,590,6.380122536899765
fabart,590,6.380122536899765
fabart,590,6.380122536899765
fabart,590,6.380122536899765
fabart,590,6.380122536899765
fabart,590,6.380122536899765
fabart,590,6.380122536899765
fabart,590,6.380122536899765
fabart,590,6.380122536899765
fabart,590,6.380122536899765
fabart,590,6.380122536899765
fabart,590,6.380122536899765
fabart,590,6.380122536899765
bead work,1190,7.081708586105575
bead work,490,6.194405391104672
bead work,490,6.194405391104672
bead work,490,6.194405391104672
bead work,490,6.194405391104672
bead work,490,6.194405391104672
bead work,490,6.194405391104672
bead work,490,6.194405391104672
bead work,490,6.194405391104672
fabart,590,6.380122536899765
fabart,590,6.380122536899765
fabart,590,6.380122536899765
bead work,1190,7.081708586105575
bead work,1190,7.081708586105575
fabart,590,6.380122536899765
fabart,590,6.380122536899765
bead work,1190,7.081708586105575
bead work,1190,7.081708586105575
fabart,590,6.380122536899765
fabart,590,6.380122536899765
bead work,490,6.194405391104672
fabart,590,6.380122536899765
bead work,490,6.194405391104672
fabart,590,6.380122536899765
fabart,590,6.380122536899765
fabart,590,6.380122536899765
bead work,490,6.194405391104672
fabart,590,6.380122536899765
fabart,590,6.380122536899765
bead work,490,6.194405391104672
fabart,590,6.380122536899765
bead work,490,6.194405391104672
fabart,590,6.380122536899765
fabart,590,6.380122536899765
fabart,590,6.380122536899765
fabart,590,6.380122536899765
fabart,590,6.380122536899765
bead work,950,6.856461984594587
fabart,590,6.380122536899765
fabart,590,6.380122536899765
fabart,590,6.380122536899765
fabart,590,6.380122536899765
bead work,1390,7.237059026124737
fabart,590,6.380122536899765
fabart,590,6.380122536899765
fabart,590,6.380122536899765
fabart,590,6.380122536899765
fabart,590,6.380122536899765
bead work,950,6.856461984594587
fabart,590,6.380122536899765
fabart,590,6.380122536899765
fabart,590,6.380122536899765
fabart,590,6.380122536899765
fabart,590,6.380122536899765
fabart,590,6.380122536899765
oxidised metal craft,690,6.536691597591305
oxidised metal craft,690,6.536691597591305
oxidised metal craft,690,6.536691597591305
oxidised metal craft,690,6.536691597591305
oxidised metal craft,690,6.536691597591305
oxidised metal craft,690,6.536691597591305
handmade,690,6.536691597591305
bead work,690,6.536691597591305
bead work,690,6.536691597591305
bead work,690,6.536691597591305
handmade,690,6.536691597591305
handmade,690,6.536691597591305
handmade,690,6.536691597591305
handmade,690,6.536691597591305
handmade,690,6.536691597591305
handmade,690,6.536691597591305
handmade,690,6.536691597591305
handmade,690,6.536691597591305
handmade,690,6.536691597591305
handmade,690,6.536691597591305
handmade,290,5.66988092298052
handmade,290,5.66988092298052
handmade,290,5.66988092298052
handmade,290,5.66988092298052
handmade,290,5.66988092298052
bead work,620,6.429719478039138
handmade,490,6.194405391104672
handmade,490,6.194405391104672
handmade,250,5.521460917862246
handmade,490,6.194405391104672
handmade,290,5.66988092298052
handmade,290,5.66988092298052
handmade,490,6.194405391104672
handmade,490,6.194405391104672
handmade,490,6.194405391104672
handmade,490,6.194405391104672
handmade,390,5.966146739123692
handmade,290,5.66988092298052
handmade,490,6.194405391104672
handmade,290,5.66988092298052
handmade,250,5.521460917862246
bead work,620,6.429719478039138
bead work,850,6.745236349484363
bead work,450,6.1092475827643655
bead work,450,6.1092475827643655
bead work,450,6.1092475827643655
bead work,450,6.1092475827643655
bead work,450,6.1092475827643655
bead work,450,6.1092475827643655
bead work,450,6.1092475827643655
bead work,450,6.1092475827643655
bead work,450,6.1092475827643655
bead work,550,6.309918278226516
bead work,450,6.1092475827643655
handmade,490,6.194405391104672
handmade,490,6.194405391104672
oxidised metal craft,450,6.1092475827643655
oxidised metal craft,420,6.040254711277414
oxidised metal craft,420,6.040254711277414
oxidised metal craft,450,6.1092475827643655
oxidised metal craft,420,6.040254711277414
fabart,450,6.1092475827643655
fabart,450,6.1092475827643655
fabart,450,6.1092475827643655
bead work,450,6.1092475827643655
bead work,450,6.1092475827643655
bead work,450,6.1092475827643655
bead work,450,6.1092475827643655
bead work,450,6.1092475827643655
bead work,450,6.1092475827643655
bead work,450,6.1092475827643655
bead work,620,6.429719478039138
bead work,620,6.429719478039138
bead work,620,6.429719478039138
bead work,620,6.429719478039138
bead work,620,6.429719478039138
bead work,620,6.429719478039138
bead work,620,6.429719478039138
bead work,620,6.429719478039138
bead work,620,6.429719478039138
bead work,620,6.429719478039138
bead work,620,6.429719478039138
bead work,620,6.429719478039138
oxidised metal craft,420,6.040254711277414
fabart,450,6.1092475827643655
oxidised metal craft,490,6.194405391104672
oxidised metal craft,490,6.194405391104672
oxidised metal craft,490,6.194405391104672
oxidised metal craft,490,6.194405391104672
handmade,450,6.1092475827643655
handmade,450,6.1092475827643655
handmade,450,6.1092475827643655
handmade,450,6.1092475827643655
handmade,450,6.1092475827643655
handmade,450,6.1092475827643655
handmade,450,6.1092475827643655
oxidised metal craft,490,6.194405391104672
fabart,450,6.1092475827643655
oxidised metal craft,590,6.380122536899765
oxidised metal craft,590,6.380122536899765
oxidised metal craft,590,6.380122536899765
oxidised metal craft,590,6.380122536899765
oxidised metal craft,590,6.380122536899765
oxidised metal craft,590,6.380122536899765
oxidised metal craft,590,6.380122536899765
oxidised metal craft,590,6.380122536899765
oxidised metal craft,590,6.380122536899765
oxidised metal craft,590,6.380122536899765
oxidised metal craft,590,6.380122536899765
oxidised metal craft,590,6.380122536899765
oxidised metal craft,590,6.380122536899765
oxidised metal craft,590,6.380122536899765
oxidised metal craft,590,6.380122536899765
bead work,690,6.536691597591305
bead work,690,6.536691597591305
bead work,690,6.536691597591305
bead work,690,6.536691597591305
bead work,690,6.536691597591305
bead work,690,6.536691597591305
bead work,690,6.536691597591305
bead work,690,6.536691597591305
fabart,590,6.380122536899765
fabart,590,6.380122536899765
fabart,590,6.380122536899765
bead work,620,6.429719478039138
bead work,620,6.429719478039138
bead work,620,6.429719478039138
bead work,620,6.429719478039138
bead work,620,6.429719478039138
bead work,620,6.429719478039138
bead work,620,6.429719478039138
bead work,620,6.429719478039138
bead work,620,6.429719478039138
fabart,590,6.380122536899765
fabart,590,6.380122536899765
fabart,590,6.380122536899765
fabart,590,6.380122536899765
fabart,590,6.380122536899765
fabart,590,6.380122536899765
fabart,590,6.380122536899765
fabart,590,6.380122536899765
handmade,690,6.536691597591305
fabart,550,6.309918278226516
fabart,550,6.309918278226516
fabart,550,6.309918278226516
fabart,550,6.309918278226516
fabart,490,6.194405391104672
fabart,490,6.194405391104672
fabart,490,6.194405391104672
fabart,490,6.194405391104672
fabart,490,6.194405391104672
fabart,490,6.194405391104672
fabart,490,6.194405391104672
fabart,490,6.194405391104672
bead work,390,5.966146739123692
bead work,390,5.966146739123692
bead work,390,5.966146739123692
bead work,390,5.966146739123692
bead work,390,5.966146739123692
bead work,390,5.966146739123692
bead work,390,5.966146739123692
bead work,390,5.966146739123692
bead work,390,5.966146739123692
bead work,390,5.966146739123692
bead work,390,5.966146739123692
bead work,390,5.966146739123692
bead work,390,5.966146739123692
bead work,390,5.966146739123692
bead work,390,5.966146739123692
bead work,390,5.966146739123692
bead work,390,5.966146739123692
bead work,390,5.966146739123692
fabart,390,5.966146739123692
fabart,390,5.966146739123692
fabart,390,5.966146739123692
fabart,390,5.966146739123692
fabart,390,5.966146739123692
fabart,390,5.966146739123692
bead work,290,5.66988092298052
bead work,250,5.521460917862246
bead work,250,5.521460917862246
bead work,250,5.521460917862246
bead work,250,5.521460917862246
bead work,250,5.521460917862246
bead work,290,5.66988092298052
bead work,290,5.66988092298052
bead work,390,5.966146739123692
bead work,320,5.768320995793772
bead work,350,5.857933154483459
fabart,450,6.1092475827643655
fabart,450,6.1092475827643655
bead work,390,5.966146739123692
bead work,390,5.966146739123692
bead work,390,5.966146739123692
bead work,390,5.966146739123692
bead work,390,5.966146739123692
bead work,290,5.66988092298052
bead work,750,6.620073206530356
bead work,990,6.897704943128636
bead work,450,6.1092475827643655
bead work,490,6.194405391104672
bead work,290,5.66988092298052
bead work,390,5.966146739123692
bead work,390,5.966146739123692
bead work,390,5.966146739123692
bead work,990,6.897704943128636
bead work,290,5.66988092298052
oxidised metal craft,1190,7.081708586105575
fabart,490,6.194405391104672
bead work,290,5.66988092298052
fabart,490,6.194405391104672
fabart,490,6.194405391104672
oxidised metal craft,1250,7.1308988302963465
fabart,490,6.194405391104672
fabart,590,6.380122536899765
fabart,490,6.194405391104672
handmade,650,6.476972362889683
oxidised metal craft,1250,7.1308988302963465
fabart,590,6.380122536899765
bead work,590,6.380122536899765
fabart,590,6.380122536899765
bead work,390,5.966146739123692
fabart,590,6.380122536899765
fabart,590,6.380122536899765
bead work,390,5.966146739123692
bead work,490,6.194405391104672
fabart,590,6.380122536899765
fabart,590,6.380122536899765
oxidised metal craft,1390,7.237059026124737
fabart,590,6.380122536899765
handmade,590,6.380122536899765
fabart,590,6.380122536899765
oxidised metal craft,950,6.856461984594587
fabart,490,6.194405391104672
fabart,490,6.194405391104672
fabart,590,6.380122536899765
bead work,590,6.380122536899765
bead work,490,6.194405391104672
handmade,650,6.476972362889683
fabart,490,6.194405391104672
fabart,490,6.194405391104672
fabart,590,6.380122536899765
fabart,590,6.380122536899765
fabart,590,6.380122536899765
bead work,590,6.380122536899765
bead work,290,5.66988092298052
fabart,1390,7.237059026124737
fabart,490,6.194405391104672
handmade,590,6.380122536899765
fabart,590,6.380122536899765
bead work,290,5.66988092298052
oxidised metal craft,1250,7.1308988302963465
bead work,390,5.966146739123692
fabart,490,6.194405391104672
fabart,590,6.380122536899765
oxidised metal craft,1150,7.047517221357296
fabart,590,6.380122536899765
fabart,590,6.380122536899765
fabart,490,6.194405391104672
bead work,390,5.966146739123692
bead work,490,6.194405391104672
handmade,650,6.476972362889683
bead work,490,6.194405391104672
oxidised metal craft,1290,7.162397497355718
fabart,290,5.66988092298052
bead work,490,6.194405391104672
fabart,590,6.380122536899765
fabart,590,6.380122536899765
handmade,650,6.476972362889683
fabart,490,6.194405391104672
bead work,490,6.194405391104672
bead work,490,6.194405391104672
oxidised metal craft,1090,6.993932975223189
bead work,590,6.380122536899765
fabart,590,6.380122536899765
bead work,390,5.966146739123692
bead work,350,5.857933154483459
fabart,590,6.380122536899765
fabart,590,6.380122536899765
fabart,490,6.194405391104672
fabart,490,6.194405391104672
fabart,590,6.380122536899765
bead work,350,5.857933154483459
bead work,290,5.66988092298052
handmade,650,6.476972362889683
fabart,590,6.380122536899765
bead work,590,6.380122536899765
fabart,790,6.672032945461067
fabart,590,6.380122536899765
fabart,790,6.672032945461067
fabart,490,6.194405391104672
fabart,290,5.66988092298052
bead work,490,6.194405391104672
oxidised metal craft,450,6.1092475827643655
fabart,490,6.194405391104672
bead work,590,6.380122536899765
bead work,590,6.380122536899765
bead work,590,6.380122536899765
handmade,650,6.476972362889683
bead work,390,5.966146739123692
fabart,590,6.380122536899765
fabart,290,5.66988092298052
bead work,290,5.66988092298052
bead work,490,6.194405391104672
fabart,490,6.194405391104672
handmade,590,6.380122536899765
fabart,590,6.380122536899765
bead work,490,6.194405391104672
handmade,650,6.476972362889683
oxidised metal craft,1250,7.1308988302963465
fabart,490,6.194405391104672
oxidised metal craft,1490,7.306531398939505
oxidised metal craft,350,5.857933154483459
fabart,590,6.380122536899765
fabart,790,6.672032945461067
bead work,290,5.66988092298052
bead work,590,6.380122536899765
bead work,490,6.194405391104672
bead work,390,5.966146739123692
handmade,650,6.476972362889683
fabart,590,6.380122536899765
fabart,290,5.66988092298052
bead work,390,5.966146739123692
fabart,590,6.380122536899765
fabart,290,5.66988092298052
bead work,390,5.966146739123692
fabart,290,5.66988092298052
fabart,490,6.194405391104672
bead work,590,6.380122536899765
oxidised metal craft,1350,7.2078598714324755
fabart,290,5.66988092298052
bead work,290,5.66988092298052
fabart,590,6.380122536899765
bead work,590,6.380122536899765
oxidised metal craft,450,6.1092475827643655
handmade,350,5.857933154483459
bead work,450,6.1092475827643655
handmade,350,5.857933154483459
bead work,450,6.1092475827643655
handmade,350,5.857933154483459
oxidised metal craft,690,6.536691597591305
bead work,350,5.857933154483459
bead work,450,6.1092475827643655
bead work,450,6.1092475827643655
bead work,450,6.1092475827643655
bead work,450,6.1092475827643655
bead work,450,6.1092475827643655
bead work,450,6.1092475827643655
bead work,450,6.1092475827643655
oxidised metal craft,690,6.536691597591305
oxidised metal craft,690,6.536691597591305
bead work,450,6.1092475827643655
bead work,450,6.1092475827643655
oxidised metal craft,690,6.536691597591305
oxidised metal craft,690,6.536691597591305
handmade,350,5.857933154483459
bead work,450,6.1092475827643655
oxidised metal craft,690,6.536691597591305
handmade,350,5.857933154483459
bead work,450,6.1092475827643655
bead work,450,6.1092475827643655
handmade,350,5.857933154483459
bead work,490,6.194405391104672
bead work,450,6.1092475827643655
handmade,350,5.857933154483459
bead work,450,6.1092475827643655
bead work,450,6.1092475827643655
bead work,450,6.1092475827643655
oxidised metal craft,690,6.536691597591305
bead work,450,6.1092475827643655
bead work,450,6.1092475827643655
oxidised metal craft,690,6.536691597591305
bead work,450,6.1092475827643655
oxidised metal craft,350,5.857933154483459
oxidised metal craft,190,5.247024072160486
oxidised metal craft,190,5.247024072160486
oxidised metal craft,350,5.857933154483459
oxidised metal craft,350,5.857933154483459
oxidised metal craft,350,5.857933154483459
oxidised metal craft,350,5.857933154483459
oxidised metal craft,350,5.857933154483459
oxidised metal craft,350,5.857933154483459
oxidised metal craft,350,5.857933154483459
oxidised metal craft,350,5.857933154483459
oxidised metal craft,190,5.247024072160486
oxidised metal craft,190,5.247024072160486
oxidised metal craft,190,5.247024072160486
oxidised metal craft,190,5.247024072160486
oxidised metal craft,350,5.857933154483459
oxidised metal craft,350,5.857933154483459
oxidised metal craft,350,5.857933154483459
oxidised metal craft,350,5.857933154483459
oxidised metal craft,350,5.857933154483459
oxidised metal craft,350,5.857933154483459
oxidised metal craft,350,5.857933154483459
oxidised metal craft,350,5.857933154483459
oxidised metal craft,350,5.857933154483459
oxidised metal craft,190,5.247024072160486
oxidised metal craft,350,5.857933154483459
oxidised metal craft,350,5.857933154483459
oxidised metal craft,350,5.857933154483459
oxidised metal craft,350,5.857933154483459
oxidised metal craft,350,5.857933154483459
fabart,390,5.966146739123692
fabart,390,5.966146739123692
handmade,290,5.66988092298052
fabart,390,5.966146739123692
fabart,250,5.521460917862246
oxidised metal craft,390,5.966146739123692
fabart,390,5.966146739123692
handmade,290,5.66988092298052
oxidised metal craft,390,5.966146739123692
oxidised metal craft,390,5.966146739123692
fabart,390,5.966146739123692
fabart,250,5.521460917862246
fabart,250,5.521460917862246
fabart,250,5.521460917862246
bead work,450,6.1092475827643655
fabart,390,5.966146739123692
fabart,390,5.966146739123692
handmade,290,5.66988092298052
oxidised metal craft,390,5.966146739123692
oxidised metal craft,390,5.966146739123692
fabart,390,5.966146739123692
bead work,490,6.194405391104672
fabart,250,5.521460917862246
handmade,290,5.66988092298052
oxidised metal craft,160,5.075173815233827
fabart,250,5.521460917862246
oxidised metal craft,550,6.309918278226516
handmade,290,5.66988092298052
handmade,290,5.66988092298052
handmade,290,5.66988092298052
fabart,390,5.966146739123692
oxidised metal craft,390,5.966146739123692
bead work,490,6.194405391104672
oxidised metal craft,390,5.966146739123692
fabart,250,5.521460917862246
fabart,390,5.966146739123692
fabart,250,5.521460917862246
oxidised metal craft,390,5.966146739123692
handmade,290,5.66988092298052
bead work,450,6.1092475827643655
handmade,290,5.66988092298052
handmade,290,5.66988092298052
oxidised metal craft,450,6.1092475827643655
bead work,450,6.1092475827643655
oxidised metal craft,550,6.309918278226516
fabart,390,5.966146739123692
fabart,390,5.966146739123692
oxidised metal craft,390,5.966146739123692
fabart,390,5.966146739123692
bead work,490,6.194405391104672
bead work,490,6.194405391104672
oxidised metal craft,590,6.380122536899765
handmade,290,5.66988092298052
fabart,250,5.521460917862246
oxidised metal craft,390,5.966146739123692
fabart,390,5.966146739123692
oxidised metal craft,390,5.966146739123692
oxidised metal craft,390,5.966146739123692
bead work,490,6.194405391104672
oxidised metal craft,390,5.966146739123692
handmade,290,5.66988092298052
fabart,250,5.521460917862246
bead work,490,6.194405391104672
fabart,390,5.966146739123692
fabart,250,5.521460917862246
fabart,390,5.966146739123692
fabart,250,5.521460917862246
fabart,250,5.521460917862246
fabart,390,5.966146739123692
oxidised metal craft,390,5.966146739123692
bead work,490,6.194405391104672
bead work,450,6.1092475827643655
oxidised metal craft,390,5.966146739123692
fabart,250,5.521460917862246
fabart,390,5.966146739123692
bead work,490,6.194405391104672
bead work,490,6.194405391104672
fabart,390,5.966146739123692
handmade,290,5.66988092298052
fabart,390,5.966146739123692
fabart,390,5.966146739123692
fabart,390,5.966146739123692
fabart,390,5.966146739123692
handmade,290,5.66988092298052
fabart,390,5.966146739123692
oxidised metal craft,390,5.966146739123692
bead work,490,6.194405391104672
fabart,250,5.521460917862246
fabart,250,5.521460917862246
oxidised metal craft,450,6.1092475827643655
fabart,390,5.966146739123692
fabart,250,5.521460917862246
bead work,490,6.194405391104672
fabart,390,5.966146739123692
fabart,250,5.521460917862246
bead work,450,6.1092475827643655
oxidised metal craft,390,5.966146739123692
fabart,390,5.966146739123692
oxidised metal craft,450,6.1092475827643655
fabart,390,5.966146739123692
handmade,290,5.66988092298052
fabart,390,5.966146739123692
oxidised metal craft,390,5.966146739123692
fabart,390,5.966146739123692
oxidised metal craft,390,5.966146739123692
fabart,390,5.966146739123692
fabart,390,5.966146739123692
oxidised metal craft,390,5.966146739123692
fabart,390,5.966146739123692
fabart,390,5.966146739123692
bead work,450,6.1092475827643655
fabart,390,5.966146739123692
fabart,390,5.966146739123692
fabart,390,5.966146739123692
handmade,290,5.66988092298052
bead work,450,6.1092475827643655
oxidised metal craft,290,5.66988092298052
oxidised metal craft,290,5.66988092298052
oxidised metal craft,290,5.66988092298052
oxidised metal craft,290,5.66988092298052
oxidised metal craft,290,5.66988092298052
oxidised metal craft,290,5.66988092298052
oxidised metal craft,290,5.66988092298052
oxidised metal craft,290,5.66988092298052
oxidised metal craft,290,5.66988092298052
oxidised metal craft,290,5.66988092298052
oxidised metal craft,290,5.66988092298052
oxidised metal craft,290,5.66988092298052
oxidised metal craft,290,5.66988092298052
oxidised metal craft,290,5.66988092298052
oxidised metal craft,290,5.66988092298052
oxidised metal craft,290,5.66988092298052
oxidised metal craft,290,5.66988092298052
oxidised metal craft,350,5.857933154483459
oxidised metal craft,450,6.1092475827643655
kalamkari block printing,550,6.309918278226516
kalamkari block printing,550,6.309918278226516
kalamkari block printing,550,6.309918278226516
kalamkari block printing,790,6.672032945461067
sanganeri block printing,790,6.672032945461067
batik block printing,450,6.1092475827643655
plain solid,450,6.1092475827643655
batik block printing,790,6.672032945461067
batik block printing,450,6.1092475827643655
jacquard weaving,350,5.857933154483459
jacquard weaving,350,5.857933154483459
plain solid,350,5.857933154483459
sanganeri block printing,1690,7.432483807917119
handmade,1590,7.371489295214277
handmade,1590,7.371489295214277
handmade,1590,7.371489295214277
handmade,1590,7.371489295214277
handmade,1590,7.371489295214277
handmade,1590,7.371489295214277
handmade,1590,7.371489295214277
handmade,1590,7.371489295214277
handmade,1590,7.371489295214277
handmade,1590,7.371489295214277
handmade,1590,7.371489295214277
handmade,1590,7.371489295214277
handmade,1590,7.371489295214277
handmade,1590,7.371489295214277
handmade,1590,7.371489295214277
handmade,1590,7.371489295214277
handmade,1590,7.371489295214277
handmade,1590,7.371489295214277
handmade,1590,7.371489295214277
handmade,1590,7.371489295214277
handmade,1590,7.371489295214277
handmade,1590,7.371489295214277
handmade,1590,7.371489295214277
handmade,1590,7.371489295214277
handmade,1590,7.371489295214277
handmade,1590,7.371489295214277
ajrakh block printing,1690,7.432483807917119
ajrakh block printing,1690,7.432483807917119
kalamkari block printing,1690,7.432483807917119
kalamkari block printing,1690,7.432483807917119
kalamkari block printing,1690,7.432483807917119
kalamkari block printing,1690,7.432483807917119
kalamkari block printing,1690,7.432483807917119
kalamkari block printing,1690,7.432483807917119
kalamkari block printing,1690,7.432483807917119
kalamkari block printing,1690,7.432483807917119
kalamkari block printing,1690,7.432483807917119
kalamkari block printing,1690,7.432483807917119
kalamkari block printing,1690,7.432483807917119
kalamkari block printing,1690,7.432483807917119
kalamkari block printing,1690,7.432483807917119
kalamkari block printing,1690,7.432483807917119
handmade,1590,7.371489295214277
ajrakh block printing,1690,7.432483807917119
ajrakh block printing,650,6.476972362889683
jacquard weaving,650,6.476972362889683
batik block printing,650,6.476972362889683
batik block printing,650,6.476972362889683
batik block printing,650,6.476972362889683
batik block printing,650,6.476972362889683
batik block printing,650,6.476972362889683
batik block printing,650,6.476972362889683
bagru block printing,650,6.476972362889683
bagru block printing,650,6.476972362889683
sanganeri block printing,650,6.476972362889683
sanganeri block printing,650,6.476972362889683
handmade,650,6.476972362889683
pochampally ikat weaving,650,6.476972362889683
ajrakh block printing,650,6.476972362889683
jacquard weaving,650,6.476972362889683
batik block printing,650,6.476972362889683
sanganeri block printing,650,6.476972362889683
handmade,650,6.476972362889683
handmade,650,6.476972362889683
bandhani tie dye,650,6.476972362889683
jacquard weaving,650,6.476972362889683
jacquard weaving,650,6.476972362889683
jacquard weaving,650,6.476972362889683
jacquard weaving,650,6.476972362889683
jacquard weaving,650,6.476972362889683
jacquard weaving,650,6.476972362889683
jacquard weaving,650,6.476972362889683
jacquard weaving,650,6.476972362889683
jacquard weaving,650,6.476972362889683
jacquard weaving,650,6.476972362889683
jacquard weaving,650,6.476972362889683
jacquard weaving,650,6.476972362889683
jacquard weaving,650,6.476972362889683
patchwork,750,6.620073206530356
patchwork,750,6.620073206530356
patchwork,750,6.620073206530356
patchwork,750,6.620073206530356
patchwork,750,6.620073206530356
patchwork,750,6.620073206530356
patchwork,750,6.620073206530356
jacquard weaving,650,6.476972362889683
bagru block printing,850,6.745236349484363
sanganeri block printing,850,6.745236349484363
sanganeri block printing,850,6.745236349484363
bagru block printing,850,6.745236349484363
sanganeri block printing,850,6.745236349484363
sanganeri block printing,850,6.745236349484363
sanganeri block printing,850,6.745236349484363
bandhani tie dye,850,6.745236349484363
bandhani tie dye,850,6.745236349484363
bandhani tie dye,850,6.745236349484363
bandhani tie dye,850,6.745236349484363
bandhani tie dye,850,6.745236349484363
bagru block printing,850,6.745236349484363
bagru block printing,850,6.745236349484363
bagru block printing,850,6.745236349484363
bagru block printing,850,6.745236349484363
bagru block printing,850,6.745236349484363
bagru block printing,850,6.745236349484363
bagru block printing,850,6.745236349484363
bagru block printing,850,6.745236349484363
bagru block printing,850,6.745236349484363
bagru block printing,850,6.745236349484363
bagru block printing,850,6.745236349484363
bagru block printing,850,6.745236349484363
bagru block printing,850,6.745236349484363
jacquard weaving,850,6.745236349484363
kalamkari block printing,850,6.745236349484363
ajrakh block printing,850,6.745236349484363
sanganeri block printing,850,6.745236349484363
bandhani tie dye,850,6.745236349484363
handmade,650,6.476972362889683
handmade,650,6.476972362889683
handmade,650,6.476972362889683
handmade,650,6.476972362889683
handmade,650,6.476972362889683
handmade,650,6.476972362889683
handmade,650,6.476972362889683
handmade,650,6.476972362889683
handmade,650,6.476972362889683
handmade,650,6.476972362889683
handmade,650,6.476972362889683
handmade,650,6.476972362889683
handmade,650,6.476972362889683
handmade,650,6.476972362889683
handmade,650,6.476972362889683
handmade,650,6.476972362889683
handmade,650,6.476972362889683
handmade,650,6.476972362889683
handmade,650,6.476972362889683
handmade,650,6.476972362889683
handmade,650,6.476972362889683
handmade,650,6.476972362889683
handmade,650,6.476972362889683
handmade,650,6.476972362889683
handmade,650,6.476972362889683
handmade,650,6.476972362889683
handmade,650,6.476972362889683
handmade,650,6.476972362889683
handmade,650,6.476972362889683
handmade,650,6.476972362889683
handmade,650,6.476972362889683
handmade,650,6.476972362889683
handmade,650,6.476972362889683
handmade,650,6.476972362889683
handmade,650,6.476972362889683
handmade,650,6.476972362889683
handmade,650,6.476972362889683
handmade,650,6.476972362889683
kalamkari block printing,850,6.745236349484363
kalamkari block printing,850,6.745236349484363
kalamkari block printing,850,6.745236349484363
kalamkari block printing,850,6.745236349484363
kalamkari block printing,850,6.745236349484363
kalamkari block printing,850,6.745236349484363
kalamkari block printing,850,6.745236349484363
kalamkari block printing,850,6.745236349484363
bandhani tie dye,850,6.745236349484363
bandhani tie dye,850,6.745236349484363
bandhani tie dye,850,6.745236349484363
bandhani tie dye,850,6.745236349484363
bandhani tie dye,850,6.745236349484363
sanganeri block printing,850,6.745236349484363
sanganeri block printing,850,6.745236349484363
sanganeri block printing,850,6.745236349484363
sanganeri block printing,850,6.745236349484363
sanganeri block printing,850,6.745236349484363
sanganeri block printing,850,6.745236349484363
sanganeri block printing,850,6.745236349484363
sanganeri block printing,850,6.745236349484363
sanganeri block printing,850,6.745236349484363
sanganeri block printing,850,6.745236349484363
sanganeri block printing,850,6.745236349484363
sanganeri block printing,850,6.745236349484363
sanganeri block printing,850,6.745236349484363
sanganeri block printing,850,6.745236349484363
sanganeri block printing,850,6.745236349484363
sanganeri block printing,850,6.745236349484363
sanganeri block printing,850,6.745236349484363
handmade,650,6.476972362889683
pochampally ikat weaving,650,6.476972362889683
ajrakh block printing,650,6.476972362889683
ajrakh block printing,650,6.476972362889683
ajrakh block printing,650,6.476972362889683
ajrakh block printing,650,6.476972362889683
sanganeri block printing,650,6.476972362889683
sanganeri block printing,650,6.476972362889683
batik block printing,650,6.476972362889683
kalamkari block printing,650,6.476972362889683
kalamkari block printing,650,6.476972362889683
kalamkari block printing,650,6.476972362889683
kalamkari block printing,650,6.476972362889683
kalamkari block printing,650,6.476972362889683
kalamkari block printing,650,6.476972362889683
kalamkari block printing,650,6.476972362889683
kalamkari block printing,650,6.476972362889683
kalamkari block printing,650,6.476972362889683
kalamkari block printing,650,6.476972362889683
kalamkari block printing,650,6.476972362889683
kalamkari block printing,650,6.476972362889683
kalamkari block printing,650,6.476972362889683
kalamkari block printing,650,6.476972362889683
kalamkari block printing,650,6.476972362889683
kalamkari block printing,650,6.476972362889683
kalamkari block printing,650,6.476972362889683
kalamkari block printing,650,6.476972362889683
kalamkari block printing,650,6.476972362889683
kalamkari block printing,650,6.476972362889683
kalamkari block printing,650,6.476972362889683
kalamkari block printing,650,6.476972362889683
kalamkari block printing,650,6.476972362889683
kalamkari block printing,650,6.476972362889683
kalamkari block printing,850,6.745236349484363
bandhani tie dye,850,6.745236349484363
sanganeri block printing,850,6.745236349484363
bandhani tie dye,850,6.745236349484363
bandhani tie dye,850,6.745236349484363
bandhani tie dye,850,6.745236349484363
bandhani tie dye,850,6.745236349484363
bandhani tie dye,850,6.745236349484363
bandhani tie dye,850,6.745236349484363
bandhani tie dye,850,6.745236349484363
kalamkari block printing,850,6.745236349484363
kalamkari block printing,850,6.745236349484363
kalamkari block printing,850,6.745236349484363
kalamkari block printing,850,6.745236349484363
kalamkari block printing,850,6.745236349484363
kalamkari block printing,850,6.745236349484363
kalamkari block printing,850,6.745236349484363
kalamkari block printing,850,6.745236349484363
kalamkari block printing,850,6.745236349484363
kalamkari block printing,850,6.745236349484363
kalamkari block printing,850,6.745236349484363
kalamkari block printing,850,6.745236349484363
kalamkari block printing,850,6.745236349484363
kalamkari block printing,850,6.745236349484363
kalamkari block printing,850,6.745236349484363
kalamkari block printing,850,6.745236349484363
bagru block printing,850,6.745236349484363
jacquard weaving,850,6.745236349484363
bandhani tie dye,850,6.745236349484363
kalamkari block printing,850,6.745236349484363
bagh block printing,850,6.745236349484363
pochampally ikat weaving,850,6.745236349484363
bagru block printing,850,6.745236349484363
pochampally ikat weaving,650,6.476972362889683
ajrakh block printing,650,6.476972362889683
sanganeri block printing,650,6.476972362889683
kalamkari block printing,650,6.476972362889683
kalamkari block printing,550,6.309918278226516
kalamkari block printing,550,6.309918278226516
kalamkari block printing,550,6.309918278226516
kalamkari block printing,550,6.309918278226516
kalamkari block printing,550,6.309918278226516
kalamkari block printing,550,6.309918278226516
kalamkari block printing,550,6.309918278226516
kalamkari block printing,550,6.309918278226516
kalamkari block printing,550,6.309918278226516
kalamkari block printing,550,6.309918278226516
kalamkari block printing,550,6.309918278226516
kalamkari block printing,550,6.309918278226516
patchwork,750,6.620073206530356
patchwork,750,6.620073206530356
patchwork,750,6.620073206530356
patchwork,750,6.620073206530356
patchwork,750,6.620073206530356
patchwork,750,6.620073206530356
patchwork,750,6.620073206530356
patchwork,750,6.620073206530356
patchwork,750,6.620073206530356
patchwork,750,6.620073206530356
patchwork,750,6.620073206530356
patchwork,750,6.620073206530356
patchwork,750,6.620073206530356
patchwork,750,6.620073206530356
patchwork,750,6.620073206530356
patchwork,750,6.620073206530356
patchwork,750,6.620073206530356
patchwork,750,6.620073206530356
patchwork,750,6.620073206530356
patchwork,750,6.620073206530356
patchwork,750,6.620073206530356
patchwork,750,6.620073206530356
patchwork,750,6.620073206530356
patchwork,750,6.620073206530356
patchwork,750,6.620073206530356
patchwork,750,6.620073206530356
patchwork,750,6.620073206530356
patchwork,750,6.620073206530356
patchwork,750,6.620073206530356
patchwork,750,6.620073206530356
patchwork,750,6.620073206530356
patchwork,750,6.620073206530356
patchwork,750,6.620073206530356
handmade,850,6.745236349484363
handmade,850,6.745236349484363
handmade,850,6.745236349484363
handmade,850,6.745236349484363
handmade,850,6.745236349484363
handmade,850,6.745236349484363
handmade,850,6.745236349484363
handmade,850,6.745236349484363
handmade,850,6.745236349484363
handmade,850,6.745236349484363
handmade,850,6.745236349484363
handmade,850,6.745236349484363
handmade,850,6.745236349484363
handmade,850,6.745236349484363
handmade,850,6.745236349484363
handmade,850,6.745236349484363
handmade,850,6.745236349484363
handmade,850,6.745236349484363
handmade,850,6.745236349484363
handmade,850,6.745236349484363
handmade,850,6.745236349484363
handmade,850,6.745236349484363
handmade,850,6.745236349484363
handmade,850,6.745236349484363
handmade,850,6.745236349484363
sanganeri block printing,650,6.476972362889683
sanganeri block printing,650,6.476972362889683
sanganeri block printing,650,6.476972362889683
ajrakh block printing,650,6.476972362889683
ajrakh block printing,650,6.476972362889683
ajrakh block printing,650,6.476972362889683
ajrakh block printing,650,6.476972362889683
ajrakh block printing,650,6.476972362889683
ajrakh block printing,650,6.476972362889683
ajrakh block printing,650,6.476972362889683
ajrakh block printing,650,6.476972362889683
ajrakh block printing,650,6.476972362889683
ajrakh block printing,650,6.476972362889683
kalamkari block printing,650,6.476972362889683
kalamkari block printing,650,6.476972362889683
kalamkari block printing,650,6.476972362889683
kalamkari block printing,650,6.476972362889683
kalamkari block printing,650,6.476972362889683
kalamkari block printing,650,6.476972362889683
kalamkari block printing,650,6.476972362889683
kalamkari block printing,650,6.476972362889683
kalamkari block printing,650,6.476972362889683
kalamkari block printing,650,6.476972362889683
patchwork,750,6.620073206530356
kalamkari block printing,650,6.476972362889683
kalamkari block printing,650,6.476972362889683
kalamkari block printing,650,6.476972362889683
kalamkari block printing,650,6.476972362889683
kalamkari block printing,650,6.476972362889683
kalamkari block printing,650,6.476972362889683
kalamkari block printing,650,6.476972362889683
kalamkari block printing,650,6.476972362889683
kalamkari block printing,650,6.476972362889683
kalamkari block printing,650,6.476972362889683
kalamkari block printing,650,6.476972362889683
kalamkari block printing,650,6.476972362889683
kalamkari block printing,650,6.476972362889683
kalamkari block printing,650,6.476972362889683
patchwork,750,6.620073206530356
patchwork,750,6.620073206530356
patchwork,750,6.620073206530356
patchwork,750,6.620073206530356
patchwork,750,6.620073206530356
patchwork,750,6.620073206530356
patchwork,750,6.620073206530356
patchwork,750,6.620073206530356
patchwork,750,6.620073206530356
patchwork,750,6.620073206530356
patchwork,750,6.620073206530356
patchwork,750,6.620073206530356
patchwork,750,6.620073206530356
patchwork,750,6.620073206530356
patchwork,750,6.620073206530356
patchwork,750,6.620073206530356
patchwork,750,6.620073206530356
patchwork,750,6.620073206530356
patchwork,750,6.620073206530356
patchwork,750,6.620073206530356
patchwork,750,6.620073206530356
patchwork,750,6.620073206530356
patchwork,750,6.620073206530356
patchwork,750,6.620073206530356
patchwork,750,6.620073206530356
patchwork,750,6.620073206530356
patchwork,750,6.620073206530356
patchwork,750,6.620073206530356
patchwork,750,6.620073206530356
patchwork,750,6.620073206530356
patchwork,750,6.620073206530356
patchwork,750,6.620073206530356
patchwork,750,6.620073206530356
patchwork,750,6.620073206530356
patchwork,750,6.620073206530356
handmade,850,6.745236349484363
bandhani tie dye,1690,7.432483807917119
bandhani tie dye,1690,7.432483807917119
bandhani tie dye,1690,7.432483807917119
bandhani tie dye,1690,7.432483807917119
bandhani tie dye,1690,7.432483807917119
bandhani tie dye,1690,7.432483807917119
bandhani tie dye,1690,7.432483807917119
bandhani tie dye,1690,7.432483807917119
bandhani tie dye,1690,7.432483807917119
bandhani tie dye,1690,7.432483807917119
sanganeri block printing,1690,7.432483807917119
sanganeri block printing,1690,7.432483807917119
sanganeri block printing,1690,7.432483807917119
sanganeri block printing,1690,7.432483807917119
sanganeri block printing,1690,7.432483807917119
sanganeri block printing,1690,7.432483807917119
sanganeri block printing,1690,7.432483807917119
sanganeri block printing,1690,7.432483807917119
ajrakh block printing,1690,7.432483807917119
bagh block printing,1690,7.432483807917119
bagh block printing,1690,7.432483807917119
kalamkari block printing,1690,7.432483807917119
kalamkari block printing,1690,7.432483807917119
kalamkari block printing,1690,7.432483807917119
kalamkari block printing,1690,7.432483807917119
kalamkari block printing,1690,7.432483807917119
kalamkari block printing,1690,7.432483807917119
kalamkari block printing,1690,7.432483807917119
kalamkari block printing,1690,7.432483807917119
kalamkari block printing,1690,7.432483807917119
kalamkari block printing,1690,7.432483807917119
kalamkari block printing,1690,7.432483807917119
kalamkari block printing,1690,7.432483807917119
kalamkari block printing,1690,7.432483807917119
jacquard weaving,1690,7.432483807917119
jacquard weaving,1690,7.432483807917119
jacquard weaving,1690,7.432483807917119
jacquard weaving,1690,7.432483807917119
jacquard weaving,1690,7.432483807917119
jacquard weaving,1690,7.432483807917119
jacquard weaving,1690,7.432483807917119
jacquard weaving,1690,7.432483807917119
jacquard weaving,1690,7.432483807917119
jacquard weaving,1690,7.432483807917119
jacquard weaving,1690,7.432483807917119
jacquard weaving,1690,7.432483807917119
jacquard weaving,1690,7.432483807917119
jacquard weaving,1690,7.432483807917119
jacquard weaving,1690,7.432483807917119
jacquard weaving,1690,7.432483807917119
jacquard weaving,1690,7.432483807917119
jacquard weaving,1690,7.432483807917119
jacquard weaving,1690,7.432483807917119
jacquard weaving,1690,7.432483807917119
jacquard weaving,1690,7.432483807917119
jacquard weaving,1690,7.432483807917119
jacquard weaving,1690,7.432483807917119
jacquard weaving,1690,7.432483807917119
jacquard weaving,1690,7.432483807917119
bagru block printing,850,6.745236349484363
bagru block printing,850,6.745236349484363
kalamkari block printing,850,6.745236349484363
bandhani tie dye,850,6.745236349484363
sanganeri block printing,850,6.745236349484363
ajrakh block printing,850,6.745236349484363
ajrakh block printing,850,6.745236349484363
ajrakh block printing,850,6.745236349484363
ajrakh block printing,850,6.745236349484363
ajrakh block printing,850,6.745236349484363
ajrakh block printing,850,6.745236349484363
bagh block printing,850,6.745236349484363
bagh block printing,850,6.745236349484363
bagru block printing,850,6.745236349484363
bagru block printing,850,6.745236349484363
bagh block printing,850,6.745236349484363
bagh block printing,850,6.745236349484363
bagh block printing,850,6.745236349484363
bagh block printing,850,6.745236349484363
bagh block printing,850,6.745236349484363
bagh block printing,850,6.745236349484363
bagh block printing,850,6.745236349484363
handmade,850,6.745236349484363
handmade,850,6.745236349484363
handmade,850,6.745236349484363
bagh block printing,850,6.745236349484363
bagh block printing,850,6.745236349484363
handmade,850,6.745236349484363
bagh block printing,850,6.745236349484363
bagh block printing,850,6.745236349484363
handmade,850,6.745236349484363
bagh block printing,850,6.745236349484363
handmade,850,6.745236349484363
bagh block printing,850,6.745236349484363
bagh block printing,850,6.745236349484363
handmade,850,6.745236349484363
bagh block printing,850,6.745236349484363
bagh block printing,850,6.745236349484363
handmade,850,6.745236349484363
bagh block printing,850,6.745236349484363
handmade,850,6.745236349484363
handmade,850,6.745236349484363
bagh block printing,850,6.745236349484363
sanganeri block printing,650,6.476972362889683
kalamkari block printing,650,6.476972362889683
ajrakh block printing,650,6.476972362889683
ajrakh block printing,1190,7.081708586105575
ajrakh block printing,1190,7.081708586105575
ajrakh block printing,1190,7.081708586105575
ajrakh block printing,1190,7.081708586105575
ajrakh block printing,1190,7.081708586105575
ajrakh block printing,1190,7.081708586105575
ajrakh block printing,1190,7.081708586105575
ajrakh block printing,1190,7.081708586105575
ajrakh block printing,1190,7.081708586105575
ajrakh block printing,1190,7.081708586105575
ajrakh block printing,1190,7.081708586105575
ajrakh block printing,1190,7.081708586105575
ajrakh block printing,1190,7.081708586105575
ajrakh block printing,1190,7.081708586105575
plain solid,890,6.7912214627261855
plain solid,890,6.7912214627261855
plain solid,890,6.7912214627261855
plain solid,890,6.7912214627261855
plain solid,890,6.7912214627261855
plain solid,890,6.7912214627261855
plain solid,890,6.7912214627261855
plain solid,890,6.7912214627261855
plain solid,890,6.7912214627261855
plain solid,890,6.7912214627261855
plain solid,890,6.7912214627261855
plain solid,890,6.7912214627261855
plain solid,890,6.7912214627261855
batik block printing,850,6.745236349484363
sanganeri block printing,850,6.745236349484363
bagru block printing,850,6.745236349484363
bagru block printing,850,6.745236349484363
bagru block printing,850,6.745236349484363
bagru block printing,850,6.745236349484363
kalamkari block printing,850,6.745236349484363
kalamkari block printing,850,6.745236349484363
kalamkari block printing,850,6.745236349484363
kalamkari block printing,850,6.745236349484363
kalamkari block printing,850,6.745236349484363
kalamkari block printing,850,6.745236349484363
kalamkari block printing,850,6.745236349484363
kalamkari block printing,850,6.745236349484363
kalamkari block printing,850,6.745236349484363
kalamkari block printing,850,6.745236349484363
bandhani tie dye,850,6.745236349484363
bandhani tie dye,850,6.745236349484363
bandhani tie dye,850,6.745236349484363
bandhani tie dye,850,6.745236349484363
bandhani tie dye,850,6.745236349484363
bandhani tie dye,850,6.745236349484363
bandhani tie dye,850,6.745236349484363
bandhani tie dye,850,6.745236349484363
ajrakh block printing,1090,6.993932975223189
ajrakh block printing,1090,6.993932975223189
ajrakh block printing,1090,6.993932975223189
ajrakh block printing,1090,6.993932975223189
ajrakh block printing,1090,6.993932975223189
ajrakh block printing,1090,6.993932975223189
ajrakh block printing,1090,6.993932975223189
ajrakh block printing,1090,6.993932975223189
ajrakh block printing,1090,6.993932975223189
ajrakh block printing,1090,6.993932975223189
ajrakh block printing,1090,6.993932975223189
ajrakh block printing,1090,6.993932975223189
ajrakh block printing,1090,6.993932975223189
handmade,690,6.536691597591305
handmade,690,6.536691597591305
handmade,690,6.536691597591305
handmade,690,6.536691597591305
handmade,690,6.536691597591305
handmade,690,6.536691597591305
handmade,690,6.536691597591305
handmade,690,6.536691597591305
handmade,690,6.536691597591305
handmade,690,6.536691597591305
handmade,690,6.536691597591305
handmade,690,6.536691597591305
handmade,690,6.536691597591305
handmade,690,6.536691597591305
handmade,690,6.536691597591305
handmade,690,6.536691597591305
handmade,690,6.536691597591305
ajrakh block printing,990,6.897704943128636
ajrakh block printing,990,6.897704943128636
ajrakh block printing,990,6.897704943128636
ajrakh block printing,990,6.897704943128636
ajrakh block printing,990,6.897704943128636
ajrakh block printing,990,6.897704943128636
patchwork,1190,7.081708586105575
patchwork,1190,7.081708586105575
patchwork,1190,7.081708586105575
patchwork,1190,7.081708586105575
patchwork,1190,7.081708586105575
patchwork,1190,7.081708586105575
patchwork,1190,7.081708586105575
patchwork,1190,7.081708586105575
plain solid,1250,7.1308988302963465
plain solid,1250,7.1308988302963465
plain solid,1250,7.1308988302963465
plain solid,1250,7.1308988302963465
plain solid,1250,7.1308988302963465
plain solid,1250,7.1308988302963465
plain solid,1250,7.1308988302963465
plain solid,1250,7.1308988302963465
plain solid,1250,7.1308988302963465
plain solid,1250,7.1308988302963465
plain solid,1250,7.1308988302963465
ajrakh block printing,1090,6.993932975223189
handmade,690,6.536691597591305
bandhani tie dye,850,6.745236349484363
ajrakh block printing,1850,7.52294091807237
ajrakh block printing,1850,7.52294091807237
ajrakh block printing,1850,7.52294091807237
ajrakh block printing,1850,7.52294091807237
ajrakh block printing,1850,7.52294091807237
ajrakh block printing,1850,7.52294091807237
ajrakh block printing,1850,7.52294091807237
ajrakh block printing,1850,7.52294091807237
ajrakh block printing,1850,7.52294091807237
ajrakh block printing,1850,7.52294091807237
ajrakh block printing,1850,7.52294091807237
ajrakh block printing,1850,7.52294091807237
ajrakh block printing,1850,7.52294091807237
ajrakh block printing,490,6.194405391104672
ajrakh block printing,490,6.194405391104672
ajrakh block printing,490,6.194405391104672
ajrakh block printing,490,6.194405391104672
ajrakh block printing,490,6.194405391104672
ajrakh block printing,490,6.194405391104672
ajrakh block printing,490,6.194405391104672
ajrakh block printing,490,6.194405391104672
sanganeri block printing,490,6.194405391104672
sanganeri block printing,490,6.194405391104672
sanganeri block printing,490,6.194405391104672
sanganeri block printing,490,6.194405391104672
sanganeri block printing,490,6.194405391104672
sanganeri block printing,490,6.194405391104672
sanganeri block printing,490,6.194405391104672
sanganeri block printing,490,6.194405391104672
sanganeri block printing,490,6.194405391104672
sanganeri block printing,490,6.194405391104672
sanganeri block printing,490,6.194405391104672
sanganeri block printing,490,6.194405391104672
sanganeri block printing,490,6.194405391104672
kalamkari block printing,490,6.194405391104672
kalamkari block printing,490,6.194405391104672
kalamkari block printing,490,6.194405391104672
kalamkari block printing,490,6.194405391104672
kalamkari block printing,490,6.194405391104672
kalamkari block printing,490,6.194405391104672
kalamkari block printing,490,6.194405391104672
kalamkari block printing,490,6.194405391104672
kalamkari block printing,490,6.194405391104672
kalamkari block printing,490,6.194405391104672
kalamkari block printing,490,6.194405391104672
kalamkari block printing,490,6.194405391104672
kalamkari block printing,490,6.194405391104672
kalamkari block printing,490,6.194405391104672
kalamkari block printing,490,6.194405391104672
kalamkari block printing,490,6.194405391104672
pochampally ikat weaving,990,6.897704943128636
pochampally ikat weaving,990,6.897704943128636
pochampally ikat weaving,990,6.897704943128636
pochampally ikat weaving,990,6.897704943128636
pochampally ikat weaving,990,6.897704943128636
pochampally ikat weaving,990,6.897704943128636
pochampally ikat weaving,990,6.897704943128636
pochampally ikat weaving,990,6.897704943128636
pochampally ikat weaving,990,6.897704943128636
pochampally ikat weaving,990,6.897704943128636
pochampally ikat weaving,990,6.897704943128636
pochampally ikat weaving,990,6.897704943128636
pochampally ikat weaving,990,6.897704943128636
pochampally ikat weaving,990,6.897704943128636
pochampally ikat weaving,990,6.897704943128636
pochampally ikat weaving,990,6.897704943128636
pochampally ikat weaving,990,6.897704943128636
pochampally ikat weaving,990,6.897704943128636
pochampally ikat weaving,990,6.897704943128636
pochampally ikat weaving,990,6.897704943128636
pochampally ikat weaving,990,6.897704943128636
pochampally ikat weaving,990,6.897704943128636
pochampally ikat weaving,990,6.897704943128636
pochampally ikat weaving,990,6.897704943128636
pochampally ikat weaving,990,6.897704943128636
pochampally ikat weaving,990,6.897704943128636
pochampally ikat weaving,990,6.897704943128636
pochampally ikat weaving,990,6.897704943128636
pochampally ikat weaving,990,6.897704943128636
pochampally ikat weaving,990,6.897704943128636
pochampally ikat weaving,990,6.897704943128636
pochampally ikat weaving,990,6.897704943128636
pochampally ikat weaving,990,6.897704943128636
pochampally ikat weaving,990,6.897704943128636
pochampally ikat weaving,990,6.897704943128636
pochampally ikat weaving,990,6.897704943128636
pochampally ikat weaving,990,6.897704943128636
pochampally ikat weaving,990,6.897704943128636
pochampally ikat weaving,990,6.897704943128636
pochampally ikat weaving,990,6.897704943128636
pochampally ikat weaving,990,6.897704943128636
pochampally ikat weaving,990,6.897704943128636
pochampally ikat weaving,990,6.897704943128636
ajrakh block printing,490,6.194405391104672
ajrakh block printing,1850,7.52294091807237
sanganeri block printing,790,6.672032945461067
sanganeri block printing,790,6.672032945461067
sanganeri block printing,790,6.672032945461067
sanganeri block printing,790,6.672032945461067
sanganeri block printing,790,6.672032945461067
sanganeri block printing,790,6.672032945461067
sanganeri block printing,790,6.672032945461067
sanganeri block printing,790,6.672032945461067
sanganeri block printing,790,6.672032945461067
sanganeri block printing,790,6.672032945461067
sanganeri block printing,790,6.672032945461067
sanganeri block printing,790,6.672032945461067
sanganeri block printing,790,6.672032945461067
ajrakh block printing,650,6.476972362889683
ajrakh block printing,650,6.476972362889683
ajrakh block printing,650,6.476972362889683
ajrakh block printing,650,6.476972362889683
ajrakh block printing,650,6.476972362889683
sanganeri block printing,650,6.476972362889683
sanganeri block printing,650,6.476972362889683
sanganeri block printing,650,6.476972362889683
kalamkari block printing,650,6.476972362889683
kalamkari block printing,650,6.476972362889683
kalamkari block printing,650,6.476972362889683
kalamkari block printing,650,6.476972362889683
kalamkari block printing,650,6.476972362889683
kalamkari block printing,650,6.476972362889683
kalamkari block printing,650,6.476972362889683
sanganeri block printing,790,6.672032945461067
ajrakh block printing,650,6.476972362889683
plain solid,650,6.476972362889683
jacquard weaving,650,6.476972362889683
batik block printing,650,6.476972362889683
ajrakh block printing,650,6.476972362889683
ajrakh block printing,650,6.476972362889683
ajrakh block printing,650,6.476972362889683
ajrakh block printing,650,6.476972362889683
ajrakh block printing,650,6.476972362889683
ajrakh block printing,650,6.476972362889683
ajrakh block printing,650,6.476972362889683
ajrakh block printing,650,6.476972362889683
ajrakh block printing,650,6.476972362889683
ajrakh block printing,650,6.476972362889683
ajrakh block printing,650,6.476972362889683
sanganeri block printing,650,6.476972362889683
sanganeri block printing,650,6.476972362889683
sanganeri block printing,650,6.476972362889683
sanganeri block printing,650,6.476972362889683
sanganeri block printing,650,6.476972362889683
sanganeri block printing,650,6.476972362889683
sanganeri block printing,650,6.476972362889683
sanganeri block printing,650,6.476972362889683
sanganeri block printing,650,6.476972362889683
sanganeri block printing,650,6.476972362889683
sanganeri block printing,650,6.476972362889683
sanganeri block printing,650,6.476972362889683
sanganeri block printing,650,6.476972362889683
sanganeri block printing,650,6.476972362889683
sanganeri block printing,650,6.476972362889683
kalamkari block printing,650,6.476972362889683
kalamkari block printing,650,6.476972362889683
kalamkari block printing,650,6.476972362889683
kalamkari block printing,650,6.476972362889683
kalamkari block printing,650,6.476972362889683
kalamkari block printing,650,6.476972362889683
kalamkari block printing,650,6.476972362889683
kalamkari block printing,650,6.476972362889683
jacquard weaving,850,6.745236349484363
bandhani tie dye,850,6.745236349484363
kalamkari block printing,850,6.745236349484363
kalamkari block printing,850,6.745236349484363
kalamkari block printing,850,6.745236349484363
kalamkari block printing,850,6.745236349484363
kalamkari block printing,850,6.745236349484363
kalamkari block printing,850,6.745236349484363
kalamkari block printing,850,6.745236349484363
batik block printing,850,6.745236349484363
batik block printing,850,6.745236349484363
bagru block printing,850,6.745236349484363
bagru block printing,850,6.745236349484363
bagru block printing,850,6.745236349484363
bagru block printing,850,6.745236349484363
bagru block printing,850,6.745236349484363
bagru block printing,850,6.745236349484363
bagru block printing,850,6.745236349484363
bagru block printing,850,6.745236349484363
bagru block printing,850,6.745236349484363
bagru block printing,850,6.745236349484363
kalamkari block printing,690,6.536691597591305
kalamkari block printing,690,6.536691597591305
kalamkari block printing,690,6.536691597591305
kalamkari block printing,690,6.536691597591305
kalamkari block printing,690,6.536691597591305
kalamkari block printing,690,6.536691597591305
kalamkari block printing,690,6.536691597591305
kalamkari block printing,690,6.536691597591305
kalamkari block printing,690,6.536691597591305
kalamkari block printing,690,6.536691597591305
kalamkari block printing,690,6.536691597591305
kalamkari block printing,690,6.536691597591305
kalamkari block printing,690,6.536691597591305
kalamkari block printing,690,6.536691597591305
kalamkari block printing,690,6.536691597591305
kalamkari block printing,690,6.536691597591305
kalamkari block printing,690,6.536691597591305
kalamkari block printing,690,6.536691597591305
kalamkari block printing,690,6.536691597591305
kalamkari block printing,690,6.536691597591305
kalamkari block printing,690,6.536691597591305
sanganeri block printing,650,6.476972362889683
sanganeri block printing,650,6.476972362889683
sanganeri block printing,650,6.476972362889683
sanganeri block printing,650,6.476972362889683
sanganeri block printing,650,6.476972362889683
sanganeri block printing,650,6.476972362889683
sanganeri block printing,650,6.476972362889683
sanganeri block printing,650,6.476972362889683
sanganeri block printing,650,6.476972362889683
batik block printing,650,6.476972362889683
batik block printing,650,6.476972362889683
kalamkari block printing,850,6.745236349484363
batik block printing,850,6.745236349484363
batik block printing,850,6.745236349484363
batik block printing,850,6.745236349484363
batik block printing,850,6.745236349484363
batik block printing,850,6.745236349484363
batik block printing,850,6.745236349484363
batik block printing,850,6.745236349484363
batik block printing,850,6.745236349484363
bagru block printing,850,6.745236349484363
batik block printing,850,6.745236349484363
batik block printing,850,6.745236349484363
handmade,850,6.745236349484363
bagru block printing,850,6.745236349484363
bagru block printing,850,6.745236349484363
bagru block printing,850,6.745236349484363
bagru block printing,850,6.745236349484363
bagru block printing,850,6.745236349484363
bagru block printing,850,6.745236349484363
bagru block printing,850,6.745236349484363
bagru block printing,850,6.745236349484363
handmade,850,6.745236349484363
bandhani tie dye,850,6.745236349484363
bandhani tie dye,850,6.745236349484363
bandhani tie dye,850,6.745236349484363
bandhani tie dye,850,6.745236349484363
bandhani tie dye,850,6.745236349484363
bandhani tie dye,850,6.745236349484363
bandhani tie dye,850,6.745236349484363
bandhani tie dye,850,6.745236349484363
bandhani tie dye,850,6.745236349484363
bandhani tie dye,850,6.745236349484363
bandhani tie dye,850,6.745236349484363
bandhani tie dye,850,6.745236349484363
bandhani tie dye,850,6.745236349484363
bandhani tie dye,850,6.745236349484363
handmade,850,6.745236349484363
bandhani tie dye,850,6.745236349484363
batik block printing,650,6.476972362889683
kalamkari block printing,650,6.476972362889683
kalamkari block printing,650,6.476972362889683
kalamkari block printing,650,6.476972362889683
sanganeri block printing,650,6.476972362889683
sanganeri block printing,650,6.476972362889683
sanganeri block printing,650,6.476972362889683
sanganeri block printing,650,6.476972362889683
sanganeri block printing,650,6.476972362889683
sanganeri block printing,650,6.476972362889683
sanganeri block printing,650,6.476972362889683
ajrakh block printing,650,6.476972362889683
ajrakh block printing,650,6.476972362889683
bagru block printing,850,6.745236349484363
kalamkari block printing,850,6.745236349484363
ajrakh block printing,850,6.745236349484363
bagh block printing,850,6.745236349484363
bagh block printing,850,6.745236349484363
bagh block printing,850,6.745236349484363
bagh block printing,850,6.745236349484363
bagh block printing,850,6.745236349484363
bagh block printing,850,6.745236349484363
bandhani tie dye,850,6.745236349484363
bandhani tie dye,850,6.745236349484363
bandhani tie dye,850,6.745236349484363
bandhani tie dye,850,6.745236349484363
bandhani tie dye,850,6.745236349484363
bandhani tie dye,850,6.745236349484363
bandhani tie dye,850,6.745236349484363
bandhani tie dye,850,6.745236349484363
bandhani tie dye,850,6.745236349484363
bandhani tie dye,850,6.745236349484363
bandhani tie dye,850,6.745236349484363
bandhani tie dye,850,6.745236349484363
bandhani tie dye,850,6.745236349484363
bandhani tie dye,850,6.745236349484363
bandhani tie dye,850,6.745236349484363
bandhani tie dye,850,6.745236349484363
bandhani tie dye,850,6.745236349484363
bagru block printing,850,6.745236349484363
bagru block printing,850,6.745236349484363
bagru block printing,850,6.745236349484363
bagru block printing,850,6.745236349484363
bagru block printing,850,6.745236349484363
pochampally ikat weaving,850,6.745236349484363
pochampally ikat weaving,850,6.745236349484363
pochampally ikat weaving,850,6.745236349484363
pochampally ikat weaving,850,6.745236349484363
pochampally ikat weaving,850,6.745236349484363
pochampally ikat weaving,850,6.745236349484363
pochampally ikat weaving,850,6.745236349484363
pochampally ikat weaving,850,6.745236349484363
batik block printing,850,6.745236349484363
batik block printing,850,6.745236349484363
batik block printing,850,6.745236349484363
batik block printing,850,6.745236349484363
batik block printing,850,6.745236349484363
batik block printing,850,6.745236349484363
batik block printing,850,6.745236349484363
batik block printing,850,6.745236349484363
batik block printing,850,6.745236349484363
batik block printing,850,6.745236349484363
batik block printing,850,6.745236349484363
batik block printing,850,6.745236349484363
batik block printing,850,6.745236349484363
batik block printing,850,6.745236349484363
batik block printing,850,6.745236349484363
batik block printing,850,6.745236349484363
batik block printing,850,6.745236349484363
batik block printing,850,6.745236349484363
batik block printing,850,6.745236349484363
batik block printing,850,6.745236349484363
batik block printing,850,6.745236349484363
kalamkari block printing,850,6.745236349484363
kalamkari block printing,850,6.745236349484363
kalamkari block printing,850,6.745236349484363
kalamkari block printing,850,6.745236349484363
kalamkari block printing,850,6.745236349484363
kalamkari block printing,850,6.745236349484363
kalamkari block printing,850,6.745236349484363
kalamkari block printing,850,6.745236349484363
kalamkari block printing,850,6.745236349484363
kalamkari block printing,850,6.745236349484363
kalamkari block printing,850,6.745236349484363
bandhani tie dye,850,6.745236349484363
bagru block printing,850,6.745236349484363
pochampally ikat weaving,850,6.745236349484363
jacquard weaving,850,6.745236349484363
batik block printing,850,6.745236349484363
kalamkari block printing,850,6.745236349484363
ajrakh block printing,650,6.476972362889683
ajrakh block printing,650,6.476972362889683
ajrakh block printing,650,6.476972362889683
ajrakh block printing,650,6.476972362889683
ajrakh block printing,650,6.476972362889683
ajrakh block printing,650,6.476972362889683
jacquard weaving,650,6.476972362889683
kalamkari block printing,650,6.476972362889683
ajrakh block printing,650,6.476972362889683
batik block printing,650,6.476972362889683
batik block printing,650,6.476972362889683
batik block printing,650,6.476972362889683
batik block printing,650,6.476972362889683
batik block printing,650,6.476972362889683
batik block printing,650,6.476972362889683
batik block printing,650,6.476972362889683
batik block printing,650,6.476972362889683
batik block printing,650,6.476972362889683
batik block printing,650,6.476972362889683
batik block printing,650,6.476972362889683
batik block printing,650,6.476972362889683
sanganeri block printing,650,6.476972362889683
sanganeri block printing,650,6.476972362889683
sanganeri block printing,650,6.476972362889683
sanganeri block printing,650,6.476972362889683
sanganeri block printing,650,6.476972362889683
sanganeri block printing,650,6.476972362889683
sanganeri block printing,650,6.476972362889683
sanganeri block printing,650,6.476972362889683
sanganeri block printing,650,6.476972362889683
sanganeri block printing,650,6.476972362889683
sanganeri block printing,650,6.476972362889683
sanganeri block printing,650,6.476972362889683
jacquard weaving,650,6.476972362889683
batik block printing,650,6.476972362889683
sanganeri block printing,650,6.476972362889683
patchwork,1100,7.003065458786462
patchwork,1100,7.003065458786462
patchwork,1100,7.003065458786462
patchwork,1100,7.003065458786462
patchwork,1100,7.003065458786462
patchwork,1100,7.003065458786462
patchwork,1100,7.003065458786462
patchwork,1100,7.003065458786462
handmade,1590,7.371489295214277
handmade,1590,7.371489295214277
handmade,1590,7.371489295214277
handmade,1590,7.371489295214277
handmade,1590,7.371489295214277
handmade,1590,7.371489295214277
handmade,1590,7.371489295214277
handmade,1590,7.371489295214277
handmade,1590,7.371489295214277
handmade,1590,7.371489295214277
handmade,1590,7.371489295214277
handmade,1590,7.371489295214277
handmade,1590,7.371489295214277
handmade,1590,7.371489295214277
handmade,1590,7.371489295214277
handmade,1590,7.371489295214277
handmade,1590,7.371489295214277
handmade,1590,7.371489295214277
handmade,1590,7.371489295214277
handmade,1590,7.371489295214277
handmade,1590,7.371489295214277
handmade,1590,7.371489295214277
handmade,1590,7.371489295214277
handmade,1590,7.371489295214277
patchwork,1100,7.003065458786462
patchwork,1100,7.003065458786462
batik block printing,850,6.745236349484363
batik block printing,850,6.745236349484363
batik block printing,850,6.745236349484363
batik block printing,850,6.745236349484363
batik block printing,850,6.745236349484363
kalamkari block printing,850,6.745236349484363
kalamkari block printing,850,6.745236349484363
kalamkari block printing,850,6.745236349484363
kalamkari block printing,850,6.745236349484363
kalamkari block printing,850,6.745236349484363
pochampally ikat weaving,850,6.745236349484363
pochampally ikat weaving,850,6.745236349484363
pochampally ikat weaving,850,6.745236349484363
pochampally ikat weaving,850,6.745236349484363
pochampally ikat weaving,850,6.745236349484363
pochampally ikat weaving,850,6.745236349484363
pochampally ikat weaving,850,6.745236349484363
pochampally ikat weaving,850,6.745236349484363
pochampally ikat weaving,850,6.745236349484363
pochampally ikat weaving,790,6.672032945461067
kalamkari block printing,790,6.672032945461067
kalamkari block printing,790,6.672032945461067
ajrakh block printing,790,6.672032945461067
ajrakh block printing,790,6.672032945461067
bagru block printing,790,6.672032945461067
sanganeri block printing,790,6.672032945461067
sanganeri block printing,790,6.672032945461067
jacquard weaving,790,6.672032945461067
sanganeri block printing,790,6.672032945461067
kalamkari block printing,790,6.672032945461067
pochampally ikat weaving,790,6.672032945461067
bagru block printing,790,6.672032945461067
handmade,790,6.672032945461067
batik block printing,850,6.745236349484363
kalamkari block printing,850,6.745236349484363
pochampally ikat weaving,850,6.745236349484363
ajrakh block printing,650,6.476972362889683
sanganeri block printing,650,6.476972362889683
sanganeri block printing,650,6.476972362889683
sanganeri block printing,650,6.476972362889683
sanganeri block printing,650,6.476972362889683
sanganeri block printing,650,6.476972362889683
sanganeri block printing,650,6.476972362889683
ajrakh block printing,790,6.672032945461067
bagh block printing,790,6.672032945461067
handmade,790,6.672032945461067
handmade,850,6.745236349484363
pochampally ikat weaving,850,6.745236349484363
pochampally ikat weaving,850,6.745236349484363
pochampally ikat weaving,850,6.745236349484363
handmade,850,6.745236349484363
handmade,850,6.745236349484363
handmade,850,6.745236349484363
handmade,850,6.745236349484363
handmade,850,6.745236349484363
handmade,850,6.745236349484363
handmade,850,6.745236349484363
handmade,850,6.745236349484363
handmade,850,6.745236349484363
handmade,850,6.745236349484363
handmade,850,6.745236349484363
handmade,850,6.745236349484363
handmade,850,6.745236349484363
handmade,850,6.745236349484363
handmade,850,6.745236349484363
sanganeri block printing,650,6.476972362889683
handmade,990,6.897704943128636
handmade,990,6.897704943128636
handmade,990,6.897704943128636
handmade,990,6.897704943128636
handmade,990,6.897704943128636
handmade,990,6.897704943128636
handmade,990,6.897704943128636
handmade,990,6.897704943128636
handmade,990,6.897704943128636
handmade,990,6.897704943128636
handmade,990,6.897704943128636
plain solid,990,6.897704943128636
plain solid,990,6.897704943128636
plain solid,990,6.897704943128636
plain solid,990,6.897704943128636
plain solid,990,6.897704943128636
plain solid,990,6.897704943128636
plain solid,990,6.897704943128636
ajrakh block printing,950,6.856461984594587
handmade,990,6.897704943128636
handmade,990,6.897704943128636
plain solid,990,6.897704943128636
sanganeri block printing,1250,7.1308988302963465
handmade,2490,7.820037989458753
sanganeri block printing,1250,7.1308988302963465
sanganeri block printing,1250,7.1308988302963465
ajrakh block printing,1250,7.1308988302963465
sanganeri block printing,1250,7.1308988302963465
ajrakh block printing,1250,7.1308988302963465
sanganeri block printing,1250,7.1308988302963465
ajrakh block printing,1250,7.1308988302963465
sanganeri block printing,1250,7.1308988302963465
sanganeri block printing,1250,7.1308988302963465
sanganeri block printing,1250,7.1308988302963465
fabart,1250,7.1308988302963465
sanganeri block printing,1250,7.1308988302963465
batik block printing,1250,7.1308988302963465
ajrakh block printing,1250,7.1308988302963465
ajrakh block printing,1250,7.1308988302963465
kalamkari block printing,1250,7.1308988302963465
sanganeri block printing,1250,7.1308988302963465
kalamkari block printing,1250,7.1308988302963465
batik block printing,1250,7.1308988302963465
pochampally ikat weaving,1250,7.1308988302963465
sanganeri block printing,1250,7.1308988302963465
sanganeri block printing,1250,7.1308988302963465
batik block printing,1250,7.1308988302963465
sanganeri block printing,1250,7.1308988302963465
sanganeri block printing,1250,7.1308988302963465
sanganeri block printing,1250,7.1308988302963465
kalamkari block printing,1250,7.1308988302963465
sanganeri block printing,1250,7.1308988302963465
fabart,1250,7.1308988302963465
batik block printing,1250,7.1308988302963465
ajrakh block printing,1250,7.1308988302963465
patchwork,950,6.856461984594587
patchwork,950,6.856461984594587
patchwork,950,6.856461984594587
patchwork,950,6.856461984594587
patchwork,950,6.856461984594587
patchwork,950,6.856461984594587
patchwork,950,6.856461984594587
patchwork,950,6.856461984594587
patchwork,950,6.856461984594587
patchwork,950,6.856461984594587
patchwork,1100,7.003065458786462
patchwork,1100,7.003065458786462
patchwork,1100,7.003065458786462
patchwork,1100,7.003065458786462
patchwork,1100,7.003065458786462
patchwork,1100,7.003065458786462
patchwork,1100,7.003065458786462
patchwork,1100,7.003065458786462
patchwork,1100,7.003065458786462
patchwork,1100,7.003065458786462
patchwork,1100,7.003065458786462
patchwork,1100,7.003065458786462
patchwork,950,6.856461984594587
patchwork,950,6.856461984594587
patchwork,1100,7.003065458786462
patchwork,790,6.672032945461067
patchwork,790,6.672032945461067
patchwork,790,6.672032945461067
patchwork,790,6.672032945461067
patchwork,790,6.672032945461067
patchwork,790,6.672032945461067
patchwork,790,6.672032945461067
patchwork,790,6.672032945461067
patchwork,790,6.672032945461067
patchwork,790,6.672032945461067
kalamkari block printing,1690,7.432483807917119
kalamkari block printing,1690,7.432483807917119
kalamkari block printing,1690,7.432483807917119
kalamkari block printing,1690,7.432483807917119
kalamkari block printing,1690,7.432483807917119
ajrakh block printing,1690,7.432483807917119
ajrakh block printing,1690,7.432483807917119
ajrakh block printing,1690,7.432483807917119
ajrakh block printing,1690,7.432483807917119
ajrakh block printing,1690,7.432483807917119
ajrakh block printing,1690,7.432483807917119
bagru block printing,1690,7.432483807917119
bagru block printing,1690,7.432483807917119
bagru block printing,1690,7.432483807917119
bagru block printing,1690,7.432483807917119
bagru block printing,1690,7.432483807917119
bagru block printing,1690,7.432483807917119
bagru block printing,1690,7.432483807917119
plain solid,1690,7.432483807917119
plain solid,1690,7.432483807917119
sanganeri block printing,1690,7.432483807917119
sanganeri block printing,1690,7.432483807917119
sanganeri block printing,1690,7.432483807917119
plain solid,1690,7.432483807917119
plain solid,1690,7.432483807917119
plain solid,1690,7.432483807917119
plain solid,1690,7.432483807917119
bagru block printing,1690,7.432483807917119
pochampally ikat weaving,1690,7.432483807917119
pochampally ikat weaving,1690,7.432483807917119
pochampally ikat weaving,1690,7.432483807917119
pochampally ikat weaving,1690,7.432483807917119
pochampally ikat weaving,1690,7.432483807917119
plain solid,1690,7.432483807917119
jacquard weaving,1690,7.432483807917119
jacquard weaving,850,6.745236349484363
bagh block printing,850,6.745236349484363
pochampally ikat weaving,850,6.745236349484363
kalamkari block printing,850,6.745236349484363
batik block printing,850,6.745236349484363
batik block printing,850,6.745236349484363
batik block printing,850,6.745236349484363
batik block printing,850,6.745236349484363
bandhani tie dye,790,6.672032945461067
bandhani tie dye,790,6.672032945461067
bandhani tie dye,790,6.672032945461067
bandhani tie dye,790,6.672032945461067
pochampally ikat weaving,790,6.672032945461067
handmade,750,6.620073206530356
handmade,750,6.620073206530356
handmade,750,6.620073206530356
handmade,750,6.620073206530356
handmade,750,6.620073206530356
handmade,750,6.620073206530356
plain solid,1690,7.432483807917119
plain solid,1690,7.432483807917119
plain solid,1690,7.432483807917119
bandhani tie dye,1690,7.432483807917119
plain solid,1690,7.432483807917119
plain solid,1690,7.432483807917119
plain solid,1690,7.432483807917119
batik block printing,750,6.620073206530356
bandhani tie dye,750,6.620073206530356
plain solid,750,6.620073206530356
sanganeri block printing,750,6.620073206530356
plain solid,750,6.620073206530356
kalamkari block printing,750,6.620073206530356
plain solid,750,6.620073206530356
kalamkari block printing,750,6.620073206530356
kalamkari block printing,750,6.620073206530356
bagh block printing,750,6.620073206530356
kalamkari block printing,750,6.620073206530356
kalamkari block printing,750,6.620073206530356
kalamkari block printing,750,6.620073206530356
ajrakh block printing,750,6.620073206530356
kalamkari block printing,750,6.620073206530356
kalamkari block printing,750,6.620073206530356
pochampally ikat weaving,750,6.620073206530356
pochampally ikat weaving,750,6.620073206530356
kalamkari block printing,750,6.620073206530356
pochampally ikat weaving,750,6.620073206530356
pochampally ikat weaving,750,6.620073206530356
jacquard weaving,750,6.620073206530356
kalamkari block printing,750,6.620073206530356
kalamkari block printing,750,6.620073206530356
kalamkari block printing,750,6.620073206530356
kalamkari block printing,750,6.620073206530356
kalamkari block printing,750,6.620073206530356
pochampally ikat weaving,350,5.857933154483459
pochampally ikat weaving,350,5.857933154483459
bagh block printing,350,5.857933154483459
kalamkari block printing,350,5.857933154483459
handmade,350,5.857933154483459
jacquard weaving,350,5.857933154483459
jacquard weaving,350,5.857933154483459
plain solid,350,5.857933154483459
jacquard weaving,350,5.857933154483459
bandhani tie dye,350,5.857933154483459
batik block printing,350,5.857933154483459
jacquard weaving,350,5.857933154483459
plain solid,350,5.857933154483459
plain solid,350,5.857933154483459
pochampally ikat weaving,2490,7.820037989458753
jacquard weaving,1590,7.371489295214277
pochampally ikat weaving,2490,7.820037989458753
pochampally ikat weaving,2490,7.820037989458753
pochampally ikat weaving,2490,7.820037989458753
pochampally ikat weaving,2490,7.820037989458753
pochampally ikat weaving,2490,7.820037989458753
pochampally ikat weaving,2490,7.820037989458753
pochampally ikat weaving,2490,7.820037989458753
pochampally ikat weaving,2490,7.820037989458753
pochampally ikat weaving,2490,7.820037989458753
pochampally ikat weaving,2490,7.820037989458753
pochampally ikat weaving,2490,7.820037989458753
pochampally ikat weaving,2490,7.820037989458753
pochampally ikat weaving,2490,7.820037989458753
pochampally ikat weaving,2490,7.820037989458753
pochampally ikat weaving,2490,7.820037989458753
pochampally ikat weaving,2490,7.820037989458753
pochampally ikat weaving,2490,7.820037989458753
pochampally ikat weaving,2490,7.820037989458753
pochampally ikat weaving,2490,7.820037989458753
pochampally ikat weaving,2490,7.820037989458753
pochampally ikat weaving,2490,7.820037989458753
pochampally ikat weaving,2490,7.820037989458753
pochampally ikat weaving,2490,7.820037989458753
pochampally ikat weaving,2490,7.820037989458753
pochampally ikat weaving,2490,7.820037989458753
pochampally ikat weaving,2490,7.820037989458753
pochampally ikat weaving,2490,7.820037989458753
pochampally ikat weaving,2490,7.820037989458753
pochampally ikat weaving,2490,7.820037989458753
pochampally ikat weaving,2490,7.820037989458753
pochampally ikat weaving,2490,7.820037989458753
pochampally ikat weaving,2490,7.820037989458753
pochampally ikat weaving,2490,7.820037989458753
pochampally ikat weaving,2490,7.820037989458753
pochampally ikat weaving,2490,7.820037989458753
pochampally ikat weaving,2490,7.820037989458753
pochampally ikat weaving,2490,7.820037989458753
pochampally ikat weaving,2490,7.820037989458753
pochampally ikat weaving,2490,7.820037989458753
pochampally ikat weaving,2490,7.820037989458753
pochampally ikat weaving,2490,7.820037989458753
pochampally ikat weaving,2490,7.820037989458753
pochampally ikat weaving,2490,7.820037989458753
pochampally ikat weaving,2490,7.820037989458753
pochampally ikat weaving,2490,7.820037989458753
pochampally ikat weaving,2490,7.820037989458753
pochampally ikat weaving,2490,7.820037989458753
pochampally ikat weaving,2490,7.820037989458753
patchwork,790,6.672032945461067
patchwork,790,6.672032945461067
handmade,1590,7.371489295214277
handmade,1590,7.371489295214277
batik block printing,550,6.309918278226516
plain solid,550,6.309918278226516
patchwork,790,6.672032945461067
patchwork,790,6.672032945461067
patchwork,790,6.672032945461067
patchwork,790,6.672032945461067
patchwork,790,6.672032945461067
patchwork,790,6.672032945461067
patchwork,790,6.672032945461067
patchwork,790,6.672032945461067
bagru block printing,650,6.476972362889683
plain solid,650,6.476972362889683
batik block printing,650,6.476972362889683
batik block printing,650,6.476972362889683
batik block printing,850,6.745236349484363
jacquard weaving,1690,7.432483807917119
batik block printing,850,6.745236349484363
batik block printing,850,6.745236349484363
batik block printing,850,6.745236349484363
batik block printing,850,6.745236349484363
batik block printing,850,6.745236349484363
batik block printing,850,6.745236349484363
bandhani tie dye,790,6.672032945461067
handmade,750,6.620073206530356
pochampally ikat weaving,790,6.672032945461067
jacquard weaving,790,6.672032945461067
bandhani tie dye,790,6.672032945461067
pochampally ikat weaving,790,6.672032945461067
ajrakh block printing,540,6.29156913955832
ajrakh block printing,540,6.29156913955832
jacquard weaving,540,6.29156913955832
sanganeri block printing,540,6.29156913955832
bagh block printing,540,6.29156913955832
jacquard weaving,540,6.29156913955832
jacquard weaving,540,6.29156913955832
sanganeri block printing,540,6.29156913955832
bandhani tie dye,950,6.856461984594587
plain solid,950,6.856461984594587
pochampally ikat weaving,1690,7.432483807917119
bagh block printing,1690,7.432483807917119
kalamkari block printing,1690,7.432483807917119
batik block printing,1690,7.432483807917119
jacquard weaving,1690,7.432483807917119
plain solid,750,6.620073206530356
plain solid,750,6.620073206530356
jacquard weaving,750,6.620073206530356
pochampally ikat weaving,750,6.620073206530356
pochampally ikat weaving,750,6.620073206530356
sanganeri block printing,750,6.620073206530356
ajrakh block printing,750,6.620073206530356
pochampally ikat weaving,750,6.620073206530356
sanganeri block printing,750,6.620073206530356
bagh block printing,750,6.620073206530356
ajrakh block printing,750,6.620073206530356
ajrakh block printing,750,6.620073206530356
sanganeri block printing,750,6.620073206530356
pochampally ikat weaving,750,6.620073206530356
pochampally ikat weaving,750,6.620073206530356
sanganeri block printing,750,6.620073206530356
ajrakh block printing,750,6.620073206530356
bandhani tie dye,750,6.620073206530356
bagh block printing,750,6.620073206530356
bandhani tie dye,750,6.620073206530356
batik block printing,750,6.620073206530356
plain solid,750,6.620073206530356
bagh block printing,750,6.620073206530356
bandhani tie dye,750,6.620073206530356
bandhani tie dye,750,6.620073206530356
batik block printing,750,6.620073206530356
handmade,790,6.672032945461067
batik block printing,790,6.672032945461067
handmade,790,6.672032945461067
handmade,790,6.672032945461067
handmade,790,6.672032945461067
handmade,790,6.672032945461067
handmade,790,6.672032945461067
handmade,790,6.672032945461067
handmade,790,6.672032945461067
handmade,790,6.672032945461067
handmade,790,6.672032945461067
handmade,790,6.672032945461067
pochampally ikat weaving,790,6.672032945461067
handmade,790,6.672032945461067
handmade,790,6.672032945461067
batik block printing,790,6.672032945461067
handmade,790,6.672032945461067
bagru block printing,790,6.672032945461067
handmade,790,6.672032945461067
jacquard weaving,790,6.672032945461067
bagh block printing,1690,7.432483807917119
batik block printing,1690,7.432483807917119
kalamkari block printing,1690,7.432483807917119
kalamkari block printing,1690,7.432483807917119
ajrakh block printing,1690,7.432483807917119
batik block printing,1690,7.432483807917119
kalamkari block printing,1690,7.432483807917119
ajrakh block printing,1690,7.432483807917119
sanganeri block printing,1690,7.432483807917119
batik block printing,1690,7.432483807917119
pochampally ikat weaving,1690,7.432483807917119
kalamkari block printing,1690,7.432483807917119
bagru block printing,1690,7.432483807917119
jacquard weaving,1690,7.432483807917119
plain solid,1690,7.432483807917119
batik block printing,1690,7.432483807917119
handmade,790,6.672032945461067
handmade,790,6.672032945461067
handmade,790,6.672032945461067
handmade,790,6.672032945461067
handmade,790,6.672032945461067
handmade,790,6.672032945461067
handmade,790,6.672032945461067
handmade,650,6.476972362889683
handmade,650,6.476972362889683
kalamkari block printing,1690,7.432483807917119
batik block printing,1690,7.432483807917119
bagru block printing,1690,7.432483807917119
jacquard weaving,1690,7.432483807917119
kalamkari block printing,1690,7.432483807917119
kalamkari block printing,1690,7.432483807917119
batik block printing,1690,7.432483807917119
bagh block printing,1690,7.432483807917119
bagru block printing,1690,7.432483807917119
bagh block printing,1690,7.432483807917119
batik block printing,1690,7.432483807917119
batik block printing,1690,7.432483807917119
kalamkari block printing,1690,7.432483807917119
batik block printing,1690,7.432483807917119
kalamkari block printing,1690,7.432483807917119
batik block printing,1690,7.432483807917119
batik block printing,1690,7.432483807917119
batik block printing,1690,7.432483807917119
kalamkari block printing,1690,7.432483807917119
batik block printing,1690,7.432483807917119
kalamkari block printing,1690,7.432483807917119
jacquard weaving,1690,7.432483807917119
batik block printing,1690,7.432483807917119
ajrakh block printing,1690,7.432483807917119
kalamkari block printing,1690,7.432483807917119
jacquard weaving,1690,7.432483807917119
batik block printing,1690,7.432483807917119
ajrakh block printing,1690,7.432483807917119
batik block printing,1690,7.432483807917119
sanganeri block printing,790,6.672032945461067
bandhani tie dye,790,6.672032945461067
batik block printing,790,6.672032945461067
sanganeri block printing,790,6.672032945461067
handmade,790,6.672032945461067
handmade,790,6.672032945461067
handmade,540,6.29156913955832
handmade,540,6.29156913955832
handmade,540,6.29156913955832
handmade,540,6.29156913955832
handmade,540,6.29156913955832
handmade,590,6.380122536899765
handmade,590,6.380122536899765
handmade,590,6.380122536899765
batik block printing,590,6.380122536899765
handmade,590,6.380122536899765
handmade,590,6.380122536899765
ajrakh block printing,590,6.380122536899765
jacquard weaving,790,6.672032945461067
jacquard weaving,790,6.672032945461067
batik block printing,790,6.672032945461067
handmade,790,6.672032945461067
jacquard weaving,790,6.672032945461067
pochampally ikat weaving,790,6.672032945461067
plain solid,790,6.672032945461067
sanganeri block printing,790,6.672032945461067
jacquard weaving,790,6.672032945461067
sanganeri block printing,790,6.672032945461067
handmade,790,6.672032945461067
batik block printing,790,6.672032945461067
sanganeri block printing,790,6.672032945461067
bagru block printing,790,6.672032945461067
batik block printing,1690,7.432483807917119
batik block printing,1690,7.432483807917119
batik block printing,1690,7.432483807917119
batik block printing,1690,7.432483807917119
ajrakh block printing,1690,7.432483807917119
batik block printing,1690,7.432483807917119
batik block printing,1690,7.432483807917119
batik block printing,1690,7.432483807917119
batik block printing,1690,7.432483807917119
batik block printing,1690,7.432483807917119
batik block printing,1690,7.432483807917119
batik block printing,1690,7.432483807917119
batik block printing,1690,7.432483807917119
bagh block printing,1690,7.432483807917119
batik block printing,1690,7.432483807917119
batik block printing,1690,7.432483807917119
batik block printing,1690,7.432483807917119
batik block printing,1690,7.432483807917119
batik block printing,1690,7.432483807917119
bagru block printing,1690,7.432483807917119
batik block printing,1690,7.432483807917119
batik block printing,1690,7.432483807917119
batik block printing,1690,7.432483807917119
batik block printing,1690,7.432483807917119
batik block printing,1690,7.432483807917119
batik block printing,1690,7.432483807917119
batik block printing,1690,7.432483807917119
batik block printing,1690,7.432483807917119
kalamkari block printing,1690,7.432483807917119
batik block printing,1690,7.432483807917119
bagru block printing,750,6.620073206530356
kalamkari block printing,750,6.620073206530356
kalamkari block printing,750,6.620073206530356
kalamkari block printing,750,6.620073206530356
sanganeri block printing,750,6.620073206530356
plain solid,750,6.620073206530356
kalamkari block printing,750,6.620073206530356
sanganeri block printing,750,6.620073206530356
kalamkari block printing,750,6.620073206530356
jacquard weaving,750,6.620073206530356
pochampally ikat weaving,750,6.620073206530356
sanganeri block printing,750,6.620073206530356
bandhani tie dye,750,6.620073206530356
ajrakh block printing,750,6.620073206530356
jacquard weaving,750,6.620073206530356
bagru block printing,750,6.620073206530356
ajrakh block printing,750,6.620073206530356
batik block printing,750,6.620073206530356
bagh block printing,750,6.620073206530356
bagh block printing,750,6.620073206530356
ajrakh block printing,750,6.620073206530356
kalamkari block printing,750,6.620073206530356
bagh block printing,750,6.620073206530356
batik block printing,790,6.672032945461067
jacquard weaving,790,6.672032945461067
ajrakh block printing,790,6.672032945461067
batik block printing,790,6.672032945461067
bagru block printing,790,6.672032945461067
ajrakh block printing,790,6.672032945461067
batik block printing,790,6.672032945461067
batik block printing,790,6.672032945461067
jacquard weaving,790,6.672032945461067
jacquard weaving,790,6.672032945461067
jacquard weaving,790,6.672032945461067
sanganeri block printing,790,6.672032945461067
sanganeri block printing,790,6.672032945461067
plain solid,790,6.672032945461067
bagru block printing,790,6.672032945461067
bagru block printing,790,6.672032945461067
sanganeri block printing,790,6.672032945461067
bagru block printing,790,6.672032945461067
batik block printing,790,6.672032945461067
pochampally ikat weaving,790,6.672032945461067
bagru block printing,750,6.620073206530356
jacquard weaving,750,6.620073206530356
plain solid,750,6.620073206530356
jacquard weaving,750,6.620073206530356
bandhani tie dye,750,6.620073206530356
sanganeri block printing,750,6.620073206530356
batik block printing,750,6.620073206530356
sanganeri block printing,750,6.620073206530356
pochampally ikat weaving,750,6.620073206530356
plain solid,750,6.620073206530356
ajrakh block printing,750,6.620073206530356
patchwork,790,6.672032945461067
pochampally ikat weaving,790,6.672032945461067
plain solid,790,6.672032945461067
jacquard weaving,790,6.672032945461067
batik block printing,790,6.672032945461067
jacquard weaving,790,6.672032945461067
bagh block printing,790,6.672032945461067
batik block printing,790,6.672032945461067
jacquard weaving,790,6.672032945461067
jacquard weaving,790,6.672032945461067
sanganeri block printing,790,6.672032945461067
ajrakh block printing,750,6.620073206530356
jacquard weaving,750,6.620073206530356
sanganeri block printing,750,6.620073206530356
kalamkari block printing,750,6.620073206530356
plain solid,750,6.620073206530356
ajrakh block printing,750,6.620073206530356
sanganeri block printing,750,6.620073206530356
bandhani tie dye,750,6.620073206530356
jacquard weaving,750,6.620073206530356
pochampally ikat weaving,750,6.620073206530356
bandhani tie dye,750,6.620073206530356
ajrakh block printing,750,6.620073206530356
ajrakh block printing,750,6.620073206530356
bagru block printing,750,6.620073206530356
plain solid,1690,7.432483807917119
handmade,1450,7.27931883541462
bagru block printing,1690,7.432483807917119
plain solid,1690,7.432483807917119
batik block printing,1690,7.432483807917119
jacquard weaving,1690,7.432483807917119
plain solid,1690,7.432483807917119
jacquard weaving,1690,7.432483807917119
bagru block printing,1690,7.432483807917119
sanganeri block printing,1690,7.432483807917119
bagh block printing,1690,7.432483807917119
ajrakh block printing,1690,7.432483807917119
ajrakh block printing,1690,7.432483807917119
batik block printing,1690,7.432483807917119
bagru block printing,1690,7.432483807917119
sanganeri block printing,1690,7.432483807917119
ajrakh block printing,1690,7.432483807917119
bagru block printing,1690,7.432483807917119
bagru block printing,1690,7.432483807917119
kalamkari block printing,1690,7.432483807917119
ajrakh block printing,1690,7.432483807917119
batik block printing,1690,7.432483807917119
sanganeri block printing,1690,7.432483807917119
sanganeri block printing,1690,7.432483807917119
batik block printing,790,6.672032945461067
jacquard weaving,790,6.672032945461067
bagru block printing,790,6.672032945461067
batik block printing,790,6.672032945461067
jacquard weaving,790,6.672032945461067
batik block printing,790,6.672032945461067
pochampally ikat weaving,790,6.672032945461067
jacquard weaving,540,6.29156913955832
jacquard weaving,540,6.29156913955832
kalamkari block printing,540,6.29156913955832
handmade,540,6.29156913955832
jacquard weaving,540,6.29156913955832
jacquard weaving,540,6.29156913955832
kalamkari block printing,750,6.620073206530356
kalamkari block printing,750,6.620073206530356
ajrakh block printing,750,6.620073206530356
ajrakh block printing,750,6.620073206530356
pochampally ikat weaving,590,6.380122536899765
sanganeri block printing,590,6.380122536899765
bandhani tie dye,590,6.380122536899765
batik block printing,590,6.380122536899765
ajrakh block printing,590,6.380122536899765
pochampally ikat weaving,590,6.380122536899765
jacquard weaving,590,6.380122536899765
kalamkari block printing,590,6.380122536899765
pochampally ikat weaving,590,6.380122536899765
sanganeri block printing,590,6.380122536899765
sanganeri block printing,590,6.380122536899765
sanganeri block printing,590,6.380122536899765
bagru block printing,590,6.380122536899765
batik block printing,790,6.672032945461067
batik block printing,790,6.672032945461067
batik block printing,790,6.672032945461067
batik block printing,790,6.672032945461067
bagru block printing,790,6.672032945461067
batik block printing,790,6.672032945461067
batik block printing,790,6.672032945461067
batik block printing,790,6.672032945461067
batik block printing,790,6.672032945461067
batik block printing,790,6.672032945461067
sanganeri block printing,790,6.672032945461067
bagru block printing,790,6.672032945461067
plain solid,590,6.380122536899765
patchwork,790,6.672032945461067
jacquard weaving,790,6.672032945461067
jacquard weaving,790,6.672032945461067
jacquard weaving,790,6.672032945461067
jacquard weaving,790,6.672032945461067
jacquard weaving,790,6.672032945461067
jacquard weaving,790,6.672032945461067
patchwork,790,6.672032945461067
patchwork,790,6.672032945461067
patchwork,790,6.672032945461067
patchwork,790,6.672032945461067
patchwork,790,6.672032945461067
patchwork,790,6.672032945461067
patchwork,790,6.672032945461067
patchwork,790,6.672032945461067
patchwork,790,6.672032945461067
patchwork,790,6.672032945461067
patchwork,790,6.672032945461067
patchwork,790,6.672032945461067
patchwork,790,6.672032945461067
patchwork,790,6.672032945461067
patchwork,790,6.672032945461067
patchwork,790,6.672032945461067
patchwork,790,6.672032945461067
patchwork,790,6.672032945461067
patchwork,790,6.672032945461067
patchwork,790,6.672032945461067
patchwork,790,6.672032945461067
handmade,790,6.672032945461067
handmade,790,6.672032945461067
handmade,790,6.672032945461067
batik block printing,790,6.672032945461067
bagru block printing,790,6.672032945461067
bandhani tie dye,790,6.672032945461067
plain solid,790,6.672032945461067
patchwork,790,6.672032945461067
patchwork,790,6.672032945461067
patchwork,790,6.672032945461067
patchwork,790,6.672032945461067
patchwork,790,6.672032945461067
patchwork,790,6.672032945461067
patchwork,790,6.672032945461067
patchwork,790,6.672032945461067
patchwork,790,6.672032945461067
patchwork,790,6.672032945461067
patchwork,790,6.672032945461067
patchwork,790,6.672032945461067
patchwork,790,6.672032945461067
patchwork,790,6.672032945461067
patchwork,790,6.672032945461067
patchwork,790,6.672032945461067
patchwork,790,6.672032945461067
patchwork,790,6.672032945461067
patchwork,790,6.672032945461067
bagh block printing,590,6.380122536899765
jacquard weaving,590,6.380122536899765
ajrakh block printing,590,6.380122536899765
sanganeri block printing,590,6.380122536899765
sanganeri block printing,590,6.380122536899765
ajrakh block printing,590,6.380122536899765
sanganeri block printing,590,6.380122536899765
sanganeri block printing,590,6.380122536899765
sanganeri block printing,590,6.380122536899765
bagru block printing,590,6.380122536899765
bagh block printing,590,6.380122536899765
sanganeri block printing,590,6.380122536899765
ajrakh block printing,590,6.380122536899765
bagru block printing,590,6.380122536899765
bagru block printing,590,6.380122536899765
bagru block printing,590,6.380122536899765
bagh block printing,590,6.380122536899765
batik block printing,790,6.672032945461067
pochampally ikat weaving,790,6.672032945461067
handmade,790,6.672032945461067
pochampally ikat weaving,790,6.672032945461067
batik block printing,790,6.672032945461067
pochampally ikat weaving,790,6.672032945461067
pochampally ikat weaving,790,6.672032945461067
batik block printing,790,6.672032945461067
batik block printing,790,6.672032945461067
batik block printing,790,6.672032945461067
batik block printing,790,6.672032945461067
patchwork,790,6.672032945461067
patchwork,790,6.672032945461067
patchwork,790,6.672032945461067
patchwork,790,6.672032945461067
patchwork,790,6.672032945461067
patchwork,790,6.672032945461067
patchwork,790,6.672032945461067
patchwork,790,6.672032945461067
patchwork,790,6.672032945461067
patchwork,790,6.672032945461067
patchwork,790,6.672032945461067
patchwork,790,6.672032945461067
patchwork,790,6.672032945461067
patchwork,790,6.672032945461067
patchwork,790,6.672032945461067
patchwork,790,6.672032945461067
patchwork,790,6.672032945461067
patchwork,790,6.672032945461067
patchwork,790,6.672032945461067
patchwork,790,6.672032945461067
patchwork,790,6.672032945461067
patchwork,790,6.672032945461067
patchwork,790,6.672032945461067
patchwork,790,6.672032945461067
batik block printing,650,6.476972362889683
batik block printing,650,6.476972362889683
patchwork,890,6.7912214627261855
patchwork,890,6.7912214627261855
patchwork,890,6.7912214627261855
patchwork,890,6.7912214627261855
patchwork,890,6.7912214627261855
patchwork,890,6.7912214627261855
patchwork,890,6.7912214627261855
patchwork,890,6.7912214627261855
patchwork,890,6.7912214627261855
patchwork,890,6.7912214627261855
patchwork,890,6.7912214627261855
patchwork,890,6.7912214627261855
patchwork,890,6.7912214627261855
patchwork,890,6.7912214627261855
patchwork,890,6.7912214627261855
patchwork,890,6.7912214627261855
patchwork,890,6.7912214627261855
patchwork,890,6.7912214627261855
patchwork,890,6.7912214627261855
patchwork,890,6.7912214627261855
plain solid,450,6.1092475827643655
plain solid,450,6.1092475827643655
plain solid,450,6.1092475827643655
plain solid,450,6.1092475827643655
plain solid,450,6.1092475827643655
plain solid,450,6.1092475827643655
plain solid,450,6.1092475827643655
plain solid,450,6.1092475827643655
plain solid,450,6.1092475827643655
plain solid,450,6.1092475827643655
plain solid,450,6.1092475827643655
plain solid,450,6.1092475827643655
plain solid,450,6.1092475827643655
plain solid,450,6.1092475827643655
plain solid,450,6.1092475827643655
plain solid,450,6.1092475827643655
plain solid,450,6.1092475827643655
plain solid,450,6.1092475827643655
plain solid,450,6.1092475827643655
plain solid,450,6.1092475827643655
patchwork,890,6.7912214627261855
plain solid,450,6.1092475827643655
plain solid,450,6.1092475827643655
plain solid,450,6.1092475827643655
plain solid,450,6.1092475827643655
patchwork,790,6.672032945461067
patchwork,790,6.672032945461067
patchwork,790,6.672032945461067
patchwork,790,6.672032945461067
patchwork,790,6.672032945461067
patchwork,790,6.672032945461067
patchwork,790,6.672032945461067
patchwork,790,6.672032945461067
patchwork,790,6.672032945461067
patchwork,790,6.672032945461067
patchwork,790,6.672032945461067
patchwork,790,6.672032945461067
patchwork,790,6.672032945461067
patchwork,790,6.672032945461067
patchwork,790,6.672032945461067
patchwork,790,6.672032945461067
patchwork,790,6.672032945461067
patchwork,790,6.672032945461067
patchwork,790,6.672032945461067
patchwork,790,6.672032945461067
patchwork,790,6.672032945461067
patchwork,790,6.672032945461067
patchwork,790,6.672032945461067
patchwork,790,6.672032945461067
patchwork,790,6.672032945461067
patchwork,790,6.672032945461067
patchwork,790,6.672032945461067
patchwork,790,6.672032945461067
patchwork,790,6.672032945461067
patchwork,790,6.672032945461067
patchwork,790,6.672032945461067
patchwork,790,6.672032945461067
patchwork,790,6.672032945461067
patchwork,790,6.672032945461067
patchwork,790,6.672032945461067
batik block printing,350,5.857933154483459
batik block printing,350,5.857933154483459
batik block printing,350,5.857933154483459
batik block printing,350,5.857933154483459
batik block printing,350,5.857933154483459
batik block printing,350,5.857933154483459
batik block printing,350,5.857933154483459
batik block printing,350,5.857933154483459
batik block printing,350,5.857933154483459
batik block printing,350,5.857933154483459
batik block printing,350,5.857933154483459
batik block printing,350,5.857933154483459
batik block printing,350,5.857933154483459
batik block printing,350,5.857933154483459
batik block printing,350,5.857933154483459
batik block printing,350,5.857933154483459
batik block printing,350,5.857933154483459
jacquard weaving,540,6.29156913955832
jacquard weaving,540,6.29156913955832
batik block printing,350,5.857933154483459
jacquard weaving,540,6.29156913955832
pochampally ikat weaving,2290,7.736307096548285
pochampally ikat weaving,2290,7.736307096548285
pochampally ikat weaving,2290,7.736307096548285
pochampally ikat weaving,2290,7.736307096548285
pochampally ikat weaving,2290,7.736307096548285
pochampally ikat weaving,2290,7.736307096548285
pochampally ikat weaving,2290,7.736307096548285
pochampally ikat weaving,2290,7.736307096548285
pochampally ikat weaving,2290,7.736307096548285
pochampally ikat weaving,2290,7.736307096548285
pochampally ikat weaving,2290,7.736307096548285
pochampally ikat weaving,2290,7.736307096548285
pochampally ikat weaving,2290,7.736307096548285
pochampally ikat weaving,2290,7.736307096548285
pochampally ikat weaving,2290,7.736307096548285
pochampally ikat weaving,2290,7.736307096548285
pochampally ikat weaving,2290,7.736307096548285
pochampally ikat weaving,2290,7.736307096548285
pochampally ikat weaving,2290,7.736307096548285
pochampally ikat weaving,2290,7.736307096548285
pochampally ikat weaving,2290,7.736307096548285
pochampally ikat weaving,2290,7.736307096548285
pochampally ikat weaving,2290,7.736307096548285
pochampally ikat weaving,2290,7.736307096548285
pochampally ikat weaving,2290,7.736307096548285
pochampally ikat weaving,2290,7.736307096548285
pochampally ikat weaving,2290,7.736307096548285
jacquard weaving,540,6.29156913955832
jacquard weaving,540,6.29156913955832
jacquard weaving,540,6.29156913955832
jacquard weaving,540,6.29156913955832
jacquard weaving,540,6.29156913955832
jacquard weaving,540,6.29156913955832
jacquard weaving,540,6.29156913955832
jacquard weaving,540,6.29156913955832
jacquard weaving,540,6.29156913955832
jacquard weaving,540,6.29156913955832
jacquard weaving,540,6.29156913955832
jacquard weaving,540,6.29156913955832
jacquard weaving,540,6.29156913955832
jacquard weaving,540,6.29156913955832
jacquard weaving,540,6.29156913955832
jacquard weaving,540,6.29156913955832
jacquard weaving,540,6.29156913955832
jacquard weaving,540,6.29156913955832
fabart,2250,7.718685495198466
fabart,2250,7.718685495198466
pochampally ikat weaving,950,6.856461984594587
fabart,2250,7.718685495198466
sanganeri block printing,1950,7.575584651557793
kalamkari block printing,1690,7.432483807917119
kalamkari block printing,1690,7.432483807917119
kalamkari block printing,1690,7.432483807917119
kalamkari block printing,1690,7.432483807917119
kalamkari block printing,1690,7.432483807917119
kalamkari block printing,1690,7.432483807917119
kalamkari block printing,1690,7.432483807917119
kalamkari block printing,1690,7.432483807917119
kalamkari block printing,1690,7.432483807917119
kalamkari block printing,1690,7.432483807917119
kalamkari block printing,1690,7.432483807917119
kalamkari block printing,1690,7.432483807917119
kalamkari block printing,1690,7.432483807917119
kalamkari block printing,1690,7.432483807917119
ajrakh block printing,2490,7.820037989458753
ajrakh block printing,2490,7.820037989458753
ajrakh block printing,2490,7.820037989458753
ajrakh block printing,2490,7.820037989458753
ajrakh block printing,2490,7.820037989458753
ajrakh block printing,2490,7.820037989458753
ajrakh block printing,2490,7.820037989458753
ajrakh block printing,2490,7.820037989458753
ajrakh block printing,2490,7.820037989458753
ajrakh block printing,2490,7.820037989458753
ajrakh block printing,2490,7.820037989458753
ajrakh block printing,2490,7.820037989458753
ajrakh block printing,2490,7.820037989458753
ajrakh block printing,2290,7.736307096548285
ajrakh block printing,2290,7.736307096548285
ajrakh block printing,2290,7.736307096548285
ajrakh block printing,2290,7.736307096548285
ajrakh block printing,2290,7.736307096548285
ajrakh block printing,2290,7.736307096548285
ajrakh block printing,2290,7.736307096548285
kalamkari block printing,1690,7.432483807917119
patchwork,1690,7.432483807917119
patchwork,1690,7.432483807917119
patchwork,1690,7.432483807917119
patchwork,1690,7.432483807917119
patchwork,1690,7.432483807917119
patchwork,1690,7.432483807917119
patchwork,1690,7.432483807917119
patchwork,1690,7.432483807917119
patchwork,1690,7.432483807917119
patchwork,1690,7.432483807917119
patchwork,1690,7.432483807917119
patchwork,1690,7.432483807917119
patchwork,1690,7.432483807917119
patchwork,1690,7.432483807917119
jacquard weaving,450,6.1092475827643655
jacquard weaving,450,6.1092475827643655
plain solid,450,6.1092475827643655
batik block printing,450,6.1092475827643655
batik block printing,450,6.1092475827643655
jacquard weaving,450,6.1092475827643655
batik block printing,450,6.1092475827643655
batik block printing,450,6.1092475827643655
batik block printing,450,6.1092475827643655
ajrakh block printing,950,6.856461984594587
kalamkari block printing,350,5.857933154483459
kalamkari block printing,350,5.857933154483459
sanganeri block printing,1290,7.162397497355718
sanganeri block printing,1590,7.371489295214277
sanganeri block printing,1290,7.162397497355718
sanganeri block printing,1290,7.162397497355718
sanganeri block printing,1290,7.162397497355718
sanganeri block printing,1290,7.162397497355718
sanganeri block printing,1290,7.162397497355718
sanganeri block printing,1290,7.162397497355718
jacquard weaving,790,6.672032945461067
jacquard weaving,790,6.672032945461067
fabart,1490,7.306531398939505
fabart,1490,7.306531398939505
fabart,1490,7.306531398939505
fabart,1490,7.306531398939505
fabart,1490,7.306531398939505
fabart,1490,7.306531398939505
fabart,1490,7.306531398939505
fabart,1890,7.544332108053688
fabart,1890,7.544332108053688
fabart,1890,7.544332108053688
fabart,590,6.380122536899765
fabart,590,6.380122536899765
fabart,590,6.380122536899765
fabart,590,6.380122536899765
fabart,590,6.380122536899765
fabart,590,6.380122536899765
fabart,590,6.380122536899765
fabart,590,6.380122536899765
fabart,590,6.380122536899765
fabart,590,6.380122536899765
fabart,590,6.380122536899765
fabart,590,6.380122536899765
fabart,590,6.380122536899765
fabart,590,6.380122536899765
fabart,590,6.380122536899765
fabart,590,6.380122536899765
fabart,590,6.380122536899765
bandhani tie dye,1590,7.371489295214277
handmade,990,6.897704943128636
bead work,2900,7.972466015974565
bagru block printing,1750,7.46737106691756
bagru block printing,1750,7.46737106691756
fabart,1290,7.162397497355718
fabart,1290,7.162397497355718
fabart,590,6.380122536899765
pochampally ikat weaving,2950,7.989560449333865
pochampally ikat weaving,2950,7.989560449333865
pochampally ikat weaving,2950,7.989560449333865
pochampally ikat weaving,2950,7.989560449333865
pochampally ikat weaving,2950,7.989560449333865
bagru block printing,1100,7.003065458786462
sanganeri block printing,1100,7.003065458786462
bagru block printing,1100,7.003065458786462
bagru block printing,1100,7.003065458786462
bagru block printing,1100,7.003065458786462
bagru block printing,1100,7.003065458786462
bagru block printing,1100,7.003065458786462
bagru block printing,1100,7.003065458786462
bagru block printing,1100,7.003065458786462
pochampally ikat weaving,1690,7.432483807917119
pochampally ikat weaving,1690,7.432483807917119
pochampally ikat weaving,1690,7.432483807917119
pochampally ikat weaving,1690,7.432483807917119
pochampally ikat weaving,1690,7.432483807917119
pochampally ikat weaving,1690,7.432483807917119
pochampally ikat weaving,1690,7.432483807917119
pochampally ikat weaving,1690,7.432483807917119
pochampally ikat weaving,1690,7.432483807917119
pochampally ikat weaving,1690,7.432483807917119
pochampally ikat weaving,1690,7.432483807917119
pochampally ikat weaving,1690,7.432483807917119
pochampally ikat weaving,1690,7.432483807917119
pochampally ikat weaving,1690,7.432483807917119
pochampally ikat weaving,1690,7.432483807917119
pochampally ikat weaving,1690,7.432483807917119
pochampally ikat weaving,1690,7.432483807917119
pochampally ikat weaving,1690,7.432483807917119
pochampally ikat weaving,1690,7.432483807917119
pochampally ikat weaving,1690,7.432483807917119
pochampally ikat weaving,1690,7.432483807917119
pochampally ikat weaving,1690,7.432483807917119
pochampally ikat weaving,1690,7.432483807917119
pochampally ikat weaving,1690,7.432483807917119
pochampally ikat weaving,1690,7.432483807917119
patchwork,2690,7.897296472595885
patchwork,2690,7.897296472595885
handmade,1100,7.003065458786462
handmade,1290,7.162397497355718
handmade,1050,6.956545443151569
handmade,690,6.536691597591305
pochampally ikat weaving,990,6.897704943128636
pochampally ikat weaving,990,6.897704943128636
handmade,3190,8.06777619577889
handmade,3190,8.06777619577889
handmade,3190,8.06777619577889
handmade,3190,8.06777619577889
handmade,3190,8.06777619577889
handmade,3190,8.06777619577889
handmade,3190,8.06777619577889
handmade,3190,8.06777619577889
handmade,3190,8.06777619577889
handmade,3190,8.06777619577889
handmade,3190,8.06777619577889
handmade,3190,8.06777619577889
handmade,3190,8.06777619577889
handmade,3190,8.06777619577889
handmade,3190,8.06777619577889
handmade,3190,8.06777619577889
handmade,3190,8.06777619577889
handmade,2400,7.783224016336037
handmade,2400,7.783224016336037
handmade,2400,7.783224016336037
handmade,2400,7.783224016336037
pochampally ikat weaving,350,5.857933154483459
pochampally ikat weaving,350,5.857933154483459
handmade,2490,7.820037989458753
handmade,2490,7.820037989458753
handmade,950,6.856461984594587
bead work,1450,7.27931883541462
bead work,1450,7.27931883541462
bead work,1450,7.27931883541462
bead work,1450,7.27931883541462
bead work,1450,7.27931883541462
bagru block printing,1100,7.003065458786462
bagru block printing,695,6.543911845564792
bagru block printing,1390,7.237059026124737
bagru block printing,1390,7.237059026124737
bagru block printing,1150,7.047517221357296
bagru block printing,1150,7.047517221357296
bagru block printing,1150,7.047517221357296
bagru block printing,1190,7.081708586105575
bagru block printing,1100,7.003065458786462
bagru block printing,1150,7.047517221357296
fabart,1150,7.047517221357296
fabart,1150,7.047517221357296
fabart,1150,7.047517221357296
fabart,1150,7.047517221357296
fabart,1150,7.047517221357296
fabart,1150,7.047517221357296
pochampally ikat weaving,2490,7.820037989458753
handmade,2400,7.783224016336037
handmade,2400,7.783224016336037
handmade,1590,7.371489295214277
handmade,1590,7.371489295214277
bagru block printing,650,6.476972362889683
bagru block printing,650,6.476972362889683
sanganeri block printing,650,6.476972362889683
sanganeri block printing,650,6.476972362889683
jacquard weaving,650,6.476972362889683
handmade,650,6.476972362889683
handmade,3190,8.06777619577889
batik block printing,650,6.476972362889683
patchwork,750,6.620073206530356
ajrakh block printing,1090,6.993932975223189
plain solid,1250,7.1308988302963465
ajrakh block printing,1850,7.52294091807237
kalamkari block printing,690,6.536691597591305
kalamkari block printing,690,6.536691597591305
batik block printing,650,6.476972362889683
batik block printing,650,6.476972362889683
sanganeri block printing,790,6.672032945461067
ajrakh block printing,650,6.476972362889683
handmade,2400,7.783224016336037
ajrakh block printing,1690,7.432483807917119
bandhani tie dye,540,6.29156913955832
ajrakh block printing,540,6.29156913955832
batik block printing,350,5.857933154483459
batik block printing,350,5.857933154483459
ajrakh block printing,2490,7.820037989458753
ajrakh block printing,2490,7.820037989458753
patchwork,1690,7.432483807917119
kalamkari block printing,350,5.857933154483459
patchwork,1690,7.432483807917119
bandhani tie dye,650,6.476972362889683
pochampally ikat weaving,450,6.1092475827643655
sanganeri block printing,450,6.1092475827643655
bandhani tie dye,490,6.194405391104672
batik block printing,650,6.476972362889683
bagru block printing,390,5.966146739123692
sanganeri block printing,950,6.856461984594587
bandhani tie dye,790,6.672032945461067
bandhani tie dye,650,6.476972362889683
patchwork,350,5.857933154483459
batik block printing,650,6.476972362889683
batik block printing,550,6.309918278226516
sanganeri block printing,650,6.476972362889683
pochampally ikat weaving,450,6.1092475827643655
ajrakh block printing,550,6.309918278226516
kalamkari block printing,650,6.476972362889683
kalamkari block printing,450,6.1092475827643655
ajrakh block printing,450,6.1092475827643655
batik block printing,650,6.476972362889683
kalamkari block printing,450,6.1092475827643655
sanganeri block printing,450,6.1092475827643655
ajrakh block printing,950,6.856461984594587
kalamkari block printing,550,6.309918278226516
sanganeri block printing,650,6.476972362889683
ajrakh block printing,950,6.856461984594587
ajrakh block printing,790,6.672032945461067
pochampally ikat weaving,690,6.536691597591305
ajrakh block printing,550,6.309918278226516
patchwork,290,5.66988092298052
ajrakh block printing,790,6.672032945461067
patchwork,290,5.66988092298052
batik block printing,550,6.309918278226516
sanganeri block printing,950,6.856461984594587
pochampally ikat weaving,450,6.1092475827643655
sanganeri block printing,950,6.856461984594587
sanganeri block printing,790,6.672032945461067
ajrakh block printing,950,6.856461984594587
bagru block printing,390,5.966146739123692
kalamkari block printing,650,6.476972362889683
bandhani tie dye,490,6.194405391104672
bandhani tie dye,490,6.194405391104672
sanganeri block printing,450,6.1092475827643655
pochampally ikat weaving,690,6.536691597591305
handmade,590,6.380122536899765
sanganeri block printing,790,6.672032945461067
sanganeri block printing,790,6.672032945461067
ajrakh block printing,790,6.672032945461067
batik block printing,650,6.476972362889683
pochampally ikat weaving,450,6.1092475827643655
bandhani tie dye,650,6.476972362889683
ajrakh block printing,950,6.856461984594587
sanganeri block printing,450,6.1092475827643655
kalamkari block printing,550,6.309918278226516
sanganeri block printing,950,6.856461984594587
sanganeri block printing,950,6.856461984594587
batik block printing,550,6.309918278226516
bagru block printing,650,6.476972362889683
bandhani tie dye,650,6.476972362889683
sanganeri block printing,450,6.1092475827643655
sanganeri block printing,450,6.1092475827643655
batik block printing,650,6.476972362889683
ajrakh block printing,950,6.856461984594587
batik block printing,550,6.309918278226516
bandhani tie dye,490,6.194405391104672
ajrakh block printing,950,6.856461984594587
ajrakh block printing,790,6.672032945461067
ajrakh block printing,790,6.672032945461067
sanganeri block printing,650,6.476972362889683
kalamkari block printing,650,6.476972362889683
kalamkari block printing,650,6.476972362889683
ajrakh block printing,950,6.856461984594587
sanganeri block printing,450,6.1092475827643655
pochampally ikat weaving,550,6.309918278226516
kalamkari block printing,390,5.966146739123692
ajrakh block printing,790,6.672032945461067
sanganeri block printing,450,6.1092475827643655
sanganeri block printing,450,6.1092475827643655
pochampally ikat weaving,450,6.1092475827643655
sanganeri block printing,450,6.1092475827643655
bandhani tie dye,790,6.672032945461067
sanganeri block printing,450,6.1092475827643655
patchwork,350,5.857933154483459
sanganeri block printing,450,6.1092475827643655
patchwork,290,5.66988092298052
ajrakh block printing,450,6.1092475827643655
bandhani tie dye,550,6.309918278226516
patchwork,350,5.857933154483459
sanganeri block printing,450,6.1092475827643655
ajrakh block printing,450,6.1092475827643655
ajrakh block printing,790,6.672032945461067
ajrakh block printing,950,6.856461984594587
sanganeri block printing,650,6.476972362889683
ajrakh block printing,950,6.856461984594587
bandhani tie dye,650,6.476972362889683
kalamkari block printing,550,6.309918278226516
sanganeri block printing,450,6.1092475827643655
sanganeri block printing,650,6.476972362889683
pochampally ikat weaving,450,6.1092475827643655
sanganeri block printing,450,6.1092475827643655
bagru block printing,650,6.476972362889683
kalamkari block printing,450,6.1092475827643655
kalamkari block printing,450,6.1092475827643655
sanganeri block printing,450,6.1092475827643655
sanganeri block printing,450,6.1092475827643655
kalamkari block printing,650,6.476972362889683
bandhani tie dye,650,6.476972362889683
batik block printing,550,6.309918278226516
batik block printing,650,6.476972362889683
sanganeri block printing,790,6.672032945461067
sanganeri block printing,790,6.672032945461067
kalamkari block printing,450,6.1092475827643655
sanganeri block printing,650,6.476972362889683
ajrakh block printing,790,6.672032945461067
sanganeri block printing,650,6.476972362889683
patchwork,450,6.1092475827643655
sanganeri block printing,450,6.1092475827643655
ajrakh block printing,450,6.1092475827643655
kalamkari block printing,550,6.309918278226516
kalamkari block printing,450,6.1092475827643655
bagru block printing,650,6.476972362889683
patchwork,350,5.857933154483459
ajrakh block printing,450,6.1092475827643655
sanganeri block printing,790,6.672032945461067
bandhani tie dye,790,6.672032945461067
sanganeri block printing,950,6.856461984594587
sanganeri block printing,790,6.672032945461067
ajrakh block printing,790,6.672032945461067
ajrakh block printing,950,6.856461984594587
kalamkari block printing,550,6.309918278226516
bandhani tie dye,650,6.476972362889683
bagru block printing,500,6.214608098422191
pochampally ikat weaving,450,6.1092475827643655
bagru block printing,500,6.214608098422191
pochampally ikat weaving,590,6.380122536899765
sanganeri block printing,450,6.1092475827643655
bandhani tie dye,490,6.194405391104672
sanganeri block printing,790,6.672032945461067
sanganeri block printing,950,6.856461984594587
kalamkari block printing,650,6.476972362889683
ajrakh block printing,450,6.1092475827643655
bagru block printing,500,6.214608098422191
ajrakh block printing,950,6.856461984594587
bandhani tie dye,650,6.476972362889683
patchwork,290,5.66988092298052
sanganeri block printing,790,6.672032945461067
batik block printing,550,6.309918278226516
patchwork,290,5.66988092298052
ajrakh block printing,950,6.856461984594587
sanganeri block printing,790,6.672032945461067
sanganeri block printing,950,6.856461984594587
pochampally ikat weaving,590,6.380122536899765
kalamkari block printing,650,6.476972362889683
pochampally ikat weaving,450,6.1092475827643655
bandhani tie dye,650,6.476972362889683
sanganeri block printing,450,6.1092475827643655
kalamkari block printing,650,6.476972362889683
ajrakh block printing,450,6.1092475827643655
kalamkari block printing,550,6.309918278226516
handmade,590,6.380122536899765
patchwork,290,5.66988092298052
sanganeri block printing,790,6.672032945461067
ajrakh block printing,950,6.856461984594587
sanganeri block printing,450,6.1092475827643655
sanganeri block printing,450,6.1092475827643655
kalamkari block printing,650,6.476972362889683
sanganeri block printing,650,6.476972362889683
sanganeri block printing,450,6.1092475827643655
sanganeri block printing,450,6.1092475827643655
pochampally ikat weaving,590,6.380122536899765
patchwork,290,5.66988092298052
pochampally ikat weaving,690,6.536691597591305
sanganeri block printing,450,6.1092475827643655
bandhani tie dye,490,6.194405391104672
pochampally ikat weaving,590,6.380122536899765
pochampally ikat weaving,590,6.380122536899765
bandhani tie dye,790,6.672032945461067
sanganeri block printing,950,6.856461984594587
ajrakh block printing,790,6.672032945461067
sanganeri block printing,790,6.672032945461067
kalamkari block printing,550,6.309918278226516
ajrakh block printing,790,6.672032945461067
kalamkari block printing,450,6.1092475827643655
sanganeri block printing,790,6.672032945461067
kalamkari block printing,450,6.1092475827643655
sanganeri block printing,450,6.1092475827643655
pochampally ikat weaving,590,6.380122536899765
ajrakh block printing,790,6.672032945461067
bagru block printing,500,6.214608098422191
sanganeri block printing,650,6.476972362889683
sanganeri block printing,950,6.856461984594587
patchwork,550,6.309918278226516
kalamkari block printing,650,6.476972362889683
ajrakh block printing,790,6.672032945461067
sanganeri block printing,450,6.1092475827643655
batik block printing,550,6.309918278226516
sanganeri block printing,950,6.856461984594587
kalamkari block printing,650,6.476972362889683
pochampally ikat weaving,450,6.1092475827643655
ajrakh block printing,790,6.672032945461067
handmade,590,6.380122536899765
ajrakh block printing,790,6.672032945461067
batik block printing,650,6.476972362889683
sanganeri block printing,450,6.1092475827643655
sanganeri block printing,790,6.672032945461067
kalamkari block printing,650,6.476972362889683
bagru block printing,500,6.214608098422191
bagru block printing,500,6.214608098422191
sanganeri block printing,790,6.672032945461067
sanganeri block printing,950,6.856461984594587
ajrakh block printing,790,6.672032945461067
bandhani tie dye,650,6.476972362889683
pochampally ikat weaving,450,6.1092475827643655
ajrakh block printing,790,6.672032945461067
bagru block printing,500,6.214608098422191
bandhani tie dye,650,6.476972362889683
pochampally ikat weaving,450,6.1092475827643655
sanganeri block printing,450,6.1092475827643655
kalamkari block printing,650,6.476972362889683
sanganeri block printing,790,6.672032945461067
kalamkari block printing,650,6.476972362889683
sanganeri block printing,650,6.476972362889683
sanganeri block printing,450,6.1092475827643655
ajrakh block printing,790,6.672032945461067
bandhani tie dye,650,6.476972362889683
pochampally ikat weaving,450,6.1092475827643655
kalamkari block printing,650,6.476972362889683
ajrakh block printing,950,6.856461984594587
bandhani tie dye,790,6.672032945461067
sanganeri block printing,950,6.856461984594587
sanganeri block printing,950,6.856461984594587
kalamkari block printing,550,6.309918278226516
ajrakh block printing,790,6.672032945461067
ajrakh block printing,450,6.1092475827643655
batik block printing,550,6.309918278226516
kalamkari block printing,650,6.476972362889683
bandhani tie dye,490,6.194405391104672
kalamkari block printing,550,6.309918278226516
sanganeri block printing,450,6.1092475827643655
bandhani tie dye,790,6.672032945461067
kalamkari block printing,650,6.476972362889683
bandhani tie dye,650,6.476972362889683
kalamkari block printing,550,6.309918278226516
bandhani tie dye,790,6.672032945461067
pochampally ikat weaving,590,6.380122536899765
kalamkari block printing,450,6.1092475827643655
ajrakh block printing,950,6.856461984594587
ajrakh block printing,790,6.672032945461067
ajrakh block printing,950,6.856461984594587
kalamkari block printing,650,6.476972362889683
kalamkari block printing,650,6.476972362889683
batik block printing,550,6.309918278226516
sanganeri block printing,450,6.1092475827643655
sanganeri block printing,790,6.672032945461067
batik block printing,650,6.476972362889683
kalamkari block printing,650,6.476972362889683
bandhani tie dye,790,6.672032945461067
kalamkari block printing,550,6.309918278226516
ajrakh block printing,950,6.856461984594587
sanganeri block printing,450,6.1092475827643655
bandhani tie dye,650,6.476972362889683
ajrakh block printing,450,6.1092475827643655
bandhani tie dye,650,6.476972362889683
bandhani tie dye,490,6.194405391104672
kalamkari block printing,650,6.476972362889683
batik block printing,650,6.476972362889683
sanganeri block printing,950,6.856461984594587
ajrakh block printing,790,6.672032945461067
batik block printing,550,6.309918278226516
sanganeri block printing,450,6.1092475827643655
patchwork,450,6.1092475827643655
sanganeri block printing,790,6.672032945461067
kalamkari block printing,550,6.309918278226516
sanganeri block printing,650,6.476972362889683
patchwork,450,6.1092475827643655
bagru block printing,500,6.214608098422191
pochampally ikat weaving,450,6.1092475827643655
kalamkari block printing,650,6.476972362889683
sanganeri block printing,450,6.1092475827643655
kalamkari block printing,390,5.966146739123692
pochampally ikat weaving,450,6.1092475827643655
pochampally ikat weaving,450,6.1092475827643655
sanganeri block printing,950,6.856461984594587
batik block printing,590,6.380122536899765
sanganeri block printing,450,6.1092475827643655
sanganeri block printing,450,6.1092475827643655
sanganeri block printing,790,6.672032945461067
handmade,590,6.380122536899765
kalamkari block printing,450,6.1092475827643655
patchwork,450,6.1092475827643655
batik block printing,550,6.309918278226516
ajrakh block printing,950,6.856461984594587
ajrakh block printing,790,6.672032945461067
sanganeri block printing,790,6.672032945461067
sanganeri block printing,550,6.309918278226516
sanganeri block printing,790,6.672032945461067
bandhani tie dye,650,6.476972362889683
bagru block printing,650,6.476972362889683
ajrakh block printing,450,6.1092475827643655
pochampally ikat weaving,450,6.1092475827643655
ajrakh block printing,950,6.856461984594587
kalamkari block printing,550,6.309918278226516
pochampally ikat weaving,450,6.1092475827643655
ajrakh block printing,790,6.672032945461067
sanganeri block printing,450,6.1092475827643655
sanganeri block printing,790,6.672032945461067
sanganeri block printing,790,6.672032945461067
kalamkari block printing,650,6.476972362889683
sanganeri block printing,790,6.672032945461067
sanganeri block printing,450,6.1092475827643655
kalamkari block printing,650,6.476972362889683
ajrakh block printing,450,6.1092475827643655
kalamkari block printing,450,6.1092475827643655
sanganeri block printing,950,6.856461984594587
kalamkari block printing,650,6.476972362889683
bandhani tie dye,650,6.476972362889683
kalamkari block printing,650,6.476972362889683
pochampally ikat weaving,590,6.380122536899765
bagru block printing,650,6.476972362889683
sanganeri block printing,790,6.672032945461067
bandhani tie dye,650,6.476972362889683
pochampally ikat weaving,450,6.1092475827643655
sanganeri block printing,450,6.1092475827643655
sanganeri block printing,650,6.476972362889683
ajrakh block printing,790,6.672032945461067
sanganeri block printing,450,6.1092475827643655
bandhani tie dye,790,6.672032945461067
pochampally ikat weaving,450,6.1092475827643655
batik block printing,650,6.476972362889683
batik block printing,550,6.309918278226516
sanganeri block printing,790,6.672032945461067
sanganeri block printing,450,6.1092475827643655
sanganeri block printing,950,6.856461984594587
kalamkari block printing,550,6.309918278226516
patchwork,450,6.1092475827643655
ajrakh block printing,950,6.856461984594587
batik block printing,550,6.309918278226516
sanganeri block printing,950,6.856461984594587
pochampally ikat weaving,450,6.1092475827643655
ajrakh block printing,950,6.856461984594587
bandhani tie dye,790,6.672032945461067
sanganeri block printing,450,6.1092475827643655
pochampally ikat weaving,690,6.536691597591305
sanganeri block printing,950,6.856461984594587
sanganeri block printing,790,6.672032945461067
pochampally ikat weaving,690,6.536691597591305
kalamkari block printing,650,6.476972362889683
kalamkari block printing,450,6.1092475827643655
ajrakh block printing,950,6.856461984594587
kalamkari block printing,650,6.476972362889683
bandhani tie dye,650,6.476972362889683
ajrakh block printing,950,6.856461984594587
ajrakh block printing,450,6.1092475827643655
pochampally ikat weaving,450,6.1092475827643655
jacquard weaving,550,6.309918278226516
sanganeri block printing,450,6.1092475827643655
patchwork,450,6.1092475827643655
sanganeri block printing,650,6.476972362889683
patchwork,450,6.1092475827643655
bagru block printing,650,6.476972362889683
pochampally ikat weaving,450,6.1092475827643655
kalamkari block printing,450,6.1092475827643655
kalamkari block printing,450,6.1092475827643655
sanganeri block printing,950,6.856461984594587
sanganeri block printing,950,6.856461984594587
sanganeri block printing,650,6.476972362889683
sanganeri block printing,650,6.476972362889683
batik block printing,550,6.309918278226516
patchwork,350,5.857933154483459
bandhani tie dye,650,6.476972362889683
pochampally ikat weaving,690,6.536691597591305
sanganeri block printing,650,6.476972362889683
sanganeri block printing,950,6.856461984594587
batik block printing,650,6.476972362889683
sanganeri block printing,790,6.672032945461067
bagru block printing,650,6.476972362889683
kalamkari block printing,650,6.476972362889683
sanganeri block printing,650,6.476972362889683
sanganeri block printing,450,6.1092475827643655
kalamkari block printing,650,6.476972362889683
bandhani tie dye,490,6.194405391104672
bandhani tie dye,790,6.672032945461067
bandhani tie dye,650,6.476972362889683
bagru block printing,650,6.476972362889683
sanganeri block printing,450,6.1092475827643655
sanganeri block printing,450,6.1092475827643655
kalamkari block printing,550,6.309918278226516
kalamkari block printing,550,6.309918278226516
sanganeri block printing,650,6.476972362889683
sanganeri block printing,950,6.856461984594587
ajrakh block printing,790,6.672032945461067
bagru block printing,500,6.214608098422191
ajrakh block printing,790,6.672032945461067
sanganeri block printing,790,6.672032945461067
sanganeri block printing,650,6.476972362889683
sanganeri block printing,790,6.672032945461067
kalamkari block printing,550,6.309918278226516
pochampally ikat weaving,590,6.380122536899765
sanganeri block printing,450,6.1092475827643655
sanganeri block printing,950,6.856461984594587
sanganeri block printing,650,6.476972362889683
batik block printing,650,6.476972362889683
sanganeri block printing,650,6.476972362889683
patchwork,450,6.1092475827643655
sanganeri block printing,650,6.476972362889683
sanganeri block printing,790,6.672032945461067
pochampally ikat weaving,450,6.1092475827643655
sanganeri block printing,790,6.672032945461067
bandhani tie dye,490,6.194405391104672
bandhani tie dye,790,6.672032945461067
sanganeri block printing,450,6.1092475827643655
sanganeri block printing,450,6.1092475827643655
kalamkari block printing,650,6.476972362889683
sanganeri block printing,450,6.1092475827643655
pochampally ikat weaving,450,6.1092475827643655
handmade,590,6.380122536899765
sanganeri block printing,450,6.1092475827643655
kalamkari block printing,650,6.476972362889683
bandhani tie dye,790,6.672032945461067
sanganeri block printing,790,6.672032945461067
bandhani tie dye,490,6.194405391104672
bandhani tie dye,790,6.672032945461067
bandhani tie dye,490,6.194405391104672
ajrakh block printing,790,6.672032945461067
ajrakh block printing,450,6.1092475827643655
sanganeri block printing,790,6.672032945461067
sanganeri block printing,450,6.1092475827643655
ajrakh block printing,450,6.1092475827643655
bagru block printing,650,6.476972362889683
bandhani tie dye,490,6.194405391104672
batik block printing,550,6.309918278226516
ajrakh block printing,950,6.856461984594587
kalamkari block printing,650,6.476972362889683
sanganeri block printing,450,6.1092475827643655
batik block printing,650,6.476972362889683
ajrakh block printing,790,6.672032945461067
kalamkari block printing,550,6.309918278226516
ajrakh block printing,950,6.856461984594587
sanganeri block printing,450,6.1092475827643655
sanganeri block printing,790,6.672032945461067
kalamkari block printing,450,6.1092475827643655
sanganeri block printing,450,6.1092475827643655
pochampally ikat weaving,450,6.1092475827643655
sanganeri block printing,650,6.476972362889683
bandhani tie dye,650,6.476972362889683
kalamkari block printing,650,6.476972362889683
pochampally ikat weaving,450,6.1092475827643655
sanganeri block printing,650,6.476972362889683
patchwork,450,6.1092475827643655
handmade,590,6.380122536899765
ajrakh block printing,950,6.856461984594587
sanganeri block printing,650,6.476972362889683
pochampally ikat weaving,450,6.1092475827643655
ajrakh block printing,790,6.672032945461067
pochampally ikat weaving,450,6.1092475827643655
ajrakh block printing,790,6.672032945461067
kalamkari block printing,650,6.476972362889683
kalamkari block printing,450,6.1092475827643655
sanganeri block printing,450,6.1092475827643655
ajrakh block printing,790,6.672032945461067
ajrakh block printing,450,6.1092475827643655
pochampally ikat weaving,450,6.1092475827643655
kalamkari block printing,550,6.309918278226516
ajrakh block printing,450,6.1092475827643655
sanganeri block printing,790,6.672032945461067
ajrakh block printing,790,6.672032945461067
sanganeri block printing,650,6.476972362889683
ajrakh block printing,790,6.672032945461067
ajrakh block printing,950,6.856461984594587
ajrakh block printing,950,6.856461984594587
patchwork,450,6.1092475827643655
kalamkari block printing,550,6.309918278226516
patchwork,450,6.1092475827643655
bandhani tie dye,490,6.194405391104672
bandhani tie dye,650,6.476972362889683
sanganeri block printing,450,6.1092475827643655
sanganeri block printing,790,6.672032945461067
bandhani tie dye,790,6.672032945461067
ajrakh block printing,790,6.672032945461067
kalamkari block printing,550,6.309918278226516
bandhani tie dye,790,6.672032945461067
bandhani tie dye,650,6.476972362889683
sanganeri block printing,950,6.856461984594587
kalamkari block printing,550,6.309918278226516
handmade,590,6.380122536899765
kalamkari block printing,650,6.476972362889683
sanganeri block printing,450,6.1092475827643655
batik block printing,650,6.476972362889683
sanganeri block printing,450,6.1092475827643655
kalamkari block printing,550,6.309918278226516
patchwork,290,5.66988092298052
kalamkari block printing,650,6.476972362889683
bandhani tie dye,650,6.476972362889683
handmade,590,6.380122536899765
kalamkari block printing,550,6.309918278226516
sanganeri block printing,450,6.1092475827643655
sanganeri block printing,450,6.1092475827643655
bagru block printing,500,6.214608098422191
sanganeri block printing,450,6.1092475827643655
pochampally ikat weaving,590,6.380122536899765
ajrakh block printing,790,6.672032945461067
sanganeri block printing,650,6.476972362889683
pochampally ikat weaving,690,6.536691597591305
bandhani tie dye,490,6.194405391104672
ajrakh block printing,790,6.672032945461067
kalamkari block printing,550,6.309918278226516
sanganeri block printing,790,6.672032945461067
bagru block printing,500,6.214608098422191
sanganeri block printing,950,6.856461984594587
kalamkari block printing,450,6.1092475827643655
ajrakh block printing,450,6.1092475827643655
batik block printing,650,6.476972362889683
batik block printing,650,6.476972362889683
kalamkari block printing,650,6.476972362889683
sanganeri block printing,790,6.672032945461067
ajrakh block printing,950,6.856461984594587
kalamkari block printing,650,6.476972362889683
ajrakh block printing,950,6.856461984594587
batik block printing,650,6.476972362889683
ajrakh block printing,790,6.672032945461067
bandhani tie dye,650,6.476972362889683
sanganeri block printing,450,6.1092475827643655
sanganeri block printing,650,6.476972362889683
ajrakh block printing,450,6.1092475827643655
kalamkari block printing,650,6.476972362889683
sanganeri block printing,450,6.1092475827643655
bagh block printing,550,6.309918278226516
patchwork,550,6.309918278226516
bagru block printing,500,6.214608098422191
batik block printing,550,6.309918278226516
sanganeri block printing,450,6.1092475827643655
sanganeri block printing,450,6.1092475827643655
bandhani tie dye,650,6.476972362889683
batik block printing,550,6.309918278226516
pochampally ikat weaving,450,6.1092475827643655
sanganeri block printing,450,6.1092475827643655
sanganeri block printing,650,6.476972362889683
patchwork,450,6.1092475827643655
sanganeri block printing,790,6.672032945461067
bandhani tie dye,650,6.476972362889683
kalamkari block printing,650,6.476972362889683
kalamkari block printing,450,6.1092475827643655
sanganeri block printing,950,6.856461984594587
patchwork,550,6.309918278226516
bandhani tie dye,650,6.476972362889683
ajrakh block printing,790,6.672032945461067
batik block printing,650,6.476972362889683
ajrakh block printing,950,6.856461984594587
sanganeri block printing,450,6.1092475827643655
bandhani tie dye,490,6.194405391104672
jacquard weaving,550,6.309918278226516
sanganeri block printing,450,6.1092475827643655
bandhani tie dye,650,6.476972362889683
kalamkari block printing,650,6.476972362889683
kalamkari block printing,650,6.476972362889683
sanganeri block printing,790,6.672032945461067
sanganeri block printing,790,6.672032945461067
bandhani tie dye,790,6.672032945461067
ajrakh block printing,950,6.856461984594587
kalamkari block printing,550,6.309918278226516
sanganeri block printing,790,6.672032945461067
bandhani tie dye,490,6.194405391104672
sanganeri block printing,790,6.672032945461067
ajrakh block printing,950,6.856461984594587
ajrakh block printing,790,6.672032945461067
pochampally ikat weaving,490,6.194405391104672
bandhani tie dye,790,6.672032945461067
sanganeri block printing,650,6.476972362889683
ajrakh block printing,450,6.1092475827643655
patchwork,450,6.1092475827643655
sanganeri block printing,450,6.1092475827643655
sanganeri block printing,950,6.856461984594587
pochampally ikat weaving,450,6.1092475827643655
sanganeri block printing,650,6.476972362889683
kalamkari block printing,650,6.476972362889683
bandhani tie dye,790,6.672032945461067
ajrakh block printing,950,6.856461984594587
sanganeri block printing,790,6.672032945461067
bandhani tie dye,490,6.194405391104672
pochampally ikat weaving,690,6.536691597591305
sanganeri block printing,650,6.476972362889683
batik block printing,550,6.309918278226516
kalamkari block printing,650,6.476972362889683
bagru block printing,500,6.214608098422191
kalamkari block printing,450,6.1092475827643655
ajrakh block printing,790,6.672032945461067
ajrakh block printing,950,6.856461984594587
sanganeri block printing,450,6.1092475827643655
kalamkari block printing,550,6.309918278226516
bandhani tie dye,650,6.476972362889683
patchwork,290,5.66988092298052
patchwork,350,5.857933154483459
handmade,690,6.536691597591305
handmade,490,6.194405391104672
handmade,490,6.194405391104672
handmade,690,6.536691597591305
handmade,990,6.897704943128636
handmade,790,6.672032945461067
handmade,690,6.536691597591305
handmade,690,6.536691597591305
handmade,690,6.536691597591305
handmade,790,6.672032945461067
handmade,690,6.536691597591305
handmade,690,6.536691597591305
handmade,690,6.536691597591305
handmade,690,6.536691597591305
handmade,550,6.309918278226516
handmade,690,6.536691597591305
handmade,690,6.536691597591305
handmade,690,6.536691597591305
handmade,790,6.672032945461067
handmade,690,6.536691597591305
handmade,690,6.536691597591305
handmade,490,6.194405391104672
handmade,690,6.536691597591305
handmade,490,6.194405391104672
handmade,690,6.536691597591305
handmade,790,6.672032945461067
handmade,790,6.672032945461067
handmade,590,6.380122536899765
handmade,990,6.897704943128636
handmade,690,6.536691597591305
handmade,350,5.857933154483459
handmade,690,6.536691597591305
handmade,690,6.536691597591305
handmade,690,6.536691597591305
handmade,690,6.536691597591305
handmade,690,6.536691597591305
handmade,790,6.672032945461067
bandhani tie dye,1590,7.371489295214277
bandhani tie dye,1590,7.371489295214277
bandhani tie dye,1590,7.371489295214277
bandhani tie dye,1590,7.371489295214277
sanganeri block printing,450,6.1092475827643655
sanganeri block printing,450,6.1092475827643655
sanganeri block printing,450,6.1092475827643655
sanganeri block printing,450,6.1092475827643655
pochampally ikat weaving,1390,7.237059026124737
pochampally ikat weaving,1390,7.237059026124737
pochampally ikat weaving,1390,7.237059026124737
pochampally ikat weaving,1390,7.237059026124737
kalamkari block printing,580,6.363028103540465
kalamkari block printing,580,6.363028103540465
kalamkari block printing,580,6.363028103540465
kalamkari block printing,580,6.363028103540465
batik block printing,480,6.173786103901937
batik block printing,480,6.173786103901937
batik block printing,480,6.173786103901937
batik block printing,520,6.253828811575473
bagh block printing,490,6.194405391104672
bagh block printing,490,6.194405391104672
bagh block printing,490,6.194405391104672
bagh block printing,490,6.194405391104672
bandhani tie dye,1590,7.371489295214277
bandhani tie dye,1590,7.371489295214277
bandhani tie dye,1590,7.371489295214277
bandhani tie dye,690,6.536691597591305
jacquard weaving,390,5.966146739123692
jacquard weaving,390,5.966146739123692
jacquard weaving,390,5.966146739123692
jacquard weaving,390,5.966146739123692
bagru block printing,950,6.856461984594587
bagru block printing,950,6.856461984594587
bagru block printing,950,6.856461984594587
bagru block printing,950,6.856461984594587
plain solid,240,5.480638923341991
plain solid,240,5.480638923341991
plain solid,240,5.480638923341991
jacquard weaving,390,5.966146739123692
plain solid,240,5.480638923341991
plain solid,590,6.380122536899765
plain solid,290,5.66988092298052
sanganeri block printing,790,6.672032945461067
bandhani tie dye,450,6.1092475827643655
sanganeri block printing,490,6.194405391104672
bandhani tie dye,450,6.1092475827643655
bandhani tie dye,1590,7.371489295214277
bandhani tie dye,1590,7.371489295214277
bandhani tie dye,1590,7.371489295214277
bandhani tie dye,1590,7.371489295214277
batik block printing,520,6.253828811575473
batik block printing,520,6.253828811575473
bagru block printing,590,6.380122536899765
bagru block printing,590,6.380122536899765
plain solid,240,5.480638923341991
plain solid,240,5.480638923341991
plain solid,240,5.480638923341991
pochampally ikat weaving,390,5.966146739123692
plain solid,240,5.480638923341991
plain solid,240,5.480638923341991
plain solid,350,5.857933154483459
plain solid,1350,7.2078598714324755
plain solid,1590,7.371489295214277
plain solid,1350,7.2078598714324755
pochampally ikat weaving,3190,8.06777619577889
pochampally ikat weaving,3190,8.06777619577889
pochampally ikat weaving,3190,8.06777619577889
sanganeri block printing,450,6.1092475827643655
sanganeri block printing,450,6.1092475827643655
sanganeri block printing,450,6.1092475827643655
sanganeri block printing,450,6.1092475827643655
plain solid,240,5.480638923341991
plain solid,240,5.480638923341991
plain solid,240,5.480638923341991
plain solid,240,5.480638923341991
plain solid,2890,7.969011781106478
plain solid,2890,7.969011781106478
bandhani tie dye,450,6.1092475827643655
plain solid,590,6.380122536899765
bagru block printing,950,6.856461984594587
bagru block printing,950,6.856461984594587
bagru block printing,950,6.856461984594587
bagru block printing,950,6.856461984594587
bagru block printing,950,6.856461984594587
bagru block printing,950,6.856461984594587
bagru block printing,950,6.856461984594587
bagru block printing,950,6.856461984594587
bagru block printing,950,6.856461984594587
bagru block printing,950,6.856461984594587
bagru block printing,950,6.856461984594587
bandhani tie dye,450,6.1092475827643655
pochampally ikat weaving,390,5.966146739123692
jacquard weaving,390,5.966146739123692
pochampally ikat weaving,390,5.966146739123692
plain solid,390,5.966146739123692
bagru block printing,950,6.856461984594587
bagru block printing,950,6.856461984594587
bagru block printing,950,6.856461984594587
bagru block printing,950,6.856461984594587
bagru block printing,950,6.856461984594587
bagru block printing,950,6.856461984594587
bagru block printing,950,6.856461984594587
bagru block printing,950,6.856461984594587
bandhani tie dye,1590,7.371489295214277
sanganeri block printing,450,6.1092475827643655
sanganeri block printing,450,6.1092475827643655
jacquard weaving,390,5.966146739123692
jacquard weaving,390,5.966146739123692
bandhani tie dye,450,6.1092475827643655
jacquard weaving,390,5.966146739123692
ajrakh block printing,580,6.363028103540465
jacquard weaving,390,5.966146739123692
bandhani tie dye,450,6.1092475827643655
pochampally ikat weaving,390,5.966146739123692
jacquard weaving,390,5.966146739123692
ajrakh block printing,580,6.363028103540465
ajrakh block printing,580,6.363028103540465
sanganeri block printing,450,6.1092475827643655
sanganeri block printing,450,6.1092475827643655
sanganeri block printing,690,6.536691597591305
pochampally ikat weaving,390,5.966146739123692
pochampally ikat weaving,390,5.966146739123692
sanganeri block printing,690,6.536691597591305
pochampally ikat weaving,390,5.966146739123692
pochampally ikat weaving,390,5.966146739123692
pochampally ikat weaving,390,5.966146739123692
sanganeri block printing,390,5.966146739123692
pochampally ikat weaving,390,5.966146739123692
jacquard weaving,390,5.966146739123692
bagru block printing,420,6.040254711277414
pochampally ikat weaving,390,5.966146739123692
bagh block printing,490,6.194405391104672
sanganeri block printing,690,6.536691597591305
sanganeri block printing,390,5.966146739123692
sanganeri block printing,450,6.1092475827643655
sanganeri block printing,890,6.7912214627261855
sanganeri block printing,450,6.1092475827643655
sanganeri block printing,690,6.536691597591305
jacquard weaving,390,5.966146739123692
pochampally ikat weaving,390,5.966146739123692
sanganeri block printing,390,5.966146739123692
bagru block printing,590,6.380122536899765
pochampally ikat weaving,390,5.966146739123692
sanganeri block printing,890,6.7912214627261855
pochampally ikat weaving,390,5.966146739123692
kalamkari block printing,390,5.966146739123692
kalamkari block printing,390,5.966146739123692
bagru block printing,420,6.040254711277414
jacquard weaving,390,5.966146739123692
sanganeri block printing,450,6.1092475827643655
ajrakh block printing,2890,7.969011781106478
sanganeri block printing,390,5.966146739123692
bagru block printing,420,6.040254711277414
sanganeri block printing,890,6.7912214627261855
bagru block printing,590,6.380122536899765
plain solid,450,6.1092475827643655
batik block printing,480,6.173786103901937
bagru block printing,590,6.380122536899765
pochampally ikat weaving,390,5.966146739123692
sanganeri block printing,690,6.536691597591305
bagru block printing,420,6.040254711277414
sanganeri block printing,890,6.7912214627261855
bagh block printing,490,6.194405391104672
pochampally ikat weaving,390,5.966146739123692
pochampally ikat weaving,390,5.966146739123692
pochampally ikat weaving,390,5.966146739123692
pochampally ikat weaving,390,5.966146739123692
sanganeri block printing,690,6.536691597591305
sanganeri block printing,690,6.536691597591305
plain solid,280,5.634789603169249
bagh block printing,490,6.194405391104672
sanganeri block printing,890,6.7912214627261855
sanganeri block printing,890,6.7912214627261855
pochampally ikat weaving,390,5.966146739123692
jacquard weaving,390,5.966146739123692
bagru block printing,420,6.040254711277414
pochampally ikat weaving,390,5.966146739123692
jacquard weaving,390,5.966146739123692
bagru block printing,420,6.040254711277414
pochampally ikat weaving,390,5.966146739123692
batik block printing,480,6.173786103901937
pochampally ikat weaving,390,5.966146739123692
sanganeri block printing,690,6.536691597591305
pochampally ikat weaving,2990,8.003028666384733
plain solid,450,6.1092475827643655
batik block printing,480,6.173786103901937
pochampally ikat weaving,390,5.966146739123692
pochampally ikat weaving,390,5.966146739123692
sanganeri block printing,690,6.536691597591305
pochampally ikat weaving,390,5.966146739123692
jacquard weaving,390,5.966146739123692
bagru block printing,590,6.380122536899765
sanganeri block printing,890,6.7912214627261855
pochampally ikat weaving,390,5.966146739123692
ajrakh block printing,650,6.476972362889683
batik block printing,480,6.173786103901937
pochampally ikat weaving,390,5.966146739123692
sanganeri block printing,890,6.7912214627261855
pochampally ikat weaving,390,5.966146739123692
ajrakh block printing,650,6.476972362889683
bagru block printing,420,6.040254711277414
sanganeri block printing,690,6.536691597591305
bagru block printing,420,6.040254711277414
jacquard weaving,390,5.966146739123692
batik block printing,480,6.173786103901937
jacquard weaving,390,5.966146739123692
bandhani tie dye,450,6.1092475827643655
sanganeri block printing,390,5.966146739123692
bandhani tie dye,450,6.1092475827643655
pochampally ikat weaving,390,5.966146739123692
pochampally ikat weaving,390,5.966146739123692
sanganeri block printing,390,5.966146739123692
ajrakh block printing,650,6.476972362889683
batik block printing,480,6.173786103901937
sanganeri block printing,390,5.966146739123692
pochampally ikat weaving,390,5.966146739123692
plain solid,450,6.1092475827643655
bandhani tie dye,990,6.897704943128636
bandhani tie dye,990,6.897704943128636
jacquard weaving,390,5.966146739123692
pochampally ikat weaving,390,5.966146739123692
plain solid,450,6.1092475827643655
plain solid,450,6.1092475827643655
plain solid,280,5.634789603169249
bagru block printing,420,6.040254711277414
jacquard weaving,390,5.966146739123692
jacquard weaving,390,5.966146739123692
bagru block printing,420,6.040254711277414
bagru block printing,420,6.040254711277414
bandhani tie dye,450,6.1092475827643655
pochampally ikat weaving,390,5.966146739123692
ajrakh block printing,650,6.476972362889683
bagh block printing,490,6.194405391104672
bandhani tie dye,450,6.1092475827643655
bandhani tie dye,450,6.1092475827643655
bagru block printing,420,6.040254711277414
bagru block printing,590,6.380122536899765
pochampally ikat weaving,390,5.966146739123692
pochampally ikat weaving,390,5.966146739123692
batik block printing,480,6.173786103901937
plain solid,490,6.194405391104672
plain solid,280,5.634789603169249
batik block printing,480,6.173786103901937
bagru block printing,420,6.040254711277414
jacquard weaving,390,5.966146739123692
bandhani tie dye,690,6.536691597591305
sanganeri block printing,390,5.966146739123692
sanganeri block printing,890,6.7912214627261855
sanganeri block printing,890,6.7912214627261855
pochampally ikat weaving,390,5.966146739123692
pochampally ikat weaving,390,5.966146739123692
jacquard weaving,390,5.966146739123692
batik block printing,480,6.173786103901937
pochampally ikat weaving,390,5.966146739123692
bagru block printing,420,6.040254711277414
sanganeri block printing,890,6.7912214627261855
pochampally ikat weaving,390,5.966146739123692
pochampally ikat weaving,390,5.966146739123692
pochampally ikat weaving,390,5.966146739123692
pochampally ikat weaving,390,5.966146739123692
pochampally ikat weaving,390,5.966146739123692
batik block printing,480,6.173786103901937
batik block printing,480,6.173786103901937
pochampally ikat weaving,390,5.966146739123692
bagru block printing,420,6.040254711277414
pochampally ikat weaving,2990,8.003028666384733
pochampally ikat weaving,390,5.966146739123692
pochampally ikat weaving,390,5.966146739123692
ajrakh block printing,650,6.476972362889683
ajrakh block printing,650,6.476972362889683
batik block printing,480,6.173786103901937
plain solid,280,5.634789603169249
bagru block printing,590,6.380122536899765
sanganeri block printing,890,6.7912214627261855
pochampally ikat weaving,390,5.966146739123692
pochampally ikat weaving,390,5.966146739123692
pochampally ikat weaving,390,5.966146739123692
ajrakh block printing,650,6.476972362889683
bandhani tie dye,450,6.1092475827643655
sanganeri block printing,890,6.7912214627261855
pochampally ikat weaving,390,5.966146739123692
pochampally ikat weaving,390,5.966146739123692
pochampally ikat weaving,390,5.966146739123692
bandhani tie dye,450,6.1092475827643655
pochampally ikat weaving,2990,8.003028666384733
sanganeri block printing,890,6.7912214627261855
sanganeri block printing,890,6.7912214627261855
pochampally ikat weaving,390,5.966146739123692
pochampally ikat weaving,390,5.966146739123692
pochampally ikat weaving,390,5.966146739123692
pochampally ikat weaving,390,5.966146739123692
pochampally ikat weaving,390,5.966146739123692
ajrakh block printing,2890,7.969011781106478
bagh block printing,490,6.194405391104672
bagru block printing,590,6.380122536899765
pochampally ikat weaving,390,5.966146739123692
pochampally ikat weaving,390,5.966146739123692
jacquard weaving,390,5.966146739123692
jacquard weaving,390,5.966146739123692
ajrakh block printing,2890,7.969011781106478
ajrakh block printing,2890,7.969011781106478
pochampally ikat weaving,390,5.966146739123692
pochampally ikat weaving,390,5.966146739123692
bagh block printing,2890,7.969011781106478
bagru block printing,420,6.040254711277414
pochampally ikat weaving,390,5.966146739123692
pochampally ikat weaving,390,5.966146739123692
pochampally ikat weaving,390,5.966146739123692
pochampally ikat weaving,390,5.966146739123692
pochampally ikat weaving,390,5.966146739123692
pochampally ikat weaving,390,5.966146739123692
pochampally ikat weaving,390,5.966146739123692
pochampally ikat weaving,390,5.966146739123692
plain solid,450,6.1092475827643655
pochampally ikat weaving,2990,8.003028666384733
sanganeri block printing,890,6.7912214627261855
pochampally ikat weaving,390,5.966146739123692
pochampally ikat weaving,390,5.966146739123692
ajrakh block printing,650,6.476972362889683
ajrakh block printing,650,6.476972362889683
bandhani tie dye,990,6.897704943128636
bagru block printing,420,6.040254711277414
pochampally ikat weaving,2990,8.003028666384733
plain solid,450,6.1092475827643655
bandhani tie dye,990,6.897704943128636
plain solid,490,6.194405391104672
pochampally ikat weaving,390,5.966146739123692
ajrakh block printing,2890,7.969011781106478
bagh block printing,490,6.194405391104672
pochampally ikat weaving,390,5.966146739123692
pochampally ikat weaving,390,5.966146739123692
pochampally ikat weaving,390,5.966146739123692
pochampally ikat weaving,2990,8.003028666384733
sanganeri block printing,450,6.1092475827643655
sanganeri block printing,450,6.1092475827643655
sanganeri block printing,450,6.1092475827643655
sanganeri block printing,450,6.1092475827643655
sanganeri block printing,450,6.1092475827643655
sanganeri block printing,450,6.1092475827643655
sanganeri block printing,450,6.1092475827643655
sanganeri block printing,450,6.1092475827643655
sanganeri block printing,450,6.1092475827643655
sanganeri block printing,450,6.1092475827643655
sanganeri block printing,450,6.1092475827643655
sanganeri block printing,450,6.1092475827643655
sanganeri block printing,450,6.1092475827643655
plain solid,490,6.194405391104672
plain solid,490,6.194405391104672
plain solid,490,6.194405391104672
plain solid,1190,7.081708586105575
plain solid,1190,7.081708586105575
plain solid,1190,7.081708586105575
ajrakh block printing,2890,7.969011781106478
ajrakh block printing,2890,7.969011781106478
ajrakh block printing,2890,7.969011781106478
ajrakh block printing,2890,7.969011781106478
ajrakh block printing,2890,7.969011781106478
ajrakh block printing,2890,7.969011781106478
pochampally ikat weaving,390,5.966146739123692
jacquard weaving,390,5.966146739123692
bagh block printing,490,6.194405391104672
bagh block printing,490,6.194405391104672
bagh block printing,490,6.194405391104672
bandhani tie dye,450,6.1092475827643655
bagh block printing,2890,7.969011781106478
bagh block printing,2890,7.969011781106478
bagh block printing,2890,7.969011781106478
bagh block printing,2890,7.969011781106478
bagh block printing,2890,7.969011781106478
bagh block printing,2890,7.969011781106478
bagh block printing,2890,7.969011781106478
bagh block printing,2890,7.969011781106478
bagh block printing,2890,7.969011781106478
bagh block printing,2890,7.969011781106478
bagru block printing,420,6.040254711277414
pochampally ikat weaving,2990,8.003028666384733
sanganeri block printing,890,6.7912214627261855
sanganeri block printing,890,6.7912214627261855
pochampally ikat weaving,390,5.966146739123692
pochampally ikat weaving,390,5.966146739123692
pochampally ikat weaving,390,5.966146739123692
pochampally ikat weaving,390,5.966146739123692
pochampally ikat weaving,390,5.966146739123692
pochampally ikat weaving,390,5.966146739123692
plain solid,490,6.194405391104672
pochampally ikat weaving,1390,7.237059026124737
batik block printing,480,6.173786103901937
plain solid,490,6.194405391104672
ajrakh block printing,2890,7.969011781106478
bagru block printing,420,6.040254711277414
bagru block printing,420,6.040254711277414
bagru block printing,420,6.040254711277414
jacquard weaving,390,5.966146739123692
jacquard weaving,390,5.966146739123692
jacquard weaving,390,5.966146739123692
jacquard weaving,390,5.966146739123692
jacquard weaving,390,5.966146739123692
jacquard weaving,390,5.966146739123692
bandhani tie dye,690,6.536691597591305
sanganeri block printing,690,6.536691597591305
sanganeri block printing,690,6.536691597591305
sanganeri block printing,690,6.536691597591305
sanganeri block printing,690,6.536691597591305
bagh block printing,490,6.194405391104672
bagh block printing,490,6.194405391104672
bagh block printing,490,6.194405391104672
bagh block printing,490,6.194405391104672
bagh block printing,490,6.194405391104672
bagh block printing,490,6.194405391104672
bagh block printing,490,6.194405391104672
bagh block printing,490,6.194405391104672
bagh block printing,490,6.194405391104672
bagh block printing,490,6.194405391104672
kalamkari block printing,390,5.966146739123692
bandhani tie dye,690,6.536691597591305
bandhani tie dye,690,6.536691597591305
bandhani tie dye,690,6.536691597591305
bandhani tie dye,690,6.536691597591305
bandhani tie dye,690,6.536691597591305
bandhani tie dye,690,6.536691597591305
bandhani tie dye,450,6.1092475827643655
bandhani tie dye,450,6.1092475827643655
bandhani tie dye,450,6.1092475827643655
bandhani tie dye,450,6.1092475827643655
sanganeri block printing,450,6.1092475827643655
sanganeri block printing,450,6.1092475827643655
sanganeri block printing,450,6.1092475827643655
kalamkari block printing,390,5.966146739123692
sanganeri block printing,390,5.966146739123692
sanganeri block printing,390,5.966146739123692
bagh block printing,2890,7.969011781106478
bagh block printing,2890,7.969011781106478
bagh block printing,2890,7.969011781106478
bagh block printing,2890,7.969011781106478
bagru block printing,420,6.040254711277414
bandhani tie dye,450,6.1092475827643655
bandhani tie dye,450,6.1092475827643655
bandhani tie dye,450,6.1092475827643655
bandhani tie dye,450,6.1092475827643655
bandhani tie dye,450,6.1092475827643655
bandhani tie dye,450,6.1092475827643655
bandhani tie dye,450,6.1092475827643655
bandhani tie dye,450,6.1092475827643655
bagru block printing,420,6.040254711277414
pochampally ikat weaving,390,5.966146739123692
pochampally ikat weaving,390,5.966146739123692
pochampally ikat weaving,390,5.966146739123692
pochampally ikat weaving,390,5.966146739123692
pochampally ikat weaving,390,5.966146739123692
pochampally ikat weaving,2990,8.003028666384733
pochampally ikat weaving,2990,8.003028666384733
pochampally ikat weaving,2990,8.003028666384733
pochampally ikat weaving,2990,8.003028666384733
pochampally ikat weaving,2990,8.003028666384733
pochampally ikat weaving,2990,8.003028666384733
pochampally ikat weaving,2990,8.003028666384733
sanganeri block printing,890,6.7912214627261855
sanganeri block printing,450,6.1092475827643655
pochampally ikat weaving,390,5.966146739123692
pochampally ikat weaving,390,5.966146739123692
pochampally ikat weaving,390,5.966146739123692
pochampally ikat weaving,390,5.966146739123692
pochampally ikat weaving,390,5.966146739123692
bandhani tie dye,450,6.1092475827643655
ajrakh block printing,650,6.476972362889683
ajrakh block printing,650,6.476972362889683
ajrakh block printing,650,6.476972362889683
ajrakh block printing,650,6.476972362889683
ajrakh block printing,650,6.476972362889683
ajrakh block printing,650,6.476972362889683
ajrakh block printing,650,6.476972362889683
ajrakh block printing,650,6.476972362889683
ajrakh block printing,650,6.476972362889683
ajrakh block printing,650,6.476972362889683
ajrakh block printing,650,6.476972362889683
ajrakh block printing,650,6.476972362889683
batik block printing,480,6.173786103901937
ajrakh block printing,650,6.476972362889683
plain solid,450,6.1092475827643655
bandhani tie dye,990,6.897704943128636
bandhani tie dye,990,6.897704943128636
bandhani tie dye,990,6.897704943128636
jacquard weaving,390,5.966146739123692
jacquard weaving,390,5.966146739123692
jacquard weaving,390,5.966146739123692
jacquard weaving,390,5.966146739123692
jacquard weaving,390,5.966146739123692
jacquard weaving,390,5.966146739123692
jacquard weaving,390,5.966146739123692
jacquard weaving,390,5.966146739123692
jacquard weaving,390,5.966146739123692
jacquard weaving,390,5.966146739123692
jacquard weaving,390,5.966146739123692
jacquard weaving,390,5.966146739123692
jacquard weaving,390,5.966146739123692
jacquard weaving,390,5.966146739123692
jacquard weaving,390,5.966146739123692
jacquard weaving,390,5.966146739123692
jacquard weaving,390,5.966146739123692
jacquard weaving,390,5.966146739123692
jacquard weaving,390,5.966146739123692
jacquard weaving,390,5.966146739123692
jacquard weaving,390,5.966146739123692
jacquard weaving,390,5.966146739123692
jacquard weaving,390,5.966146739123692
jacquard weaving,390,5.966146739123692
jacquard weaving,390,5.966146739123692
jacquard weaving,390,5.966146739123692
jacquard weaving,390,5.966146739123692
jacquard weaving,390,5.966146739123692
jacquard weaving,390,5.966146739123692
jacquard weaving,390,5.966146739123692
jacquard weaving,390,5.966146739123692
jacquard weaving,390,5.966146739123692
jacquard weaving,390,5.966146739123692
jacquard weaving,390,5.966146739123692
jacquard weaving,390,5.966146739123692
jacquard weaving,390,5.966146739123692
jacquard weaving,390,5.966146739123692
jacquard weaving,390,5.966146739123692
jacquard weaving,390,5.966146739123692
jacquard weaving,390,5.966146739123692
jacquard weaving,390,5.966146739123692
jacquard weaving,390,5.966146739123692
jacquard weaving,390,5.966146739123692
jacquard weaving,390,5.966146739123692
jacquard weaving,390,5.966146739123692
jacquard weaving,390,5.966146739123692
jacquard weaving,390,5.966146739123692
jacquard weaving,390,5.966146739123692
jacquard weaving,390,5.966146739123692
jacquard weaving,390,5.966146739123692
jacquard weaving,390,5.966146739123692
jacquard weaving,390,5.966146739123692
jacquard weaving,390,5.966146739123692
jacquard weaving,390,5.966146739123692
jacquard weaving,390,5.966146739123692
jacquard weaving,390,5.966146739123692
jacquard weaving,390,5.966146739123692
plain solid,290,5.66988092298052
plain solid,290,5.66988092298052
plain solid,290,5.66988092298052
plain solid,290,5.66988092298052
plain solid,290,5.66988092298052
plain solid,290,5.66988092298052
plain solid,290,5.66988092298052
plain solid,290,5.66988092298052
plain solid,290,5.66988092298052
plain solid,290,5.66988092298052
plain solid,240,5.480638923341991
plain solid,240,5.480638923341991
plain solid,240,5.480638923341991
plain solid,240,5.480638923341991
plain solid,240,5.480638923341991
plain solid,240,5.480638923341991
plain solid,240,5.480638923341991
plain solid,240,5.480638923341991
plain solid,240,5.480638923341991
plain solid,240,5.480638923341991
plain solid,240,5.480638923341991
plain solid,240,5.480638923341991
bandhani tie dye,450,6.1092475827643655
bandhani tie dye,450,6.1092475827643655
bandhani tie dye,1190,7.081708586105575
bandhani tie dye,1190,7.081708586105575
bandhani tie dye,1190,7.081708586105575
bandhani tie dye,1190,7.081708586105575
bandhani tie dye,1190,7.081708586105575
bandhani tie dye,1190,7.081708586105575
bandhani tie dye,1190,7.081708586105575
bandhani tie dye,1190,7.081708586105575
bandhani tie dye,1190,7.081708586105575
bandhani tie dye,1190,7.081708586105575
bandhani tie dye,1190,7.081708586105575
bandhani tie dye,1190,7.081708586105575
bandhani tie dye,1190,7.081708586105575
bandhani tie dye,1190,7.081708586105575
bandhani tie dye,1190,7.081708586105575
bandhani tie dye,1190,7.081708586105575
bandhani tie dye,1190,7.081708586105575
bandhani tie dye,1190,7.081708586105575
batik block printing,480,6.173786103901937
batik block printing,480,6.173786103901937
batik block printing,480,6.173786103901937
batik block printing,480,6.173786103901937
batik block printing,480,6.173786103901937
batik block printing,480,6.173786103901937
batik block printing,480,6.173786103901937
batik block printing,480,6.173786103901937
batik block printing,480,6.173786103901937
batik block printing,480,6.173786103901937
batik block printing,480,6.173786103901937
batik block printing,480,6.173786103901937
batik block printing,480,6.173786103901937
batik block printing,480,6.173786103901937
batik block printing,480,6.173786103901937
batik block printing,480,6.173786103901937
batik block printing,480,6.173786103901937
batik block printing,480,6.173786103901937
batik block printing,480,6.173786103901937
bandhani tie dye,450,6.1092475827643655
bandhani tie dye,450,6.1092475827643655
bandhani tie dye,450,6.1092475827643655
bandhani tie dye,450,6.1092475827643655
bandhani tie dye,450,6.1092475827643655
bandhani tie dye,450,6.1092475827643655
bandhani tie dye,450,6.1092475827643655
bandhani tie dye,450,6.1092475827643655
bandhani tie dye,450,6.1092475827643655
bandhani tie dye,450,6.1092475827643655
bandhani tie dye,450,6.1092475827643655
kalamkari block printing,390,5.966146739123692
kalamkari block printing,390,5.966146739123692
kalamkari block printing,390,5.966146739123692
kalamkari block printing,390,5.966146739123692
kalamkari block printing,390,5.966146739123692
kalamkari block printing,390,5.966146739123692
kalamkari block printing,390,5.966146739123692
kalamkari block printing,390,5.966146739123692
kalamkari block printing,390,5.966146739123692
kalamkari block printing,390,5.966146739123692
kalamkari block printing,390,5.966146739123692
jacquard weaving,390,5.966146739123692
pochampally ikat weaving,390,5.966146739123692
pochampally ikat weaving,390,5.966146739123692
pochampally ikat weaving,390,5.966146739123692
pochampally ikat weaving,390,5.966146739123692
pochampally ikat weaving,390,5.966146739123692
pochampally ikat weaving,390,5.966146739123692
pochampally ikat weaving,390,5.966146739123692
pochampally ikat weaving,390,5.966146739123692
pochampally ikat weaving,390,5.966146739123692
pochampally ikat weaving,390,5.966146739123692
pochampally ikat weaving,390,5.966146739123692
pochampally ikat weaving,390,5.966146739123692
pochampally ikat weaving,390,5.966146739123692
pochampally ikat weaving,390,5.966146739123692
pochampally ikat weaving,390,5.966146739123692
pochampally ikat weaving,390,5.966146739123692
pochampally ikat weaving,390,5.966146739123692
pochampally ikat weaving,390,5.966146739123692
pochampally ikat weaving,390,5.966146739123692
pochampally ikat weaving,390,5.966146739123692
pochampally ikat weaving,390,5.966146739123692
pochampally ikat weaving,390,5.966146739123692
pochampally ikat weaving,390,5.966146739123692
pochampally ikat weaving,390,5.966146739123692
pochampally ikat weaving,390,5.966146739123692
pochampally ikat weaving,390,5.966146739123692
pochampally ikat weaving,390,5.966146739123692
pochampally ikat weaving,390,5.966146739123692
pochampally ikat weaving,390,5.966146739123692
pochampally ikat weaving,390,5.966146739123692
pochampally ikat weaving,390,5.966146739123692
pochampally ikat weaving,390,5.966146739123692
pochampally ikat weaving,390,5.966146739123692
pochampally ikat weaving,390,5.966146739123692
pochampally ikat weaving,390,5.966146739123692
pochampally ikat weaving,390,5.966146739123692
pochampally ikat weaving,390,5.966146739123692
pochampally ikat weaving,390,5.966146739123692
pochampally ikat weaving,390,5.966146739123692
pochampally ikat weaving,390,5.966146739123692
pochampally ikat weaving,390,5.966146739123692
pochampally ikat weaving,390,5.966146739123692
pochampally ikat weaving,390,5.966146739123692
kalamkari block printing,390,5.966146739123692
plain solid,290,5.66988092298052
jacquard weaving,390,5.966146739123692
jacquard weaving,390,5.966146739123692
jacquard weaving,390,5.966146739123692
jacquard weaving,350,5.857933154483459
jacquard weaving,350,5.857933154483459
jacquard weaving,350,5.857933154483459
jacquard weaving,350,5.857933154483459
jacquard weaving,350,5.857933154483459
jacquard weaving,390,5.966146739123692
jacquard weaving,390,5.966146739123692
jacquard weaving,390,5.966146739123692
jacquard weaving,390,5.966146739123692
jacquard weaving,390,5.966146739123692
jacquard weaving,390,5.966146739123692
plain solid,390,5.966146739123692
plain solid,390,5.966146739123692
plain solid,390,5.966146739123692
jacquard weaving,390,5.966146739123692
jacquard weaving,390,5.966146739123692
jacquard weaving,390,5.966146739123692
jacquard weaving,390,5.966146739123692
jacquard weaving,390,5.966146739123692
jacquard weaving,390,5.966146739123692
jacquard weaving,390,5.966146739123692
jacquard weaving,390,5.966146739123692
pochampally ikat weaving,390,5.966146739123692
jacquard weaving,390,5.966146739123692
jacquard weaving,390,5.966146739123692
jacquard weaving,390,5.966146739123692
jacquard weaving,350,5.857933154483459
jacquard weaving,350,5.857933154483459
jacquard weaving,350,5.857933154483459
jacquard weaving,390,5.966146739123692
jacquard weaving,390,5.966146739123692
jacquard weaving,390,5.966146739123692
jacquard weaving,490,6.194405391104672
plain solid,390,5.966146739123692
plain solid,390,5.966146739123692
plain solid,390,5.966146739123692
plain solid,1190,7.081708586105575
plain solid,390,5.966146739123692
jacquard weaving,390,5.966146739123692
sanganeri block printing,390,5.966146739123692
sanganeri block printing,390,5.966146739123692
sanganeri block printing,390,5.966146739123692
sanganeri block printing,390,5.966146739123692
sanganeri block printing,390,5.966146739123692
jacquard weaving,390,5.966146739123692
jacquard weaving,350,5.857933154483459
jacquard weaving,390,5.966146739123692
bandhani tie dye,450,6.1092475827643655
plain solid,580,6.363028103540465
plain solid,580,6.363028103540465
plain solid,580,6.363028103540465
plain solid,580,6.363028103540465
plain solid,580,6.363028103540465
plain solid,580,6.363028103540465
plain solid,580,6.363028103540465
plain solid,580,6.363028103540465
plain solid,580,6.363028103540465
plain solid,580,6.363028103540465
plain solid,580,6.363028103540465
plain solid,580,6.363028103540465
plain solid,1190,7.081708586105575
plain solid,1190,7.081708586105575
plain solid,1190,7.081708586105575
plain solid,1190,7.081708586105575
plain solid,1190,7.081708586105575
kalamkari block printing,580,6.363028103540465
kalamkari block printing,580,6.363028103540465
kalamkari block printing,580,6.363028103540465
kalamkari block printing,580,6.363028103540465
kalamkari block printing,580,6.363028103540465
kalamkari block printing,580,6.363028103540465
kalamkari block printing,580,6.363028103540465
kalamkari block printing,580,6.363028103540465
kalamkari block printing,580,6.363028103540465
kalamkari block printing,580,6.363028103540465
kalamkari block printing,580,6.363028103540465
kalamkari block printing,580,6.363028103540465
kalamkari block printing,580,6.363028103540465
kalamkari block printing,580,6.363028103540465
kalamkari block printing,580,6.363028103540465
kalamkari block printing,580,6.363028103540465
kalamkari block printing,580,6.363028103540465
kalamkari block printing,580,6.363028103540465
kalamkari block printing,580,6.363028103540465
kalamkari block printing,390,5.966146739123692
kalamkari block printing,390,5.966146739123692
kalamkari block printing,390,5.966146739123692
kalamkari block printing,390,5.966146739123692
kalamkari block printing,390,5.966146739123692
kalamkari block printing,390,5.966146739123692
kalamkari block printing,390,5.966146739123692
kalamkari block printing,390,5.966146739123692
kalamkari block printing,390,5.966146739123692
kalamkari block printing,390,5.966146739123692
kalamkari block printing,390,5.966146739123692
kalamkari block printing,390,5.966146739123692
kalamkari block printing,390,5.966146739123692
kalamkari block printing,390,5.966146739123692
kalamkari block printing,390,5.966146739123692
kalamkari block printing,390,5.966146739123692
kalamkari block printing,390,5.966146739123692
kalamkari block printing,390,5.966146739123692
kalamkari block printing,390,5.966146739123692
kalamkari block printing,390,5.966146739123692
kalamkari block printing,580,6.363028103540465
sanganeri block printing,450,6.1092475827643655
sanganeri block printing,450,6.1092475827643655
sanganeri block printing,450,6.1092475827643655
sanganeri block printing,450,6.1092475827643655
sanganeri block printing,450,6.1092475827643655
plain solid,580,6.363028103540465
plain solid,580,6.363028103540465
plain solid,580,6.363028103540465
plain solid,580,6.363028103540465
plain solid,580,6.363028103540465
plain solid,580,6.363028103540465
plain solid,580,6.363028103540465
plain solid,580,6.363028103540465
plain solid,580,6.363028103540465
plain solid,580,6.363028103540465
plain solid,580,6.363028103540465
plain solid,580,6.363028103540465
bagru block printing,590,6.380122536899765
bagru block printing,590,6.380122536899765
bagru block printing,590,6.380122536899765
bagru block printing,590,6.380122536899765
bagru block printing,590,6.380122536899765
bagru block printing,590,6.380122536899765
bagru block printing,590,6.380122536899765
bagru block printing,590,6.380122536899765
bagru block printing,590,6.380122536899765
bagru block printing,590,6.380122536899765
bagru block printing,590,6.380122536899765
bagru block printing,590,6.380122536899765
bagru block printing,590,6.380122536899765
bagru block printing,590,6.380122536899765
bagru block printing,590,6.380122536899765
bagru block printing,590,6.380122536899765
bagru block printing,590,6.380122536899765
sanganeri block printing,450,6.1092475827643655
sanganeri block printing,450,6.1092475827643655
sanganeri block printing,450,6.1092475827643655
sanganeri block printing,450,6.1092475827643655
sanganeri block printing,450,6.1092475827643655
sanganeri block printing,450,6.1092475827643655
sanganeri block printing,450,6.1092475827643655
sanganeri block printing,450,6.1092475827643655
sanganeri block printing,450,6.1092475827643655
sanganeri block printing,450,6.1092475827643655
sanganeri block printing,450,6.1092475827643655
sanganeri block printing,450,6.1092475827643655
sanganeri block printing,450,6.1092475827643655
sanganeri block printing,450,6.1092475827643655
sanganeri block printing,450,6.1092475827643655
sanganeri block printing,450,6.1092475827643655
sanganeri block printing,450,6.1092475827643655
bagru block printing,590,6.380122536899765
sanganeri block printing,450,6.1092475827643655
ajrakh block printing,590,6.380122536899765
sanganeri block printing,450,6.1092475827643655
ajrakh block printing,590,6.380122536899765
sanganeri block printing,450,6.1092475827643655
ajrakh block printing,590,6.380122536899765
sanganeri block printing,450,6.1092475827643655
sanganeri block printing,450,6.1092475827643655
ajrakh block printing,590,6.380122536899765
sanganeri block printing,450,6.1092475827643655
sanganeri block printing,450,6.1092475827643655
ajrakh block printing,590,6.380122536899765
sanganeri block printing,450,6.1092475827643655
sanganeri block printing,450,6.1092475827643655
sanganeri block printing,450,6.1092475827643655
ajrakh block printing,590,6.380122536899765
sanganeri block printing,450,6.1092475827643655
sanganeri block printing,450,6.1092475827643655
ajrakh block printing,590,6.380122536899765
sanganeri block printing,450,6.1092475827643655
ajrakh block printing,590,6.380122536899765
sanganeri block printing,450,6.1092475827643655
ajrakh block printing,590,6.380122536899765
sanganeri block printing,450,6.1092475827643655
ajrakh block printing,590,6.380122536899765
sanganeri block printing,450,6.1092475827643655
sanganeri block printing,450,6.1092475827643655
ajrakh block printing,590,6.380122536899765
sanganeri block printing,450,6.1092475827643655
sanganeri block printing,450,6.1092475827643655
ajrakh block printing,590,6.380122536899765
pochampally ikat weaving,1490,7.306531398939505
pochampally ikat weaving,1490,7.306531398939505
pochampally ikat weaving,1650,7.408530566894626
pochampally ikat weaving,1650,7.408530566894626
pochampally ikat weaving,1650,7.408530566894626
pochampally ikat weaving,1650,7.408530566894626
pochampally ikat weaving,1590,7.371489295214277
pochampally ikat weaving,1590,7.371489295214277
pochampally ikat weaving,1590,7.371489295214277
sanganeri block printing,450,6.1092475827643655
pochampally ikat weaving,1390,7.237059026124737
pochampally ikat weaving,1190,7.081708586105575
pochampally ikat weaving,1190,7.081708586105575
pochampally ikat weaving,1190,7.081708586105575
pochampally ikat weaving,1190,7.081708586105575
pochampally ikat weaving,1090,6.993932975223189
pochampally ikat weaving,1390,7.237059026124737
pochampally ikat weaving,1350,7.2078598714324755
pochampally ikat weaving,1350,7.2078598714324755
sanganeri block printing,390,5.966146739123692
sanganeri block printing,390,5.966146739123692
pochampally ikat weaving,1590,7.371489295214277
kalamkari block printing,650,6.476972362889683
kalamkari block printing,650,6.476972362889683
kalamkari block printing,650,6.476972362889683
kalamkari block printing,650,6.476972362889683
kalamkari block printing,650,6.476972362889683
kalamkari block printing,650,6.476972362889683
kalamkari block printing,650,6.476972362889683
ajrakh block printing,3290,8.098642843759418
ajrakh block printing,3290,8.098642843759418
ajrakh block printing,3290,8.098642843759418
ajrakh block printing,3290,8.098642843759418
ajrakh block printing,3290,8.098642843759418
ajrakh block printing,3290,8.098642843759418
ajrakh block printing,3290,8.098642843759418
ajrakh block printing,3290,8.098642843759418
ajrakh block printing,3290,8.098642843759418
ajrakh block printing,3290,8.098642843759418
ajrakh block printing,3290,8.098642843759418
ajrakh block printing,3290,8.098642843759418
ajrakh block printing,3290,8.098642843759418
ajrakh block printing,3290,8.098642843759418
ajrakh block printing,3290,8.098642843759418
batik block printing,480,6.173786103901937
batik block printing,480,6.173786103901937
batik block printing,480,6.173786103901937
bandhani tie dye,450,6.1092475827643655
bandhani tie dye,450,6.1092475827643655
bandhani tie dye,450,6.1092475827643655
bandhani tie dye,450,6.1092475827643655
bandhani tie dye,450,6.1092475827643655
bandhani tie dye,450,6.1092475827643655
bandhani tie dye,450,6.1092475827643655
bandhani tie dye,450,6.1092475827643655
kalamkari block printing,650,6.476972362889683
kalamkari block printing,650,6.476972362889683
kalamkari block printing,650,6.476972362889683
kalamkari block printing,650,6.476972362889683
kalamkari block printing,650,6.476972362889683
kalamkari block printing,650,6.476972362889683
kalamkari block printing,650,6.476972362889683
kalamkari block printing,650,6.476972362889683
kalamkari block printing,650,6.476972362889683
kalamkari block printing,650,6.476972362889683
jacquard weaving,490,6.194405391104672
jacquard weaving,490,6.194405391104672
jacquard weaving,490,6.194405391104672
jacquard weaving,490,6.194405391104672
jacquard weaving,490,6.194405391104672
jacquard weaving,490,6.194405391104672
jacquard weaving,490,6.194405391104672
jacquard weaving,390,5.966146739123692
jacquard weaving,490,6.194405391104672
jacquard weaving,490,6.194405391104672
jacquard weaving,490,6.194405391104672
jacquard weaving,490,6.194405391104672
jacquard weaving,490,6.194405391104672
jacquard weaving,490,6.194405391104672
jacquard weaving,490,6.194405391104672
jacquard weaving,490,6.194405391104672
jacquard weaving,490,6.194405391104672
jacquard weaving,490,6.194405391104672
pochampally ikat weaving,390,5.966146739123692
jacquard weaving,490,6.194405391104672
jacquard weaving,490,6.194405391104672
jacquard weaving,490,6.194405391104672
jacquard weaving,490,6.194405391104672
jacquard weaving,490,6.194405391104672
jacquard weaving,490,6.194405391104672
jacquard weaving,490,6.194405391104672
jacquard weaving,490,6.194405391104672
jacquard weaving,490,6.194405391104672
jacquard weaving,490,6.194405391104672
jacquard weaving,490,6.194405391104672
jacquard weaving,490,6.194405391104672
jacquard weaving,490,6.194405391104672
jacquard weaving,490,6.194405391104672
ajrakh block printing,3290,8.098642843759418
pochampally ikat weaving,390,5.966146739123692
jacquard weaving,490,6.194405391104672
bagru block printing,450,6.1092475827643655
sanganeri block printing,540,6.29156913955832
sanganeri block printing,450,6.1092475827643655
sanganeri block printing,450,6.1092475827643655
sanganeri block printing,450,6.1092475827643655
kalamkari block printing,650,6.476972362889683
pochampally ikat weaving,1590,7.371489295214277
pochampally ikat weaving,1590,7.371489295214277
pochampally ikat weaving,1590,7.371489295214277
pochampally ikat weaving,1590,7.371489295214277
pochampally ikat weaving,1890,7.544332108053688
pochampally ikat weaving,1750,7.46737106691756
pochampally ikat weaving,1450,7.27931883541462
plain solid,240,5.480638923341991
plain solid,240,5.480638923341991
plain solid,240,5.480638923341991
plain solid,240,5.480638923341991
plain solid,240,5.480638923341991
ajrakh block printing,2890,7.969011781106478
ajrakh block printing,2890,7.969011781106478
ajrakh block printing,2890,7.969011781106478
ajrakh block printing,2890,7.969011781106478
ajrakh block printing,2890,7.969011781106478
ajrakh block printing,2890,7.969011781106478
ajrakh block printing,2890,7.969011781106478
ajrakh block printing,2890,7.969011781106478
ajrakh block printing,2890,7.969011781106478
sanganeri block printing,450,6.1092475827643655
sanganeri block printing,450,6.1092475827643655
sanganeri block printing,450,6.1092475827643655
sanganeri block printing,450,6.1092475827643655
sanganeri block printing,450,6.1092475827643655
sanganeri block printing,450,6.1092475827643655
sanganeri block printing,450,6.1092475827643655
sanganeri block printing,450,6.1092475827643655
sanganeri block printing,450,6.1092475827643655
sanganeri block printing,450,6.1092475827643655
sanganeri block printing,450,6.1092475827643655
sanganeri block printing,450,6.1092475827643655
sanganeri block printing,540,6.29156913955832
sanganeri block printing,450,6.1092475827643655
batik block printing,480,6.173786103901937
sanganeri block printing,450,6.1092475827643655
sanganeri block printing,450,6.1092475827643655
pochampally ikat weaving,390,5.966146739123692
pochampally ikat weaving,390,5.966146739123692
pochampally ikat weaving,390,5.966146739123692
pochampally ikat weaving,390,5.966146739123692
pochampally ikat weaving,390,5.966146739123692
pochampally ikat weaving,390,5.966146739123692
pochampally ikat weaving,390,5.966146739123692
pochampally ikat weaving,390,5.966146739123692
pochampally ikat weaving,390,5.966146739123692
pochampally ikat weaving,390,5.966146739123692
pochampally ikat weaving,390,5.966146739123692
pochampally ikat weaving,390,5.966146739123692
pochampally ikat weaving,390,5.966146739123692
pochampally ikat weaving,390,5.966146739123692
pochampally ikat weaving,390,5.966146739123692
pochampally ikat weaving,390,5.966146739123692
pochampally ikat weaving,390,5.966146739123692
plain solid,240,5.480638923341991
plain solid,890,6.7912214627261855
plain solid,890,6.7912214627261855
plain solid,890,6.7912214627261855
plain solid,890,6.7912214627261855
plain solid,890,6.7912214627261855
plain solid,890,6.7912214627261855
plain solid,890,6.7912214627261855
plain solid,890,6.7912214627261855
plain solid,890,6.7912214627261855
plain solid,890,6.7912214627261855
plain solid,890,6.7912214627261855
plain solid,890,6.7912214627261855
plain solid,890,6.7912214627261855
plain solid,890,6.7912214627261855
plain solid,890,6.7912214627261855
plain solid,890,6.7912214627261855
plain solid,890,6.7912214627261855
plain solid,890,6.7912214627261855
plain solid,890,6.7912214627261855
plain solid,890,6.7912214627261855
plain solid,890,6.7912214627261855
plain solid,890,6.7912214627261855
plain solid,890,6.7912214627261855
plain solid,890,6.7912214627261855
plain solid,890,6.7912214627261855
plain solid,890,6.7912214627261855
plain solid,890,6.7912214627261855
plain solid,890,6.7912214627261855
plain solid,890,6.7912214627261855
plain solid,890,6.7912214627261855
plain solid,890,6.7912214627261855
plain solid,890,6.7912214627261855
plain solid,890,6.7912214627261855
plain solid,890,6.7912214627261855
plain solid,890,6.7912214627261855
plain solid,890,6.7912214627261855
plain solid,890,6.7912214627261855
plain solid,890,6.7912214627261855
plain solid,890,6.7912214627261855
plain solid,890,6.7912214627261855
plain solid,890,6.7912214627261855
plain solid,890,6.7912214627261855
plain solid,890,6.7912214627261855
plain solid,890,6.7912214627261855
plain solid,890,6.7912214627261855
plain solid,890,6.7912214627261855
plain solid,890,6.7912214627261855
plain solid,890,6.7912214627261855
plain solid,890,6.7912214627261855
plain solid,890,6.7912214627261855
plain solid,890,6.7912214627261855
plain solid,890,6.7912214627261855
plain solid,890,6.7912214627261855
plain solid,890,6.7912214627261855
plain solid,890,6.7912214627261855
plain solid,890,6.7912214627261855
plain solid,890,6.7912214627261855
plain solid,890,6.7912214627261855
plain solid,890,6.7912214627261855
plain solid,890,6.7912214627261855
plain solid,890,6.7912214627261855
plain solid,890,6.7912214627261855
plain solid,890,6.7912214627261855
plain solid,890,6.7912214627261855
plain solid,890,6.7912214627261855
plain solid,890,6.7912214627261855
plain solid,890,6.7912214627261855
plain solid,890,6.7912214627261855
plain solid,890,6.7912214627261855
plain solid,890,6.7912214627261855
plain solid,890,6.7912214627261855
plain solid,890,6.7912214627261855
plain solid,890,6.7912214627261855
plain solid,890,6.7912214627261855
plain solid,890,6.7912214627261855
plain solid,890,6.7912214627261855
plain solid,890,6.7912214627261855
plain solid,890,6.7912214627261855
plain solid,890,6.7912214627261855
plain solid,890,6.7912214627261855
plain solid,890,6.7912214627261855
plain solid,890,6.7912214627261855
plain solid,890,6.7912214627261855
plain solid,890,6.7912214627261855
plain solid,890,6.7912214627261855
plain solid,890,6.7912214627261855
plain solid,890,6.7912214627261855
plain solid,890,6.7912214627261855
plain solid,890,6.7912214627261855
plain solid,890,6.7912214627261855
plain solid,890,6.7912214627261855
plain solid,890,6.7912214627261855
plain solid,890,6.7912214627261855
plain solid,890,6.7912214627261855
plain solid,890,6.7912214627261855
plain solid,890,6.7912214627261855
plain solid,890,6.7912214627261855
plain solid,890,6.7912214627261855
plain solid,890,6.7912214627261855
plain solid,890,6.7912214627261855
plain solid,890,6.7912214627261855
plain solid,890,6.7912214627261855
plain solid,890,6.7912214627261855
plain solid,890,6.7912214627261855
plain solid,890,6.7912214627261855
plain solid,890,6.7912214627261855
plain solid,890,6.7912214627261855
plain solid,1750,7.46737106691756
plain solid,1750,7.46737106691756
plain solid,1390,7.237059026124737
plain solid,1390,7.237059026124737
plain solid,1390,7.237059026124737
plain solid,1390,7.237059026124737
plain solid,850,6.745236349484363
plain solid,850,6.745236349484363
plain solid,850,6.745236349484363
plain solid,850,6.745236349484363
plain solid,850,6.745236349484363
bandhani tie dye,690,6.536691597591305
bandhani tie dye,690,6.536691597591305
bandhani tie dye,690,6.536691597591305
bandhani tie dye,690,6.536691597591305
bandhani tie dye,690,6.536691597591305
bandhani tie dye,690,6.536691597591305
bandhani tie dye,690,6.536691597591305
bandhani tie dye,690,6.536691597591305
bandhani tie dye,690,6.536691597591305
bandhani tie dye,690,6.536691597591305
bandhani tie dye,690,6.536691597591305
bandhani tie dye,690,6.536691597591305
bandhani tie dye,690,6.536691597591305
bandhani tie dye,690,6.536691597591305
bandhani tie dye,690,6.536691597591305
bandhani tie dye,690,6.536691597591305
bandhani tie dye,690,6.536691597591305
bandhani tie dye,690,6.536691597591305
bandhani tie dye,690,6.536691597591305
bandhani tie dye,690,6.536691597591305
bandhani tie dye,690,6.536691597591305
bandhani tie dye,690,6.536691597591305
bandhani tie dye,690,6.536691597591305
bandhani tie dye,690,6.536691597591305
bandhani tie dye,690,6.536691597591305
bandhani tie dye,690,6.536691597591305
bandhani tie dye,690,6.536691597591305
plain solid,890,6.7912214627261855
plain solid,1750,7.46737106691756
plain solid,1390,7.237059026124737
bandhani tie dye,450,6.1092475827643655
batik block printing,480,6.173786103901937
batik block printing,480,6.173786103901937
batik block printing,480,6.173786103901937
batik block printing,480,6.173786103901937
batik block printing,480,6.173786103901937
batik block printing,480,6.173786103901937
batik block printing,450,6.1092475827643655
batik block printing,480,6.173786103901937
batik block printing,480,6.173786103901937
batik block printing,480,6.173786103901937
batik block printing,480,6.173786103901937
batik block printing,480,6.173786103901937
batik block printing,480,6.173786103901937
batik block printing,480,6.173786103901937
batik block printing,480,6.173786103901937
batik block printing,480,6.173786103901937
batik block printing,480,6.173786103901937
batik block printing,480,6.173786103901937
batik block printing,480,6.173786103901937
batik block printing,480,6.173786103901937
batik block printing,480,6.173786103901937
batik block printing,480,6.173786103901937
batik block printing,480,6.173786103901937
batik block printing,480,6.173786103901937
batik block printing,480,6.173786103901937
pochampally ikat weaving,390,5.966146739123692
bagru block printing,420,6.040254711277414
bagru block printing,420,6.040254711277414
bagru block printing,420,6.040254711277414
bagru block printing,420,6.040254711277414
bagru block printing,420,6.040254711277414
bagru block printing,420,6.040254711277414
bagru block printing,420,6.040254711277414
bagru block printing,420,6.040254711277414
bagru block printing,420,6.040254711277414
bagru block printing,420,6.040254711277414
bagru block printing,420,6.040254711277414
bagru block printing,420,6.040254711277414
bagru block printing,420,6.040254711277414
bagru block printing,420,6.040254711277414
bagru block printing,420,6.040254711277414
bagru block printing,420,6.040254711277414
bagru block printing,420,6.040254711277414
bagru block printing,420,6.040254711277414
bagru block printing,420,6.040254711277414
bagru block printing,420,6.040254711277414
bagru block printing,420,6.040254711277414
bagru block printing,420,6.040254711277414
bagru block printing,420,6.040254711277414
bagru block printing,420,6.040254711277414
bagru block printing,420,6.040254711277414
bagru block printing,420,6.040254711277414
bagru block printing,420,6.040254711277414
plain solid,590,6.380122536899765
bagru block printing,420,6.040254711277414
bagru block printing,420,6.040254711277414
bagru block printing,420,6.040254711277414
bagru block printing,420,6.040254711277414
bagru block printing,420,6.040254711277414
bagru block printing,420,6.040254711277414
bagru block printing,420,6.040254711277414
bagru block printing,420,6.040254711277414
bagru block printing,420,6.040254711277414
bagru block printing,420,6.040254711277414
bagru block printing,420,6.040254711277414
bagru block printing,420,6.040254711277414
bagru block printing,420,6.040254711277414
plain solid,590,6.380122536899765
bagru block printing,420,6.040254711277414
bagru block printing,420,6.040254711277414
bagru block printing,420,6.040254711277414
bagru block printing,420,6.040254711277414
bagru block printing,420,6.040254711277414
bagru block printing,420,6.040254711277414
bagru block printing,420,6.040254711277414
bagru block printing,420,6.040254711277414
bagru block printing,420,6.040254711277414
bagru block printing,420,6.040254711277414
bagru block printing,420,6.040254711277414
bagru block printing,420,6.040254711277414
bagru block printing,420,6.040254711277414
plain solid,590,6.380122536899765
bagru block printing,420,6.040254711277414
bagru block printing,420,6.040254711277414
bagru block printing,420,6.040254711277414
plain solid,590,6.380122536899765
plain solid,590,6.380122536899765
bagru block printing,420,6.040254711277414
bagru block printing,420,6.040254711277414
bandhani tie dye,690,6.536691597591305
bagh block printing,490,6.194405391104672
bagh block printing,490,6.194405391104672
plain solid,590,6.380122536899765
bandhani tie dye,690,6.536691597591305
kalamkari block printing,990,6.897704943128636
kalamkari block printing,990,6.897704943128636
kalamkari block printing,990,6.897704943128636
kalamkari block printing,990,6.897704943128636
kalamkari block printing,990,6.897704943128636
kalamkari block printing,990,6.897704943128636
kalamkari block printing,990,6.897704943128636
kalamkari block printing,990,6.897704943128636
kalamkari block printing,990,6.897704943128636
batik block printing,480,6.173786103901937
bagru block printing,420,6.040254711277414
kalamkari block printing,990,6.897704943128636
plain solid,590,6.380122536899765
plain solid,590,6.380122536899765
plain solid,590,6.380122536899765
plain solid,590,6.380122536899765
plain solid,590,6.380122536899765
plain solid,590,6.380122536899765
plain solid,590,6.380122536899765
plain solid,590,6.380122536899765
plain solid,590,6.380122536899765
ajrakh block printing,950,6.856461984594587
ajrakh block printing,950,6.856461984594587
ajrakh block printing,950,6.856461984594587
ajrakh block printing,950,6.856461984594587
ajrakh block printing,950,6.856461984594587
ajrakh block printing,950,6.856461984594587
ajrakh block printing,950,6.856461984594587
ajrakh block printing,950,6.856461984594587
ajrakh block printing,950,6.856461984594587
ajrakh block printing,950,6.856461984594587
ajrakh block printing,950,6.856461984594587
ajrakh block printing,950,6.856461984594587
ajrakh block printing,950,6.856461984594587
ajrakh block printing,950,6.856461984594587
ajrakh block printing,950,6.856461984594587
ajrakh block printing,950,6.856461984594587
ajrakh block printing,950,6.856461984594587
ajrakh block printing,950,6.856461984594587
ajrakh block printing,950,6.856461984594587
ajrakh block printing,950,6.856461984594587
ajrakh block printing,950,6.856461984594587
ajrakh block printing,950,6.856461984594587
ajrakh block printing,950,6.856461984594587
ajrakh block printing,950,6.856461984594587
ajrakh block printing,950,6.856461984594587
ajrakh block printing,950,6.856461984594587
ajrakh block printing,950,6.856461984594587
ajrakh block printing,950,6.856461984594587
ajrakh block printing,950,6.856461984594587
ajrakh block printing,950,6.856461984594587
ajrakh block printing,950,6.856461984594587
ajrakh block printing,2890,7.969011781106478
sanganeri block printing,450,6.1092475827643655
sanganeri block printing,450,6.1092475827643655
sanganeri block printing,450,6.1092475827643655
sanganeri block printing,450,6.1092475827643655
sanganeri block printing,450,6.1092475827643655
sanganeri block printing,450,6.1092475827643655
sanganeri block printing,450,6.1092475827643655
sanganeri block printing,450,6.1092475827643655
sanganeri block printing,450,6.1092475827643655
sanganeri block printing,450,6.1092475827643655
sanganeri block printing,450,6.1092475827643655
sanganeri block printing,450,6.1092475827643655
sanganeri block printing,450,6.1092475827643655
ajrakh block printing,950,6.856461984594587
sanganeri block printing,790,6.672032945461067
pochampally ikat weaving,3590,8.185907481482324
pochampally ikat weaving,3290,8.098642843759418
pochampally ikat weaving,3290,8.098642843759418
pochampally ikat weaving,3290,8.098642843759418
pochampally ikat weaving,3290,8.098642843759418
pochampally ikat weaving,3290,8.098642843759418
pochampally ikat weaving,3290,8.098642843759418
pochampally ikat weaving,3290,8.098642843759418
pochampally ikat weaving,3290,8.098642843759418
sanganeri block printing,450,6.1092475827643655
pochampally ikat weaving,3290,8.098642843759418
plain solid,590,6.380122536899765
plain solid,590,6.380122536899765
ajrakh block printing,580,6.363028103540465
ajrakh block printing,580,6.363028103540465
ajrakh block printing,580,6.363028103540465
ajrakh block printing,580,6.363028103540465
ajrakh block printing,580,6.363028103540465
ajrakh block printing,580,6.363028103540465
ajrakh block printing,580,6.363028103540465
ajrakh block printing,580,6.363028103540465
ajrakh block printing,580,6.363028103540465
ajrakh block printing,580,6.363028103540465
ajrakh block printing,580,6.363028103540465
ajrakh block printing,580,6.363028103540465
ajrakh block printing,580,6.363028103540465
ajrakh block printing,580,6.363028103540465
ajrakh block printing,580,6.363028103540465
ajrakh block printing,580,6.363028103540465
ajrakh block printing,580,6.363028103540465
ajrakh block printing,580,6.363028103540465
ajrakh block printing,580,6.363028103540465
ajrakh block printing,580,6.363028103540465
ajrakh block printing,580,6.363028103540465
ajrakh block printing,580,6.363028103540465
ajrakh block printing,580,6.363028103540465
ajrakh block printing,580,6.363028103540465
ajrakh block printing,580,6.363028103540465
ajrakh block printing,580,6.363028103540465
ajrakh block printing,580,6.363028103540465
plain solid,280,5.634789603169249
plain solid,280,5.634789603169249
bandhani tie dye,450,6.1092475827643655
ajrakh block printing,580,6.363028103540465
plain solid,280,5.634789603169249
batik block printing,980,6.887552571664617
batik block printing,980,6.887552571664617
batik block printing,980,6.887552571664617
batik block printing,980,6.887552571664617
batik block printing,980,6.887552571664617
batik block printing,980,6.887552571664617
batik block printing,980,6.887552571664617
batik block printing,980,6.887552571664617
bandhani tie dye,450,6.1092475827643655
pochampally ikat weaving,1150,7.047517221357296
pochampally ikat weaving,1150,7.047517221357296
pochampally ikat weaving,1150,7.047517221357296
sanganeri block printing,790,6.672032945461067
pochampally ikat weaving,3190,8.06777619577889
pochampally ikat weaving,3190,8.06777619577889
pochampally ikat weaving,3190,8.06777619577889
pochampally ikat weaving,3190,8.06777619577889
pochampally ikat weaving,3190,8.06777619577889
pochampally ikat weaving,3190,8.06777619577889
pochampally ikat weaving,1890,7.544332108053688
pochampally ikat weaving,1890,7.544332108053688
pochampally ikat weaving,1890,7.544332108053688
pochampally ikat weaving,1890,7.544332108053688
pochampally ikat weaving,1890,7.544332108053688
pochampally ikat weaving,1890,7.544332108053688
pochampally ikat weaving,1890,7.544332108053688
pochampally ikat weaving,1890,7.544332108053688
pochampally ikat weaving,1890,7.544332108053688
pochampally ikat weaving,1890,7.544332108053688
pochampally ikat weaving,1890,7.544332108053688
pochampally ikat weaving,1890,7.544332108053688
pochampally ikat weaving,1890,7.544332108053688
sanganeri block printing,390,5.966146739123692
sanganeri block printing,390,5.966146739123692
sanganeri block printing,390,5.966146739123692
sanganeri block printing,390,5.966146739123692
sanganeri block printing,390,5.966146739123692
pochampally ikat weaving,3190,8.06777619577889
pochampally ikat weaving,1890,7.544332108053688
sanganeri block printing,390,5.966146739123692
bagru block printing,420,6.040254711277414
bagru block printing,420,6.040254711277414
bagru block printing,420,6.040254711277414
bagru block printing,420,6.040254711277414
bagru block printing,450,6.1092475827643655
bagru block printing,450,6.1092475827643655
bagru block printing,450,6.1092475827643655
plain solid,580,6.363028103540465
plain solid,580,6.363028103540465
plain solid,580,6.363028103540465
plain solid,580,6.363028103540465
plain solid,580,6.363028103540465
plain solid,580,6.363028103540465
plain solid,580,6.363028103540465
plain solid,580,6.363028103540465
bagru block printing,420,6.040254711277414
sanganeri block printing,590,6.380122536899765
sanganeri block printing,590,6.380122536899765
sanganeri block printing,590,6.380122536899765
sanganeri block printing,590,6.380122536899765
sanganeri block printing,590,6.380122536899765
sanganeri block printing,590,6.380122536899765
kalamkari block printing,390,5.966146739123692
kalamkari block printing,390,5.966146739123692
kalamkari block printing,390,5.966146739123692
sanganeri block printing,390,5.966146739123692
plain solid,580,6.363028103540465
sanganeri block printing,390,5.966146739123692
sanganeri block printing,390,5.966146739123692
sanganeri block printing,390,5.966146739123692
sanganeri block printing,390,5.966146739123692
sanganeri block printing,390,5.966146739123692
bagh block printing,590,6.380122536899765
bagh block printing,590,6.380122536899765
bagh block printing,590,6.380122536899765
bagh block printing,590,6.380122536899765
bagh block printing,590,6.380122536899765
bagh block printing,590,6.380122536899765
bagh block printing,590,6.380122536899765
pochampally ikat weaving,390,5.966146739123692
pochampally ikat weaving,390,5.966146739123692
plain solid,590,6.380122536899765
plain solid,280,5.634789603169249
plain solid,280,5.634789603169249
plain solid,280,5.634789603169249
plain solid,280,5.634789603169249
plain solid,290,5.66988092298052
plain solid,290,5.66988092298052
plain solid,240,5.480638923341991
plain solid,240,5.480638923341991
plain solid,240,5.480638923341991
plain solid,240,5.480638923341991
plain solid,240,5.480638923341991
plain solid,240,5.480638923341991
plain solid,240,5.480638923341991
ajrakh block printing,1100,7.003065458786462
ajrakh block printing,1100,7.003065458786462
ajrakh block printing,1100,7.003065458786462
ajrakh block printing,1100,7.003065458786462
ajrakh block printing,1100,7.003065458786462
ajrakh block printing,1100,7.003065458786462
ajrakh block printing,1100,7.003065458786462
ajrakh block printing,950,6.856461984594587
ajrakh block printing,950,6.856461984594587
ajrakh block printing,950,6.856461984594587
ajrakh block printing,950,6.856461984594587
ajrakh block printing,950,6.856461984594587
ajrakh block printing,950,6.856461984594587
ajrakh block printing,950,6.856461984594587
ajrakh block printing,950,6.856461984594587
ajrakh block printing,950,6.856461984594587
ajrakh block printing,950,6.856461984594587
ajrakh block printing,950,6.856461984594587
ajrakh block printing,950,6.856461984594587
pochampally ikat weaving,390,5.966146739123692
plain solid,590,6.380122536899765
plain solid,590,6.380122536899765
plain solid,590,6.380122536899765
plain solid,590,6.380122536899765
batik block printing,520,6.253828811575473
batik block printing,520,6.253828811575473
bagru block printing,490,6.194405391104672
bagru block printing,490,6.194405391104672
plain solid,280,5.634789603169249
plain solid,290,5.66988092298052
plain solid,240,5.480638923341991
ajrakh block printing,950,6.856461984594587
plain solid,590,6.380122536899765
plain solid,590,6.380122536899765
plain solid,590,6.380122536899765
plain solid,590,6.380122536899765
plain solid,590,6.380122536899765
plain solid,590,6.380122536899765
plain solid,590,6.380122536899765
plain solid,590,6.380122536899765
plain solid,590,6.380122536899765
plain solid,590,6.380122536899765
plain solid,590,6.380122536899765
plain solid,590,6.380122536899765
plain solid,590,6.380122536899765
plain solid,590,6.380122536899765
plain solid,590,6.380122536899765
plain solid,590,6.380122536899765
plain solid,590,6.380122536899765
plain solid,590,6.380122536899765
plain solid,590,6.380122536899765
bagru block printing,490,6.194405391104672
bagru block printing,490,6.194405391104672
bagru block printing,490,6.194405391104672
bagru block printing,490,6.194405391104672
bagru block printing,490,6.194405391104672
bagru block printing,490,6.194405391104672
bagru block printing,490,6.194405391104672
bagru block printing,490,6.194405391104672
bagru block printing,490,6.194405391104672
bagru block printing,490,6.194405391104672
bagru block printing,490,6.194405391104672
bagru block printing,490,6.194405391104672
bagru block printing,490,6.194405391104672
bagru block printing,490,6.194405391104672
bagru block printing,490,6.194405391104672
bagru block printing,490,6.194405391104672
plain solid,590,6.380122536899765
plain solid,590,6.380122536899765
bagru block printing,490,6.194405391104672
pochampally ikat weaving,390,5.966146739123692
pochampally ikat weaving,390,5.966146739123692
pochampally ikat weaving,390,5.966146739123692
pochampally ikat weaving,390,5.966146739123692
pochampally ikat weaving,390,5.966146739123692
pochampally ikat weaving,390,5.966146739123692
pochampally ikat weaving,390,5.966146739123692
pochampally ikat weaving,390,5.966146739123692
pochampally ikat weaving,390,5.966146739123692
pochampally ikat weaving,390,5.966146739123692
pochampally ikat weaving,390,5.966146739123692
pochampally ikat weaving,390,5.966146739123692
pochampally ikat weaving,390,5.966146739123692
pochampally ikat weaving,390,5.966146739123692
pochampally ikat weaving,390,5.966146739123692
pochampally ikat weaving,390,5.966146739123692
pochampally ikat weaving,390,5.966146739123692
pochampally ikat weaving,390,5.966146739123692
bagh block printing,590,6.380122536899765
bagh block printing,590,6.380122536899765
bagh block printing,590,6.380122536899765
bagh block printing,590,6.380122536899765
bagh block printing,590,6.380122536899765
bagh block printing,590,6.380122536899765
bagh block printing,590,6.380122536899765
bagh block printing,590,6.380122536899765
bagh block printing,590,6.380122536899765
bagh block printing,590,6.380122536899765
bagh block printing,590,6.380122536899765
kalamkari block printing,390,5.966146739123692
kalamkari block printing,390,5.966146739123692
bagh block printing,590,6.380122536899765
kalamkari block printing,390,5.966146739123692
bagh block printing,590,6.380122536899765
bagh block printing,1290,7.162397497355718
bagh block printing,1290,7.162397497355718
bagh block printing,1290,7.162397497355718
bagh block printing,1290,7.162397497355718
bagh block printing,1290,7.162397497355718
bagh block printing,1290,7.162397497355718
bagh block printing,1290,7.162397497355718
bagh block printing,1290,7.162397497355718
bagh block printing,1290,7.162397497355718
bagh block printing,1290,7.162397497355718
bagh block printing,1290,7.162397497355718
bagh block printing,1290,7.162397497355718
bagh block printing,590,6.380122536899765
bagh block printing,1290,7.162397497355718
bagh block printing,1290,7.162397497355718
bagh block printing,1290,7.162397497355718
pochampally ikat weaving,390,5.966146739123692
bagh block printing,1290,7.162397497355718
bagh block printing,590,6.380122536899765
kalamkari block printing,390,5.966146739123692
bandhani tie dye,450,6.1092475827643655
bandhani tie dye,450,6.1092475827643655
bandhani tie dye,450,6.1092475827643655
bandhani tie dye,450,6.1092475827643655
bandhani tie dye,450,6.1092475827643655
bandhani tie dye,450,6.1092475827643655
sanganeri block printing,790,6.672032945461067
sanganeri block printing,790,6.672032945461067
sanganeri block printing,790,6.672032945461067
sanganeri block printing,790,6.672032945461067
sanganeri block printing,790,6.672032945461067
sanganeri block printing,790,6.672032945461067
sanganeri block printing,790,6.672032945461067
sanganeri block printing,790,6.672032945461067
bandhani tie dye,450,6.1092475827643655
plain solid,380,5.940171252720432
plain solid,380,5.940171252720432
plain solid,380,5.940171252720432
plain solid,380,5.940171252720432
jacquard weaving,350,5.857933154483459
jacquard weaving,350,5.857933154483459
jacquard weaving,390,5.966146739123692
jacquard weaving,350,5.857933154483459
jacquard weaving,350,5.857933154483459
jacquard weaving,350,5.857933154483459
jacquard weaving,350,5.857933154483459
jacquard weaving,350,5.857933154483459
bagru block printing,420,6.040254711277414
bagru block printing,420,6.040254711277414
bagru block printing,420,6.040254711277414
bagru block printing,420,6.040254711277414
bagru block printing,420,6.040254711277414
bagru block printing,420,6.040254711277414
bagru block printing,420,6.040254711277414
bagru block printing,420,6.040254711277414
bagru block printing,420,6.040254711277414
bagru block printing,420,6.040254711277414
bagru block printing,420,6.040254711277414
sanganeri block printing,450,6.1092475827643655
sanganeri block printing,450,6.1092475827643655
sanganeri block printing,450,6.1092475827643655
sanganeri block printing,450,6.1092475827643655
sanganeri block printing,450,6.1092475827643655
sanganeri block printing,450,6.1092475827643655
sanganeri block printing,450,6.1092475827643655
sanganeri block printing,450,6.1092475827643655
sanganeri block printing,450,6.1092475827643655
sanganeri block printing,450,6.1092475827643655
sanganeri block printing,450,6.1092475827643655
sanganeri block printing,450,6.1092475827643655
sanganeri block printing,450,6.1092475827643655
sanganeri block printing,450,6.1092475827643655
sanganeri block printing,450,6.1092475827643655
sanganeri block printing,450,6.1092475827643655
sanganeri block printing,450,6.1092475827643655
sanganeri block printing,450,6.1092475827643655
sanganeri block printing,450,6.1092475827643655
sanganeri block printing,450,6.1092475827643655
batik block printing,520,6.253828811575473
bagru block printing,490,6.194405391104672
bagru block printing,420,6.040254711277414
bagh block printing,550,6.309918278226516
bagh block printing,550,6.309918278226516
bagh block printing,550,6.309918278226516
bagh block printing,550,6.309918278226516
bagh block printing,550,6.309918278226516
pochampally ikat weaving,420,6.040254711277414
pochampally ikat weaving,420,6.040254711277414
pochampally ikat weaving,420,6.040254711277414
pochampally ikat weaving,420,6.040254711277414
pochampally ikat weaving,420,6.040254711277414
pochampally ikat weaving,420,6.040254711277414
pochampally ikat weaving,420,6.040254711277414
pochampally ikat weaving,420,6.040254711277414
pochampally ikat weaving,420,6.040254711277414
pochampally ikat weaving,420,6.040254711277414
pochampally ikat weaving,420,6.040254711277414
pochampally ikat weaving,420,6.040254711277414
pochampally ikat weaving,420,6.040254711277414
pochampally ikat weaving,420,6.040254711277414
sanganeri block printing,450,6.1092475827643655
sanganeri block printing,450,6.1092475827643655
sanganeri block printing,450,6.1092475827643655
sanganeri block printing,450,6.1092475827643655
sanganeri block printing,450,6.1092475827643655
sanganeri block printing,450,6.1092475827643655
sanganeri block printing,450,6.1092475827643655
sanganeri block printing,450,6.1092475827643655
sanganeri block printing,450,6.1092475827643655
sanganeri block printing,450,6.1092475827643655
sanganeri block printing,490,6.194405391104672
sanganeri block printing,490,6.194405391104672
sanganeri block printing,490,6.194405391104672
sanganeri block printing,490,6.194405391104672
sanganeri block printing,490,6.194405391104672
bandhani tie dye,690,6.536691597591305
bandhani tie dye,690,6.536691597591305
bandhani tie dye,690,6.536691597591305
bandhani tie dye,690,6.536691597591305
bandhani tie dye,690,6.536691597591305
bandhani tie dye,690,6.536691597591305
bandhani tie dye,690,6.536691597591305
bandhani tie dye,690,6.536691597591305
bandhani tie dye,690,6.536691597591305
bandhani tie dye,690,6.536691597591305
bandhani tie dye,690,6.536691597591305
bandhani tie dye,690,6.536691597591305
bagru block printing,420,6.040254711277414
bagru block printing,420,6.040254711277414
bagru block printing,420,6.040254711277414
bagru block printing,420,6.040254711277414
bagru block printing,420,6.040254711277414
batik block printing,520,6.253828811575473
batik block printing,520,6.253828811575473
batik block printing,520,6.253828811575473
batik block printing,520,6.253828811575473
batik block printing,520,6.253828811575473
batik block printing,520,6.253828811575473
plain solid,290,5.66988092298052
sanganeri block printing,450,6.1092475827643655
batik block printing,520,6.253828811575473
jacquard weaving,350,5.857933154483459
jacquard weaving,350,5.857933154483459
bagru block printing,420,6.040254711277414
bagru block printing,420,6.040254711277414
bagru block printing,420,6.040254711277414
bagru block printing,420,6.040254711277414
bagru block printing,420,6.040254711277414
bagru block printing,420,6.040254711277414
bagru block printing,420,6.040254711277414
bagru block printing,420,6.040254711277414
bagru block printing,420,6.040254711277414
batik block printing,580,6.363028103540465
batik block printing,580,6.363028103540465
batik block printing,580,6.363028103540465
batik block printing,580,6.363028103540465
batik block printing,580,6.363028103540465
batik block printing,580,6.363028103540465
batik block printing,580,6.363028103540465
bandhani tie dye,450,6.1092475827643655
bandhani tie dye,450,6.1092475827643655
bandhani tie dye,430,6.063785208687608
bandhani tie dye,430,6.063785208687608
bandhani tie dye,430,6.063785208687608
bandhani tie dye,430,6.063785208687608
bandhani tie dye,690,6.536691597591305
bandhani tie dye,690,6.536691597591305
bandhani tie dye,690,6.536691597591305
bandhani tie dye,690,6.536691597591305
bandhani tie dye,690,6.536691597591305
bandhani tie dye,690,6.536691597591305
bandhani tie dye,690,6.536691597591305
bandhani tie dye,690,6.536691597591305
bandhani tie dye,690,6.536691597591305
pochampally ikat weaving,420,6.040254711277414
pochampally ikat weaving,420,6.040254711277414
pochampally ikat weaving,420,6.040254711277414
pochampally ikat weaving,420,6.040254711277414
pochampally ikat weaving,420,6.040254711277414
pochampally ikat weaving,420,6.040254711277414
pochampally ikat weaving,390,5.966146739123692
pochampally ikat weaving,390,5.966146739123692
pochampally ikat weaving,390,5.966146739123692
pochampally ikat weaving,390,5.966146739123692
pochampally ikat weaving,390,5.966146739123692
pochampally ikat weaving,390,5.966146739123692
jacquard weaving,350,5.857933154483459
jacquard weaving,350,5.857933154483459
jacquard weaving,350,5.857933154483459
jacquard weaving,350,5.857933154483459
jacquard weaving,350,5.857933154483459
jacquard weaving,350,5.857933154483459
jacquard weaving,350,5.857933154483459
jacquard weaving,350,5.857933154483459
jacquard weaving,350,5.857933154483459
jacquard weaving,320,5.768320995793772
jacquard weaving,350,5.857933154483459
jacquard weaving,350,5.857933154483459
jacquard weaving,350,5.857933154483459
jacquard weaving,320,5.768320995793772
jacquard weaving,320,5.768320995793772
jacquard weaving,350,5.857933154483459
jacquard weaving,320,5.768320995793772
jacquard weaving,350,5.857933154483459
jacquard weaving,350,5.857933154483459
jacquard weaving,350,5.857933154483459
jacquard weaving,350,5.857933154483459
jacquard weaving,320,5.768320995793772
jacquard weaving,320,5.768320995793772
jacquard weaving,320,5.768320995793772
jacquard weaving,350,5.857933154483459
sanganeri block printing,450,6.1092475827643655
sanganeri block printing,450,6.1092475827643655
sanganeri block printing,450,6.1092475827643655
sanganeri block printing,450,6.1092475827643655
sanganeri block printing,450,6.1092475827643655
sanganeri block printing,450,6.1092475827643655
sanganeri block printing,450,6.1092475827643655
sanganeri block printing,450,6.1092475827643655
sanganeri block printing,450,6.1092475827643655
bagru block printing,420,6.040254711277414
bagru block printing,420,6.040254711277414
bagru block printing,420,6.040254711277414
plain solid,290,5.66988092298052
plain solid,290,5.66988092298052
jacquard weaving,320,5.768320995793772
bandhani tie dye,430,6.063785208687608
batik block printing,520,6.253828811575473
batik block printing,520,6.253828811575473
batik block printing,520,6.253828811575473
batik block printing,520,6.253828811575473
batik block printing,520,6.253828811575473
batik block printing,520,6.253828811575473
plain solid,240,5.480638923341991
plain solid,240,5.480638923341991
plain solid,240,5.480638923341991
plain solid,240,5.480638923341991
plain solid,240,5.480638923341991
plain solid,240,5.480638923341991
pochampally ikat weaving,420,6.040254711277414
plain solid,350,5.857933154483459
plain solid,350,5.857933154483459
pochampally ikat weaving,1490,7.306531398939505
pochampally ikat weaving,2990,8.003028666384733
pochampally ikat weaving,3290,8.098642843759418
pochampally ikat weaving,3290,8.098642843759418
pochampally ikat weaving,3290,8.098642843759418
pochampally ikat weaving,3290,8.098642843759418
kalamkari block printing,390,5.966146739123692
kalamkari block printing,390,5.966146739123692
kalamkari block printing,390,5.966146739123692
sanganeri block printing,450,6.1092475827643655
sanganeri block printing,450,6.1092475827643655
sanganeri block printing,450,6.1092475827643655
sanganeri block printing,450,6.1092475827643655
sanganeri block printing,450,6.1092475827643655
sanganeri block printing,450,6.1092475827643655
sanganeri block printing,450,6.1092475827643655
sanganeri block printing,450,6.1092475827643655
sanganeri block printing,450,6.1092475827643655
sanganeri block printing,450,6.1092475827643655
sanganeri block printing,450,6.1092475827643655
bagru block printing,420,6.040254711277414
pochampally ikat weaving,420,6.040254711277414
pochampally ikat weaving,420,6.040254711277414
pochampally ikat weaving,420,6.040254711277414
pochampally ikat weaving,420,6.040254711277414
pochampally ikat weaving,420,6.040254711277414
pochampally ikat weaving,420,6.040254711277414
pochampally ikat weaving,420,6.040254711277414
pochampally ikat weaving,420,6.040254711277414
pochampally ikat weaving,420,6.040254711277414
pochampally ikat weaving,420,6.040254711277414
pochampally ikat weaving,420,6.040254711277414
pochampally ikat weaving,420,6.040254711277414
pochampally ikat weaving,390,5.966146739123692
pochampally ikat weaving,390,5.966146739123692
pochampally ikat weaving,390,5.966146739123692
plain solid,350,5.857933154483459
bandhani tie dye,450,6.1092475827643655
bandhani tie dye,450,6.1092475827643655
bandhani tie dye,450,6.1092475827643655
bandhani tie dye,450,6.1092475827643655
plain solid,280,5.634789603169249
pochampally ikat weaving,2690,7.897296472595885
pochampally ikat weaving,390,5.966146739123692
pochampally ikat weaving,390,5.966146739123692
pochampally ikat weaving,390,5.966146739123692
pochampally ikat weaving,390,5.966146739123692
kalamkari block printing,390,5.966146739123692
kalamkari block printing,390,5.966146739123692
kalamkari block printing,390,5.966146739123692
kalamkari block printing,390,5.966146739123692
bagru block printing,420,6.040254711277414
bagru block printing,420,6.040254711277414
bagru block printing,420,6.040254711277414
bagru block printing,420,6.040254711277414
bagru block printing,420,6.040254711277414
kalamkari block printing,490,6.194405391104672
kalamkari block printing,490,6.194405391104672
kalamkari block printing,490,6.194405391104672
kalamkari block printing,490,6.194405391104672
kalamkari block printing,490,6.194405391104672
kalamkari block printing,490,6.194405391104672
kalamkari block printing,490,6.194405391104672
kalamkari block printing,490,6.194405391104672
kalamkari block printing,490,6.194405391104672
kalamkari block printing,580,6.363028103540465
kalamkari block printing,580,6.363028103540465
kalamkari block printing,580,6.363028103540465
kalamkari block printing,580,6.363028103540465
kalamkari block printing,490,6.194405391104672
kalamkari block printing,650,6.476972362889683
kalamkari block printing,650,6.476972362889683
kalamkari block printing,650,6.476972362889683
kalamkari block printing,650,6.476972362889683
kalamkari block printing,650,6.476972362889683
kalamkari block printing,650,6.476972362889683
kalamkari block printing,650,6.476972362889683
kalamkari block printing,650,6.476972362889683
kalamkari block printing,650,6.476972362889683
kalamkari block printing,390,5.966146739123692
kalamkari block printing,390,5.966146739123692
kalamkari block printing,390,5.966146739123692
kalamkari block printing,390,5.966146739123692
kalamkari block printing,390,5.966146739123692
kalamkari block printing,390,5.966146739123692
kalamkari block printing,390,5.966146739123692
kalamkari block printing,390,5.966146739123692
kalamkari block printing,390,5.966146739123692
kalamkari block printing,390,5.966146739123692
kalamkari block printing,390,5.966146739123692
bagh block printing,650,6.476972362889683
bagh block printing,650,6.476972362889683
pochampally ikat weaving,390,5.966146739123692
kalamkari block printing,650,6.476972362889683
pochampally ikat weaving,420,6.040254711277414
bagh block printing,650,6.476972362889683
bagru block printing,420,6.040254711277414
bagru block printing,420,6.040254711277414
bagru block printing,420,6.040254711277414
bagru block printing,420,6.040254711277414
bagru block printing,490,6.194405391104672
bagru block printing,420,6.040254711277414
bagru block printing,420,6.040254711277414
bandhani tie dye,3290,8.098642843759418
bandhani tie dye,3290,8.098642843759418
bandhani tie dye,3290,8.098642843759418
bandhani tie dye,3290,8.098642843759418
bandhani tie dye,3290,8.098642843759418
bandhani tie dye,3290,8.098642843759418
bandhani tie dye,3290,8.098642843759418
bandhani tie dye,3290,8.098642843759418
bandhani tie dye,3290,8.098642843759418
bandhani tie dye,3290,8.098642843759418
bandhani tie dye,3290,8.098642843759418
bandhani tie dye,3290,8.098642843759418
bandhani tie dye,3290,8.098642843759418
bandhani tie dye,3190,8.06777619577889
bandhani tie dye,3190,8.06777619577889
bandhani tie dye,3190,8.06777619577889
bandhani tie dye,3190,8.06777619577889
bandhani tie dye,3190,8.06777619577889
bandhani tie dye,3190,8.06777619577889
bandhani tie dye,3190,8.06777619577889
bandhani tie dye,2800,7.937374696163295
bandhani tie dye,2800,7.937374696163295
bandhani tie dye,2800,7.937374696163295
bandhani tie dye,2800,7.937374696163295
bandhani tie dye,2800,7.937374696163295
bandhani tie dye,2800,7.937374696163295
bandhani tie dye,1790,7.489970898834801
bandhani tie dye,1790,7.489970898834801
bandhani tie dye,1790,7.489970898834801
bandhani tie dye,1790,7.489970898834801
bandhani tie dye,1790,7.489970898834801
bandhani tie dye,3190,8.06777619577889
bandhani tie dye,3290,8.098642843759418
kalamkari block printing,2890,7.969011781106478
kalamkari block printing,2890,7.969011781106478
bagru block printing,420,6.040254711277414
jacquard weaving,350,5.857933154483459
pochampally ikat weaving,950,6.856461984594587
pochampally ikat weaving,950,6.856461984594587
pochampally ikat weaving,2890,7.969011781106478
bagru block printing,550,6.309918278226516
pochampally ikat weaving,390,5.966146739123692
kalamkari block printing,2890,7.969011781106478
jacquard weaving,350,5.857933154483459
jacquard weaving,390,5.966146739123692
sanganeri block printing,390,5.966146739123692
pochampally ikat weaving,390,5.966146739123692
bagh block printing,490,6.194405391104672
kalamkari block printing,450,6.1092475827643655
kalamkari block printing,450,6.1092475827643655
kalamkari block printing,450,6.1092475827643655
kalamkari block printing,450,6.1092475827643655
kalamkari block printing,450,6.1092475827643655
kalamkari block printing,450,6.1092475827643655
kalamkari block printing,450,6.1092475827643655
kalamkari block printing,450,6.1092475827643655
kalamkari block printing,450,6.1092475827643655
kalamkari block printing,650,6.476972362889683
kalamkari block printing,650,6.476972362889683
kalamkari block printing,650,6.476972362889683
kalamkari block printing,650,6.476972362889683
kalamkari block printing,650,6.476972362889683
kalamkari block printing,650,6.476972362889683
kalamkari block printing,650,6.476972362889683
batik block printing,480,6.173786103901937
batik block printing,480,6.173786103901937
batik block printing,480,6.173786103901937
batik block printing,480,6.173786103901937
batik block printing,480,6.173786103901937
batik block printing,480,6.173786103901937
batik block printing,480,6.173786103901937
batik block printing,480,6.173786103901937
batik block printing,480,6.173786103901937
batik block printing,580,6.363028103540465
batik block printing,580,6.363028103540465
batik block printing,580,6.363028103540465
batik block printing,580,6.363028103540465
batik block printing,580,6.363028103540465
batik block printing,580,6.363028103540465
batik block printing,580,6.363028103540465
batik block printing,580,6.363028103540465
batik block printing,580,6.363028103540465
batik block printing,580,6.363028103540465
batik block printing,580,6.363028103540465
bandhani tie dye,690,6.536691597591305
bandhani tie dye,690,6.536691597591305
bandhani tie dye,690,6.536691597591305
bandhani tie dye,690,6.536691597591305
bandhani tie dye,690,6.536691597591305
bandhani tie dye,690,6.536691597591305
bandhani tie dye,690,6.536691597591305
bandhani tie dye,690,6.536691597591305
bandhani tie dye,690,6.536691597591305
bandhani tie dye,690,6.536691597591305
bandhani tie dye,690,6.536691597591305
bandhani tie dye,690,6.536691597591305
kalamkari block printing,390,5.966146739123692
kalamkari block printing,390,5.966146739123692
kalamkari block printing,390,5.966146739123692
kalamkari block printing,390,5.966146739123692
kalamkari block printing,390,5.966146739123692
kalamkari block printing,390,5.966146739123692
bandhani tie dye,690,6.536691597591305
kalamkari block printing,650,6.476972362889683
sanganeri block printing,590,6.380122536899765
sanganeri block printing,590,6.380122536899765
sanganeri block printing,590,6.380122536899765
sanganeri block printing,590,6.380122536899765
sanganeri block printing,590,6.380122536899765
sanganeri block printing,590,6.380122536899765
plain solid,380,5.940171252720432
plain solid,380,5.940171252720432
plain solid,380,5.940171252720432
plain solid,380,5.940171252720432
plain solid,380,5.940171252720432
plain solid,380,5.940171252720432
plain solid,380,5.940171252720432
plain solid,380,5.940171252720432
plain solid,380,5.940171252720432
plain solid,380,5.940171252720432
plain solid,380,5.940171252720432
batik block printing,480,6.173786103901937
pochampally ikat weaving,1590,7.371489295214277
pochampally ikat weaving,1650,7.408530566894626
pochampally ikat weaving,390,5.966146739123692
pochampally ikat weaving,390,5.966146739123692
plain solid,380,5.940171252720432
pochampally ikat weaving,850,6.745236349484363
pochampally ikat weaving,890,6.7912214627261855
pochampally ikat weaving,890,6.7912214627261855
plain solid,290,5.66988092298052
plain solid,290,5.66988092298052
plain solid,290,5.66988092298052
plain solid,290,5.66988092298052
plain solid,290,5.66988092298052
batik block printing,580,6.363028103540465
batik block printing,580,6.363028103540465
batik block printing,580,6.363028103540465
batik block printing,580,6.363028103540465
batik block printing,580,6.363028103540465
batik block printing,580,6.363028103540465
sanganeri block printing,490,6.194405391104672
sanganeri block printing,490,6.194405391104672
sanganeri block printing,490,6.194405391104672
sanganeri block printing,490,6.194405391104672
sanganeri block printing,490,6.194405391104672
bandhani tie dye,450,6.1092475827643655
bandhani tie dye,450,6.1092475827643655
bandhani tie dye,450,6.1092475827643655
bandhani tie dye,450,6.1092475827643655
bandhani tie dye,450,6.1092475827643655
bandhani tie dye,450,6.1092475827643655
bandhani tie dye,430,6.063785208687608
bandhani tie dye,450,6.1092475827643655
bandhani tie dye,450,6.1092475827643655
bandhani tie dye,450,6.1092475827643655
bandhani tie dye,450,6.1092475827643655
sanganeri block printing,490,6.194405391104672
sanganeri block printing,490,6.194405391104672
sanganeri block printing,490,6.194405391104672
sanganeri block printing,490,6.194405391104672
sanganeri block printing,490,6.194405391104672
sanganeri block printing,490,6.194405391104672
sanganeri block printing,490,6.194405391104672
sanganeri block printing,490,6.194405391104672
sanganeri block printing,490,6.194405391104672
sanganeri block printing,490,6.194405391104672
sanganeri block printing,490,6.194405391104672
sanganeri block printing,490,6.194405391104672
sanganeri block printing,490,6.194405391104672
sanganeri block printing,590,6.380122536899765
sanganeri block printing,590,6.380122536899765
sanganeri block printing,590,6.380122536899765
sanganeri block printing,590,6.380122536899765
sanganeri block printing,590,6.380122536899765
sanganeri block printing,590,6.380122536899765
sanganeri block printing,490,6.194405391104672
bagh block printing,590,6.380122536899765
bagh block printing,590,6.380122536899765
bagh block printing,590,6.380122536899765
bagh block printing,590,6.380122536899765
bagh block printing,590,6.380122536899765
bagh block printing,590,6.380122536899765
bagh block printing,590,6.380122536899765
batik block printing,520,6.253828811575473
batik block printing,520,6.253828811575473
batik block printing,520,6.253828811575473
batik block printing,520,6.253828811575473
batik block printing,520,6.253828811575473
batik block printing,520,6.253828811575473
bagh block printing,590,6.380122536899765
sanganeri block printing,450,6.1092475827643655
plain solid,1350,7.2078598714324755
plain solid,1350,7.2078598714324755
plain solid,1350,7.2078598714324755
plain solid,1350,7.2078598714324755
plain solid,1350,7.2078598714324755
plain solid,1350,7.2078598714324755
plain solid,1350,7.2078598714324755
plain solid,1350,7.2078598714324755
plain solid,1350,7.2078598714324755
plain solid,1350,7.2078598714324755
plain solid,280,5.634789603169249
plain solid,1350,7.2078598714324755
bandhani tie dye,450,6.1092475827643655
plain solid,550,6.309918278226516
plain solid,290,5.66988092298052
plain solid,290,5.66988092298052
plain solid,290,5.66988092298052
plain solid,290,5.66988092298052
plain solid,290,5.66988092298052
plain solid,290,5.66988092298052
plain solid,280,5.634789603169249
plain solid,280,5.634789603169249
plain solid,280,5.634789603169249
plain solid,280,5.634789603169249
plain solid,280,5.634789603169249
plain solid,280,5.634789603169249
plain solid,290,5.66988092298052
plain solid,280,5.634789603169249
bandhani tie dye,450,6.1092475827643655
plain solid,350,5.857933154483459
plain solid,350,5.857933154483459
plain solid,350,5.857933154483459
plain solid,350,5.857933154483459
plain solid,350,5.857933154483459
plain solid,350,5.857933154483459
ajrakh block printing,580,6.363028103540465
ajrakh block printing,580,6.363028103540465
bandhani tie dye,450,6.1092475827643655
plain solid,280,5.634789603169249
sanganeri block printing,350,5.857933154483459
sanganeri block printing,390,5.966146739123692
sanganeri block printing,390,5.966146739123692
sanganeri block printing,390,5.966146739123692
sanganeri block printing,390,5.966146739123692
ajrakh block printing,790,6.672032945461067
plain solid,1390,7.237059026124737
plain solid,1390,7.237059026124737
plain solid,1390,7.237059026124737
plain solid,1390,7.237059026124737
plain solid,1390,7.237059026124737
plain solid,1390,7.237059026124737
plain solid,1390,7.237059026124737
plain solid,1390,7.237059026124737
plain solid,1390,7.237059026124737
plain solid,1390,7.237059026124737
plain solid,1390,7.237059026124737
plain solid,1390,7.237059026124737
plain solid,1390,7.237059026124737
plain solid,1390,7.237059026124737
plain solid,1390,7.237059026124737
plain solid,1390,7.237059026124737
plain solid,1390,7.237059026124737
plain solid,1390,7.237059026124737
plain solid,1390,7.237059026124737
plain solid,1390,7.237059026124737
plain solid,1390,7.237059026124737
pochampally ikat weaving,390,5.966146739123692
pochampally ikat weaving,390,5.966146739123692
pochampally ikat weaving,390,5.966146739123692
plain solid,1390,7.237059026124737
bagh block printing,1290,7.162397497355718
batik block printing,480,6.173786103901937
batik block printing,480,6.173786103901937
ajrakh block printing,990,6.897704943128636
ajrakh block printing,990,6.897704943128636
ajrakh block printing,990,6.897704943128636
ajrakh block printing,990,6.897704943128636
ajrakh block printing,990,6.897704943128636
ajrakh block printing,990,6.897704943128636
ajrakh block printing,990,6.897704943128636
ajrakh block printing,990,6.897704943128636
ajrakh block printing,990,6.897704943128636
ajrakh block printing,990,6.897704943128636
ajrakh block printing,990,6.897704943128636
ajrakh block printing,990,6.897704943128636
ajrakh block printing,990,6.897704943128636
ajrakh block printing,990,6.897704943128636
ajrakh block printing,990,6.897704943128636
ajrakh block printing,990,6.897704943128636
ajrakh block printing,990,6.897704943128636
ajrakh block printing,990,6.897704943128636
ajrakh block printing,990,6.897704943128636
ajrakh block printing,990,6.897704943128636
ajrakh block printing,990,6.897704943128636
ajrakh block printing,990,6.897704943128636
ajrakh block printing,990,6.897704943128636
ajrakh block printing,990,6.897704943128636
sanganeri block printing,390,5.966146739123692
sanganeri block printing,390,5.966146739123692
sanganeri block printing,390,5.966146739123692
batik block printing,480,6.173786103901937
batik block printing,480,6.173786103901937
batik block printing,480,6.173786103901937
sanganeri block printing,2890,7.969011781106478
ajrakh block printing,2890,7.969011781106478
pochampally ikat weaving,420,6.040254711277414
pochampally ikat weaving,420,6.040254711277414
pochampally ikat weaving,420,6.040254711277414
pochampally ikat weaving,420,6.040254711277414
pochampally ikat weaving,420,6.040254711277414
pochampally ikat weaving,420,6.040254711277414
pochampally ikat weaving,420,6.040254711277414
pochampally ikat weaving,420,6.040254711277414
pochampally ikat weaving,420,6.040254711277414
pochampally ikat weaving,420,6.040254711277414
pochampally ikat weaving,420,6.040254711277414
pochampally ikat weaving,420,6.040254711277414
pochampally ikat weaving,420,6.040254711277414
pochampally ikat weaving,390,5.966146739123692
pochampally ikat weaving,850,6.745236349484363
pochampally ikat weaving,850,6.745236349484363
pochampally ikat weaving,850,6.745236349484363
pochampally ikat weaving,850,6.745236349484363
pochampally ikat weaving,850,6.745236349484363
plain solid,1650,7.408530566894626
plain solid,1890,7.544332108053688
plain solid,1390,7.237059026124737
plain solid,2190,7.691656822810547
plain solid,2190,7.691656822810547
plain solid,2190,7.691656822810547
plain solid,2190,7.691656822810547
plain solid,2190,7.691656822810547
plain solid,2190,7.691656822810547
plain solid,2190,7.691656822810547
plain solid,2190,7.691656822810547
plain solid,2190,7.691656822810547
pochampally ikat weaving,1050,6.956545443151569
jacquard weaving,350,5.857933154483459
pochampally ikat weaving,850,6.745236349484363
ajrakh block printing,2890,7.969011781106478
plain solid,1850,7.52294091807237
plain solid,1850,7.52294091807237
plain solid,1850,7.52294091807237
plain solid,1850,7.52294091807237
plain solid,1850,7.52294091807237
plain solid,1850,7.52294091807237
plain solid,1650,7.408530566894626
plain solid,1650,7.408530566894626
bagru block printing,420,6.040254711277414
kalamkari block printing,580,6.363028103540465
pochampally ikat weaving,850,6.745236349484363
plain solid,1590,7.371489295214277
plain solid,1590,7.371489295214277
plain solid,1590,7.371489295214277
plain solid,1590,7.371489295214277
bandhani tie dye,1190,7.081708586105575
bandhani tie dye,1190,7.081708586105575
bandhani tie dye,1190,7.081708586105575
pochampally ikat weaving,850,6.745236349484363
pochampally ikat weaving,850,6.745236349484363
ajrakh block printing,1250,7.1308988302963465
ajrakh block printing,1250,7.1308988302963465
ajrakh block printing,1250,7.1308988302963465
ajrakh block printing,1250,7.1308988302963465
ajrakh block printing,1250,7.1308988302963465
plain solid,1590,7.371489295214277
plain solid,280,5.634789603169249
plain solid,280,5.634789603169249
plain solid,280,5.634789603169249
plain solid,280,5.634789603169249
plain solid,590,6.380122536899765
plain solid,590,6.380122536899765
plain solid,590,6.380122536899765
bagh block printing,2890,7.969011781106478
bagh block printing,2890,7.969011781106478
bagh block printing,2890,7.969011781106478
bagh block printing,2890,7.969011781106478
bagh block printing,2890,7.969011781106478
bagh block printing,2890,7.969011781106478
bagh block printing,2890,7.969011781106478
bagh block printing,2890,7.969011781106478
bagh block printing,2890,7.969011781106478
ajrakh block printing,550,6.309918278226516
ajrakh block printing,580,6.363028103540465
ajrakh block printing,550,6.309918278226516
ajrakh block printing,580,6.363028103540465
ajrakh block printing,580,6.363028103540465
ajrakh block printing,580,6.363028103540465
ajrakh block printing,580,6.363028103540465
plain solid,590,6.380122536899765
plain solid,590,6.380122536899765
plain solid,280,5.634789603169249
plain solid,390,5.966146739123692
plain solid,390,5.966146739123692
plain solid,390,5.966146739123692
batik block printing,980,6.887552571664617
batik block printing,980,6.887552571664617
batik block printing,980,6.887552571664617
batik block printing,980,6.887552571664617
batik block printing,980,6.887552571664617
batik block printing,980,6.887552571664617
batik block printing,980,6.887552571664617
batik block printing,980,6.887552571664617
batik block printing,980,6.887552571664617
batik block printing,980,6.887552571664617
batik block printing,980,6.887552571664617
batik block printing,980,6.887552571664617
batik block printing,980,6.887552571664617
batik block printing,980,6.887552571664617
batik block printing,980,6.887552571664617
batik block printing,980,6.887552571664617
batik block printing,980,6.887552571664617
batik block printing,980,6.887552571664617
batik block printing,980,6.887552571664617
batik block printing,980,6.887552571664617
batik block printing,980,6.887552571664617
batik block printing,980,6.887552571664617
batik block printing,980,6.887552571664617
batik block printing,980,6.887552571664617
batik block printing,980,6.887552571664617
batik block printing,980,6.887552571664617
batik block printing,980,6.887552571664617
batik block printing,980,6.887552571664617
batik block printing,980,6.887552571664617
batik block printing,980,6.887552571664617
batik block printing,980,6.887552571664617
pochampally ikat weaving,850,6.745236349484363
pochampally ikat weaving,850,6.745236349484363
plain solid,240,5.480638923341991
plain solid,240,5.480638923341991
plain solid,240,5.480638923341991
plain solid,240,5.480638923341991
plain solid,590,6.380122536899765
bagh block printing,2890,7.969011781106478
bagru block printing,950,6.856461984594587
bagru block printing,950,6.856461984594587
bagru block printing,950,6.856461984594587
bagru block printing,950,6.856461984594587
batik block printing,480,6.173786103901937
batik block printing,480,6.173786103901937
batik block printing,480,6.173786103901937
batik block printing,480,6.173786103901937
batik block printing,480,6.173786103901937
batik block printing,480,6.173786103901937
batik block printing,480,6.173786103901937
batik block printing,480,6.173786103901937
batik block printing,480,6.173786103901937
plain solid,590,6.380122536899765
plain solid,590,6.380122536899765
bagru block printing,950,6.856461984594587
plain solid,240,5.480638923341991
plain solid,890,6.7912214627261855
plain solid,890,6.7912214627261855
plain solid,890,6.7912214627261855
plain solid,890,6.7912214627261855
plain solid,890,6.7912214627261855
plain solid,890,6.7912214627261855
plain solid,890,6.7912214627261855
plain solid,890,6.7912214627261855
plain solid,890,6.7912214627261855
plain solid,890,6.7912214627261855
plain solid,890,6.7912214627261855
bandhani tie dye,450,6.1092475827643655
jacquard weaving,350,5.857933154483459
plain solid,320,5.768320995793772
plain solid,320,5.768320995793772
ajrakh block printing,950,6.856461984594587
sanganeri block printing,790,6.672032945461067
jacquard weaving,350,5.857933154483459
jacquard weaving,390,5.966146739123692
jacquard weaving,390,5.966146739123692
bandhani tie dye,990,6.897704943128636
bandhani tie dye,990,6.897704943128636
bandhani tie dye,990,6.897704943128636
jacquard weaving,390,5.966146739123692
jacquard weaving,350,5.857933154483459
sanganeri block printing,790,6.672032945461067
batik block printing,480,6.173786103901937
batik block printing,480,6.173786103901937
batik block printing,480,6.173786103901937
batik block printing,480,6.173786103901937
plain solid,280,5.634789603169249
plain solid,280,5.634789603169249
plain solid,280,5.634789603169249
plain solid,280,5.634789603169249
plain solid,280,5.634789603169249
sanganeri block printing,350,5.857933154483459
sanganeri block printing,390,5.966146739123692
sanganeri block printing,350,5.857933154483459
sanganeri block printing,350,5.857933154483459
sanganeri block printing,390,5.966146739123692
sanganeri block printing,350,5.857933154483459
sanganeri block printing,350,5.857933154483459
sanganeri block printing,390,5.966146739123692
kalamkari block printing,580,6.363028103540465
kalamkari block printing,490,6.194405391104672
batik block printing,480,6.173786103901937
batik block printing,480,6.173786103901937
batik block printing,480,6.173786103901937
pochampally ikat weaving,1390,7.237059026124737
pochampally ikat weaving,1390,7.237059026124737
plain solid,850,6.745236349484363
plain solid,990,6.897704943128636
batik block printing,480,6.173786103901937
pochampally ikat weaving,2690,7.897296472595885
plain solid,240,5.480638923341991
jacquard weaving,350,5.857933154483459
jacquard weaving,350,5.857933154483459
jacquard weaving,350,5.857933154483459
ajrakh block printing,580,6.363028103540465
ajrakh block printing,690,6.536691597591305
ajrakh block printing,690,6.536691597591305
ajrakh block printing,580,6.363028103540465
ajrakh block printing,580,6.363028103540465
ajrakh block printing,580,6.363028103540465
ajrakh block printing,580,6.363028103540465
ajrakh block printing,580,6.363028103540465
ajrakh block printing,580,6.363028103540465
ajrakh block printing,580,6.363028103540465
ajrakh block printing,580,6.363028103540465
bagh block printing,550,6.309918278226516
bagh block printing,550,6.309918278226516
bagh block printing,550,6.309918278226516
batik block printing,480,6.173786103901937
batik block printing,480,6.173786103901937
batik block printing,480,6.173786103901937
plain solid,280,5.634789603169249
plain solid,280,5.634789603169249
plain solid,290,5.66988092298052
plain solid,490,6.194405391104672
plain solid,490,6.194405391104672
plain solid,490,6.194405391104672
plain solid,280,5.634789603169249
ajrakh block printing,2890,7.969011781106478
ajrakh block printing,2890,7.969011781106478
ajrakh block printing,2890,7.969011781106478
ajrakh block printing,2890,7.969011781106478
ajrakh block printing,2890,7.969011781106478
ajrakh block printing,2890,7.969011781106478
ajrakh block printing,2890,7.969011781106478
ajrakh block printing,2890,7.969011781106478
ajrakh block printing,2890,7.969011781106478
ajrakh block printing,2890,7.969011781106478
ajrakh block printing,2890,7.969011781106478
ajrakh block printing,2890,7.969011781106478
ajrakh block printing,2890,7.969011781106478
ajrakh block printing,2890,7.969011781106478
ajrakh block printing,2890,7.969011781106478
ajrakh block printing,2890,7.969011781106478
ajrakh block printing,2890,7.969011781106478
jacquard weaving,350,5.857933154483459
jacquard weaving,350,5.857933154483459
jacquard weaving,350,5.857933154483459
jacquard weaving,350,5.857933154483459
jacquard weaving,350,5.857933154483459
jacquard weaving,350,5.857933154483459
plain solid,390,5.966146739123692
pochampally ikat weaving,390,5.966146739123692
ajrakh block printing,750,6.620073206530356
ajrakh block printing,580,6.363028103540465
sanganeri block printing,2890,7.969011781106478
jacquard weaving,350,5.857933154483459
plain solid,240,5.480638923341991
plain solid,280,5.634789603169249
plain solid,280,5.634789603169249
plain solid,280,5.634789603169249
plain solid,280,5.634789603169249
plain solid,280,5.634789603169249
plain solid,280,5.634789603169249
ajrakh block printing,1390,7.237059026124737
ajrakh block printing,1390,7.237059026124737
ajrakh block printing,1390,7.237059026124737
ajrakh block printing,1390,7.237059026124737
bagh block printing,650,6.476972362889683
bagh block printing,650,6.476972362889683
bagh block printing,490,6.194405391104672
bagh block printing,490,6.194405391104672
bandhani tie dye,450,6.1092475827643655
batik block printing,480,6.173786103901937
batik block printing,480,6.173786103901937
sanganeri block printing,450,6.1092475827643655
sanganeri block printing,350,5.857933154483459
sanganeri block printing,350,5.857933154483459
plain solid,240,5.480638923341991
plain solid,240,5.480638923341991
sanganeri block printing,390,5.966146739123692
bandhani tie dye,450,6.1092475827643655
bandhani tie dye,450,6.1092475827643655
pochampally ikat weaving,390,5.966146739123692
jacquard weaving,350,5.857933154483459
pochampally ikat weaving,3190,8.06777619577889
ajrakh block printing,580,6.363028103540465
bagh block printing,1290,7.162397497355718
bagh block printing,1290,7.162397497355718
bagh block printing,1290,7.162397497355718
plain solid,1190,7.081708586105575
ajrakh block printing,2190,7.691656822810547
plain solid,1190,7.081708586105575
plain solid,1750,7.46737106691756
plain solid,1750,7.46737106691756
plain solid,590,6.380122536899765
plain solid,590,6.380122536899765
plain solid,590,6.380122536899765
plain solid,590,6.380122536899765
plain solid,590,6.380122536899765
plain solid,590,6.380122536899765
pochampally ikat weaving,850,6.745236349484363
pochampally ikat weaving,850,6.745236349484363
bandhani tie dye,450,6.1092475827643655
batik block printing,480,6.173786103901937
kalamkari block printing,390,5.966146739123692
plain solid,240,5.480638923341991
plain solid,240,5.480638923341991
plain solid,1350,7.2078598714324755
pochampally ikat weaving,390,5.966146739123692
plain solid,1490,7.306531398939505
plain solid,1490,7.306531398939505
plain solid,890,6.7912214627261855
plain solid,1490,7.306531398939505
plain solid,240,5.480638923341991
plain solid,290,5.66988092298052
bagru block printing,1390,7.237059026124737
bagru block printing,1390,7.237059026124737
ajrakh block printing,1390,7.237059026124737
plain solid,520,6.253828811575473
plain solid,550,6.309918278226516
plain solid,590,6.380122536899765
batik block printing,480,6.173786103901937
plain solid,590,6.380122536899765
plain solid,240,5.480638923341991
plain solid,240,5.480638923341991
plain solid,590,6.380122536899765
sanganeri block printing,2890,7.969011781106478
plain solid,590,6.380122536899765
plain solid,590,6.380122536899765
plain solid,590,6.380122536899765
plain solid,590,6.380122536899765
plain solid,590,6.380122536899765
plain solid,590,6.380122536899765
plain solid,590,6.380122536899765
plain solid,590,6.380122536899765
plain solid,590,6.380122536899765
plain solid,590,6.380122536899765
pochampally ikat weaving,390,5.966146739123692
plain solid,590,6.380122536899765
plain solid,590,6.380122536899765
plain solid,590,6.380122536899765
plain solid,590,6.380122536899765
plain solid,590,6.380122536899765
sanganeri block printing,350,5.857933154483459
bagru block printing,420,6.040254711277414
bagru block printing,420,6.040254711277414
plain solid,240,5.480638923341991
plain solid,240,5.480638923341991
plain solid,240,5.480638923341991
plain solid,240,5.480638923341991
plain solid,240,5.480638923341991
plain solid,240,5.480638923341991
plain solid,240,5.480638923341991
bandhani tie dye,450,6.1092475827643655
bandhani tie dye,450,6.1092475827643655
sanganeri block printing,390,5.966146739123692
plain solid,290,5.66988092298052
plain solid,290,5.66988092298052
plain solid,240,5.480638923341991
plain solid,290,5.66988092298052
plain solid,290,5.66988092298052
plain solid,290,5.66988092298052
plain solid,290,5.66988092298052
plain solid,290,5.66988092298052
plain solid,290,5.66988092298052
plain solid,290,5.66988092298052
plain solid,290,5.66988092298052
plain solid,290,5.66988092298052
plain solid,250,5.521460917862246
plain solid,2890,7.969011781106478
plain solid,2890,7.969011781106478
plain solid,2890,7.969011781106478
plain solid,2890,7.969011781106478
plain solid,280,5.634789603169249
plain solid,280,5.634789603169249
pochampally ikat weaving,390,5.966146739123692
pochampally ikat weaving,390,5.966146739123692
plain solid,590,6.380122536899765
sanganeri block printing,490,6.194405391104672
jacquard weaving,390,5.966146739123692
jacquard weaving,350,5.857933154483459
jacquard weaving,390,5.966146739123692
jacquard weaving,350,5.857933154483459
jacquard weaving,350,5.857933154483459
jacquard weaving,350,5.857933154483459
jacquard weaving,350,5.857933154483459
jacquard weaving,350,5.857933154483459
plain solid,320,5.768320995793772
jacquard weaving,350,5.857933154483459
plain solid,320,5.768320995793772
plain solid,240,5.480638923341991
bagru block printing,420,6.040254711277414
bagru block printing,420,6.040254711277414
bagru block printing,420,6.040254711277414
bagru block printing,420,6.040254711277414
bagru block printing,420,6.040254711277414
bagru block printing,420,6.040254711277414
bagru block printing,420,6.040254711277414
bagru block printing,420,6.040254711277414
bagru block printing,420,6.040254711277414
bagru block printing,420,6.040254711277414
bagru block printing,420,6.040254711277414
bagru block printing,420,6.040254711277414
bagru block printing,420,6.040254711277414
bagru block printing,420,6.040254711277414
bagru block printing,420,6.040254711277414
bagru block printing,420,6.040254711277414
bagru block printing,420,6.040254711277414
bagru block printing,420,6.040254711277414
bagru block printing,420,6.040254711277414
bagru block printing,420,6.040254711277414
bagru block printing,420,6.040254711277414
bagru block printing,420,6.040254711277414
bagru block printing,420,6.040254711277414
bagru block printing,420,6.040254711277414
bagru block printing,420,6.040254711277414
bagru block printing,420,6.040254711277414
bagru block printing,420,6.040254711277414
bagru block printing,420,6.040254711277414
bagru block printing,420,6.040254711277414
bagru block printing,420,6.040254711277414
bagru block printing,420,6.040254711277414
bagru block printing,420,6.040254711277414
bagru block printing,420,6.040254711277414
bagru block printing,420,6.040254711277414
bagru block printing,420,6.040254711277414
bagru block printing,420,6.040254711277414
bagru block printing,420,6.040254711277414
bagru block printing,420,6.040254711277414
bagru block printing,420,6.040254711277414
bagru block printing,420,6.040254711277414
bagru block printing,420,6.040254711277414
bagru block printing,420,6.040254711277414
bagru block printing,420,6.040254711277414
bagru block printing,420,6.040254711277414
bagru block printing,420,6.040254711277414
bagru block printing,420,6.040254711277414
bagru block printing,420,6.040254711277414
bagru block printing,420,6.040254711277414
bagru block printing,420,6.040254711277414
bagru block printing,420,6.040254711277414
bagru block printing,420,6.040254711277414
bagru block printing,420,6.040254711277414
bagru block printing,420,6.040254711277414
bagru block printing,420,6.040254711277414
bagru block printing,420,6.040254711277414
bagru block printing,420,6.040254711277414
bagru block printing,420,6.040254711277414
bagru block printing,420,6.040254711277414
plain solid,240,5.480638923341991
plain solid,290,5.66988092298052
plain solid,290,5.66988092298052
plain solid,240,5.480638923341991
plain solid,240,5.480638923341991
plain solid,290,5.66988092298052
plain solid,290,5.66988092298052
plain solid,290,5.66988092298052
plain solid,290,5.66988092298052
plain solid,290,5.66988092298052
bagh block printing,4490,8.4096079807363
bagh block printing,4490,8.4096079807363
bagh block printing,4490,8.4096079807363
bagh block printing,4490,8.4096079807363
bagh block printing,4490,8.4096079807363
bagh block printing,4490,8.4096079807363
bagh block printing,4490,8.4096079807363
bagh block printing,4490,8.4096079807363
bandhani tie dye,7690,8.94767606249969
bandhani tie dye,8990,9.103868127465669
bandhani tie dye,5890,8.681011276645632
bandhani tie dye,5690,8.646465527120377
bandhani tie dye,5890,8.681011276645632
bandhani tie dye,8990,9.103868127465669
bandhani tie dye,5690,8.646465527120377
plain solid,6490,8.778017809698136
plain solid,6490,8.778017809698136
bagh block printing,16990,9.740380214665976
bagh block printing,16990,9.740380214665976
ajrakh block printing,19990,9.902987427494446
bagh block printing,16990,9.740380214665976
ajrakh block printing,19990,9.902987427494446
bagh block printing,16990,9.740380214665976
ajrakh block printing,19990,9.902987427494446
bagh block printing,16990,9.740380214665976
bagh block printing,3950,8.281470857895167
plain solid,4890,8.494947582468917
bagh block printing,3950,8.281470857895167
bagh block printing,3950,8.281470857895167
sanganeri block printing,1890,7.544332108053688
bagh block printing,3950,8.281470857895167
bagh block printing,3950,8.281470857895167
bagh block printing,3950,8.281470857895167
kalamkari block printing,2690,7.897296472595885
bagh block printing,3950,8.281470857895167
ajrakh block printing,2990,8.003028666384733
plain solid,4490,8.4096079807363
bagh block printing,2800,7.937374696163295
bagh block printing,2800,7.937374696163295
bagh block printing,2800,7.937374696163295
bagh block printing,2800,7.937374696163295
bagh block printing,2800,7.937374696163295
bagh block printing,2800,7.937374696163295
bagh block printing,2800,7.937374696163295
bagh block printing,2800,7.937374696163295
bagh block printing,2800,7.937374696163295
bagh block printing,2800,7.937374696163295
bagh block printing,2800,7.937374696163295
bagh block printing,2800,7.937374696163295
plain solid,2290,7.736307096548285
bagh block printing,2190,7.691656822810547
bagh block printing,2190,7.691656822810547
plain solid,2290,7.736307096548285
ajrakh block printing,2690,7.897296472595885
bagh block printing,2190,7.691656822810547
bagh block printing,2190,7.691656822810547
plain solid,2290,7.736307096548285
ajrakh block printing,2290,7.736307096548285
ajrakh block printing,2690,7.897296472595885
sanganeri block printing,1890,7.544332108053688
kalamkari block printing,2690,7.897296472595885
patchwork,4490,8.4096079807363
bagh block printing,3950,8.281470857895167
bandhani tie dye,7690,8.94767606249969
sanganeri block printing,2190,7.691656822810547
bandhani tie dye,4490,8.4096079807363
bagh block printing,4490,8.4096079807363
kalamkari block printing,2690,7.897296472595885
bandhani tie dye,6290,8.746716349694486
bagru block printing,3290,8.098642843759418
bandhani tie dye,5890,8.681011276645632
bagh block printing,4490,8.4096079807363
bandhani tie dye,4490,8.4096079807363
ajrakh block printing,19990,9.902987427494446
bandhani tie dye,4490,8.4096079807363
patchwork,4490,8.4096079807363
bandhani tie dye,8990,9.103868127465669
plain solid,2290,7.736307096548285
bandhani tie dye,7450,8.915969311373605
sanganeri block printing,1890,7.544332108053688
bandhani tie dye,7490,8.921324076511265
bandhani tie dye,5890,8.681011276645632
bandhani tie dye,6990,8.852235835227855
bagh block printing,2190,7.691656822810547
bagh block printing,3950,8.281470857895167
ajrakh block printing,19990,9.902987427494446
bagh block printing,3950,8.281470857895167
bagh block printing,4490,8.4096079807363
bandhani tie dye,5890,8.681011276645632
bagru block printing,3290,8.098642843759418
bandhani tie dye,6290,8.746716349694486
sanganeri block printing,1890,7.544332108053688
bagh block printing,16990,9.740380214665976
bagru block printing,5490,8.610683534503575
plain solid,4890,8.494947582468917
bandhani tie dye,7890,8.97335141383992
sanganeri block printing,1890,7.544332108053688
plain solid,3890,8.266164436612492
plain solid,2290,7.736307096548285
bagh block printing,3950,8.281470857895167
kalamkari block printing,2690,7.897296472595885
pochampally ikat weaving,14490,9.581214035314728
bandhani tie dye,4490,8.4096079807363
bagh block printing,4490,8.4096079807363
sanganeri block printing,2990,8.003028666384733
bagru block printing,5490,8.610683534503575
plain solid,3890,8.266164436612492
sanganeri block printing,2990,8.003028666384733
ajrakh block printing,2990,8.003028666384733
bandhani tie dye,4490,8.4096079807363
kalamkari block printing,2690,7.897296472595885
bandhani tie dye,4490,8.4096079807363
bandhani tie dye,6890,8.837826364007704
bandhani tie dye,5690,8.646465527120377
bandhani tie dye,6990,8.852235835227855
sanganeri block printing,1890,7.544332108053688
bandhani tie dye,5890,8.681011276645632
kalamkari block printing,2690,7.897296472595885
sanganeri block printing,2990,8.003028666384733
sanganeri block printing,1890,7.544332108053688
sanganeri block printing,1890,7.544332108053688
plain solid,6990,8.852235835227855
plain solid,3890,8.266164436612492
ajrakh block printing,19990,9.902987427494446
sanganeri block printing,2990,8.003028666384733
bandhani tie dye,5890,8.681011276645632
bandhani tie dye,5890,8.681011276645632
ajrakh block printing,8990,9.103868127465669
bagh block printing,3950,8.281470857895167
bagh block printing,4490,8.4096079807363
bagh block printing,3950,8.281470857895167
bagru block printing,5490,8.610683534503575
sanganeri block printing,2990,8.003028666384733
ajrakh block printing,2990,8.003028666384733
bandhani tie dye,7690,8.94767606249969
ajrakh block printing,2690,7.897296472595885
pochampally ikat weaving,14490,9.581214035314728
bandhani tie dye,6290,8.746716349694486
bandhani tie dye,7450,8.915969311373605
plain solid,4890,8.494947582468917
plain solid,2290,7.736307096548285
plain solid,3690,8.213381737034572
plain solid,3890,8.266164436612492
plain solid,3690,8.213381737034572
plain solid,4890,8.494947582468917
bandhani tie dye,4290,8.364042011922063
plain solid,4890,8.494947582468917
sanganeri block printing,2190,7.691656822810547
ajrakh block printing,8990,9.103868127465669
ajrakh block printing,8990,9.103868127465669
ajrakh block printing,19990,9.902987427494446
sanganeri block printing,1890,7.544332108053688
bandhani tie dye,7890,8.97335141383992
bagru block printing,5490,8.610683534503575
bagh block printing,3950,8.281470857895167
kalamkari block printing,2690,7.897296472595885
plain solid,3690,8.213381737034572
bagh block printing,16990,9.740380214665976
sanganeri block printing,1890,7.544332108053688
bagru block printing,5490,8.610683534503575
bagru block printing,5490,8.610683534503575
bagh block printing,4490,8.4096079807363
bandhani tie dye,6890,8.837826364007704
bagru block printing,5490,8.610683534503575
bagh block printing,4490,8.4096079807363
bandhani tie dye,4490,8.4096079807363
bagh block printing,16990,9.740380214665976
plain solid,2290,7.736307096548285
ajrakh block printing,2990,8.003028666384733
kalamkari block printing,2690,7.897296472595885
plain solid,3290,8.098642843759418
bandhani tie dye,5890,8.681011276645632
ajrakh block printing,19990,9.902987427494446
ajrakh block printing,19990,9.902987427494446
bagh block printing,4490,8.4096079807363
sanganeri block printing,2990,8.003028666384733
plain solid,3890,8.266164436612492
ajrakh block printing,2290,7.736307096548285
ajrakh block printing,8990,9.103868127465669
sanganeri block printing,2990,8.003028666384733
bandhani tie dye,5890,8.681011276645632
bagru block printing,2290,7.736307096548285
plain solid,2290,7.736307096548285
bandhani tie dye,5890,8.681011276645632
plain solid,2290,7.736307096548285
bagh block printing,4490,8.4096079807363
bandhani tie dye,5890,8.681011276645632
ajrakh block printing,2690,7.897296472595885
plain solid,2800,7.937374696163295
plain solid,3690,8.213381737034572
sanganeri block printing,1890,7.544332108053688
bandhani tie dye,6990,8.852235835227855
ajrakh block printing,2990,8.003028666384733
sanganeri block printing,2190,7.691656822810547
sanganeri block printing,1890,7.544332108053688
sanganeri block printing,1890,7.544332108053688
plain solid,3890,8.266164436612492
bandhani tie dye,8990,9.103868127465669
plain solid,3690,8.213381737034572
bagh block printing,4490,8.4096079807363
ajrakh block printing,2690,7.897296472595885
sanganeri block printing,2990,8.003028666384733
plain solid,3690,8.213381737034572
bagh block printing,2190,7.691656822810547
bandhani tie dye,5890,8.681011276645632
ajrakh block printing,8990,9.103868127465669
ajrakh block printing,2690,7.897296472595885
sanganeri block printing,2990,8.003028666384733
bagru block printing,5490,8.610683534503575
ajrakh block printing,2690,7.897296472595885
plain solid,4890,8.494947582468917
sanganeri block printing,1890,7.544332108053688
bandhani tie dye,4890,8.494947582468917
bagh block printing,4490,8.4096079807363
bagh block printing,4490,8.4096079807363
sanganeri block printing,1890,7.544332108053688
bandhani tie dye,5890,8.681011276645632
ajrakh block printing,2990,8.003028666384733
plain solid,3690,8.213381737034572
sanganeri block printing,1890,7.544332108053688
plain solid,4890,8.494947582468917
kalamkari block printing,2690,7.897296472595885
plain solid,3290,8.098642843759418
sanganeri block printing,1890,7.544332108053688
bandhani tie dye,5890,8.681011276645632
sanganeri block printing,1890,7.544332108053688
ajrakh block printing,5690,8.646465527120377
pochampally ikat weaving,14490,9.581214035314728
plain solid,2290,7.736307096548285
ajrakh block printing,8990,9.103868127465669
plain solid,2800,7.937374696163295
bandhani tie dye,5890,8.681011276645632
plain solid,2290,7.736307096548285
bagh block printing,3950,8.281470857895167
sanganeri block printing,1890,7.544332108053688
sanganeri block printing,2990,8.003028666384733
sanganeri block printing,1890,7.544332108053688
bandhani tie dye,4490,8.4096079807363
bagh block printing,4490,8.4096079807363
ajrakh block printing,2990,8.003028666384733
kalamkari block printing,2690,7.897296472595885
bagh block printing,3950,8.281470857895167
bagh block printing,3950,8.281470857895167
plain solid,3290,8.098642843759418
plain solid,3290,8.098642843759418
bandhani tie dye,4490,8.4096079807363
plain solid,3290,8.098642843759418
ajrakh block printing,2690,7.897296472595885
bandhani tie dye,5890,8.681011276645632
bagru block printing,5490,8.610683534503575
sanganeri block printing,2190,7.691656822810547
bagh block printing,3950,8.281470857895167
sanganeri block printing,1890,7.544332108053688
plain solid,3890,8.266164436612492
ajrakh block printing,8990,9.103868127465669
ajrakh block printing,2690,7.897296472595885
sanganeri block printing,1890,7.544332108053688
bandhani tie dye,6990,8.852235835227855
bagru block printing,5490,8.610683534503575
bagh block printing,4490,8.4096079807363
ajrakh block printing,8990,9.103868127465669
plain solid,4890,8.494947582468917
bagru block printing,3290,8.098642843759418
sanganeri block printing,1890,7.544332108053688
sanganeri block printing,1890,7.544332108053688
pochampally ikat weaving,14490,9.581214035314728
bandhani tie dye,4490,8.4096079807363
bandhani tie dye,8990,9.103868127465669
bagh block printing,4490,8.4096079807363
plain solid,3690,8.213381737034572
bandhani tie dye,4490,8.4096079807363
plain solid,3290,8.098642843759418
bagh block printing,16990,9.740380214665976
sanganeri block printing,1890,7.544332108053688
ajrakh block printing,2690,7.897296472595885
ajrakh block printing,5690,8.646465527120377
bandhani tie dye,4490,8.4096079807363
bandhani tie dye,7690,8.94767606249969
bandhani tie dye,5690,8.646465527120377
bagh block printing,4490,8.4096079807363
bagru block printing,3290,8.098642843759418
plain solid,3890,8.266164436612492
bandhani tie dye,4190,8.340456012916183
plain solid,6990,8.852235835227855
sanganeri block printing,1890,7.544332108053688
bagh block printing,2190,7.691656822810547
sanganeri block printing,2990,8.003028666384733
sanganeri block printing,1890,7.544332108053688
bandhani tie dye,7690,8.94767606249969
plain solid,3690,8.213381737034572
sanganeri block printing,1890,7.544332108053688
sanganeri block printing,2990,8.003028666384733
plain solid,3690,8.213381737034572
bagh block printing,3950,8.281470857895167
bagh block printing,16990,9.740380214665976
plain solid,3290,8.098642843759418
bagh block printing,2800,7.937374696163295
plain solid,4890,8.494947582468917
ajrakh block printing,19990,9.902987427494446
sanganeri block printing,1890,7.544332108053688
pochampally ikat weaving,14490,9.581214035314728
sanganeri block printing,1890,7.544332108053688
bagh block printing,16990,9.740380214665976
sanganeri block printing,1890,7.544332108053688
bagh block printing,4490,8.4096079807363
sanganeri block printing,2190,7.691656822810547
plain solid,3290,8.098642843759418
sanganeri block printing,1890,7.544332108053688
bagh block printing,3950,8.281470857895167
plain solid,3290,8.098642843759418
bagru block printing,3290,8.098642843759418
bagh block printing,2800,7.937374696163295
bandhani tie dye,7690,8.94767606249969
bandhani tie dye,4890,8.494947582468917
sanganeri block printing,1890,7.544332108053688
sanganeri block printing,2190,7.691656822810547
sanganeri block printing,1890,7.544332108053688
kalamkari block printing,2690,7.897296472595885
plain solid,3290,8.098642843759418
ajrakh block printing,8990,9.103868127465669
sanganeri block printing,1890,7.544332108053688
sanganeri block printing,2190,7.691656822810547
plain solid,3290,8.098642843759418
sanganeri block printing,1890,7.544332108053688
bagh block printing,4490,8.4096079807363
bagh block printing,3950,8.281470857895167
bandhani tie dye,6290,8.746716349694486
kalamkari block printing,2690,7.897296472595885
sanganeri block printing,1890,7.544332108053688
plain solid,2290,7.736307096548285
bandhani tie dye,5690,8.646465527120377
plain solid,3690,8.213381737034572
plain solid,2290,7.736307096548285
ajrakh block printing,2990,8.003028666384733
bagh block printing,4490,8.4096079807363
plain solid,4890,8.494947582468917
bagh block printing,4490,8.4096079807363
plain solid,4890,8.494947582468917
bandhani tie dye,5890,8.681011276645632
sanganeri block printing,1890,7.544332108053688
sanganeri block printing,1890,7.544332108053688
bagh block printing,4490,8.4096079807363
ajrakh block printing,2450,7.803843303538772
plain solid,3290,8.098642843759418
bandhani tie dye,8990,9.103868127465669
sanganeri block printing,1890,7.544332108053688
bandhani tie dye,4190,8.340456012916183
bagh block printing,4490,8.4096079807363
bagh block printing,4490,8.4096079807363
pochampally ikat weaving,14490,9.581214035314728
bagh block printing,4490,8.4096079807363
bagh block printing,3950,8.281470857895167
bandhani tie dye,6990,8.852235835227855
sanganeri block printing,1890,7.544332108053688
bagh block printing,2190,7.691656822810547
ajrakh block printing,8990,9.103868127465669
sanganeri block printing,2190,7.691656822810547
plain solid,3890,8.266164436612492
plain solid,2290,7.736307096548285
bagh block printing,4490,8.4096079807363
ajrakh block printing,8990,9.103868127465669
bandhani tie dye,5890,8.681011276645632
bandhani tie dye,6890,8.837826364007704
plain solid,3690,8.213381737034572
plain solid,2290,7.736307096548285
ajrakh block printing,2690,7.897296472595885
bagh block printing,2800,7.937374696163295
ajrakh block printing,8990,9.103868127465669
bagh block printing,3950,8.281470857895167
plain solid,3890,8.266164436612492
plain solid,3690,8.213381737034572
plain solid,4890,8.494947582468917
ajrakh block printing,2690,7.897296472595885
bagh block printing,2190,7.691656822810547
bagru block printing,5490,8.610683534503575
bagru block printing,5490,8.610683534503575
sanganeri block printing,2990,8.003028666384733
plain solid,4890,8.494947582468917
sanganeri block printing,1890,7.544332108053688
sanganeri block printing,1890,7.544332108053688
plain solid,3690,8.213381737034572
bandhani tie dye,6290,8.746716349694486
bagru block printing,5490,8.610683534503575
sanganeri block printing,2990,8.003028666384733
plain solid,2290,7.736307096548285
plain solid,3290,8.098642843759418
plain solid,3290,8.098642843759418
plain solid,6990,8.852235835227855
ajrakh block printing,8990,9.103868127465669
kalamkari block printing,2690,7.897296472595885
bandhani tie dye,4490,8.4096079807363
sanganeri block printing,1890,7.544332108053688
patchwork,4490,8.4096079807363
plain solid,2290,7.736307096548285
bagh block printing,4490,8.4096079807363
sanganeri block printing,1890,7.544332108053688
plain solid,3690,8.213381737034572
bagh block printing,3950,8.281470857895167
bagh block printing,3950,8.281470857895167
ajrakh block printing,19990,9.902987427494446
ajrakh block printing,2690,7.897296472595885
bandhani tie dye,4190,8.340456012916183
plain solid,3290,8.098642843759418
kalamkari block printing,2690,7.897296472595885
plain solid,3890,8.266164436612492
bandhani tie dye,6890,8.837826364007704
bandhani tie dye,6890,8.837826364007704
ajrakh block printing,2990,8.003028666384733
bandhani tie dye,7690,8.94767606249969
plain solid,3890,8.266164436612492
bandhani tie dye,8990,9.103868127465669
plain solid,3890,8.266164436612492
plain solid,2290,7.736307096548285
bandhani tie dye,4490,8.4096079807363
plain solid,3690,8.213381737034572
plain solid,3290,8.098642843759418
plain solid,3890,8.266164436612492
plain solid,3290,8.098642843759418
ajrakh block printing,2690,7.897296472595885
plain solid,6990,8.852235835227855
bagh block printing,4490,8.4096079807363
plain solid,2290,7.736307096548285
bagh block printing,3950,8.281470857895167
pochampally ikat weaving,14490,9.581214035314728
sanganeri block printing,1890,7.544332108053688
kalamkari block printing,2690,7.897296472595885
plain solid,6990,8.852235835227855
plain solid,3290,8.098642843759418
ajrakh block printing,19990,9.902987427494446
plain solid,6990,8.852235835227855
sanganeri block printing,1890,7.544332108053688
bagh block printing,15990,9.679718805828
sanganeri block printing,1890,7.544332108053688
bandhani tie dye,7890,8.97335141383992
plain solid,3890,8.266164436612492
bagh block printing,2800,7.937374696163295
sanganeri block printing,1890,7.544332108053688
bandhani tie dye,5890,8.681011276645632
sanganeri block printing,1890,7.544332108053688
bagh block printing,16990,9.740380214665976
sanganeri block printing,1890,7.544332108053688
bandhani tie dye,5890,8.681011276645632
bagh block printing,4490,8.4096079807363
bandhani tie dye,5690,8.646465527120377
plain solid,6990,8.852235835227855
bandhani tie dye,5690,8.646465527120377
bandhani tie dye,7450,8.915969311373605
plain solid,3290,8.098642843759418
bandhani tie dye,3800,8.242756345714477
sanganeri block printing,1890,7.544332108053688
bagh block printing,4490,8.4096079807363
sanganeri block printing,2990,8.003028666384733
plain solid,3890,8.266164436612492
plain solid,4890,8.494947582468917
plain solid,3290,8.098642843759418
plain solid,3690,8.213381737034572
bandhani tie dye,5690,8.646465527120377
ajrakh block printing,8990,9.103868127465669
ajrakh block printing,8990,9.103868127465669
bagru block printing,5490,8.610683534503575
bandhani tie dye,5690,8.646465527120377
bagru block printing,3290,8.098642843759418
plain solid,3690,8.213381737034572
ajrakh block printing,8990,9.103868127465669
plain solid,3690,8.213381737034572
sanganeri block printing,1890,7.544332108053688
plain solid,3290,8.098642843759418
bagh block printing,4490,8.4096079807363
plain solid,3890,8.266164436612492
ajrakh block printing,8990,9.103868127465669
bandhani tie dye,4490,8.4096079807363
bandhani tie dye,6890,8.837826364007704
sanganeri block printing,1890,7.544332108053688
plain solid,3890,8.266164436612492
bagru block printing,5490,8.610683534503575
plain solid,3290,8.098642843759418
bandhani tie dye,6890,8.837826364007704
bandhani tie dye,5890,8.681011276645632
plain solid,3890,8.266164436612492
bagh block printing,3950,8.281470857895167
ajrakh block printing,2690,7.897296472595885
bagh block printing,3950,8.281470857895167
ajrakh block printing,2450,7.803843303538772
ajrakh block printing,8990,9.103868127465669
bandhani tie dye,5890,8.681011276645632
ajrakh block printing,2450,7.803843303538772
bandhani tie dye,5690,8.646465527120377
ajrakh block printing,8990,9.103868127465669
bandhani tie dye,8690,9.069928218259438
bagru block printing,3290,8.098642843759418
bandhani tie dye,4490,8.4096079807363
bagh block printing,4490,8.4096079807363
ajrakh block printing,8990,9.103868127465669
sanganeri block printing,2990,8.003028666384733
bandhani tie dye,6890,8.837826364007704
bagh block printing,4490,8.4096079807363
sanganeri block printing,2990,8.003028666384733
plain solid,3890,8.266164436612492
plain solid,2290,7.736307096548285
sanganeri block printing,1890,7.544332108053688
sanganeri block printing,1890,7.544332108053688
sanganeri block printing,2990,8.003028666384733
sanganeri block printing,2990,8.003028666384733
plain solid,2290,7.736307096548285
plain solid,3290,8.098642843759418
sanganeri block printing,2990,8.003028666384733
bandhani tie dye,7450,8.915969311373605
bandhani tie dye,5690,8.646465527120377
plain solid,3290,8.098642843759418
bandhani tie dye,5690,8.646465527120377
sanganeri block printing,2990,8.003028666384733
ajrakh block printing,19990,9.902987427494446
plain solid,3290,8.098642843759418
plain solid,3890,8.266164436612492
bandhani tie dye,6990,8.852235835227855
bandhani tie dye,7690,8.94767606249969
bandhani tie dye,8990,9.103868127465669
pochampally ikat weaving,14490,9.581214035314728
bagru block printing,5490,8.610683534503575
sanganeri block printing,2990,8.003028666384733
bandhani tie dye,7890,8.97335141383992
sanganeri block printing,2990,8.003028666384733
bandhani tie dye,7890,8.97335141383992
bagh block printing,4490,8.4096079807363
sanganeri block printing,2990,8.003028666384733
bagh block printing,4490,8.4096079807363
bagh block printing,16990,9.740380214665976
bagru block printing,5490,8.610683534503575
bandhani tie dye,5890,8.681011276645632
bandhani tie dye,7890,8.97335141383992
bandhani tie dye,7690,8.94767606249969
bandhani tie dye,6890,8.837826364007704
bagh block printing,4490,8.4096079807363
bagh block printing,4490,8.4096079807363
bagh block printing,4490,8.4096079807363
bagh block printing,4490,8.4096079807363
kalamkari block printing,2690,7.897296472595885
kalamkari block printing,2690,7.897296472595885
bagh block printing,4490,8.4096079807363
kalamkari block printing,2690,7.897296472595885
bagh block printing,4490,8.4096079807363
bagh block printing,4490,8.4096079807363
bagh block printing,4490,8.4096079807363
bagh block printing,4490,8.4096079807363
bagh block printing,4490,8.4096079807363
kalamkari block printing,2690,7.897296472595885
bagh block printing,4490,8.4096079807363
bagh block printing,4490,8.4096079807363
bagh block printing,4490,8.4096079807363
bagh block printing,4490,8.4096079807363
kalamkari block printing,2690,7.897296472595885
kalamkari block printing,2690,7.897296472595885
bagh block printing,4490,8.4096079807363
bagh block printing,4490,8.4096079807363
kalamkari block printing,2690,7.897296472595885
kalamkari block printing,2690,7.897296472595885
bagh block printing,4490,8.4096079807363
bagh block printing,4490,8.4096079807363
kalamkari block printing,2690,7.897296472595885
bagh block printing,4490,8.4096079807363
bagh block printing,4490,8.4096079807363
bagh block printing,4490,8.4096079807363
bagh block printing,4490,8.4096079807363
kalamkari block printing,6490,8.778017809698136
plain solid,4490,8.4096079807363
plain solid,4490,8.4096079807363
patchwork,4790,8.474285690404962
sanganeri block printing,8190,9.010669176847117
jacquard weaving,6800,8.824677891164198
jacquard weaving,6800,8.824677891164198
jacquard weaving,6800,8.824677891164198
jacquard weaving,6800,8.824677891164198
jacquard weaving,6800,8.824677891164198
ajrakh block printing,720,6.579251212010101
ajrakh block printing,880,6.779921907472252
plain solid,5100,8.536995818712418
plain solid,5100,8.536995818712418
plain solid,5100,8.536995818712418
plain solid,5100,8.536995818712418
plain solid,5100,8.536995818712418
plain solid,5100,8.536995818712418
plain solid,5100,8.536995818712418
plain solid,6490,8.778017809698136
plain solid,6490,8.778017809698136
plain solid,6490,8.778017809698136
plain solid,6490,8.778017809698136
plain solid,6490,8.778017809698136
plain solid,6490,8.778017809698136
kalamkari block printing,4890,8.494947582468917
kalamkari block printing,4890,8.494947582468917
kalamkari block printing,4890,8.494947582468917
kalamkari block printing,4890,8.494947582468917
kalamkari block printing,4890,8.494947582468917
kalamkari block printing,4890,8.494947582468917
kalamkari block printing,4890,8.494947582468917
kalamkari block printing,4890,8.494947582468917
plain solid,4290,8.364042011922063
plain solid,4290,8.364042011922063
plain solid,4290,8.364042011922063
plain solid,4290,8.364042011922063
plain solid,4290,8.364042011922063
plain solid,4290,8.364042011922063
plain solid,4290,8.364042011922063
plain solid,3950,8.281470857895167
plain solid,3950,8.281470857895167
plain solid,3950,8.281470857895167
plain solid,3950,8.281470857895167
plain solid,5100,8.536995818712418
plain solid,3950,8.281470857895167
kalamkari block printing,1690,7.432483807917119
kalamkari block printing,1690,7.432483807917119
kalamkari block printing,1690,7.432483807917119
kalamkari block printing,1690,7.432483807917119
sanganeri block printing,3290,8.098642843759418
sanganeri block printing,3290,8.098642843759418
sanganeri block printing,3290,8.098642843759418
sanganeri block printing,3290,8.098642843759418
bandhani tie dye,3290,8.098642843759418
bandhani tie dye,3290,8.098642843759418
bandhani tie dye,3290,8.098642843759418
bandhani tie dye,3290,8.098642843759418
batik block printing,2790,7.933796874815411
batik block printing,2790,7.933796874815411
batik block printing,2790,7.933796874815411
pochampally ikat weaving,1950,7.575584651557793
pochampally ikat weaving,1950,7.575584651557793
pochampally ikat weaving,1950,7.575584651557793
bagru block printing,4990,8.515191188745565
bagru block printing,4990,8.515191188745565
bagru block printing,4990,8.515191188745565
bagru block printing,5190,8.554488976159934
bagh block printing,5890,8.681011276645632
bagh block printing,5890,8.681011276645632
bagh block printing,5890,8.681011276645632
bagh block printing,5890,8.681011276645632
bandhani tie dye,10490,9.258177701390345
bandhani tie dye,10490,9.258177701390345
bandhani tie dye,10490,9.258177701390345
bandhani tie dye,10490,9.258177701390345
bagh block printing,5890,8.681011276645632
bagh block printing,5890,8.681011276645632
bagh block printing,5890,8.681011276645632
bagh block printing,5890,8.681011276645632
bagh block printing,5890,8.681011276645632
bagh block printing,5890,8.681011276645632
bagh block printing,5890,8.681011276645632
bagh block printing,5890,8.681011276645632
bagru block printing,5190,8.554488976159934
bagru block printing,5190,8.554488976159934
bagru block printing,5190,8.554488976159934
bagru block printing,5190,8.554488976159934
batik block printing,3490,8.157657015196472
batik block printing,3490,8.157657015196472
batik block printing,3490,8.157657015196472
batik block printing,3490,8.157657015196472
jacquard weaving,2590,7.859413154693583
jacquard weaving,2590,7.859413154693583
jacquard weaving,2590,7.859413154693583
jacquard weaving,2590,7.859413154693583
batik block printing,1890,7.544332108053688
batik block printing,1890,7.544332108053688
sanganeri block printing,5290,8.573573524852344
sanganeri block printing,5290,8.573573524852344
bagru block printing,5190,8.554488976159934
batik block printing,6190,8.730690365678642
ajrakh block printing,5890,8.681011276645632
bagru block printing,4490,8.4096079807363
sanganeri block printing,5290,8.573573524852344
sanganeri block printing,5290,8.573573524852344
bagh block printing,9450,9.153770020487787
bagh block printing,9450,9.153770020487787
bagh block printing,9450,9.153770020487787
bagh block printing,9450,9.153770020487787
bagru block printing,5190,8.554488976159934
bagru block printing,4990,8.515191188745565
bagru block printing,2890,7.969011781106478
batik block printing,3490,8.157657015196472
batik block printing,2790,7.933796874815411
batik block printing,2790,7.933796874815411
batik block printing,2790,7.933796874815411
batik block printing,2790,7.933796874815411
batik block printing,2790,7.933796874815411
batik block printing,2790,7.933796874815411
batik block printing,2790,7.933796874815411
batik block printing,3490,8.157657015196472
pochampally ikat weaving,2190,7.691656822810547
pochampally ikat weaving,1950,7.575584651557793
batik block printing,3490,8.157657015196472
pochampally ikat weaving,2190,7.691656822810547
pochampally ikat weaving,2190,7.691656822810547
pochampally ikat weaving,2190,7.691656822810547
batik block printing,3490,8.157657015196472
batik block printing,3490,8.157657015196472
pochampally ikat weaving,2190,7.691656822810547
bandhani tie dye,10490,9.258177701390345
bandhani tie dye,10490,9.258177701390345
bandhani tie dye,10490,9.258177701390345
bandhani tie dye,10490,9.258177701390345
batik block printing,2190,7.691656822810547
batik block printing,2190,7.691656822810547
batik block printing,2190,7.691656822810547
batik block printing,2190,7.691656822810547
batik block printing,2190,7.691656822810547
batik block printing,2190,7.691656822810547
batik block printing,2190,7.691656822810547
batik block printing,2190,7.691656822810547
batik block printing,2190,7.691656822810547
batik block printing,2190,7.691656822810547
batik block printing,2190,7.691656822810547
batik block printing,2190,7.691656822810547
batik block printing,2190,7.691656822810547
batik block printing,2190,7.691656822810547
batik block printing,2190,7.691656822810547
batik block printing,2190,7.691656822810547
batik block printing,2190,7.691656822810547
batik block printing,2190,7.691656822810547
batik block printing,2190,7.691656822810547
batik block printing,2190,7.691656822810547
batik block printing,2190,7.691656822810547
batik block printing,2190,7.691656822810547
batik block printing,2190,7.691656822810547
batik block printing,2190,7.691656822810547
batik block printing,2190,7.691656822810547
batik block printing,2190,7.691656822810547
batik block printing,2190,7.691656822810547
batik block printing,2190,7.691656822810547
batik block printing,2190,7.691656822810547
batik block printing,2190,7.691656822810547
batik block printing,2190,7.691656822810547
batik block printing,2190,7.691656822810547
batik block printing,2190,7.691656822810547
batik block printing,2190,7.691656822810547
batik block printing,2190,7.691656822810547
batik block printing,2190,7.691656822810547
batik block printing,2190,7.691656822810547
batik block printing,2190,7.691656822810547
batik block printing,2190,7.691656822810547
batik block printing,2190,7.691656822810547
batik block printing,2190,7.691656822810547
batik block printing,2190,7.691656822810547
batik block printing,2190,7.691656822810547
batik block printing,2190,7.691656822810547
batik block printing,2190,7.691656822810547
batik block printing,2190,7.691656822810547
batik block printing,2190,7.691656822810547
batik block printing,2190,7.691656822810547
batik block printing,2190,7.691656822810547
batik block printing,2190,7.691656822810547
batik block printing,2190,7.691656822810547
batik block printing,2190,7.691656822810547
batik block printing,2190,7.691656822810547
bandhani tie dye,7190,8.880446450715093
bandhani tie dye,7190,8.880446450715093
bandhani tie dye,7190,8.880446450715093
bandhani tie dye,7190,8.880446450715093
bandhani tie dye,7190,8.880446450715093
bandhani tie dye,7190,8.880446450715093
bandhani tie dye,7190,8.880446450715093
bandhani tie dye,7190,8.880446450715093
bandhani tie dye,7190,8.880446450715093
bandhani tie dye,7190,8.880446450715093
bandhani tie dye,7190,8.880446450715093
bandhani tie dye,7190,8.880446450715093
bandhani tie dye,7190,8.880446450715093
bandhani tie dye,7190,8.880446450715093
bandhani tie dye,7190,8.880446450715093
bandhani tie dye,7190,8.880446450715093
bandhani tie dye,7190,8.880446450715093
bandhani tie dye,7190,8.880446450715093
bandhani tie dye,7190,8.880446450715093
bandhani tie dye,7190,8.880446450715093
bagh block printing,5890,8.681011276645632
bagh block printing,5890,8.681011276645632
bagh block printing,5890,8.681011276645632
bagh block printing,5890,8.681011276645632
bagh block printing,5890,8.681011276645632
bagh block printing,5890,8.681011276645632
bagh block printing,5890,8.681011276645632
bagh block printing,5890,8.681011276645632
bagh block printing,5890,8.681011276645632
bagh block printing,5890,8.681011276645632
bagh block printing,5890,8.681011276645632
bagh block printing,5890,8.681011276645632
bagh block printing,5890,8.681011276645632
bagh block printing,5890,8.681011276645632
bagh block printing,5890,8.681011276645632
bagh block printing,5890,8.681011276645632
bagh block printing,5890,8.681011276645632
bagh block printing,5890,8.681011276645632
bagh block printing,5890,8.681011276645632
bagh block printing,5890,8.681011276645632
bagh block printing,5890,8.681011276645632
bagh block printing,5890,8.681011276645632
bagh block printing,5890,8.681011276645632
bagh block printing,5890,8.681011276645632
bagh block printing,5890,8.681011276645632
bagh block printing,5890,8.681011276645632
bagh block printing,5890,8.681011276645632
bagh block printing,5890,8.681011276645632
bagh block printing,5890,8.681011276645632
bagh block printing,5890,8.681011276645632
bagh block printing,5890,8.681011276645632
bagh block printing,5890,8.681011276645632
bagh block printing,5890,8.681011276645632
bagh block printing,5890,8.681011276645632
bagh block printing,5890,8.681011276645632
bagh block printing,5890,8.681011276645632
bagh block printing,5890,8.681011276645632
bagh block printing,5890,8.681011276645632
bagh block printing,5890,8.681011276645632
bagh block printing,5890,8.681011276645632
bagh block printing,5890,8.681011276645632
bagh block printing,5890,8.681011276645632
bagh block printing,5890,8.681011276645632
bagh block printing,5890,8.681011276645632
bagh block printing,5890,8.681011276645632
bagh block printing,5890,8.681011276645632
bagh block printing,5890,8.681011276645632
bagh block printing,5890,8.681011276645632
bagh block printing,5890,8.681011276645632
bagh block printing,5890,8.681011276645632
bagh block printing,5890,8.681011276645632
bagh block printing,5890,8.681011276645632
bagh block printing,5890,8.681011276645632
bagh block printing,5890,8.681011276645632
bagh block printing,5890,8.681011276645632
bagh block printing,5890,8.681011276645632
bagru block printing,5190,8.554488976159934
bagru block printing,5190,8.554488976159934
sanganeri block printing,5290,8.573573524852344
sanganeri block printing,5290,8.573573524852344
sanganeri block printing,5290,8.573573524852344
sanganeri block printing,5290,8.573573524852344
bagru block printing,5190,8.554488976159934
sanganeri block printing,5290,8.573573524852344
batik block printing,1890,7.544332108053688
batik block printing,1890,7.544332108053688
batik block printing,1890,7.544332108053688
batik block printing,1890,7.544332108053688
batik block printing,1890,7.544332108053688
batik block printing,1890,7.544332108053688
batik block printing,1890,7.544332108053688
batik block printing,1890,7.544332108053688
batik block printing,1890,7.544332108053688
bandhani tie dye,3290,8.098642843759418
bandhani tie dye,3290,8.098642843759418
bandhani tie dye,3290,8.098642843759418
bandhani tie dye,3290,8.098642843759418
bandhani tie dye,3290,8.098642843759418
bagh block printing,8990,9.103868127465669
bagh block printing,10490,9.258177701390345
bagh block printing,10490,9.258177701390345
bagh block printing,10490,9.258177701390345
bagh block printing,9450,9.153770020487787
bagh block printing,4990,8.515191188745565
bagh block printing,4990,8.515191188745565
bagh block printing,4990,8.515191188745565
bagh block printing,4990,8.515191188745565
bagh block printing,4990,8.515191188745565
bagh block printing,4990,8.515191188745565
bagh block printing,4990,8.515191188745565
bagh block printing,4990,8.515191188745565
bagh block printing,4990,8.515191188745565
bagh block printing,4990,8.515191188745565
bagh block printing,4990,8.515191188745565
bagh block printing,4990,8.515191188745565
bagh block printing,4990,8.515191188745565
bagh block printing,4990,8.515191188745565
bagh block printing,4990,8.515191188745565
bagh block printing,4990,8.515191188745565
bagh block printing,4990,8.515191188745565
bagh block printing,4990,8.515191188745565
bagh block printing,4990,8.515191188745565
bagh block printing,4990,8.515191188745565
bagh block printing,4990,8.515191188745565
bagh block printing,4990,8.515191188745565
bagh block printing,4990,8.515191188745565
bagh block printing,4990,8.515191188745565
bagh block printing,4990,8.515191188745565
bagh block printing,4990,8.515191188745565
bagh block printing,4990,8.515191188745565
bagh block printing,4990,8.515191188745565
bagh block printing,4990,8.515191188745565
bagh block printing,4990,8.515191188745565
bagh block printing,4990,8.515191188745565
bagh block printing,4990,8.515191188745565
bagh block printing,4990,8.515191188745565
bagh block printing,4990,8.515191188745565
bagh block printing,4990,8.515191188745565
bagh block printing,4990,8.515191188745565
bagh block printing,4990,8.515191188745565
bagh block printing,10490,9.258177701390345
bagh block printing,4990,8.515191188745565
pochampally ikat weaving,1950,7.575584651557793
pochampally ikat weaving,1950,7.575584651557793
pochampally ikat weaving,1950,7.575584651557793
batik block printing,3490,8.157657015196472
batik block printing,3490,8.157657015196472
batik block printing,3490,8.157657015196472
bagh block printing,3590,8.185907481482324
bagh block printing,3590,8.185907481482324
bagh block printing,3590,8.185907481482324
bagh block printing,3590,8.185907481482324
bagh block printing,9450,9.153770020487787
bagh block printing,9450,9.153770020487787
bagh block printing,9450,9.153770020487787
bagh block printing,9450,9.153770020487787
bagh block printing,9450,9.153770020487787
bagh block printing,9450,9.153770020487787
bagh block printing,9450,9.153770020487787
jacquard weaving,2590,7.859413154693583
jacquard weaving,2590,7.859413154693583
jacquard weaving,2590,7.859413154693583
jacquard weaving,2590,7.859413154693583
jacquard weaving,2590,7.859413154693583
jacquard weaving,2590,7.859413154693583
jacquard weaving,2590,7.859413154693583
jacquard weaving,2590,7.859413154693583
jacquard weaving,2590,7.859413154693583
jacquard weaving,2590,7.859413154693583
jacquard weaving,2590,7.859413154693583
jacquard weaving,2590,7.859413154693583
jacquard weaving,2590,7.859413154693583
jacquard weaving,2590,7.859413154693583
jacquard weaving,2590,7.859413154693583
jacquard weaving,2590,7.859413154693583
jacquard weaving,2590,7.859413154693583
jacquard weaving,2590,7.859413154693583
jacquard weaving,2590,7.859413154693583
jacquard weaving,2590,7.859413154693583
jacquard weaving,2590,7.859413154693583
jacquard weaving,2590,7.859413154693583
jacquard weaving,2590,7.859413154693583
jacquard weaving,2590,7.859413154693583
jacquard weaving,2590,7.859413154693583
jacquard weaving,2590,7.859413154693583
jacquard weaving,2590,7.859413154693583
jacquard weaving,2590,7.859413154693583
jacquard weaving,2590,7.859413154693583
jacquard weaving,2590,7.859413154693583
jacquard weaving,2590,7.859413154693583
jacquard weaving,2590,7.859413154693583
jacquard weaving,2590,7.859413154693583
jacquard weaving,2590,7.859413154693583
jacquard weaving,2590,7.859413154693583
jacquard weaving,2590,7.859413154693583
jacquard weaving,2590,7.859413154693583
jacquard weaving,2590,7.859413154693583
jacquard weaving,2590,7.859413154693583
jacquard weaving,2590,7.859413154693583
jacquard weaving,2590,7.859413154693583
jacquard weaving,2590,7.859413154693583
jacquard weaving,2590,7.859413154693583
jacquard weaving,2590,7.859413154693583
jacquard weaving,2590,7.859413154693583
jacquard weaving,2590,7.859413154693583
jacquard weaving,2590,7.859413154693583
jacquard weaving,2590,7.859413154693583
jacquard weaving,2590,7.859413154693583
jacquard weaving,2590,7.859413154693583
jacquard weaving,2590,7.859413154693583
jacquard weaving,2590,7.859413154693583
jacquard weaving,2590,7.859413154693583
jacquard weaving,2590,7.859413154693583
jacquard weaving,2590,7.859413154693583
jacquard weaving,2590,7.859413154693583
jacquard weaving,2590,7.859413154693583
jacquard weaving,2590,7.859413154693583
jacquard weaving,2590,7.859413154693583
jacquard weaving,2590,7.859413154693583
jacquard weaving,2590,7.859413154693583
jacquard weaving,2590,7.859413154693583
jacquard weaving,2590,7.859413154693583
jacquard weaving,2590,7.859413154693583
jacquard weaving,2590,7.859413154693583
jacquard weaving,2590,7.859413154693583
jacquard weaving,2590,7.859413154693583
jacquard weaving,2590,7.859413154693583
jacquard weaving,2590,7.859413154693583
jacquard weaving,2590,7.859413154693583
jacquard weaving,2590,7.859413154693583
jacquard weaving,2590,7.859413154693583
jacquard weaving,2590,7.859413154693583
jacquard weaving,2590,7.859413154693583
jacquard weaving,2590,7.859413154693583
jacquard weaving,2590,7.859413154693583
jacquard weaving,2590,7.859413154693583
batik block printing,2190,7.691656822810547
batik block printing,2190,7.691656822810547
batik block printing,2190,7.691656822810547
batik block printing,2190,7.691656822810547
batik block printing,2190,7.691656822810547
batik block printing,2190,7.691656822810547
batik block printing,2190,7.691656822810547
batik block printing,2190,7.691656822810547
batik block printing,2190,7.691656822810547
batik block printing,2190,7.691656822810547
batik block printing,2190,7.691656822810547
batik block printing,2190,7.691656822810547
batik block printing,2190,7.691656822810547
batik block printing,2190,7.691656822810547
ajrakh block printing,5890,8.681011276645632
ajrakh block printing,5890,8.681011276645632
ajrakh block printing,5890,8.681011276645632
pochampally ikat weaving,1950,7.575584651557793
pochampally ikat weaving,1950,7.575584651557793
pochampally ikat weaving,1950,7.575584651557793
batik block printing,2190,7.691656822810547
batik block printing,2190,7.691656822810547
batik block printing,2190,7.691656822810547
batik block printing,2190,7.691656822810547
batik block printing,2190,7.691656822810547
pochampally ikat weaving,1950,7.575584651557793
pochampally ikat weaving,1950,7.575584651557793
pochampally ikat weaving,1950,7.575584651557793
pochampally ikat weaving,3490,8.157657015196472
bandhani tie dye,11990,9.39182824802156
bandhani tie dye,11990,9.39182824802156
ajrakh block printing,11990,9.39182824802156
bandhani tie dye,9990,9.2093398716426
bandhani tie dye,9990,9.2093398716426
bandhani tie dye,9990,9.2093398716426
bandhani tie dye,9990,9.2093398716426
bandhani tie dye,9990,9.2093398716426
bandhani tie dye,9990,9.2093398716426
bandhani tie dye,9990,9.2093398716426
bandhani tie dye,9990,9.2093398716426
bandhani tie dye,9990,9.2093398716426
bandhani tie dye,9990,9.2093398716426
bagh block printing,2990,8.003028666384733
bagh block printing,2990,8.003028666384733
bagh block printing,2990,8.003028666384733
bagh block printing,2990,8.003028666384733
bagh block printing,2990,8.003028666384733
bagh block printing,2990,8.003028666384733
pochampally ikat weaving,1950,7.575584651557793
bagh block printing,2990,8.003028666384733
bagh block printing,2990,8.003028666384733
bagh block printing,2990,8.003028666384733
bagh block printing,2990,8.003028666384733
bagh block printing,2990,8.003028666384733
bagh block printing,2990,8.003028666384733
bagh block printing,2990,8.003028666384733
bagh block printing,2990,8.003028666384733
bagru block printing,5190,8.554488976159934
bagru block printing,5190,8.554488976159934
bagru block printing,5190,8.554488976159934
bagru block printing,5190,8.554488976159934
bagru block printing,5190,8.554488976159934
bagru block printing,5190,8.554488976159934
bagru block printing,5190,8.554488976159934
bagru block printing,5190,8.554488976159934
bagru block printing,4290,8.364042011922063
bagru block printing,5190,8.554488976159934
bagru block printing,5190,8.554488976159934
bagru block printing,5190,8.554488976159934
ajrakh block printing,10490,9.258177701390345
ajrakh block printing,10490,9.258177701390345
ajrakh block printing,10490,9.258177701390345
ajrakh block printing,10490,9.258177701390345
ajrakh block printing,10490,9.258177701390345
ajrakh block printing,10490,9.258177701390345
ajrakh block printing,10490,9.258177701390345
ajrakh block printing,10490,9.258177701390345
ajrakh block printing,10490,9.258177701390345
ajrakh block printing,10490,9.258177701390345
ajrakh block printing,10490,9.258177701390345
ajrakh block printing,10490,9.258177701390345
ajrakh block printing,10490,9.258177701390345
ajrakh block printing,10490,9.258177701390345
ajrakh block printing,10490,9.258177701390345
ajrakh block printing,10490,9.258177701390345
ajrakh block printing,10490,9.258177701390345
bandhani tie dye,2890,7.969011781106478
bandhani tie dye,3490,8.157657015196472
bandhani tie dye,3490,8.157657015196472
bandhani tie dye,3490,8.157657015196472
bandhani tie dye,3490,8.157657015196472
ajrakh block printing,10490,9.258177701390345
bandhani tie dye,3490,8.157657015196472
bagh block printing,4190,8.340456012916183
bagh block printing,4190,8.340456012916183
bagh block printing,4190,8.340456012916183
plain solid,9290,9.136693831807884
plain solid,9290,9.136693831807884
sanganeri block printing,7990,8.98594603876032
plain solid,8990,9.103868127465669
bagh block printing,4190,8.340456012916183
ajrakh block printing,10590,9.267665438595452
ajrakh block printing,10590,9.267665438595452
ajrakh block printing,10590,9.267665438595452
ajrakh block printing,6290,8.746716349694486
bandhani tie dye,3490,8.157657015196472
bandhani tie dye,3490,8.157657015196472
jacquard weaving,2190,7.691656822810547
jacquard weaving,2290,7.736307096548285
jacquard weaving,2290,7.736307096548285
jacquard weaving,4490,8.4096079807363
jacquard weaving,5890,8.681011276645632
jacquard weaving,3490,8.157657015196472
jacquard weaving,3490,8.157657015196472
jacquard weaving,2290,7.736307096548285
ajrakh block printing,10590,9.267665438595452
batik block printing,4290,8.364042011922063
batik block printing,4290,8.364042011922063
batik block printing,5190,8.554488976159934
batik block printing,5190,8.554488976159934
batik block printing,5190,8.554488976159934
batik block printing,5190,8.554488976159934
bagru block printing,6590,8.793308627496552
bagru block printing,6590,8.793308627496552
bagru block printing,6590,8.793308627496552
bagru block printing,6590,8.793308627496552
bagru block printing,6590,8.793308627496552
pochampally ikat weaving,1950,7.575584651557793
pochampally ikat weaving,1950,7.575584651557793
pochampally ikat weaving,1950,7.575584651557793
pochampally ikat weaving,1950,7.575584651557793
pochampally ikat weaving,1950,7.575584651557793
pochampally ikat weaving,1950,7.575584651557793
pochampally ikat weaving,1950,7.575584651557793
bagru block printing,3490,8.157657015196472
sanganeri block printing,3490,8.157657015196472
sanganeri block printing,2290,7.736307096548285
plain solid,3490,8.157657015196472
jacquard weaving,3490,8.157657015196472
jacquard weaving,2290,7.736307096548285
batik block printing,2890,7.969011781106478
batik block printing,2890,7.969011781106478
batik block printing,2890,7.969011781106478
bandhani tie dye,3490,8.157657015196472
bandhani tie dye,3490,8.157657015196472
bandhani tie dye,3490,8.157657015196472
bandhani tie dye,3490,8.157657015196472
bandhani tie dye,3490,8.157657015196472
bandhani tie dye,3490,8.157657015196472
bandhani tie dye,3490,8.157657015196472
bandhani tie dye,3490,8.157657015196472
bandhani tie dye,3490,8.157657015196472
bandhani tie dye,3490,8.157657015196472
bandhani tie dye,3490,8.157657015196472
ajrakh block printing,4290,8.364042011922063
bandhani tie dye,3490,8.157657015196472
bandhani tie dye,3490,8.157657015196472
bandhani tie dye,3490,8.157657015196472
bandhani tie dye,3490,8.157657015196472
bandhani tie dye,3490,8.157657015196472
bandhani tie dye,3490,8.157657015196472
bandhani tie dye,3490,8.157657015196472
bandhani tie dye,3490,8.157657015196472
bandhani tie dye,3490,8.157657015196472
bandhani tie dye,3490,8.157657015196472
bandhani tie dye,3490,8.157657015196472
bandhani tie dye,3490,8.157657015196472
bandhani tie dye,3490,8.157657015196472
bandhani tie dye,3490,8.157657015196472
bandhani tie dye,3490,8.157657015196472
bandhani tie dye,3490,8.157657015196472
bandhani tie dye,3490,8.157657015196472
bandhani tie dye,3490,8.157657015196472
bandhani tie dye,3490,8.157657015196472
bandhani tie dye,3490,8.157657015196472
bandhani tie dye,3490,8.157657015196472
bandhani tie dye,3490,8.157657015196472
bandhani tie dye,3490,8.157657015196472
bandhani tie dye,3490,8.157657015196472
bandhani tie dye,3490,8.157657015196472
bandhani tie dye,3490,8.157657015196472
bandhani tie dye,3490,8.157657015196472
bandhani tie dye,3490,8.157657015196472
bandhani tie dye,3490,8.157657015196472
bandhani tie dye,3490,8.157657015196472
bandhani tie dye,3490,8.157657015196472
bandhani tie dye,3490,8.157657015196472
bandhani tie dye,3490,8.157657015196472
bandhani tie dye,3490,8.157657015196472
bandhani tie dye,3490,8.157657015196472
bandhani tie dye,3490,8.157657015196472
bandhani tie dye,3490,8.157657015196472
bandhani tie dye,3490,8.157657015196472
bandhani tie dye,3490,8.157657015196472
bandhani tie dye,3490,8.157657015196472
bandhani tie dye,3490,8.157657015196472
bandhani tie dye,3490,8.157657015196472
bandhani tie dye,3490,8.157657015196472
bandhani tie dye,3490,8.157657015196472
bandhani tie dye,3490,8.157657015196472
bandhani tie dye,3490,8.157657015196472
bandhani tie dye,3490,8.157657015196472
bandhani tie dye,3490,8.157657015196472
bandhani tie dye,3490,8.157657015196472
bandhani tie dye,3490,8.157657015196472
bandhani tie dye,3490,8.157657015196472
bandhani tie dye,3490,8.157657015196472
bandhani tie dye,3490,8.157657015196472
bandhani tie dye,3490,8.157657015196472
bandhani tie dye,3490,8.157657015196472
bandhani tie dye,3490,8.157657015196472
bandhani tie dye,3490,8.157657015196472
bandhani tie dye,3490,8.157657015196472
bandhani tie dye,3490,8.157657015196472
bandhani tie dye,3490,8.157657015196472
bandhani tie dye,3490,8.157657015196472
bandhani tie dye,3490,8.157657015196472
bandhani tie dye,3490,8.157657015196472
bandhani tie dye,3490,8.157657015196472
bandhani tie dye,3490,8.157657015196472
bandhani tie dye,3490,8.157657015196472
bandhani tie dye,3490,8.157657015196472
bandhani tie dye,3490,8.157657015196472
bandhani tie dye,3490,8.157657015196472
bandhani tie dye,3490,8.157657015196472
bandhani tie dye,3490,8.157657015196472
bandhani tie dye,3490,8.157657015196472
bandhani tie dye,3490,8.157657015196472
bandhani tie dye,3490,8.157657015196472
bandhani tie dye,3490,8.157657015196472
bandhani tie dye,3490,8.157657015196472
bandhani tie dye,3490,8.157657015196472
bandhani tie dye,3490,8.157657015196472
bandhani tie dye,3490,8.157657015196472
bandhani tie dye,3490,8.157657015196472
bandhani tie dye,3490,8.157657015196472
bandhani tie dye,3490,8.157657015196472
bandhani tie dye,3490,8.157657015196472
bandhani tie dye,3490,8.157657015196472
bandhani tie dye,3490,8.157657015196472
bandhani tie dye,3490,8.157657015196472
bandhani tie dye,3490,8.157657015196472
bandhani tie dye,3490,8.157657015196472
bandhani tie dye,3490,8.157657015196472
bandhani tie dye,3490,8.157657015196472
bandhani tie dye,3490,8.157657015196472
bandhani tie dye,3490,8.157657015196472
bandhani tie dye,3490,8.157657015196472
bandhani tie dye,3490,8.157657015196472
bandhani tie dye,3490,8.157657015196472
bandhani tie dye,3490,8.157657015196472
bandhani tie dye,3490,8.157657015196472
bandhani tie dye,3490,8.157657015196472
bandhani tie dye,3490,8.157657015196472
bandhani tie dye,3490,8.157657015196472
bandhani tie dye,3490,8.157657015196472
bandhani tie dye,3490,8.157657015196472
bandhani tie dye,3490,8.157657015196472
bandhani tie dye,3490,8.157657015196472
bandhani tie dye,3490,8.157657015196472
bandhani tie dye,3490,8.157657015196472
bandhani tie dye,3490,8.157657015196472
bandhani tie dye,3490,8.157657015196472
bandhani tie dye,3490,8.157657015196472
bandhani tie dye,3490,8.157657015196472
bandhani tie dye,3490,8.157657015196472
bandhani tie dye,3490,8.157657015196472
bandhani tie dye,3490,8.157657015196472
bandhani tie dye,3490,8.157657015196472
bandhani tie dye,3490,8.157657015196472
bandhani tie dye,3490,8.157657015196472
bandhani tie dye,3490,8.157657015196472
bandhani tie dye,3490,8.157657015196472
bandhani tie dye,3490,8.157657015196472
bandhani tie dye,3490,8.157657015196472
bandhani tie dye,3490,8.157657015196472
bandhani tie dye,3490,8.157657015196472
bandhani tie dye,3490,8.157657015196472
bandhani tie dye,3490,8.157657015196472
bandhani tie dye,3490,8.157657015196472
bandhani tie dye,3490,8.157657015196472
bandhani tie dye,3490,8.157657015196472
bandhani tie dye,3490,8.157657015196472
bandhani tie dye,3490,8.157657015196472
bandhani tie dye,3490,8.157657015196472
bandhani tie dye,3490,8.157657015196472
bandhani tie dye,3490,8.157657015196472
bandhani tie dye,3490,8.157657015196472
bandhani tie dye,3490,8.157657015196472
bandhani tie dye,3490,8.157657015196472
bandhani tie dye,3490,8.157657015196472
bandhani tie dye,3490,8.157657015196472
bandhani tie dye,3490,8.157657015196472
bandhani tie dye,3490,8.157657015196472
bandhani tie dye,3490,8.157657015196472
bandhani tie dye,3490,8.157657015196472
bandhani tie dye,3490,8.157657015196472
bandhani tie dye,3490,8.157657015196472
bandhani tie dye,3490,8.157657015196472
bandhani tie dye,3490,8.157657015196472
bandhani tie dye,3490,8.157657015196472
bandhani tie dye,3490,8.157657015196472
bandhani tie dye,3490,8.157657015196472
bandhani tie dye,3490,8.157657015196472
bandhani tie dye,3490,8.157657015196472
bandhani tie dye,3490,8.157657015196472
bandhani tie dye,3490,8.157657015196472
bandhani tie dye,3490,8.157657015196472
bandhani tie dye,3490,8.157657015196472
bandhani tie dye,3490,8.157657015196472
bandhani tie dye,3490,8.157657015196472
bandhani tie dye,3490,8.157657015196472
bandhani tie dye,3490,8.157657015196472
bandhani tie dye,3490,8.157657015196472
bandhani tie dye,3490,8.157657015196472
bandhani tie dye,3490,8.157657015196472
bandhani tie dye,3490,8.157657015196472
bandhani tie dye,3490,8.157657015196472
bandhani tie dye,3490,8.157657015196472
bandhani tie dye,3490,8.157657015196472
bandhani tie dye,3490,8.157657015196472
bandhani tie dye,3490,8.157657015196472
bandhani tie dye,3490,8.157657015196472
bandhani tie dye,3490,8.157657015196472
bandhani tie dye,3490,8.157657015196472
bandhani tie dye,3490,8.157657015196472
bandhani tie dye,3490,8.157657015196472
bandhani tie dye,3490,8.157657015196472
bandhani tie dye,3490,8.157657015196472
bandhani tie dye,3490,8.157657015196472
bandhani tie dye,3490,8.157657015196472
bandhani tie dye,3490,8.157657015196472
bandhani tie dye,3490,8.157657015196472
bandhani tie dye,3490,8.157657015196472
bandhani tie dye,3490,8.157657015196472
bandhani tie dye,3490,8.157657015196472
pochampally ikat weaving,3690,8.213381737034572
bandhani tie dye,3490,8.157657015196472
bagh block printing,3590,8.185907481482324
sanganeri block printing,7990,8.98594603876032
sanganeri block printing,7990,8.98594603876032
sanganeri block printing,7990,8.98594603876032
sanganeri block printing,7990,8.98594603876032
sanganeri block printing,3190,8.06777619577889
batik block printing,4290,8.364042011922063
sanganeri block printing,7190,8.880446450715093
sanganeri block printing,2990,8.003028666384733
jacquard weaving,3290,8.098642843759418
sanganeri block printing,7990,8.98594603876032
ajrakh block printing,5590,8.628734566149145
ajrakh block printing,5590,8.628734566149145
ajrakh block printing,5590,8.628734566149145
ajrakh block printing,5590,8.628734566149145
ajrakh block printing,5590,8.628734566149145
ajrakh block printing,4990,8.515191188745565
ajrakh block printing,4990,8.515191188745565
ajrakh block printing,4990,8.515191188745565
ajrakh block printing,4690,8.453187861440325
ajrakh block printing,4690,8.453187861440325
ajrakh block printing,4690,8.453187861440325
ajrakh block printing,4690,8.453187861440325
ajrakh block printing,4690,8.453187861440325
ajrakh block printing,4690,8.453187861440325
ajrakh block printing,4690,8.453187861440325
ajrakh block printing,5590,8.628734566149145
ajrakh block printing,5590,8.628734566149145
ajrakh block printing,5590,8.628734566149145
ajrakh block printing,5590,8.628734566149145
ajrakh block printing,5590,8.628734566149145
ajrakh block printing,5590,8.628734566149145
jacquard weaving,2290,7.736307096548285
jacquard weaving,2290,7.736307096548285
jacquard weaving,2490,7.820037989458753
jacquard weaving,2290,7.736307096548285
sanganeri block printing,2290,7.736307096548285
sanganeri block printing,2290,7.736307096548285
sanganeri block printing,3690,8.213381737034572
bagh block printing,5490,8.610683534503575
bagh block printing,3990,8.29154650988391
bagh block printing,3990,8.29154650988391
bagh block printing,5490,8.610683534503575
bagh block printing,5490,8.610683534503575
bagh block printing,5490,8.610683534503575
bagh block printing,5490,8.610683534503575
bagh block printing,5490,8.610683534503575
bagh block printing,5490,8.610683534503575
bagh block printing,5490,8.610683534503575
bagh block printing,5490,8.610683534503575
bagh block printing,5490,8.610683534503575
bagh block printing,5490,8.610683534503575
bagh block printing,5490,8.610683534503575
sanganeri block printing,7190,8.880446450715093
kalamkari block printing,1690,7.432483807917119
kalamkari block printing,1690,7.432483807917119
sanganeri block printing,2900,7.972466015974565
pochampally ikat weaving,2790,7.933796874815411
jacquard weaving,2190,7.691656822810547
jacquard weaving,2290,7.736307096548285
jacquard weaving,2190,7.691656822810547
jacquard weaving,2290,7.736307096548285
jacquard weaving,2290,7.736307096548285
jacquard weaving,2290,7.736307096548285
jacquard weaving,2190,7.691656822810547
jacquard weaving,2290,7.736307096548285
jacquard weaving,2190,7.691656822810547
jacquard weaving,2490,7.820037989458753
jacquard weaving,2290,7.736307096548285
jacquard weaving,2290,7.736307096548285
jacquard weaving,2290,7.736307096548285
jacquard weaving,2290,7.736307096548285
jacquard weaving,2290,7.736307096548285
ajrakh block printing,5590,8.628734566149145
jacquard weaving,2290,7.736307096548285
jacquard weaving,2690,7.897296472595885
jacquard weaving,2590,7.859413154693583
jacquard weaving,2690,7.897296472595885
jacquard weaving,2690,7.897296472595885
jacquard weaving,2690,7.897296472595885
jacquard weaving,2690,7.897296472595885
sanganeri block printing,4590,8.431635303054591
sanganeri block printing,2490,7.820037989458753
sanganeri block printing,2290,7.736307096548285
sanganeri block printing,2690,7.897296472595885
bagh block printing,3990,8.29154650988391
bagh block printing,3990,8.29154650988391
jacquard weaving,2190,7.691656822810547
jacquard weaving,2190,7.691656822810547
jacquard weaving,2190,7.691656822810547
jacquard weaving,2290,7.736307096548285
jacquard weaving,2290,7.736307096548285
jacquard weaving,3290,8.098642843759418
jacquard weaving,3290,8.098642843759418
jacquard weaving,3290,8.098642843759418
jacquard weaving,3290,8.098642843759418
jacquard weaving,3290,8.098642843759418
jacquard weaving,3290,8.098642843759418
jacquard weaving,3290,8.098642843759418
jacquard weaving,3290,8.098642843759418
jacquard weaving,3290,8.098642843759418
jacquard weaving,3290,8.098642843759418
jacquard weaving,3290,8.098642843759418
pochampally ikat weaving,3290,8.098642843759418
jacquard weaving,3390,8.128585200374497
batik block printing,3490,8.157657015196472
batik block printing,3490,8.157657015196472
sanganeri block printing,2890,7.969011781106478
sanganeri block printing,2690,7.897296472595885
jacquard weaving,2290,7.736307096548285
jacquard weaving,2690,7.897296472595885
sanganeri block printing,2790,7.933796874815411
sanganeri block printing,2690,7.897296472595885
sanganeri block printing,2990,8.003028666384733
jacquard weaving,2590,7.859413154693583
sanganeri block printing,2290,7.736307096548285
sanganeri block printing,3290,8.098642843759418
jacquard weaving,2190,7.691656822810547
jacquard weaving,3290,8.098642843759418
plain solid,2690,7.897296472595885
plain solid,2690,7.897296472595885
plain solid,2690,7.897296472595885
plain solid,2690,7.897296472595885
plain solid,2690,7.897296472595885
plain solid,2690,7.897296472595885
plain solid,2690,7.897296472595885
jacquard weaving,2290,7.736307096548285
jacquard weaving,2290,7.736307096548285
bagru block printing,7190,8.880446450715093
bagru block printing,7190,8.880446450715093
bagru block printing,7190,8.880446450715093
bagru block printing,7190,8.880446450715093
bagru block printing,7190,8.880446450715093
bagru block printing,7190,8.880446450715093
bagru block printing,7190,8.880446450715093
bagru block printing,7190,8.880446450715093
bagru block printing,7190,8.880446450715093
bagru block printing,7190,8.880446450715093
bagru block printing,7190,8.880446450715093
bagru block printing,7190,8.880446450715093
sanganeri block printing,7590,8.934586870389676
sanganeri block printing,7590,8.934586870389676
sanganeri block printing,7590,8.934586870389676
sanganeri block printing,7590,8.934586870389676
sanganeri block printing,7590,8.934586870389676
sanganeri block printing,7590,8.934586870389676
sanganeri block printing,7590,8.934586870389676
sanganeri block printing,7590,8.934586870389676
sanganeri block printing,7590,8.934586870389676
sanganeri block printing,7590,8.934586870389676
sanganeri block printing,7590,8.934586870389676
sanganeri block printing,7590,8.934586870389676
bagru block printing,7490,8.921324076511265
bagru block printing,7490,8.921324076511265
bagru block printing,7490,8.921324076511265
bagru block printing,7490,8.921324076511265
bagru block printing,7490,8.921324076511265
bagru block printing,7490,8.921324076511265
bagru block printing,7490,8.921324076511265
bagru block printing,7490,8.921324076511265
bagru block printing,7490,8.921324076511265
bagru block printing,7490,8.921324076511265
bagru block printing,7490,8.921324076511265
bagru block printing,7490,8.921324076511265
bagru block printing,7490,8.921324076511265
bagru block printing,7490,8.921324076511265
bagru block printing,7490,8.921324076511265
bagru block printing,7490,8.921324076511265
bagru block printing,7490,8.921324076511265
bagru block printing,7190,8.880446450715093
bagru block printing,7490,8.921324076511265
bagru block printing,7490,8.921324076511265
pochampally ikat weaving,1950,7.575584651557793
pochampally ikat weaving,1950,7.575584651557793
bagru block printing,2890,7.969011781106478
bagru block printing,2890,7.969011781106478
sanganeri block printing,2690,7.897296472595885
sanganeri block printing,2690,7.897296472595885
sanganeri block printing,2690,7.897296472595885
sanganeri block printing,2690,7.897296472595885
sanganeri block printing,2690,7.897296472595885
sanganeri block printing,2690,7.897296472595885
sanganeri block printing,2690,7.897296472595885
sanganeri block printing,2690,7.897296472595885
sanganeri block printing,2690,7.897296472595885
sanganeri block printing,2690,7.897296472595885
sanganeri block printing,2690,7.897296472595885
sanganeri block printing,2690,7.897296472595885
sanganeri block printing,2690,7.897296472595885
sanganeri block printing,2690,7.897296472595885
sanganeri block printing,2690,7.897296472595885
sanganeri block printing,2690,7.897296472595885
sanganeri block printing,2690,7.897296472595885
sanganeri block printing,2690,7.897296472595885
sanganeri block printing,2690,7.897296472595885
sanganeri block printing,2690,7.897296472595885
sanganeri block printing,2690,7.897296472595885
sanganeri block printing,2690,7.897296472595885
sanganeri block printing,2690,7.897296472595885
sanganeri block printing,2690,7.897296472595885
sanganeri block printing,2690,7.897296472595885
sanganeri block printing,2690,7.897296472595885
sanganeri block printing,2690,7.897296472595885
sanganeri block printing,2690,7.897296472595885
sanganeri block printing,2690,7.897296472595885
sanganeri block printing,2690,7.897296472595885
pochampally ikat weaving,4890,8.494947582468917
pochampally ikat weaving,4890,8.494947582468917
pochampally ikat weaving,4890,8.494947582468917
pochampally ikat weaving,4890,8.494947582468917
pochampally ikat weaving,4890,8.494947582468917
pochampally ikat weaving,4890,8.494947582468917
pochampally ikat weaving,4890,8.494947582468917
pochampally ikat weaving,4890,8.494947582468917
pochampally ikat weaving,4890,8.494947582468917
pochampally ikat weaving,4890,8.494947582468917
bagru block printing,7190,8.880446450715093
pochampally ikat weaving,3490,8.157657015196472
ajrakh block printing,10590,9.267665438595452
ajrakh block printing,10590,9.267665438595452
ajrakh block printing,10590,9.267665438595452
ajrakh block printing,10590,9.267665438595452
ajrakh block printing,10590,9.267665438595452
ajrakh block printing,10590,9.267665438595452
ajrakh block printing,10590,9.267665438595452
ajrakh block printing,10590,9.267665438595452
ajrakh block printing,10590,9.267665438595452
ajrakh block printing,10590,9.267665438595452
ajrakh block printing,10590,9.267665438595452
ajrakh block printing,10590,9.267665438595452
ajrakh block printing,10590,9.267665438595452
ajrakh block printing,10590,9.267665438595452
ajrakh block printing,10590,9.267665438595452
ajrakh block printing,10590,9.267665438595452
ajrakh block printing,10590,9.267665438595452
ajrakh block printing,10590,9.267665438595452
ajrakh block printing,10590,9.267665438595452
ajrakh block printing,10590,9.267665438595452
ajrakh block printing,10590,9.267665438595452
ajrakh block printing,8590,9.0583540149783
ajrakh block printing,8590,9.0583540149783
ajrakh block printing,7990,8.98594603876032
ajrakh block printing,7990,8.98594603876032
ajrakh block printing,7990,8.98594603876032
ajrakh block printing,7990,8.98594603876032
ajrakh block printing,5890,8.681011276645632
ajrakh block printing,5890,8.681011276645632
pochampally ikat weaving,4890,8.494947582468917
sanganeri block printing,7590,8.934586870389676
bagru block printing,7490,8.921324076511265
ajrakh block printing,10590,9.267665438595452
batik block printing,3490,8.157657015196472
bagru block printing,3690,8.213381737034572
bagru block printing,3690,8.213381737034572
bagru block printing,3690,8.213381737034572
bagru block printing,3690,8.213381737034572
ajrakh block printing,4290,8.364042011922063
ajrakh block printing,4290,8.364042011922063
bagru block printing,4490,8.4096079807363
bagru block printing,4490,8.4096079807363
bagru block printing,4490,8.4096079807363
bagru block printing,4490,8.4096079807363
bagru block printing,4490,8.4096079807363
bagru block printing,4490,8.4096079807363
bagru block printing,4490,8.4096079807363
bagru block printing,4490,8.4096079807363
bagru block printing,4490,8.4096079807363
bagru block printing,4490,8.4096079807363
bagru block printing,4490,8.4096079807363
bagru block printing,4490,8.4096079807363
bagru block printing,4490,8.4096079807363
bagru block printing,4490,8.4096079807363
bagru block printing,4490,8.4096079807363
bagru block printing,4490,8.4096079807363
bagru block printing,4490,8.4096079807363
bagru block printing,4490,8.4096079807363
bagru block printing,4490,8.4096079807363
bagru block printing,4490,8.4096079807363
bagru block printing,4490,8.4096079807363
bagru block printing,4490,8.4096079807363
bagru block printing,4490,8.4096079807363
bagru block printing,4490,8.4096079807363
sanganeri block printing,4490,8.4096079807363
sanganeri block printing,4490,8.4096079807363
sanganeri block printing,4490,8.4096079807363
sanganeri block printing,4490,8.4096079807363
sanganeri block printing,4490,8.4096079807363
sanganeri block printing,4490,8.4096079807363
sanganeri block printing,4490,8.4096079807363
sanganeri block printing,4490,8.4096079807363
sanganeri block printing,4490,8.4096079807363
sanganeri block printing,4490,8.4096079807363
sanganeri block printing,4490,8.4096079807363
sanganeri block printing,4490,8.4096079807363
sanganeri block printing,4490,8.4096079807363
sanganeri block printing,4490,8.4096079807363
sanganeri block printing,4490,8.4096079807363
sanganeri block printing,4490,8.4096079807363
sanganeri block printing,4490,8.4096079807363
sanganeri block printing,4490,8.4096079807363
sanganeri block printing,4490,8.4096079807363
sanganeri block printing,5290,8.573573524852344
sanganeri block printing,5290,8.573573524852344
sanganeri block printing,5290,8.573573524852344
sanganeri block printing,5290,8.573573524852344
sanganeri block printing,5290,8.573573524852344
sanganeri block printing,5290,8.573573524852344
sanganeri block printing,5290,8.573573524852344
sanganeri block printing,5290,8.573573524852344
sanganeri block printing,5290,8.573573524852344
sanganeri block printing,5290,8.573573524852344
bagru block printing,5190,8.554488976159934
bagru block printing,4490,8.4096079807363
bagru block printing,5190,8.554488976159934
bagru block printing,5190,8.554488976159934
bagru block printing,5190,8.554488976159934
bagru block printing,5190,8.554488976159934
bagru block printing,5190,8.554488976159934
bagru block printing,5190,8.554488976159934
bagru block printing,5190,8.554488976159934
bagru block printing,5190,8.554488976159934
ajrakh block printing,5290,8.573573524852344
ajrakh block printing,5290,8.573573524852344
bagru block printing,5190,8.554488976159934
bagru block printing,5190,8.554488976159934
bagru block printing,5190,8.554488976159934
bagru block printing,5190,8.554488976159934
bagru block printing,5190,8.554488976159934
bagru block printing,5190,8.554488976159934
bagru block printing,5190,8.554488976159934
bagru block printing,5190,8.554488976159934
bagru block printing,5190,8.554488976159934
bagru block printing,5190,8.554488976159934
bagru block printing,5190,8.554488976159934
bagru block printing,5190,8.554488976159934
bagru block printing,5190,8.554488976159934
bagru block printing,5190,8.554488976159934
bagru block printing,5190,8.554488976159934
bagru block printing,5190,8.554488976159934
bagru block printing,5190,8.554488976159934
bagru block printing,5190,8.554488976159934
bagru block printing,5190,8.554488976159934
bagru block printing,5190,8.554488976159934
bagru block printing,5190,8.554488976159934
bagru block printing,5190,8.554488976159934
bagru block printing,5190,8.554488976159934
bagru block printing,5190,8.554488976159934
bagru block printing,5190,8.554488976159934
bagru block printing,5190,8.554488976159934
bagru block printing,5190,8.554488976159934
bagru block printing,5190,8.554488976159934
bagru block printing,5190,8.554488976159934
bagru block printing,5190,8.554488976159934
bagru block printing,5190,8.554488976159934
bagru block printing,5190,8.554488976159934
bagru block printing,3150,8.055157731819678
bagru block printing,3150,8.055157731819678
bagru block printing,3150,8.055157731819678
bagru block printing,3150,8.055157731819678
plain solid,9290,9.136693831807884
plain solid,8990,9.103868127465669
bagru block printing,2890,7.969011781106478
sanganeri block printing,2690,7.897296472595885
bagru block printing,3150,8.055157731819678
ajrakh block printing,5290,8.573573524852344
bagru block printing,5190,8.554488976159934
ajrakh block printing,4290,8.364042011922063
bagru block printing,4490,8.4096079807363
sanganeri block printing,4490,8.4096079807363
bagru block printing,3690,8.213381737034572
pochampally ikat weaving,3290,8.098642843759418
jacquard weaving,3290,8.098642843759418
plain solid,2990,8.003028666384733
jacquard weaving,2990,8.003028666384733
jacquard weaving,2990,8.003028666384733
sanganeri block printing,2290,7.736307096548285
sanganeri block printing,2190,7.691656822810547
sanganeri block printing,2290,7.736307096548285
jacquard weaving,2490,7.820037989458753
jacquard weaving,2490,7.820037989458753
jacquard weaving,2490,7.820037989458753
jacquard weaving,2490,7.820037989458753
jacquard weaving,2490,7.820037989458753
bagru block printing,6590,8.793308627496552
bagru block printing,6590,8.793308627496552
bagru block printing,6590,8.793308627496552
bagru block printing,6590,8.793308627496552
bagru block printing,6590,8.793308627496552
bagru block printing,6590,8.793308627496552
bagru block printing,6590,8.793308627496552
batik block printing,3290,8.098642843759418
sanganeri block printing,2490,7.820037989458753
sanganeri block printing,2290,7.736307096548285
jacquard weaving,2490,7.820037989458753
plain solid,2990,8.003028666384733
jacquard weaving,2990,8.003028666384733
jacquard weaving,3490,8.157657015196472
jacquard weaving,2990,8.003028666384733
bandhani tie dye,2690,7.897296472595885
bandhani tie dye,2690,7.897296472595885
bandhani tie dye,2690,7.897296472595885
jacquard weaving,2690,7.897296472595885
pochampally ikat weaving,2790,7.933796874815411
sanganeri block printing,2790,7.933796874815411
jacquard weaving,2190,7.691656822810547
jacquard weaving,2190,7.691656822810547
jacquard weaving,2450,7.803843303538772
jacquard weaving,2190,7.691656822810547
batik block printing,1890,7.544332108053688
batik block printing,1890,7.544332108053688
batik block printing,1890,7.544332108053688
batik block printing,1890,7.544332108053688
batik block printing,1890,7.544332108053688
jacquard weaving,2490,7.820037989458753
pochampally ikat weaving,4890,8.494947582468917
bagru block printing,2490,7.820037989458753
sanganeri block printing,2490,7.820037989458753
ajrakh block printing,6590,8.793308627496552
ajrakh block printing,6590,8.793308627496552
ajrakh block printing,6590,8.793308627496552
ajrakh block printing,6590,8.793308627496552
bagru block printing,2490,7.820037989458753
sanganeri block printing,2490,7.820037989458753
ajrakh block printing,6590,8.793308627496552
bagru block printing,2890,7.969011781106478
ajrakh block printing,8490,9.046644279305394
ajrakh block printing,8490,9.046644279305394
ajrakh block printing,10590,9.267665438595452
ajrakh block printing,10590,9.267665438595452
ajrakh block printing,10590,9.267665438595452
batik block printing,3590,8.185907481482324
bagru block printing,3790,8.240121298076472
bagru block printing,3790,8.240121298076472
bagru block printing,3790,8.240121298076472
bagru block printing,3790,8.240121298076472
bagru block printing,3790,8.240121298076472
bagru block printing,3790,8.240121298076472
ajrakh block printing,10590,9.267665438595452
bagru block printing,3790,8.240121298076472
jacquard weaving,2850,7.955074273262696
jacquard weaving,2590,7.859413154693583
jacquard weaving,2590,7.859413154693583
ajrakh block printing,5890,8.681011276645632
ajrakh block printing,5890,8.681011276645632
ajrakh block printing,5890,8.681011276645632
ajrakh block printing,5890,8.681011276645632
ajrakh block printing,5890,8.681011276645632
ajrakh block printing,5890,8.681011276645632
ajrakh block printing,5890,8.681011276645632
bagru block printing,7490,8.921324076511265
bagru block printing,7490,8.921324076511265
bagru block printing,7490,8.921324076511265
sanganeri block printing,7190,8.880446450715093
sanganeri block printing,7190,8.880446450715093
jacquard weaving,2590,7.859413154693583
jacquard weaving,2590,7.859413154693583
jacquard weaving,2590,7.859413154693583
jacquard weaving,2590,7.859413154693583
jacquard weaving,2590,7.859413154693583
jacquard weaving,2590,7.859413154693583
jacquard weaving,2590,7.859413154693583
bagru block printing,7490,8.921324076511265
jacquard weaving,2590,7.859413154693583
jacquard weaving,2590,7.859413154693583
jacquard weaving,2590,7.859413154693583
jacquard weaving,2590,7.859413154693583
jacquard weaving,2590,7.859413154693583
jacquard weaving,2590,7.859413154693583
jacquard weaving,2590,7.859413154693583
jacquard weaving,2590,7.859413154693583
sanganeri block printing,2490,7.820037989458753
sanganeri block printing,2490,7.820037989458753
jacquard weaving,2490,7.820037989458753
jacquard weaving,2490,7.820037989458753
jacquard weaving,3190,8.06777619577889
jacquard weaving,3190,8.06777619577889
bandhani tie dye,9990,9.2093398716426
bandhani tie dye,9990,9.2093398716426
bandhani tie dye,9990,9.2093398716426
bandhani tie dye,9990,9.2093398716426
bandhani tie dye,9990,9.2093398716426
bandhani tie dye,9990,9.2093398716426
bandhani tie dye,3150,8.055157731819678
bandhani tie dye,3150,8.055157731819678
bandhani tie dye,3150,8.055157731819678
jacquard weaving,2290,7.736307096548285
jacquard weaving,2590,7.859413154693583
jacquard weaving,2190,7.691656822810547
jacquard weaving,2190,7.691656822810547
sanganeri block printing,3490,8.157657015196472
sanganeri block printing,3490,8.157657015196472
sanganeri block printing,3490,8.157657015196472
sanganeri block printing,2290,7.736307096548285
bandhani tie dye,3150,8.055157731819678
jacquard weaving,3190,8.06777619577889
jacquard weaving,2190,7.691656822810547
jacquard weaving,2590,7.859413154693583
pochampally ikat weaving,3690,8.213381737034572
jacquard weaving,2490,7.820037989458753
jacquard weaving,2100,7.649692623711514
jacquard weaving,2100,7.649692623711514
jacquard weaving,2100,7.649692623711514
jacquard weaving,2100,7.649692623711514
jacquard weaving,2990,8.003028666384733
jacquard weaving,1990,7.595889917718538
jacquard weaving,3100,8.039157390473237
jacquard weaving,3100,8.039157390473237
jacquard weaving,3100,8.039157390473237
jacquard weaving,3100,8.039157390473237
jacquard weaving,3100,8.039157390473237
jacquard weaving,3100,8.039157390473237
jacquard weaving,3100,8.039157390473237
jacquard weaving,3100,8.039157390473237
pochampally ikat weaving,2250,7.718685495198466
jacquard weaving,3250,8.086410275323782
jacquard weaving,2190,7.691656822810547
jacquard weaving,2190,7.691656822810547
jacquard weaving,2990,8.003028666384733
jacquard weaving,2990,8.003028666384733
jacquard weaving,2990,8.003028666384733
jacquard weaving,2990,8.003028666384733
jacquard weaving,2990,8.003028666384733
jacquard weaving,2990,8.003028666384733
jacquard weaving,2990,8.003028666384733
jacquard weaving,2990,8.003028666384733
jacquard weaving,2990,8.003028666384733
jacquard weaving,2990,8.003028666384733
jacquard weaving,2990,8.003028666384733
jacquard weaving,2990,8.003028666384733
jacquard weaving,3290,8.098642843759418
jacquard weaving,2290,7.736307096548285
jacquard weaving,2690,7.897296472595885
bagru block printing,3690,8.213381737034572
bagru block printing,3690,8.213381737034572
bagru block printing,3690,8.213381737034572
bagru block printing,3690,8.213381737034572
bagru block printing,3690,8.213381737034572
bagru block printing,3690,8.213381737034572
bagru block printing,3690,8.213381737034572
sanganeri block printing,3790,8.240121298076472
sanganeri block printing,3790,8.240121298076472
sanganeri block printing,3790,8.240121298076472
bagru block printing,3690,8.213381737034572
sanganeri block printing,3790,8.240121298076472
sanganeri block printing,3790,8.240121298076472
sanganeri block printing,3790,8.240121298076472
jacquard weaving,2990,8.003028666384733
jacquard weaving,3100,8.039157390473237
jacquard weaving,3100,8.039157390473237
bagru block printing,3690,8.213381737034572
plain solid,2490,7.820037989458753
bagh block printing,4990,8.515191188745565
bagru block printing,3150,8.055157731819678
bagru block printing,5190,8.554488976159934
kalamkari block printing,2990,8.003028666384733
kalamkari block printing,2450,7.803843303538772
pochampally ikat weaving,3250,8.086410275323782
jacquard weaving,2450,7.803843303538772
jacquard weaving,2590,7.859413154693583
jacquard weaving,2590,7.859413154693583
sanganeri block printing,7990,8.98594603876032
sanganeri block printing,7990,8.98594603876032
bagru block printing,4490,8.4096079807363
sanganeri block printing,4490,8.4096079807363
sanganeri block printing,4490,8.4096079807363
bagh block printing,6590,8.793308627496552
ajrakh block printing,3890,8.266164436612492
ajrakh block printing,3890,8.266164436612492
kalamkari block printing,3590,8.185907481482324
kalamkari block printing,3590,8.185907481482324
kalamkari block printing,3590,8.185907481482324
bandhani tie dye,3490,8.157657015196472
bandhani tie dye,3150,8.055157731819678
bandhani tie dye,3490,8.157657015196472
bandhani tie dye,3490,8.157657015196472
bandhani tie dye,2690,7.897296472595885
bandhani tie dye,2690,7.897296472595885
bandhani tie dye,2690,7.897296472595885
jacquard weaving,2190,7.691656822810547
batik block printing,6190,8.730690365678642
batik block printing,2190,7.691656822810547
bagh block printing,5490,8.610683534503575
bagh block printing,4990,8.515191188745565
bagh block printing,4990,8.515191188745565
bagh block printing,4990,8.515191188745565
sanganeri block printing,2990,8.003028666384733
sanganeri block printing,2990,8.003028666384733
sanganeri block printing,2990,8.003028666384733
sanganeri block printing,2990,8.003028666384733
bandhani tie dye,2990,8.003028666384733
bandhani tie dye,3490,8.157657015196472
bandhani tie dye,3490,8.157657015196472
bandhani tie dye,3490,8.157657015196472
bandhani tie dye,3490,8.157657015196472
bandhani tie dye,3490,8.157657015196472
bandhani tie dye,3490,8.157657015196472
bandhani tie dye,3490,8.157657015196472
sanganeri block printing,3190,8.06777619577889
sanganeri block printing,3190,8.06777619577889
sanganeri block printing,3190,8.06777619577889
sanganeri block printing,2990,8.003028666384733
sanganeri block printing,3190,8.06777619577889
plain solid,9450,9.153770020487787
ajrakh block printing,10590,9.267665438595452
ajrakh block printing,10590,9.267665438595452
jacquard weaving,2590,7.859413154693583
jacquard weaving,2590,7.859413154693583
jacquard weaving,2590,7.859413154693583
plain solid,4290,8.364042011922063
jacquard weaving,4950,8.507142855562735
jacquard weaving,4950,8.507142855562735
jacquard weaving,4950,8.507142855562735
jacquard weaving,4950,8.507142855562735
sanganeri block printing,3190,8.06777619577889
sanganeri block printing,3190,8.06777619577889
sanganeri block printing,3190,8.06777619577889
sanganeri block printing,3190,8.06777619577889
sanganeri block printing,3190,8.06777619577889
sanganeri block printing,3190,8.06777619577889
sanganeri block printing,3190,8.06777619577889
jacquard weaving,4190,8.340456012916183
jacquard weaving,4190,8.340456012916183
plain solid,4290,8.364042011922063
jacquard weaving,4950,8.507142855562735
jacquard weaving,2100,7.649692623711514
pochampally ikat weaving,2290,7.736307096548285
pochampally ikat weaving,2290,7.736307096548285
pochampally ikat weaving,2290,7.736307096548285
pochampally ikat weaving,2290,7.736307096548285
pochampally ikat weaving,2290,7.736307096548285
pochampally ikat weaving,2290,7.736307096548285
sanganeri block printing,4490,8.4096079807363
pochampally ikat weaving,4190,8.340456012916183
jacquard weaving,4190,8.340456012916183
jacquard weaving,2100,7.649692623711514
pochampally ikat weaving,2290,7.736307096548285
bagh block printing,3990,8.29154650988391
ajrakh block printing,7450,8.915969311373605
ajrakh block printing,4650,8.444622498581403
ajrakh block printing,4650,8.444622498581403
ajrakh block printing,4650,8.444622498581403
ajrakh block printing,4650,8.444622498581403
ajrakh block printing,4650,8.444622498581403
ajrakh block printing,4650,8.444622498581403
bandhani tie dye,3990,8.29154650988391
bandhani tie dye,3990,8.29154650988391
bandhani tie dye,3990,8.29154650988391
jacquard weaving,3290,8.098642843759418
jacquard weaving,3290,8.098642843759418
jacquard weaving,3290,8.098642843759418
jacquard weaving,3290,8.098642843759418
bandhani tie dye,3190,8.06777619577889
bandhani tie dye,3190,8.06777619577889
bandhani tie dye,3190,8.06777619577889
bandhani tie dye,3190,8.06777619577889
bandhani tie dye,3190,8.06777619577889
bandhani tie dye,2690,7.897296472595885
bandhani tie dye,3490,8.157657015196472
bandhani tie dye,3490,8.157657015196472
bandhani tie dye,3490,8.157657015196472
jacquard weaving,2090,7.644919344958857
pochampally ikat weaving,4450,8.400659375160286
bagh block printing,5490,8.610683534503575
bagh block printing,5490,8.610683534503575
bagh block printing,4990,8.515191188745565
bagh block printing,4990,8.515191188745565
bagh block printing,4990,8.515191188745565
bagh block printing,4990,8.515191188745565
bagh block printing,4990,8.515191188745565
sanganeri block printing,3190,8.06777619577889
sanganeri block printing,3190,8.06777619577889
sanganeri block printing,2190,7.691656822810547
sanganeri block printing,3390,8.128585200374497
ajrakh block printing,3850,8.25582842728183
ajrakh block printing,3850,8.25582842728183
ajrakh block printing,3850,8.25582842728183
ajrakh block printing,3850,8.25582842728183
ajrakh block printing,3850,8.25582842728183
sanganeri block printing,3790,8.240121298076472
sanganeri block printing,3790,8.240121298076472
bandhani tie dye,2990,8.003028666384733
bandhani tie dye,2990,8.003028666384733
bandhani tie dye,2990,8.003028666384733
bandhani tie dye,2990,8.003028666384733
bandhani tie dye,2990,8.003028666384733
bandhani tie dye,2990,8.003028666384733
bandhani tie dye,3490,8.157657015196472
bandhani tie dye,2690,7.897296472595885
bandhani tie dye,2690,7.897296472595885
bandhani tie dye,2690,7.897296472595885
bandhani tie dye,2690,7.897296472595885
ajrakh block printing,5890,8.681011276645632
bandhani tie dye,2690,7.897296472595885
sanganeri block printing,3950,8.281470857895167
sanganeri block printing,3950,8.281470857895167
bandhani tie dye,3490,8.157657015196472
bandhani tie dye,2690,7.897296472595885
bandhani tie dye,2690,7.897296472595885
bandhani tie dye,2690,7.897296472595885
ajrakh block printing,5890,8.681011276645632
ajrakh block printing,5890,8.681011276645632
ajrakh block printing,5890,8.681011276645632
ajrakh block printing,5890,8.681011276645632
ajrakh block printing,5890,8.681011276645632
ajrakh block printing,5890,8.681011276645632
sanganeri block printing,3150,8.055157731819678
batik block printing,2890,7.969011781106478
ajrakh block printing,5890,8.681011276645632
ajrakh block printing,5890,8.681011276645632
ajrakh block printing,5890,8.681011276645632
sanganeri block printing,2690,7.897296472595885
ajrakh block printing,6190,8.730690365678642
sanganeri block printing,2690,7.897296472595885
sanganeri block printing,2690,7.897296472595885
sanganeri block printing,2690,7.897296472595885
sanganeri block printing,2690,7.897296472595885
sanganeri block printing,2690,7.897296472595885
sanganeri block printing,2690,7.897296472595885
batik block printing,2890,7.969011781106478
batik block printing,6190,8.730690365678642
bandhani tie dye,2690,7.897296472595885
bandhani tie dye,2690,7.897296472595885
bandhani tie dye,2690,7.897296472595885
batik block printing,2890,7.969011781106478
bagru block printing,4490,8.4096079807363
bagru block printing,4490,8.4096079807363
plain solid,9450,9.153770020487787
plain solid,9450,9.153770020487787
bagru block printing,4490,8.4096079807363
bagru block printing,5190,8.554488976159934
ajrakh block printing,5890,8.681011276645632
ajrakh block printing,5890,8.681011276645632
ajrakh block printing,5890,8.681011276645632
ajrakh block printing,5890,8.681011276645632
ajrakh block printing,5890,8.681011276645632
ajrakh block printing,5890,8.681011276645632
ajrakh block printing,5890,8.681011276645632
bagru block printing,4490,8.4096079807363
ajrakh block printing,5890,8.681011276645632
ajrakh block printing,5890,8.681011276645632
ajrakh block printing,5890,8.681011276645632
bagh block printing,3990,8.29154650988391
bagh block printing,3990,8.29154650988391
bagh block printing,3990,8.29154650988391
bagh block printing,3990,8.29154650988391
ajrakh block printing,10590,9.267665438595452
batik block printing,2190,7.691656822810547
batik block printing,2190,7.691656822810547
ajrakh block printing,5890,8.681011276645632
ajrakh block printing,5890,8.681011276645632
ajrakh block printing,5890,8.681011276645632
ajrakh block printing,5890,8.681011276645632
sanganeri block printing,2690,7.897296472595885
ajrakh block printing,5890,8.681011276645632
ajrakh block printing,5890,8.681011276645632
ajrakh block printing,5890,8.681011276645632
ajrakh block printing,5890,8.681011276645632
bagh block printing,3990,8.29154650988391
bagh block printing,3990,8.29154650988391
bagh block printing,3990,8.29154650988391
bagh block printing,3990,8.29154650988391
bagh block printing,3990,8.29154650988391
bagh block printing,3990,8.29154650988391
bagh block printing,3990,8.29154650988391
bagh block printing,3990,8.29154650988391
batik block printing,2190,7.691656822810547
batik block printing,2190,7.691656822810547
batik block printing,2190,7.691656822810547
sanganeri block printing,3150,8.055157731819678
sanganeri block printing,3150,8.055157731819678
ajrakh block printing,5890,8.681011276645632
ajrakh block printing,5890,8.681011276645632
ajrakh block printing,5890,8.681011276645632
ajrakh block printing,5890,8.681011276645632
ajrakh block printing,5890,8.681011276645632
batik block printing,2190,7.691656822810547
ajrakh block printing,5890,8.681011276645632
ajrakh block printing,5890,8.681011276645632
ajrakh block printing,5890,8.681011276645632
bandhani tie dye,2690,7.897296472595885
bandhani tie dye,2690,7.897296472595885
bandhani tie dye,2690,7.897296472595885
bandhani tie dye,2690,7.897296472595885
bandhani tie dye,2690,7.897296472595885
bandhani tie dye,2690,7.897296472595885
bandhani tie dye,2690,7.897296472595885
bandhani tie dye,2690,7.897296472595885
bandhani tie dye,2690,7.897296472595885
bandhani tie dye,2690,7.897296472595885
bandhani tie dye,2690,7.897296472595885
bandhani tie dye,2690,7.897296472595885
sanganeri block printing,3150,8.055157731819678
bandhani tie dye,2690,7.897296472595885
bandhani tie dye,2690,7.897296472595885
sanganeri block printing,3150,8.055157731819678
ajrakh block printing,5890,8.681011276645632
ajrakh block printing,5890,8.681011276645632
bagh block printing,3990,8.29154650988391
bagh block printing,3990,8.29154650988391
bandhani tie dye,6800,8.824677891164198
sanganeri block printing,5290,8.573573524852344
sanganeri block printing,5290,8.573573524852344
bandhani tie dye,9990,9.2093398716426
ajrakh block printing,7450,8.915969311373605
bagru block printing,4490,8.4096079807363
bagh block printing,3990,8.29154650988391
batik block printing,6190,8.730690365678642
batik block printing,6190,8.730690365678642
sanganeri block printing,2690,7.897296472595885
sanganeri block printing,2690,7.897296472595885
sanganeri block printing,2690,7.897296472595885
bagh block printing,3990,8.29154650988391
batik block printing,2890,7.969011781106478
bagh block printing,8990,9.103868127465669
bagh block printing,8990,9.103868127465669
bagh block printing,8990,9.103868127465669
bagh block printing,8990,9.103868127465669
bandhani tie dye,28990,10.274706221915702
plain solid,10990,9.304741047397666
ajrakh block printing,7450,8.915969311373605
ajrakh block printing,7450,8.915969311373605
bagh block printing,3990,8.29154650988391
sanganeri block printing,4490,8.4096079807363
bagh block printing,3990,8.29154650988391
batik block printing,10490,9.258177701390345
batik block printing,10490,9.258177701390345
batik block printing,10490,9.258177701390345
batik block printing,10490,9.258177701390345
jacquard weaving,2490,7.820037989458753
jacquard weaving,2490,7.820037989458753
ajrakh block printing,3890,8.266164436612492
ajrakh block printing,3890,8.266164436612492
ajrakh block printing,3890,8.266164436612492
ajrakh block printing,3890,8.266164436612492
ajrakh block printing,3890,8.266164436612492
ajrakh block printing,3890,8.266164436612492
ajrakh block printing,3890,8.266164436612492
ajrakh block printing,3890,8.266164436612492
ajrakh block printing,3890,8.266164436612492
ajrakh block printing,3890,8.266164436612492
ajrakh block printing,3890,8.266164436612492
ajrakh block printing,3890,8.266164436612492
ajrakh block printing,3890,8.266164436612492
ajrakh block printing,3890,8.266164436612492
ajrakh block printing,3890,8.266164436612492
ajrakh block printing,3890,8.266164436612492
ajrakh block printing,3890,8.266164436612492
ajrakh block printing,3890,8.266164436612492
ajrakh block printing,3890,8.266164436612492
ajrakh block printing,3890,8.266164436612492
ajrakh block printing,3890,8.266164436612492
jacquard weaving,2490,7.820037989458753
jacquard weaving,5890,8.681011276645632
jacquard weaving,2490,7.820037989458753
jacquard weaving,2490,7.820037989458753
jacquard weaving,2490,7.820037989458753
jacquard weaving,2490,7.820037989458753
jacquard weaving,2490,7.820037989458753
ajrakh block printing,3890,8.266164436612492
batik block printing,10490,9.258177701390345
kalamkari block printing,1850,7.52294091807237
kalamkari block printing,1850,7.52294091807237
kalamkari block printing,1850,7.52294091807237
kalamkari block printing,1850,7.52294091807237
kalamkari block printing,1850,7.52294091807237
kalamkari block printing,1850,7.52294091807237
kalamkari block printing,1850,7.52294091807237
kalamkari block printing,1850,7.52294091807237
kalamkari block printing,1850,7.52294091807237
kalamkari block printing,1850,7.52294091807237
kalamkari block printing,1850,7.52294091807237
kalamkari block printing,1850,7.52294091807237
kalamkari block printing,1850,7.52294091807237
kalamkari block printing,1850,7.52294091807237
kalamkari block printing,1850,7.52294091807237
kalamkari block printing,1850,7.52294091807237
kalamkari block printing,1850,7.52294091807237
kalamkari block printing,1850,7.52294091807237
kalamkari block printing,1850,7.52294091807237
kalamkari block printing,1850,7.52294091807237
kalamkari block printing,1850,7.52294091807237
kalamkari block printing,1850,7.52294091807237
kalamkari block printing,1850,7.52294091807237
kalamkari block printing,1850,7.52294091807237
kalamkari block printing,1850,7.52294091807237
kalamkari block printing,1850,7.52294091807237
kalamkari block printing,1850,7.52294091807237
kalamkari block printing,1850,7.52294091807237
kalamkari block printing,1850,7.52294091807237
kalamkari block printing,1850,7.52294091807237
kalamkari block printing,1850,7.52294091807237
kalamkari block printing,1850,7.52294091807237
ajrakh block printing,10590,9.267665438595452
ajrakh block printing,10590,9.267665438595452
ajrakh block printing,10590,9.267665438595452
ajrakh block printing,10590,9.267665438595452
ajrakh block printing,10590,9.267665438595452
ajrakh block printing,9690,9.178849704884811
ajrakh block printing,9690,9.178849704884811
ajrakh block printing,9690,9.178849704884811
ajrakh block printing,9690,9.178849704884811
ajrakh block printing,8490,9.046644279305394
ajrakh block printing,8490,9.046644279305394
ajrakh block printing,8490,9.046644279305394
ajrakh block printing,8490,9.046644279305394
ajrakh block printing,8490,9.046644279305394
ajrakh block printing,8490,9.046644279305394
ajrakh block printing,8490,9.046644279305394
ajrakh block printing,8490,9.046644279305394
ajrakh block printing,8490,9.046644279305394
ajrakh block printing,8490,9.046644279305394
ajrakh block printing,8490,9.046644279305394
ajrakh block printing,8490,9.046644279305394
ajrakh block printing,8490,9.046644279305394
ajrakh block printing,8490,9.046644279305394
kalamkari block printing,1850,7.52294091807237
ajrakh block printing,10590,9.267665438595452
ajrakh block printing,9690,9.178849704884811
ajrakh block printing,8490,9.046644279305394
bandhani tie dye,4290,8.364042011922063
bandhani tie dye,4290,8.364042011922063
bandhani tie dye,4290,8.364042011922063
bandhani tie dye,4290,8.364042011922063
bandhani tie dye,4290,8.364042011922063
bandhani tie dye,3690,8.213381737034572
bandhani tie dye,3690,8.213381737034572
bandhani tie dye,2490,7.820037989458753
bandhani tie dye,2490,7.820037989458753
bandhani tie dye,2490,7.820037989458753
bandhani tie dye,2490,7.820037989458753
bandhani tie dye,2490,7.820037989458753
bandhani tie dye,2690,7.897296472595885
bandhani tie dye,2690,7.897296472595885
bandhani tie dye,2690,7.897296472595885
bandhani tie dye,2690,7.897296472595885
bandhani tie dye,2690,7.897296472595885
bandhani tie dye,2690,7.897296472595885
bandhani tie dye,2690,7.897296472595885
bandhani tie dye,2690,7.897296472595885
bandhani tie dye,2690,7.897296472595885
bandhani tie dye,2690,7.897296472595885
bandhani tie dye,2690,7.897296472595885
bandhani tie dye,2690,7.897296472595885
bandhani tie dye,2690,7.897296472595885
bandhani tie dye,2690,7.897296472595885
bandhani tie dye,2690,7.897296472595885
bandhani tie dye,2690,7.897296472595885
bandhani tie dye,2690,7.897296472595885
bandhani tie dye,2690,7.897296472595885
bandhani tie dye,2690,7.897296472595885
bandhani tie dye,2690,7.897296472595885
bandhani tie dye,2690,7.897296472595885
bandhani tie dye,2690,7.897296472595885
bandhani tie dye,2690,7.897296472595885
bandhani tie dye,2690,7.897296472595885
bandhani tie dye,2690,7.897296472595885
bandhani tie dye,2690,7.897296472595885
bandhani tie dye,2690,7.897296472595885
bandhani tie dye,2690,7.897296472595885
bandhani tie dye,2690,7.897296472595885
bandhani tie dye,2690,7.897296472595885
bandhani tie dye,2690,7.897296472595885
bandhani tie dye,2690,7.897296472595885
bandhani tie dye,3690,8.213381737034572
bandhani tie dye,2490,7.820037989458753
bandhani tie dye,2690,7.897296472595885
jacquard weaving,2990,8.003028666384733
jacquard weaving,2990,8.003028666384733
jacquard weaving,2990,8.003028666384733
ajrakh block printing,3190,8.06777619577889
ajrakh block printing,2990,8.003028666384733
jacquard weaving,2990,8.003028666384733
sanganeri block printing,3990,8.29154650988391
sanganeri block printing,3990,8.29154650988391
bagru block printing,3990,8.29154650988391
bagru block printing,3990,8.29154650988391
bagru block printing,3990,8.29154650988391
sanganeri block printing,3990,8.29154650988391
sanganeri block printing,3990,8.29154650988391
sanganeri block printing,3990,8.29154650988391
sanganeri block printing,3990,8.29154650988391
sanganeri block printing,3990,8.29154650988391
sanganeri block printing,3990,8.29154650988391
sanganeri block printing,3990,8.29154650988391
sanganeri block printing,3990,8.29154650988391
sanganeri block printing,3990,8.29154650988391
sanganeri block printing,3990,8.29154650988391
sanganeri block printing,3990,8.29154650988391
sanganeri block printing,3990,8.29154650988391
sanganeri block printing,3990,8.29154650988391
sanganeri block printing,3990,8.29154650988391
sanganeri block printing,3990,8.29154650988391
sanganeri block printing,3990,8.29154650988391
sanganeri block printing,3990,8.29154650988391
sanganeri block printing,3990,8.29154650988391
bagru block printing,3990,8.29154650988391
bagru block printing,3990,8.29154650988391
sanganeri block printing,3990,8.29154650988391
sanganeri block printing,3990,8.29154650988391
sanganeri block printing,3990,8.29154650988391
batik block printing,5890,8.681011276645632
batik block printing,5890,8.681011276645632
batik block printing,2490,7.820037989458753
batik block printing,2490,7.820037989458753
batik block printing,2490,7.820037989458753
batik block printing,2490,7.820037989458753
batik block printing,2490,7.820037989458753
batik block printing,2490,7.820037989458753
batik block printing,2490,7.820037989458753
bandhani tie dye,2950,7.989560449333865
batik block printing,2490,7.820037989458753
pochampally ikat weaving,2990,8.003028666384733
pochampally ikat weaving,6690,8.808369153122275
pochampally ikat weaving,6690,8.808369153122275
pochampally ikat weaving,6690,8.808369153122275
pochampally ikat weaving,5800,8.66561319653451
pochampally ikat weaving,6690,8.808369153122275
pochampally ikat weaving,6690,8.808369153122275
pochampally ikat weaving,5890,8.681011276645632
pochampally ikat weaving,5890,8.681011276645632
pochampally ikat weaving,5890,8.681011276645632
pochampally ikat weaving,5890,8.681011276645632
pochampally ikat weaving,6490,8.778017809698136
pochampally ikat weaving,5800,8.66561319653451
pochampally ikat weaving,5800,8.66561319653451
pochampally ikat weaving,5800,8.66561319653451
pochampally ikat weaving,5800,8.66561319653451
pochampally ikat weaving,5800,8.66561319653451
pochampally ikat weaving,5800,8.66561319653451
sanganeri block printing,2450,7.803843303538772
sanganeri block printing,2450,7.803843303538772
sanganeri block printing,2450,7.803843303538772
sanganeri block printing,2450,7.803843303538772
sanganeri block printing,2450,7.803843303538772
sanganeri block printing,2450,7.803843303538772
sanganeri block printing,2450,7.803843303538772
sanganeri block printing,2450,7.803843303538772
sanganeri block printing,2450,7.803843303538772
sanganeri block printing,2450,7.803843303538772
sanganeri block printing,2450,7.803843303538772
sanganeri block printing,2450,7.803843303538772
sanganeri block printing,2450,7.803843303538772
sanganeri block printing,2450,7.803843303538772
sanganeri block printing,2450,7.803843303538772
sanganeri block printing,2450,7.803843303538772
sanganeri block printing,2450,7.803843303538772
sanganeri block printing,2490,7.820037989458753
pochampally ikat weaving,2490,7.820037989458753
pochampally ikat weaving,2490,7.820037989458753
pochampally ikat weaving,2490,7.820037989458753
jacquard weaving,2490,7.820037989458753
jacquard weaving,2490,7.820037989458753
pochampally ikat weaving,6690,8.808369153122275
pochampally ikat weaving,6690,8.808369153122275
pochampally ikat weaving,5800,8.66561319653451
sanganeri block printing,2490,7.820037989458753
jacquard weaving,5890,8.681011276645632
jacquard weaving,5890,8.681011276645632
ajrakh block printing,4690,8.453187861440325
sanganeri block printing,3490,8.157657015196472
pochampally ikat weaving,6690,8.808369153122275
pochampally ikat weaving,5800,8.66561319653451
pochampally ikat weaving,5800,8.66561319653451
kalamkari block printing,1690,7.432483807917119
kalamkari block printing,1690,7.432483807917119
kalamkari block printing,1690,7.432483807917119
kalamkari block printing,1690,7.432483807917119
kalamkari block printing,1690,7.432483807917119
kalamkari block printing,1690,7.432483807917119
kalamkari block printing,1690,7.432483807917119
kalamkari block printing,1690,7.432483807917119
kalamkari block printing,1690,7.432483807917119
kalamkari block printing,1690,7.432483807917119
kalamkari block printing,1690,7.432483807917119
kalamkari block printing,1690,7.432483807917119
kalamkari block printing,1690,7.432483807917119
kalamkari block printing,1690,7.432483807917119
kalamkari block printing,1690,7.432483807917119
kalamkari block printing,1690,7.432483807917119
kalamkari block printing,1690,7.432483807917119
pochampally ikat weaving,9450,9.153770020487787
pochampally ikat weaving,9450,9.153770020487787
pochampally ikat weaving,9450,9.153770020487787
pochampally ikat weaving,9450,9.153770020487787
pochampally ikat weaving,9450,9.153770020487787
pochampally ikat weaving,9450,9.153770020487787
pochampally ikat weaving,9450,9.153770020487787
pochampally ikat weaving,9450,9.153770020487787
pochampally ikat weaving,9450,9.153770020487787
pochampally ikat weaving,9450,9.153770020487787
pochampally ikat weaving,9450,9.153770020487787
pochampally ikat weaving,9450,9.153770020487787
pochampally ikat weaving,9450,9.153770020487787
pochampally ikat weaving,9450,9.153770020487787
pochampally ikat weaving,9450,9.153770020487787
pochampally ikat weaving,9450,9.153770020487787
pochampally ikat weaving,9450,9.153770020487787
pochampally ikat weaving,9450,9.153770020487787
pochampally ikat weaving,9450,9.153770020487787
pochampally ikat weaving,9450,9.153770020487787
pochampally ikat weaving,9450,9.153770020487787
pochampally ikat weaving,9450,9.153770020487787
pochampally ikat weaving,9450,9.153770020487787
pochampally ikat weaving,9450,9.153770020487787
pochampally ikat weaving,9450,9.153770020487787
pochampally ikat weaving,9450,9.153770020487787
pochampally ikat weaving,9450,9.153770020487787
pochampally ikat weaving,9450,9.153770020487787
pochampally ikat weaving,9450,9.153770020487787
pochampally ikat weaving,15990,9.679718805828
pochampally ikat weaving,15990,9.679718805828
pochampally ikat weaving,15990,9.679718805828
pochampally ikat weaving,15990,9.679718805828
pochampally ikat weaving,15990,9.679718805828
pochampally ikat weaving,15990,9.679718805828
pochampally ikat weaving,15990,9.679718805828
pochampally ikat weaving,15990,9.679718805828
pochampally ikat weaving,15990,9.679718805828
pochampally ikat weaving,15990,9.679718805828
pochampally ikat weaving,15990,9.679718805828
pochampally ikat weaving,15990,9.679718805828
pochampally ikat weaving,15990,9.679718805828
pochampally ikat weaving,15990,9.679718805828
pochampally ikat weaving,9450,9.153770020487787
bandhani tie dye,2990,8.003028666384733
bandhani tie dye,2990,8.003028666384733
bandhani tie dye,2990,8.003028666384733
bandhani tie dye,2990,8.003028666384733
bandhani tie dye,2990,8.003028666384733
bandhani tie dye,2990,8.003028666384733
bandhani tie dye,2990,8.003028666384733
bandhani tie dye,2990,8.003028666384733
bandhani tie dye,2990,8.003028666384733
bandhani tie dye,2990,8.003028666384733
bandhani tie dye,2990,8.003028666384733
bandhani tie dye,2990,8.003028666384733
bandhani tie dye,2990,8.003028666384733
bandhani tie dye,2990,8.003028666384733
bandhani tie dye,2990,8.003028666384733
bandhani tie dye,2990,8.003028666384733
bandhani tie dye,2990,8.003028666384733
bandhani tie dye,2990,8.003028666384733
bandhani tie dye,2990,8.003028666384733
bandhani tie dye,2990,8.003028666384733
bandhani tie dye,2990,8.003028666384733
bandhani tie dye,2990,8.003028666384733
bandhani tie dye,2990,8.003028666384733
bandhani tie dye,2990,8.003028666384733
bandhani tie dye,2990,8.003028666384733
bandhani tie dye,2990,8.003028666384733
bandhani tie dye,2990,8.003028666384733
bandhani tie dye,2990,8.003028666384733
bandhani tie dye,2990,8.003028666384733
bandhani tie dye,2990,8.003028666384733
bandhani tie dye,2990,8.003028666384733
bandhani tie dye,2990,8.003028666384733
bandhani tie dye,2990,8.003028666384733
sanganeri block printing,2490,7.820037989458753
bandhani tie dye,2690,7.897296472595885
bandhani tie dye,2690,7.897296472595885
bandhani tie dye,2690,7.897296472595885
bandhani tie dye,2690,7.897296472595885
bandhani tie dye,2690,7.897296472595885
bandhani tie dye,2690,7.897296472595885
plain solid,2490,7.820037989458753
bandhani tie dye,2690,7.897296472595885
bandhani tie dye,2690,7.897296472595885
bandhani tie dye,2690,7.897296472595885
bandhani tie dye,2690,7.897296472595885
bandhani tie dye,2690,7.897296472595885
bandhani tie dye,2990,8.003028666384733
bandhani tie dye,2990,8.003028666384733
pochampally ikat weaving,3190,8.06777619577889
pochampally ikat weaving,3190,8.06777619577889
pochampally ikat weaving,3190,8.06777619577889
pochampally ikat weaving,2490,7.820037989458753
bandhani tie dye,2690,7.897296472595885
bandhani tie dye,2690,7.897296472595885
bandhani tie dye,2690,7.897296472595885
jacquard weaving,2490,7.820037989458753
ajrakh block printing,4990,8.515191188745565
jacquard weaving,2190,7.691656822810547
jacquard weaving,2190,7.691656822810547
jacquard weaving,2190,7.691656822810547
jacquard weaving,2190,7.691656822810547
jacquard weaving,2190,7.691656822810547
jacquard weaving,1950,7.575584651557793
jacquard weaving,2190,7.691656822810547
jacquard weaving,2190,7.691656822810547
jacquard weaving,2190,7.691656822810547
jacquard weaving,1950,7.575584651557793
jacquard weaving,2490,7.820037989458753
jacquard weaving,2190,7.691656822810547
jacquard weaving,2190,7.691656822810547
jacquard weaving,2190,7.691656822810547
jacquard weaving,2190,7.691656822810547
jacquard weaving,1950,7.575584651557793
bagru block printing,7190,8.880446450715093
bagru block printing,7190,8.880446450715093
bagru block printing,7190,8.880446450715093
bagru block printing,7190,8.880446450715093
bagru block printing,7190,8.880446450715093
bagru block printing,7190,8.880446450715093
bagru block printing,7190,8.880446450715093
bagru block printing,7190,8.880446450715093
bagru block printing,7190,8.880446450715093
bagru block printing,7190,8.880446450715093
bagru block printing,7190,8.880446450715093
bagru block printing,7190,8.880446450715093
bagru block printing,7190,8.880446450715093
bagru block printing,7190,8.880446450715093
bagru block printing,7190,8.880446450715093
bagru block printing,7190,8.880446450715093
bagru block printing,7190,8.880446450715093
bagru block printing,7190,8.880446450715093
bagru block printing,7190,8.880446450715093
bagru block printing,7190,8.880446450715093
bagru block printing,7190,8.880446450715093
bagru block printing,7190,8.880446450715093
bagru block printing,7190,8.880446450715093
bagru block printing,7190,8.880446450715093
bagru block printing,7190,8.880446450715093
bagru block printing,7190,8.880446450715093
kalamkari block printing,1690,7.432483807917119
kalamkari block printing,1690,7.432483807917119
kalamkari block printing,1690,7.432483807917119
kalamkari block printing,1690,7.432483807917119
kalamkari block printing,1690,7.432483807917119
kalamkari block printing,1690,7.432483807917119
kalamkari block printing,1690,7.432483807917119
kalamkari block printing,1690,7.432483807917119
kalamkari block printing,1690,7.432483807917119
kalamkari block printing,1690,7.432483807917119
kalamkari block printing,1850,7.52294091807237
kalamkari block printing,1850,7.52294091807237
kalamkari block printing,1850,7.52294091807237
kalamkari block printing,1850,7.52294091807237
kalamkari block printing,1850,7.52294091807237
kalamkari block printing,1850,7.52294091807237
kalamkari block printing,1850,7.52294091807237
kalamkari block printing,1850,7.52294091807237
kalamkari block printing,1850,7.52294091807237
kalamkari block printing,1850,7.52294091807237
kalamkari block printing,1850,7.52294091807237
kalamkari block printing,1850,7.52294091807237
kalamkari block printing,1850,7.52294091807237
kalamkari block printing,1690,7.432483807917119
pochampally ikat weaving,3490,8.157657015196472
bagru block printing,7190,8.880446450715093
kalamkari block printing,1850,7.52294091807237
sanganeri block printing,2590,7.859413154693583
sanganeri block printing,2590,7.859413154693583
sanganeri block printing,2590,7.859413154693583
sanganeri block printing,2590,7.859413154693583
sanganeri block printing,2590,7.859413154693583
sanganeri block printing,2590,7.859413154693583
sanganeri block printing,2590,7.859413154693583
sanganeri block printing,2590,7.859413154693583
sanganeri block printing,2590,7.859413154693583
batik block printing,1950,7.575584651557793
batik block printing,1950,7.575584651557793
batik block printing,1950,7.575584651557793
batik block printing,1950,7.575584651557793
batik block printing,1950,7.575584651557793
jacquard weaving,2490,7.820037989458753
sanganeri block printing,2490,7.820037989458753
sanganeri block printing,2490,7.820037989458753
sanganeri block printing,2490,7.820037989458753
jacquard weaving,5890,8.681011276645632
sanganeri block printing,2490,7.820037989458753
sanganeri block printing,2490,7.820037989458753
sanganeri block printing,2490,7.820037989458753
sanganeri block printing,2490,7.820037989458753
pochampally ikat weaving,5890,8.681011276645632
jacquard weaving,2190,7.691656822810547
jacquard weaving,6590,8.793308627496552
jacquard weaving,6590,8.793308627496552
jacquard weaving,6590,8.793308627496552
jacquard weaving,6590,8.793308627496552
jacquard weaving,6590,8.793308627496552
jacquard weaving,6590,8.793308627496552
jacquard weaving,6590,8.793308627496552
jacquard weaving,6590,8.793308627496552
jacquard weaving,6590,8.793308627496552
jacquard weaving,6590,8.793308627496552
jacquard weaving,6590,8.793308627496552
jacquard weaving,6590,8.793308627496552
jacquard weaving,6590,8.793308627496552
kalamkari block printing,3190,8.06777619577889
pochampally ikat weaving,7190,8.880446450715093
pochampally ikat weaving,6890,8.837826364007704
jacquard weaving,2190,7.691656822810547
jacquard weaving,5890,8.681011276645632
jacquard weaving,2490,7.820037989458753
jacquard weaving,3190,8.06777619577889
jacquard weaving,3190,8.06777619577889
sanganeri block printing,2490,7.820037989458753
jacquard weaving,2490,7.820037989458753
jacquard weaving,5890,8.681011276645632
jacquard weaving,2490,7.820037989458753
jacquard weaving,3190,8.06777619577889
jacquard weaving,2490,7.820037989458753
jacquard weaving,3490,8.157657015196472
jacquard weaving,5890,8.681011276645632
jacquard weaving,5690,8.646465527120377
jacquard weaving,2490,7.820037989458753
jacquard weaving,2490,7.820037989458753
sanganeri block printing,2490,7.820037989458753
sanganeri block printing,2490,7.820037989458753
plain solid,2590,7.859413154693583
plain solid,2590,7.859413154693583
plain solid,2590,7.859413154693583
plain solid,2590,7.859413154693583
plain solid,2590,7.859413154693583
plain solid,2590,7.859413154693583
plain solid,2590,7.859413154693583
plain solid,2590,7.859413154693583
plain solid,2590,7.859413154693583
plain solid,2590,7.859413154693583
plain solid,2590,7.859413154693583
plain solid,2590,7.859413154693583
plain solid,2590,7.859413154693583
plain solid,2590,7.859413154693583
plain solid,2590,7.859413154693583
plain solid,2590,7.859413154693583
plain solid,2590,7.859413154693583
plain solid,2590,7.859413154693583
plain solid,2590,7.859413154693583
plain solid,2590,7.859413154693583
plain solid,2590,7.859413154693583
plain solid,2590,7.859413154693583
plain solid,2590,7.859413154693583
plain solid,2590,7.859413154693583
plain solid,2590,7.859413154693583
plain solid,2590,7.859413154693583
plain solid,2590,7.859413154693583
plain solid,2590,7.859413154693583
plain solid,2590,7.859413154693583
plain solid,2590,7.859413154693583
plain solid,2590,7.859413154693583
plain solid,2590,7.859413154693583
plain solid,2590,7.859413154693583
plain solid,2590,7.859413154693583
plain solid,2590,7.859413154693583
plain solid,2590,7.859413154693583
plain solid,2590,7.859413154693583
plain solid,2590,7.859413154693583
plain solid,2590,7.859413154693583
plain solid,2590,7.859413154693583
plain solid,2590,7.859413154693583
ajrakh block printing,2690,7.897296472595885
sanganeri block printing,2590,7.859413154693583
plain solid,2590,7.859413154693583
jacquard weaving,2490,7.820037989458753
jacquard weaving,6590,8.793308627496552
jacquard weaving,2190,7.691656822810547
jacquard weaving,6790,8.823206220552741
jacquard weaving,5890,8.681011276645632
pochampally ikat weaving,2490,7.820037989458753
jacquard weaving,2490,7.820037989458753
jacquard weaving,2490,7.820037989458753
pochampally ikat weaving,4290,8.364042011922063
pochampally ikat weaving,9450,9.153770020487787
pochampally ikat weaving,9450,9.153770020487787
pochampally ikat weaving,9450,9.153770020487787
pochampally ikat weaving,9450,9.153770020487787
pochampally ikat weaving,9450,9.153770020487787
pochampally ikat weaving,9450,9.153770020487787
pochampally ikat weaving,9450,9.153770020487787
pochampally ikat weaving,9450,9.153770020487787
pochampally ikat weaving,9450,9.153770020487787
pochampally ikat weaving,9450,9.153770020487787
pochampally ikat weaving,9450,9.153770020487787
pochampally ikat weaving,3290,8.098642843759418
pochampally ikat weaving,2490,7.820037989458753
jacquard weaving,2490,7.820037989458753
jacquard weaving,5890,8.681011276645632
jacquard weaving,6690,8.808369153122275
jacquard weaving,6690,8.808369153122275
jacquard weaving,6190,8.730690365678642
jacquard weaving,2490,7.820037989458753
sanganeri block printing,2290,7.736307096548285
sanganeri block printing,2990,8.003028666384733
sanganeri block printing,2490,7.820037989458753
jacquard weaving,2490,7.820037989458753
jacquard weaving,2490,7.820037989458753
jacquard weaving,2490,7.820037989458753
jacquard weaving,2490,7.820037989458753
jacquard weaving,2490,7.820037989458753
jacquard weaving,2490,7.820037989458753
jacquard weaving,2490,7.820037989458753
jacquard weaving,2490,7.820037989458753
jacquard weaving,2490,7.820037989458753
jacquard weaving,2490,7.820037989458753
jacquard weaving,2490,7.820037989458753
jacquard weaving,2490,7.820037989458753
jacquard weaving,2490,7.820037989458753
jacquard weaving,2490,7.820037989458753
jacquard weaving,2490,7.820037989458753
jacquard weaving,2490,7.820037989458753
plain solid,3890,8.266164436612492
sanganeri block printing,2490,7.820037989458753
jacquard weaving,2490,7.820037989458753
jacquard weaving,2490,7.820037989458753
jacquard weaving,3190,8.06777619577889
jacquard weaving,2490,7.820037989458753
bandhani tie dye,2890,7.969011781106478
bandhani tie dye,2890,7.969011781106478
bandhani tie dye,2890,7.969011781106478
bandhani tie dye,2890,7.969011781106478
bandhani tie dye,2890,7.969011781106478
bandhani tie dye,2890,7.969011781106478
bandhani tie dye,2890,7.969011781106478
bandhani tie dye,2890,7.969011781106478
bandhani tie dye,2890,7.969011781106478
bandhani tie dye,2890,7.969011781106478
bandhani tie dye,2890,7.969011781106478
bandhani tie dye,2890,7.969011781106478
bandhani tie dye,2890,7.969011781106478
bandhani tie dye,2890,7.969011781106478
jacquard weaving,3490,8.157657015196472
bandhani tie dye,2890,7.969011781106478
bandhani tie dye,2890,7.969011781106478
bandhani tie dye,2890,7.969011781106478
bandhani tie dye,2890,7.969011781106478
bandhani tie dye,2890,7.969011781106478
bandhani tie dye,2890,7.969011781106478
bandhani tie dye,2890,7.969011781106478
bandhani tie dye,2890,7.969011781106478
bandhani tie dye,2890,7.969011781106478
bandhani tie dye,2890,7.969011781106478
bandhani tie dye,2890,7.969011781106478
bandhani tie dye,2890,7.969011781106478
pochampally ikat weaving,2490,7.820037989458753
pochampally ikat weaving,3290,8.098642843759418
bandhani tie dye,2890,7.969011781106478
jacquard weaving,2490,7.820037989458753
jacquard weaving,2490,7.820037989458753
jacquard weaving,2490,7.820037989458753
jacquard weaving,2490,7.820037989458753
jacquard weaving,2490,7.820037989458753
jacquard weaving,2490,7.820037989458753
jacquard weaving,2490,7.820037989458753
jacquard weaving,2490,7.820037989458753
jacquard weaving,2490,7.820037989458753
bagru block printing,8590,9.0583540149783
bagru block printing,8590,9.0583540149783
bagru block printing,8590,9.0583540149783
bagru block printing,8590,9.0583540149783
bagru block printing,8590,9.0583540149783
bagru block printing,8590,9.0583540149783
bagru block printing,8590,9.0583540149783
bagru block printing,8590,9.0583540149783
bagru block printing,8590,9.0583540149783
bagru block printing,8590,9.0583540149783
bagru block printing,8590,9.0583540149783
bagru block printing,8590,9.0583540149783
bagru block printing,8590,9.0583540149783
bagru block printing,8590,9.0583540149783
bagru block printing,8590,9.0583540149783
bagru block printing,8590,9.0583540149783
sanganeri block printing,2890,7.969011781106478
sanganeri block printing,2890,7.969011781106478
sanganeri block printing,2890,7.969011781106478
sanganeri block printing,2890,7.969011781106478
sanganeri block printing,2890,7.969011781106478
pochampally ikat weaving,2890,7.969011781106478
pochampally ikat weaving,2890,7.969011781106478
pochampally ikat weaving,2890,7.969011781106478
pochampally ikat weaving,2890,7.969011781106478
pochampally ikat weaving,2890,7.969011781106478
pochampally ikat weaving,2890,7.969011781106478
pochampally ikat weaving,2890,7.969011781106478
pochampally ikat weaving,2890,7.969011781106478
pochampally ikat weaving,2890,7.969011781106478
jacquard weaving,2190,7.691656822810547
jacquard weaving,3490,8.157657015196472
jacquard weaving,2490,7.820037989458753
bagru block printing,8590,9.0583540149783
jacquard weaving,2190,7.691656822810547
jacquard weaving,2690,7.897296472595885
jacquard weaving,2690,7.897296472595885
jacquard weaving,2690,7.897296472595885
pochampally ikat weaving,2290,7.736307096548285
pochampally ikat weaving,2290,7.736307096548285
pochampally ikat weaving,2490,7.820037989458753
pochampally ikat weaving,2490,7.820037989458753
kalamkari block printing,3290,8.098642843759418
kalamkari block printing,3290,8.098642843759418
kalamkari block printing,3290,8.098642843759418
kalamkari block printing,3290,8.098642843759418
kalamkari block printing,3290,8.098642843759418
kalamkari block printing,3290,8.098642843759418
ajrakh block printing,12490,9.432683603119624
ajrakh block printing,12490,9.432683603119624
ajrakh block printing,12490,9.432683603119624
ajrakh block printing,12490,9.432683603119624
ajrakh block printing,12490,9.432683603119624
ajrakh block printing,12490,9.432683603119624
pochampally ikat weaving,6190,8.730690365678642
pochampally ikat weaving,2990,8.003028666384733
jacquard weaving,2290,7.736307096548285
jacquard weaving,2490,7.820037989458753
jacquard weaving,2490,7.820037989458753
jacquard weaving,2690,7.897296472595885
jacquard weaving,2990,8.003028666384733
pochampally ikat weaving,3190,8.06777619577889
ajrakh block printing,2690,7.897296472595885
sanganeri block printing,3890,8.266164436612492
sanganeri block printing,3890,8.266164436612492
sanganeri block printing,3890,8.266164436612492
sanganeri block printing,3890,8.266164436612492
sanganeri block printing,3890,8.266164436612492
batik block printing,3490,8.157657015196472
jacquard weaving,2290,7.736307096548285
ajrakh block printing,2890,7.969011781106478
ajrakh block printing,3590,8.185907481482324
pochampally ikat weaving,3190,8.06777619577889
pochampally ikat weaving,3190,8.06777619577889
pochampally ikat weaving,3190,8.06777619577889
sanganeri block printing,3890,8.266164436612492
ajrakh block printing,8490,9.046644279305394
ajrakh block printing,8490,9.046644279305394
ajrakh block printing,8490,9.046644279305394
ajrakh block printing,8490,9.046644279305394
ajrakh block printing,8490,9.046644279305394
ajrakh block printing,12490,9.432683603119624
ajrakh block printing,12490,9.432683603119624
ajrakh block printing,12490,9.432683603119624
ajrakh block printing,12490,9.432683603119624
ajrakh block printing,6290,8.746716349694486
ajrakh block printing,6290,8.746716349694486
ajrakh block printing,6290,8.746716349694486
ajrakh block printing,6290,8.746716349694486
pochampally ikat weaving,3490,8.157657015196472
jacquard weaving,2290,7.736307096548285
bagru block printing,3190,8.06777619577889
jacquard weaving,2490,7.820037989458753
jacquard weaving,2450,7.803843303538772
jacquard weaving,2450,7.803843303538772
jacquard weaving,2290,7.736307096548285
jacquard weaving,2290,7.736307096548285
jacquard weaving,3150,8.055157731819678
plain solid,2690,7.897296472595885
batik block printing,3290,8.098642843759418
sanganeri block printing,3590,8.185907481482324
ajrakh block printing,3590,8.185907481482324
jacquard weaving,2490,7.820037989458753
jacquard weaving,2190,7.691656822810547
pochampally ikat weaving,3190,8.06777619577889
sanganeri block printing,3190,8.06777619577889
bagru block printing,3190,8.06777619577889
jacquard weaving,6950,8.846496938558838
ajrakh block printing,3890,8.266164436612492
ajrakh block printing,6290,8.746716349694486
pochampally ikat weaving,3490,8.157657015196472
jacquard weaving,4490,8.4096079807363
jacquard weaving,3490,8.157657015196472
jacquard weaving,2450,7.803843303538772
jacquard weaving,2290,7.736307096548285
pochampally ikat weaving,4890,8.494947582468917
pochampally ikat weaving,4890,8.494947582468917
pochampally ikat weaving,4890,8.494947582468917
pochampally ikat weaving,4890,8.494947582468917
batik block printing,4290,8.364042011922063
ajrakh block printing,6990,8.852235835227855
jacquard weaving,3490,8.157657015196472
jacquard weaving,3490,8.157657015196472
jacquard weaving,3490,8.157657015196472
jacquard weaving,3490,8.157657015196472
jacquard weaving,2490,7.820037989458753
jacquard weaving,2490,7.820037989458753
jacquard weaving,2490,7.820037989458753
jacquard weaving,2490,7.820037989458753
jacquard weaving,2490,7.820037989458753
plain solid,3750,8.229511118964457
plain solid,3490,8.157657015196472
jacquard weaving,3490,8.157657015196472
jacquard weaving,3465,8.150467911624004
jacquard weaving,3490,8.157657015196472
pochampally ikat weaving,3490,8.157657015196472
plain solid,3750,8.229511118964457
kalamkari block printing,1690,7.432483807917119
kalamkari block printing,1690,7.432483807917119
kalamkari block printing,1690,7.432483807917119
kalamkari block printing,1690,7.432483807917119
kalamkari block printing,1690,7.432483807917119
kalamkari block printing,1690,7.432483807917119
kalamkari block printing,1690,7.432483807917119
kalamkari block printing,1690,7.432483807917119
kalamkari block printing,1690,7.432483807917119
jacquard weaving,3190,8.06777619577889
jacquard weaving,3190,8.06777619577889
jacquard weaving,1990,7.595889917718538
jacquard weaving,2890,7.969011781106478
jacquard weaving,2890,7.969011781106478
jacquard weaving,2890,7.969011781106478
jacquard weaving,1990,7.595889917718538
jacquard weaving,2290,7.736307096548285
jacquard weaving,2890,7.969011781106478
jacquard weaving,3190,8.06777619577889
jacquard weaving,2990,8.003028666384733
jacquard weaving,1990,7.595889917718538
kalamkari block printing,1850,7.52294091807237
kalamkari block printing,1850,7.52294091807237
kalamkari block printing,1850,7.52294091807237
kalamkari block printing,1850,7.52294091807237
kalamkari block printing,1850,7.52294091807237
kalamkari block printing,1850,7.52294091807237
kalamkari block printing,1850,7.52294091807237
kalamkari block printing,1850,7.52294091807237
kalamkari block printing,1850,7.52294091807237
kalamkari block printing,1850,7.52294091807237
kalamkari block printing,1850,7.52294091807237
kalamkari block printing,1850,7.52294091807237
kalamkari block printing,1850,7.52294091807237
kalamkari block printing,1850,7.52294091807237
kalamkari block printing,1850,7.52294091807237
kalamkari block printing,1850,7.52294091807237
kalamkari block printing,1850,7.52294091807237
kalamkari block printing,1850,7.52294091807237
kalamkari block printing,1850,7.52294091807237
kalamkari block printing,1850,7.52294091807237
kalamkari block printing,1850,7.52294091807237
kalamkari block printing,1850,7.52294091807237
sanganeri block printing,3190,8.06777619577889
sanganeri block printing,2190,7.691656822810547
sanganeri block printing,2890,7.969011781106478
jacquard weaving,2490,7.820037989458753
ajrakh block printing,4290,8.364042011922063
ajrakh block printing,4290,8.364042011922063
kalamkari block printing,1690,7.432483807917119
kalamkari block printing,1690,7.432483807917119
bagru block printing,7190,8.880446450715093
bagru block printing,7190,8.880446450715093
bagru block printing,7190,8.880446450715093
bagru block printing,7190,8.880446450715093
bagru block printing,7190,8.880446450715093
bagru block printing,7190,8.880446450715093
bagru block printing,7190,8.880446450715093
bagru block printing,7190,8.880446450715093
ajrakh block printing,4290,8.364042011922063
jacquard weaving,2690,7.897296472595885
ajrakh block printing,6990,8.852235835227855
ajrakh block printing,3890,8.266164436612492
ajrakh block printing,3890,8.266164436612492
ajrakh block printing,3850,8.25582842728183
ajrakh block printing,3850,8.25582842728183
ajrakh block printing,3850,8.25582842728183
ajrakh block printing,3850,8.25582842728183
ajrakh block printing,3850,8.25582842728183
ajrakh block printing,3850,8.25582842728183
bagru block printing,1990,7.595889917718538
sanganeri block printing,1990,7.595889917718538
sanganeri block printing,1990,7.595889917718538
bagru block printing,3590,8.185907481482324
sanganeri block printing,2100,7.649692623711514
sanganeri block printing,2390,7.779048644925556
jacquard weaving,2750,7.919356190660617
jacquard weaving,2750,7.919356190660617
plain solid,4290,8.364042011922063
batik block printing,2790,7.933796874815411
pochampally ikat weaving,2990,8.003028666384733
bandhani tie dye,9990,9.2093398716426
bandhani tie dye,9990,9.2093398716426
pochampally ikat weaving,2990,8.003028666384733
bandhani tie dye,3890,8.266164436612492
bandhani tie dye,3890,8.266164436612492
bandhani tie dye,3890,8.266164436612492
bandhani tie dye,3890,8.266164436612492
patchwork,5290,8.573573524852344
ajrakh block printing,5190,8.554488976159934
patchwork,5290,8.573573524852344
ajrakh block printing,5190,8.554488976159934
pochampally ikat weaving,6190,8.730690365678642
sanganeri block printing,6990,8.852235835227855
sanganeri block printing,4890,8.494947582468917
sanganeri block printing,6990,8.852235835227855
pochampally ikat weaving,6190,8.730690365678642
pochampally ikat weaving,6190,8.730690365678642
pochampally ikat weaving,6190,8.730690365678642
bagru block printing,4890,8.494947582468917
bagru block printing,4890,8.494947582468917
bagru block printing,7990,8.98594603876032
bagru block printing,7990,8.98594603876032
bagru block printing,7990,8.98594603876032
bagru block printing,7990,8.98594603876032
ajrakh block printing,5190,8.554488976159934
ajrakh block printing,5190,8.554488976159934
ajrakh block printing,5190,8.554488976159934
ajrakh block printing,5190,8.554488976159934
jacquard weaving,4290,8.364042011922063
jacquard weaving,4290,8.364042011922063
jacquard weaving,5190,8.554488976159934
jacquard weaving,5190,8.554488976159934
bandhani tie dye,11990,9.39182824802156
bagh block printing,4990,8.515191188745565
bagh block printing,4990,8.515191188745565
bagh block printing,4990,8.515191188745565
bagh block printing,4990,8.515191188745565
bagru block printing,4890,8.494947582468917
bagru block printing,4890,8.494947582468917
bagru block printing,4890,8.494947582468917
bandhani tie dye,19990,9.902987427494446
bandhani tie dye,19990,9.902987427494446
bagh block printing,9290,9.136693831807884
bagh block printing,4990,8.515191188745565
batik block printing,4490,8.4096079807363
bandhani tie dye,4990,8.515191188745565
bandhani tie dye,4990,8.515191188745565
bandhani tie dye,4990,8.515191188745565
patchwork,5290,8.573573524852344
patchwork,5290,8.573573524852344
patchwork,5290,8.573573524852344
patchwork,5290,8.573573524852344
ajrakh block printing,5190,8.554488976159934
ajrakh block printing,5190,8.554488976159934
ajrakh block printing,5190,8.554488976159934
ajrakh block printing,5190,8.554488976159934
ajrakh block printing,5190,8.554488976159934
ajrakh block printing,5190,8.554488976159934
jacquard weaving,4290,8.364042011922063
bagru block printing,4890,8.494947582468917
bagru block printing,4890,8.494947582468917
bagru block printing,4890,8.494947582468917
bagru block printing,4890,8.494947582468917
bagru block printing,4890,8.494947582468917
bagru block printing,7990,8.98594603876032
bagru block printing,7990,8.98594603876032
bagru block printing,7990,8.98594603876032
bagru block printing,7990,8.98594603876032
bagru block printing,7990,8.98594603876032
bagru block printing,7990,8.98594603876032
bagru block printing,7990,8.98594603876032
bagru block printing,7990,8.98594603876032
bagru block printing,7990,8.98594603876032
bagru block printing,7990,8.98594603876032
bagru block printing,7990,8.98594603876032
bagru block printing,7990,8.98594603876032
bagru block printing,7990,8.98594603876032
bagru block printing,7990,8.98594603876032
bagru block printing,7990,8.98594603876032
bagru block printing,7990,8.98594603876032
bagru block printing,7990,8.98594603876032
bagru block printing,7990,8.98594603876032
bandhani tie dye,3890,8.266164436612492
bandhani tie dye,3890,8.266164436612492
bandhani tie dye,3890,8.266164436612492
bandhani tie dye,3890,8.266164436612492
bandhani tie dye,4290,8.364042011922063
bandhani tie dye,4290,8.364042011922063
bandhani tie dye,4290,8.364042011922063
bandhani tie dye,4290,8.364042011922063
bandhani tie dye,4290,8.364042011922063
bandhani tie dye,4290,8.364042011922063
bandhani tie dye,4290,8.364042011922063
bandhani tie dye,4290,8.364042011922063
bandhani tie dye,4290,8.364042011922063
bandhani tie dye,4290,8.364042011922063
bandhani tie dye,4290,8.364042011922063
bandhani tie dye,4290,8.364042011922063
bandhani tie dye,4290,8.364042011922063
bandhani tie dye,4290,8.364042011922063
bandhani tie dye,4290,8.364042011922063
bandhani tie dye,4290,8.364042011922063
bandhani tie dye,4290,8.364042011922063
bandhani tie dye,4290,8.364042011922063
bandhani tie dye,4290,8.364042011922063
bandhani tie dye,4290,8.364042011922063
bandhani tie dye,4290,8.364042011922063
bandhani tie dye,4290,8.364042011922063
bandhani tie dye,4290,8.364042011922063
bandhani tie dye,4290,8.364042011922063
bandhani tie dye,4290,8.364042011922063
bandhani tie dye,4290,8.364042011922063
bandhani tie dye,4290,8.364042011922063
bandhani tie dye,4290,8.364042011922063
bandhani tie dye,4290,8.364042011922063
bandhani tie dye,4290,8.364042011922063
bandhani tie dye,4290,8.364042011922063
bandhani tie dye,4290,8.364042011922063
bandhani tie dye,4290,8.364042011922063
bandhani tie dye,4290,8.364042011922063
bandhani tie dye,4290,8.364042011922063
bandhani tie dye,4690,8.453187861440325
bandhani tie dye,4690,8.453187861440325
bandhani tie dye,4690,8.453187861440325
bandhani tie dye,4690,8.453187861440325
bandhani tie dye,4690,8.453187861440325
bandhani tie dye,4690,8.453187861440325
bandhani tie dye,4690,8.453187861440325
bandhani tie dye,4690,8.453187861440325
bandhani tie dye,4690,8.453187861440325
bandhani tie dye,4490,8.4096079807363
bandhani tie dye,4490,8.4096079807363
bandhani tie dye,4490,8.4096079807363
bandhani tie dye,4490,8.4096079807363
bandhani tie dye,4490,8.4096079807363
bandhani tie dye,4490,8.4096079807363
bandhani tie dye,4490,8.4096079807363
bandhani tie dye,4290,8.364042011922063
bandhani tie dye,4290,8.364042011922063
bandhani tie dye,4290,8.364042011922063
bandhani tie dye,4290,8.364042011922063
bandhani tie dye,4290,8.364042011922063
bandhani tie dye,4290,8.364042011922063
bandhani tie dye,4290,8.364042011922063
bandhani tie dye,4290,8.364042011922063
bandhani tie dye,4290,8.364042011922063
bandhani tie dye,4290,8.364042011922063
bandhani tie dye,4290,8.364042011922063
bandhani tie dye,4290,8.364042011922063
bandhani tie dye,4290,8.364042011922063
bandhani tie dye,4290,8.364042011922063
bandhani tie dye,4290,8.364042011922063
bandhani tie dye,4290,8.364042011922063
bandhani tie dye,4290,8.364042011922063
bandhani tie dye,4290,8.364042011922063
bandhani tie dye,4290,8.364042011922063
bandhani tie dye,2650,7.882314918980268
bandhani tie dye,2650,7.882314918980268
bandhani tie dye,2650,7.882314918980268
bandhani tie dye,2650,7.882314918980268
bandhani tie dye,4290,8.364042011922063
bandhani tie dye,4290,8.364042011922063
bandhani tie dye,4290,8.364042011922063
bandhani tie dye,4290,8.364042011922063
bandhani tie dye,4690,8.453187861440325
bandhani tie dye,4490,8.4096079807363
bandhani tie dye,4290,8.364042011922063
bandhani tie dye,4290,8.364042011922063
bandhani tie dye,4290,8.364042011922063
bandhani tie dye,4290,8.364042011922063
bandhani tie dye,2650,7.882314918980268
bandhani tie dye,4290,8.364042011922063
bandhani tie dye,4290,8.364042011922063
bandhani tie dye,4290,8.364042011922063
bandhani tie dye,4290,8.364042011922063
bandhani tie dye,4290,8.364042011922063
bandhani tie dye,4290,8.364042011922063
bandhani tie dye,4290,8.364042011922063
bandhani tie dye,4290,8.364042011922063
bandhani tie dye,4290,8.364042011922063
bandhani tie dye,4290,8.364042011922063
bandhani tie dye,4290,8.364042011922063
bandhani tie dye,4290,8.364042011922063
bandhani tie dye,4290,8.364042011922063
bandhani tie dye,4290,8.364042011922063
bandhani tie dye,4290,8.364042011922063
bandhani tie dye,4290,8.364042011922063
bandhani tie dye,4290,8.364042011922063
bandhani tie dye,4290,8.364042011922063
bandhani tie dye,4290,8.364042011922063
bandhani tie dye,4290,8.364042011922063
bandhani tie dye,4290,8.364042011922063
bandhani tie dye,4290,8.364042011922063
bandhani tie dye,4290,8.364042011922063
bandhani tie dye,4290,8.364042011922063
pochampally ikat weaving,6190,8.730690365678642
pochampally ikat weaving,6190,8.730690365678642
pochampally ikat weaving,6190,8.730690365678642
pochampally ikat weaving,6190,8.730690365678642
pochampally ikat weaving,6190,8.730690365678642
pochampally ikat weaving,6190,8.730690365678642
pochampally ikat weaving,6190,8.730690365678642
pochampally ikat weaving,6190,8.730690365678642
pochampally ikat weaving,6190,8.730690365678642
pochampally ikat weaving,6190,8.730690365678642
bandhani tie dye,4990,8.515191188745565
bandhani tie dye,4990,8.515191188745565
bandhani tie dye,4990,8.515191188745565
bandhani tie dye,4990,8.515191188745565
bandhani tie dye,4990,8.515191188745565
bandhani tie dye,4990,8.515191188745565
bandhani tie dye,4990,8.515191188745565
pochampally ikat weaving,6190,8.730690365678642
bagh block printing,4990,8.515191188745565
bagh block printing,4990,8.515191188745565
bagh block printing,4990,8.515191188745565
bagh block printing,4990,8.515191188745565
bagh block printing,4990,8.515191188745565
bagh block printing,4990,8.515191188745565
bagh block printing,4990,8.515191188745565
bagh block printing,4990,8.515191188745565
bagh block printing,4990,8.515191188745565
bagh block printing,4990,8.515191188745565
bagh block printing,4990,8.515191188745565
bagh block printing,4990,8.515191188745565
bagh block printing,2690,7.897296472595885
bagh block printing,2690,7.897296472595885
bagh block printing,2690,7.897296472595885
bagh block printing,2690,7.897296472595885
bagh block printing,2690,7.897296472595885
bagh block printing,2690,7.897296472595885
bagh block printing,2690,7.897296472595885
bagh block printing,2690,7.897296472595885
bagh block printing,2690,7.897296472595885
bagh block printing,2690,7.897296472595885
bagh block printing,2690,7.897296472595885
bagh block printing,2690,7.897296472595885
bagh block printing,2690,7.897296472595885
bagh block printing,4990,8.515191188745565
sanganeri block printing,4590,8.431635303054591
bagru block printing,4590,8.431635303054591
bagru block printing,4590,8.431635303054591
bagru block printing,4590,8.431635303054591
bagru block printing,4590,8.431635303054591
bagru block printing,4590,8.431635303054591
bagru block printing,4590,8.431635303054591
bagru block printing,4590,8.431635303054591
bagru block printing,4590,8.431635303054591
bagru block printing,4590,8.431635303054591
bagru block printing,4590,8.431635303054591
bagru block printing,4590,8.431635303054591
bagru block printing,4590,8.431635303054591
bagru block printing,4590,8.431635303054591
bagru block printing,4590,8.431635303054591
bagru block printing,4590,8.431635303054591
bagru block printing,4590,8.431635303054591
bagru block printing,4590,8.431635303054591
batik block printing,4490,8.4096079807363
batik block printing,4490,8.4096079807363
batik block printing,4490,8.4096079807363
batik block printing,4490,8.4096079807363
batik block printing,4490,8.4096079807363
batik block printing,4490,8.4096079807363
batik block printing,4490,8.4096079807363
batik block printing,4490,8.4096079807363
batik block printing,4490,8.4096079807363
batik block printing,4490,8.4096079807363
batik block printing,4490,8.4096079807363
batik block printing,4490,8.4096079807363
sanganeri block printing,4590,8.431635303054591
sanganeri block printing,4590,8.431635303054591
sanganeri block printing,4590,8.431635303054591
sanganeri block printing,4590,8.431635303054591
sanganeri block printing,4590,8.431635303054591
sanganeri block printing,4590,8.431635303054591
sanganeri block printing,4590,8.431635303054591
sanganeri block printing,4590,8.431635303054591
bandhani tie dye,4490,8.4096079807363
bandhani tie dye,4490,8.4096079807363
bandhani tie dye,4490,8.4096079807363
bandhani tie dye,4490,8.4096079807363
bandhani tie dye,4490,8.4096079807363
bandhani tie dye,4490,8.4096079807363
bandhani tie dye,4490,8.4096079807363
bandhani tie dye,4490,8.4096079807363
bandhani tie dye,4490,8.4096079807363
bandhani tie dye,4490,8.4096079807363
bandhani tie dye,4490,8.4096079807363
bandhani tie dye,4490,8.4096079807363
bandhani tie dye,4490,8.4096079807363
bandhani tie dye,4490,8.4096079807363
bandhani tie dye,4490,8.4096079807363
bandhani tie dye,4490,8.4096079807363
bandhani tie dye,4490,8.4096079807363
bandhani tie dye,2650,7.882314918980268
bandhani tie dye,2650,7.882314918980268
bandhani tie dye,2650,7.882314918980268
bandhani tie dye,2650,7.882314918980268
bandhani tie dye,2650,7.882314918980268
bandhani tie dye,2650,7.882314918980268
bandhani tie dye,2650,7.882314918980268
bandhani tie dye,2650,7.882314918980268
bandhani tie dye,2650,7.882314918980268
bandhani tie dye,2650,7.882314918980268
bandhani tie dye,2650,7.882314918980268
bandhani tie dye,2650,7.882314918980268
bandhani tie dye,2650,7.882314918980268
bandhani tie dye,2650,7.882314918980268
bandhani tie dye,2650,7.882314918980268
bandhani tie dye,2650,7.882314918980268
bandhani tie dye,2650,7.882314918980268
bandhani tie dye,2650,7.882314918980268
bandhani tie dye,2650,7.882314918980268
bandhani tie dye,2650,7.882314918980268
bandhani tie dye,2650,7.882314918980268
bandhani tie dye,2650,7.882314918980268
bandhani tie dye,2650,7.882314918980268
bandhani tie dye,2650,7.882314918980268
bandhani tie dye,2650,7.882314918980268
bandhani tie dye,2650,7.882314918980268
bandhani tie dye,2650,7.882314918980268
bandhani tie dye,2650,7.882314918980268
bandhani tie dye,2650,7.882314918980268
bandhani tie dye,2650,7.882314918980268
sanganeri block printing,4590,8.431635303054591
sanganeri block printing,4590,8.431635303054591
sanganeri block printing,4590,8.431635303054591
sanganeri block printing,4590,8.431635303054591
sanganeri block printing,4590,8.431635303054591
sanganeri block printing,4590,8.431635303054591
sanganeri block printing,4590,8.431635303054591
sanganeri block printing,4590,8.431635303054591
sanganeri block printing,4590,8.431635303054591
sanganeri block printing,4590,8.431635303054591
sanganeri block printing,4590,8.431635303054591
sanganeri block printing,4590,8.431635303054591
sanganeri block printing,4590,8.431635303054591
sanganeri block printing,4590,8.431635303054591
sanganeri block printing,4590,8.431635303054591
sanganeri block printing,4590,8.431635303054591
sanganeri block printing,4590,8.431635303054591
sanganeri block printing,4590,8.431635303054591
sanganeri block printing,4590,8.431635303054591
sanganeri block printing,4590,8.431635303054591
sanganeri block printing,4590,8.431635303054591
sanganeri block printing,4590,8.431635303054591
sanganeri block printing,4590,8.431635303054591
sanganeri block printing,4590,8.431635303054591
sanganeri block printing,4590,8.431635303054591
sanganeri block printing,4590,8.431635303054591
sanganeri block printing,4590,8.431635303054591
sanganeri block printing,4590,8.431635303054591
bagru block printing,4590,8.431635303054591
sanganeri block printing,4590,8.431635303054591
ajrakh block printing,6450,8.771835409789817
ajrakh block printing,6450,8.771835409789817
ajrakh block printing,6450,8.771835409789817
ajrakh block printing,6450,8.771835409789817
ajrakh block printing,6450,8.771835409789817
ajrakh block printing,6450,8.771835409789817
ajrakh block printing,6450,8.771835409789817
ajrakh block printing,6450,8.771835409789817
ajrakh block printing,6450,8.771835409789817
ajrakh block printing,6450,8.771835409789817
ajrakh block printing,6450,8.771835409789817
ajrakh block printing,6450,8.771835409789817
ajrakh block printing,6450,8.771835409789817
ajrakh block printing,6450,8.771835409789817
ajrakh block printing,6450,8.771835409789817
ajrakh block printing,6450,8.771835409789817
ajrakh block printing,6450,8.771835409789817
ajrakh block printing,6450,8.771835409789817
ajrakh block printing,6450,8.771835409789817
ajrakh block printing,6450,8.771835409789817
batik block printing,2290,7.736307096548285
batik block printing,2290,7.736307096548285
sanganeri block printing,2450,7.803843303538772
batik block printing,2290,7.736307096548285
sanganeri block printing,2450,7.803843303538772
sanganeri block printing,2450,7.803843303538772
sanganeri block printing,2450,7.803843303538772
batik block printing,2450,7.803843303538772
batik block printing,2450,7.803843303538772
bandhani tie dye,4990,8.515191188745565
bandhani tie dye,4990,8.515191188745565
bandhani tie dye,4990,8.515191188745565
bandhani tie dye,4990,8.515191188745565
bandhani tie dye,2650,7.882314918980268
bandhani tie dye,2290,7.736307096548285
bandhani tie dye,2290,7.736307096548285
bandhani tie dye,2290,7.736307096548285
bandhani tie dye,2290,7.736307096548285
bandhani tie dye,2290,7.736307096548285
bandhani tie dye,2290,7.736307096548285
bandhani tie dye,3890,8.266164436612492
bandhani tie dye,3890,8.266164436612492
bandhani tie dye,3890,8.266164436612492
bandhani tie dye,3890,8.266164436612492
bandhani tie dye,3890,8.266164436612492
bandhani tie dye,3890,8.266164436612492
bandhani tie dye,3890,8.266164436612492
bandhani tie dye,3890,8.266164436612492
bandhani tie dye,3890,8.266164436612492
bandhani tie dye,3890,8.266164436612492
bandhani tie dye,3890,8.266164436612492
bandhani tie dye,3890,8.266164436612492
bandhani tie dye,3890,8.266164436612492
bandhani tie dye,3890,8.266164436612492
bandhani tie dye,3890,8.266164436612492
bandhani tie dye,3890,8.266164436612492
ajrakh block printing,10290,9.238927828828094
ajrakh block printing,10290,9.238927828828094
ajrakh block printing,10290,9.238927828828094
ajrakh block printing,10290,9.238927828828094
ajrakh block printing,10290,9.238927828828094
ajrakh block printing,10290,9.238927828828094
ajrakh block printing,10290,9.238927828828094
ajrakh block printing,10290,9.238927828828094
ajrakh block printing,10290,9.238927828828094
ajrakh block printing,10290,9.238927828828094
ajrakh block printing,10290,9.238927828828094
ajrakh block printing,10290,9.238927828828094
ajrakh block printing,10290,9.238927828828094
ajrakh block printing,10290,9.238927828828094
ajrakh block printing,10290,9.238927828828094
ajrakh block printing,10290,9.238927828828094
ajrakh block printing,10290,9.238927828828094
ajrakh block printing,10290,9.238927828828094
ajrakh block printing,10290,9.238927828828094
ajrakh block printing,10290,9.238927828828094
ajrakh block printing,11590,9.357897936333798
ajrakh block printing,11590,9.357897936333798
ajrakh block printing,11590,9.357897936333798
ajrakh block printing,11590,9.357897936333798
ajrakh block printing,11590,9.357897936333798
ajrakh block printing,10290,9.238927828828094
ajrakh block printing,10290,9.238927828828094
ajrakh block printing,10290,9.238927828828094
ajrakh block printing,6450,8.771835409789817
ajrakh block printing,6450,8.771835409789817
ajrakh block printing,6450,8.771835409789817
ajrakh block printing,6450,8.771835409789817
ajrakh block printing,6450,8.771835409789817
ajrakh block printing,11590,9.357897936333798
ajrakh block printing,10290,9.238927828828094
ajrakh block printing,6450,8.771835409789817
batik block printing,2290,7.736307096548285
ajrakh block printing,10290,9.238927828828094
ajrakh block printing,6490,8.778017809698136
ajrakh block printing,6490,8.778017809698136
ajrakh block printing,6490,8.778017809698136
ajrakh block printing,6490,8.778017809698136
ajrakh block printing,6490,8.778017809698136
ajrakh block printing,6490,8.778017809698136
ajrakh block printing,6490,8.778017809698136
ajrakh block printing,6490,8.778017809698136
ajrakh block printing,6490,8.778017809698136
ajrakh block printing,6490,8.778017809698136
ajrakh block printing,6490,8.778017809698136
ajrakh block printing,6490,8.778017809698136
bandhani tie dye,3990,8.29154650988391
bandhani tie dye,3990,8.29154650988391
bandhani tie dye,3990,8.29154650988391
bandhani tie dye,3990,8.29154650988391
bandhani tie dye,2990,8.003028666384733
bandhani tie dye,4490,8.4096079807363
bandhani tie dye,4490,8.4096079807363
bandhani tie dye,4490,8.4096079807363
bandhani tie dye,3290,8.098642843759418
bandhani tie dye,2650,7.882314918980268
bagh block printing,4990,8.515191188745565
bagh block printing,4990,8.515191188745565
bagh block printing,4990,8.515191188745565
bagh block printing,4990,8.515191188745565
bagh block printing,4990,8.515191188745565
bagh block printing,4990,8.515191188745565
bagh block printing,4990,8.515191188745565
bagh block printing,4990,8.515191188745565
bagh block printing,4990,8.515191188745565
bagh block printing,4990,8.515191188745565
bagh block printing,4990,8.515191188745565
bagh block printing,4990,8.515191188745565
bagh block printing,4990,8.515191188745565
bagh block printing,4990,8.515191188745565
bagh block printing,4990,8.515191188745565
bagh block printing,4990,8.515191188745565
bagh block printing,4990,8.515191188745565
bagh block printing,4990,8.515191188745565
bagh block printing,4990,8.515191188745565
batik block printing,1750,7.46737106691756
batik block printing,1750,7.46737106691756
batik block printing,1750,7.46737106691756
batik block printing,1750,7.46737106691756
batik block printing,1750,7.46737106691756
batik block printing,1750,7.46737106691756
batik block printing,1750,7.46737106691756
batik block printing,1750,7.46737106691756
batik block printing,1750,7.46737106691756
batik block printing,1750,7.46737106691756
batik block printing,1750,7.46737106691756
batik block printing,1990,7.595889917718538
batik block printing,1990,7.595889917718538
batik block printing,1990,7.595889917718538
batik block printing,1990,7.595889917718538
batik block printing,1990,7.595889917718538
batik block printing,4890,8.494947582468917
batik block printing,4890,8.494947582468917
sanganeri block printing,2450,7.803843303538772
sanganeri block printing,2450,7.803843303538772
bagh block printing,4990,8.515191188745565
kalamkari block printing,4690,8.453187861440325
kalamkari block printing,4690,8.453187861440325
kalamkari block printing,4690,8.453187861440325
kalamkari block printing,4690,8.453187861440325
kalamkari block printing,4690,8.453187861440325
kalamkari block printing,4690,8.453187861440325
kalamkari block printing,4690,8.453187861440325
kalamkari block printing,4690,8.453187861440325
sanganeri block printing,2450,7.803843303538772
kalamkari block printing,4690,8.453187861440325
batik block printing,1750,7.46737106691756
ajrakh block printing,10290,9.238927828828094
ajrakh block printing,10290,9.238927828828094
ajrakh block printing,10290,9.238927828828094
ajrakh block printing,10290,9.238927828828094
ajrakh block printing,11590,9.357897936333798
ajrakh block printing,10290,9.238927828828094
sanganeri block printing,6990,8.852235835227855
sanganeri block printing,6990,8.852235835227855
sanganeri block printing,6990,8.852235835227855
sanganeri block printing,6990,8.852235835227855
sanganeri block printing,6990,8.852235835227855
pochampally ikat weaving,24990,10.126231023828998
pochampally ikat weaving,25490,10.14604149737016
pochampally ikat weaving,25490,10.14604149737016
pochampally ikat weaving,25490,10.14604149737016
pochampally ikat weaving,24990,10.126231023828998
pochampally ikat weaving,29990,10.308619271743057
pochampally ikat weaving,22990,10.042814617757228
pochampally ikat weaving,25490,10.14604149737016
pochampally ikat weaving,25490,10.14604149737016
ajrakh block printing,10290,9.238927828828094
bagh block printing,9290,9.136693831807884
bagh block printing,9290,9.136693831807884
bagh block printing,9290,9.136693831807884
bagh block printing,9290,9.136693831807884
pochampally ikat weaving,37990,10.54507824618167
pochampally ikat weaving,37990,10.54507824618167
pochampally ikat weaving,37990,10.54507824618167
ajrakh block printing,10290,9.238927828828094
ajrakh block printing,10950,9.301094735244646
ajrakh block printing,13990,9.546098067659528
ajrakh block printing,13990,9.546098067659528
ajrakh block printing,13990,9.546098067659528
ajrakh block printing,13990,9.546098067659528
ajrakh block printing,13990,9.546098067659528
batik block printing,1750,7.46737106691756
pochampally ikat weaving,6190,8.730690365678642
pochampally ikat weaving,6190,8.730690365678642
pochampally ikat weaving,6190,8.730690365678642
pochampally ikat weaving,6190,8.730690365678642
pochampally ikat weaving,6190,8.730690365678642
pochampally ikat weaving,6190,8.730690365678642
pochampally ikat weaving,6190,8.730690365678642
pochampally ikat weaving,6190,8.730690365678642
pochampally ikat weaving,6190,8.730690365678642
pochampally ikat weaving,6190,8.730690365678642
pochampally ikat weaving,6190,8.730690365678642
pochampally ikat weaving,6190,8.730690365678642
pochampally ikat weaving,6190,8.730690365678642
pochampally ikat weaving,6190,8.730690365678642
pochampally ikat weaving,6190,8.730690365678642
pochampally ikat weaving,6190,8.730690365678642
bagh block printing,9290,9.136693831807884
bagh block printing,9290,9.136693831807884
bagh block printing,9290,9.136693831807884
bagru block printing,4590,8.431635303054591
bagru block printing,4590,8.431635303054591
bagru block printing,4590,8.431635303054591
sanganeri block printing,4590,8.431635303054591
bagru block printing,4890,8.494947582468917
ajrakh block printing,10290,9.238927828828094
ajrakh block printing,10290,9.238927828828094
ajrakh block printing,11990,9.39182824802156
bagh block printing,9290,9.136693831807884
bagh block printing,9290,9.136693831807884
batik block printing,4490,8.4096079807363
batik block printing,4490,8.4096079807363
ajrakh block printing,10290,9.238927828828094
ajrakh block printing,10290,9.238927828828094
bagh block printing,3690,8.213381737034572
bagh block printing,3690,8.213381737034572
bagh block printing,3690,8.213381737034572
bagh block printing,3690,8.213381737034572
bagru block printing,7990,8.98594603876032
bagru block printing,7990,8.98594603876032
bandhani tie dye,3290,8.098642843759418
sanganeri block printing,2450,7.803843303538772
pochampally ikat weaving,6190,8.730690365678642
pochampally ikat weaving,6190,8.730690365678642
pochampally ikat weaving,6190,8.730690365678642
pochampally ikat weaving,6190,8.730690365678642
pochampally ikat weaving,6190,8.730690365678642
pochampally ikat weaving,6190,8.730690365678642
pochampally ikat weaving,6190,8.730690365678642
pochampally ikat weaving,6190,8.730690365678642
pochampally ikat weaving,6190,8.730690365678642
pochampally ikat weaving,6190,8.730690365678642
pochampally ikat weaving,6190,8.730690365678642
pochampally ikat weaving,6190,8.730690365678642
pochampally ikat weaving,6190,8.730690365678642
pochampally ikat weaving,6190,8.730690365678642
pochampally ikat weaving,6190,8.730690365678642
pochampally ikat weaving,6190,8.730690365678642
ajrakh block printing,6490,8.778017809698136
ajrakh block printing,6490,8.778017809698136
ajrakh block printing,6490,8.778017809698136
bandhani tie dye,4590,8.431635303054591
pochampally ikat weaving,34490,10.448424705930886
ajrakh block printing,9950,9.20532783015264
ajrakh block printing,9950,9.20532783015264
ajrakh block printing,9950,9.20532783015264
ajrakh block printing,9950,9.20532783015264
ajrakh block printing,9950,9.20532783015264
ajrakh block printing,9950,9.20532783015264
ajrakh block printing,12990,9.471935109664646
bagh block printing,3690,8.213381737034572
bagh block printing,3690,8.213381737034572
bagh block printing,3690,8.213381737034572
bandhani tie dye,9990,9.2093398716426
bandhani tie dye,2650,7.882314918980268
pochampally ikat weaving,6190,8.730690365678642
pochampally ikat weaving,6190,8.730690365678642
pochampally ikat weaving,6800,8.824677891164198
pochampally ikat weaving,4490,8.4096079807363
bandhani tie dye,4590,8.431635303054591
bandhani tie dye,3290,8.098642843759418
bandhani tie dye,4590,8.431635303054591
ajrakh block printing,10290,9.238927828828094
batik block printing,1990,7.595889917718538
ajrakh block printing,6490,8.778017809698136
pochampally ikat weaving,10990,9.304741047397666
pochampally ikat weaving,10990,9.304741047397666
pochampally ikat weaving,9450,9.153770020487787
plain solid,11990,9.39182824802156
ajrakh block printing,9950,9.20532783015264
ajrakh block printing,9950,9.20532783015264
sanganeri block printing,4590,8.431635303054591
sanganeri block printing,4590,8.431635303054591
kalamkari block printing,6650,8.8023721336499
kalamkari block printing,6650,8.8023721336499
kalamkari block printing,6650,8.8023721336499
kalamkari block printing,6650,8.8023721336499
plain solid,7450,8.915969311373605
plain solid,7450,8.915969311373605
plain solid,7450,8.915969311373605
bagh block printing,9290,9.136693831807884
bagh block printing,9290,9.136693831807884
bagh block printing,3690,8.213381737034572
bagh block printing,9290,9.136693831807884
bagh block printing,3490,8.157657015196472
bagh block printing,3490,8.157657015196472
plain solid,3490,8.157657015196472
bandhani tie dye,19990,9.902987427494446
bagh block printing,9290,9.136693831807884
bagh block printing,9290,9.136693831807884
bagh block printing,9290,9.136693831807884
bagru block printing,3590,8.185907481482324
bagru block printing,2690,7.897296472595885
pochampally ikat weaving,21990,9.998343083548807
pochampally ikat weaving,6800,8.824677891164198
bandhani tie dye,2650,7.882314918980268
ajrakh block printing,6490,8.778017809698136
ajrakh block printing,6490,8.778017809698136
ajrakh block printing,6490,8.778017809698136
ajrakh block printing,6490,8.778017809698136
ajrakh block printing,6490,8.778017809698136
bandhani tie dye,3290,8.098642843759418
bandhani tie dye,3290,8.098642843759418
bandhani tie dye,3290,8.098642843759418
bandhani tie dye,3890,8.266164436612492
bandhani tie dye,3890,8.266164436612492
bandhani tie dye,3890,8.266164436612492
sanganeri block printing,11990,9.39182824802156
ajrakh block printing,6490,8.778017809698136
plain solid,15290,9.634954298923107
plain solid,10950,9.301094735244646
sanganeri block printing,4290,8.364042011922063
kalamkari block printing,1090,6.993932975223189
kalamkari block printing,1090,6.993932975223189
kalamkari block printing,1090,6.993932975223189
kalamkari block printing,1090,6.993932975223189
kalamkari block printing,1090,6.993932975223189
jacquard weaving,990,6.897704943128636
bagh block printing,3590,8.185907481482324
bagh block printing,3590,8.185907481482324
bagh block printing,3590,8.185907481482324
bagh block printing,3590,8.185907481482324
kalamkari block printing,1090,6.993932975223189
bagh block printing,3290,8.098642843759418
pochampally ikat weaving,8690,9.069928218259438
pochampally ikat weaving,9990,9.2093398716426
pochampally ikat weaving,9990,9.2093398716426
ajrakh block printing,3290,8.098642843759418
ajrakh block printing,3290,8.098642843759418
ajrakh block printing,6190,8.730690365678642
bandhani tie dye,890,6.7912214627261855
bagru block printing,1290,7.162397497355718
ajrakh block printing,3190,8.06777619577889
bandhani tie dye,1190,7.081708586105575
sanganeri block printing,1750,7.46737106691756
sanganeri block printing,1750,7.46737106691756
bandhani tie dye,3890,8.266164436612492
patchwork,3290,8.098642843759418
patchwork,1890,7.544332108053688
patchwork,1890,7.544332108053688
kalamkari block printing,1090,6.993932975223189
kalamkari block printing,1090,6.993932975223189
kalamkari block printing,1090,6.993932975223189
kalamkari block printing,1090,6.993932975223189
kalamkari block printing,1090,6.993932975223189
kalamkari block printing,1090,6.993932975223189
kalamkari block printing,1090,6.993932975223189
kalamkari block printing,1090,6.993932975223189
kalamkari block printing,1090,6.993932975223189
kalamkari block printing,1090,6.993932975223189
kalamkari block printing,1090,6.993932975223189
kalamkari block printing,1090,6.993932975223189
kalamkari block printing,1090,6.993932975223189
kalamkari block printing,1090,6.993932975223189
kalamkari block printing,1090,6.993932975223189
kalamkari block printing,1090,6.993932975223189
kalamkari block printing,1090,6.993932975223189
kalamkari block printing,1090,6.993932975223189
kalamkari block printing,1090,6.993932975223189
kalamkari block printing,1090,6.993932975223189
kalamkari block printing,1090,6.993932975223189
kalamkari block printing,1090,6.993932975223189
